capacity_basis,metric,group,year,n_entries_in_the_group,n_entries_with_a_defined_relative_width_v33,n_entries_with_a_defined_relative_width_v31c,median_rel_halfwidth_v33_delivered,median_abs_halfwidth_v33_delivered,median_rel_halfwidth_v31c_reproduced,median_abs_halfwidth_v31c_reproduced,v33_over_v31c,n_entries_defined_under_both_centrals,median_rel_halfwidth_v33_matched_entries,median_rel_halfwidth_v31c_matched_entries,matched_v33_over_v31c,comparability_note,not_priced,energy_interval_disclaimer
EQUAL_SIZE_COMPARISON_1000000_VEHICLES_AT_THE_MEASURED_NATIONAL_RATIO_2988_STI_UNITS_PER_MILLION_VEHICLES,direct_co2_kg,ADOPTING_13,2050,13,13,7,4.244409302310923,1885481.4660012298,0.3564911848536489,1445618.3153526017,11.906070844510193,7,0.47591290656215185,0.3564911848536489,1.3349920749303505,"the two columns are DIFFERENT ESTIMANDS on DIFFERENT CENTRALS: the v3.3 column conditions on the central policy state and prices the electricity and survival axes at a 0.21 coefficient on a survival-advanced stock, on the asymptotic continuation of both axes over the statutory-targets-honoured floors; the v3.1c column draws the market case at a 0.2744 coefficient on a twelve-year stock, on the linear continuation over the enforceable-standard floors.  They are also NOT TAKEN OVER THE SAME ENTRIES where the two counts differ: the v3.1c central has 180 entry-years of exactly zero carbon, which have no relative width and are excluded from its median, while the v3.3 central has none, because under survival some gasoline vehicles always survive.  The entries that enter the v3.3 median and not the v3.1c one are exactly the entries whose central is a near-zero floor, and their relative width is enormous for that reason alone.  Use the matched columns for a like-for-like reading, the absolute half-width columns for a magnitude, and largest_relative_halfwidth_cells_v33_j2000.csv for the cells themselves.  The unmatched ratio is an orientation, not a change in one quantity","Not priced by this interval: the deployment scale, held at 30 per cent of registered automobiles and 30 per cent of signalized intersections by 2075 in every draw, against its own declared range of 15 to 45 per cent -- the model is exactly linear in that scale, so the two declared levels are delivered beside the interval as named lines, each of them the central rescaled, and never as width; the reading of the statutory floor itself, held at the statutory-targets-honoured reading in every draw, with the enforceable-standard reading delivered beside the interval as a named line rather than as width; the vehicle load model, held at the inherited one, with the single paired dynamometer measurement in the build's own precedent table delivered beside the interval as a named measured-load line; the computing workload growth of 2 per cent a year and the hardware efficiency floor of 0.25, neither of which is drawn or varied anywhere in this build; and the published market case, held at the policy state the interval is conditional on and carried as a named line.  The post-2050 continuation rule IS inside this interval: every electricity member continues along its own 2045-2050 slope at a decreasing rate after 2050 with the enacted statutory floors applied on top, and the linear trend and frozen continuations are delivered beside the interval as named lines.  The fuel-to-direct-current conversion coefficient IS priced here: it is drawn triangular on the declared list, support 0.17 to 0.2744 with its mode at the delivered central 0.21, so the two registered branches are the endpoints of the support this interval samples rather than values outside it, and each of them is also delivered as a named line.","The electricity-scenario axis changes the carbon content of a kilowatt hour, not the number of kilowatt hours.  Its contribution to the energy interval is therefore exactly zero, and an energy figure must not be captioned as though the electricity axis were inside it.  The same holds for the post-2050 continuation rule ON THAT AXIS and for the reading of the statutory floor: the delivered central, the two electricity-axis continuation lines and the enforceable-standard line carry the same energy in every entry and in every year, bitwise, and they part company only in carbon.  The two VEHICLE-axis continuation lines are a different object and are not covered by this sentence: a rule on that axis moves how much of the deployed stock is electric, so it moves the kilowatt hours as well as the carbon, and the movement is reported rather than gated."
EQUAL_SIZE_COMPARISON_1000000_VEHICLES_AT_THE_MEASURED_NATIONAL_RATIO_2988_STI_UNITS_PER_MILLION_VEHICLES,direct_co2_kg,ALL_51,2050,51,51,45,0.24509923185623647,7076430.369079923,0.2916936687992487,6217454.622117108,0.8402624330695373,45,0.24376952058110896,0.2916936687992487,0.8357038450117257,"the two columns are DIFFERENT ESTIMANDS on DIFFERENT CENTRALS: the v3.3 column conditions on the central policy state and prices the electricity and survival axes at a 0.21 coefficient on a survival-advanced stock, on the asymptotic continuation of both axes over the statutory-targets-honoured floors; the v3.1c column draws the market case at a 0.2744 coefficient on a twelve-year stock, on the linear continuation over the enforceable-standard floors.  They are also NOT TAKEN OVER THE SAME ENTRIES where the two counts differ: the v3.1c central has 180 entry-years of exactly zero carbon, which have no relative width and are excluded from its median, while the v3.3 central has none, because under survival some gasoline vehicles always survive.  The entries that enter the v3.3 median and not the v3.1c one are exactly the entries whose central is a near-zero floor, and their relative width is enormous for that reason alone.  Use the matched columns for a like-for-like reading, the absolute half-width columns for a magnitude, and largest_relative_halfwidth_cells_v33_j2000.csv for the cells themselves.  The unmatched ratio is an orientation, not a change in one quantity","Not priced by this interval: the deployment scale, held at 30 per cent of registered automobiles and 30 per cent of signalized intersections by 2075 in every draw, against its own declared range of 15 to 45 per cent -- the model is exactly linear in that scale, so the two declared levels are delivered beside the interval as named lines, each of them the central rescaled, and never as width; the reading of the statutory floor itself, held at the statutory-targets-honoured reading in every draw, with the enforceable-standard reading delivered beside the interval as a named line rather than as width; the vehicle load model, held at the inherited one, with the single paired dynamometer measurement in the build's own precedent table delivered beside the interval as a named measured-load line; the computing workload growth of 2 per cent a year and the hardware efficiency floor of 0.25, neither of which is drawn or varied anywhere in this build; and the published market case, held at the policy state the interval is conditional on and carried as a named line.  The post-2050 continuation rule IS inside this interval: every electricity member continues along its own 2045-2050 slope at a decreasing rate after 2050 with the enacted statutory floors applied on top, and the linear trend and frozen continuations are delivered beside the interval as named lines.  The fuel-to-direct-current conversion coefficient IS priced here: it is drawn triangular on the declared list, support 0.17 to 0.2744 with its mode at the delivered central 0.21, so the two registered branches are the endpoints of the support this interval samples rather than values outside it, and each of them is also delivered as a named line.","The electricity-scenario axis changes the carbon content of a kilowatt hour, not the number of kilowatt hours.  Its contribution to the energy interval is therefore exactly zero, and an energy figure must not be captioned as though the electricity axis were inside it.  The same holds for the post-2050 continuation rule ON THAT AXIS and for the reading of the statutory floor: the delivered central, the two electricity-axis continuation lines and the enforceable-standard line carry the same energy in every entry and in every year, bitwise, and they part company only in carbon.  The two VEHICLE-axis continuation lines are a different object and are not covered by this sentence: a rule on that axis moves how much of the deployed stock is electric, so it moves the kilowatt hours as well as the carbon, and the movement is reported rather than gated."
EQUAL_SIZE_COMPARISON_1000000_VEHICLES_AT_THE_MEASURED_NATIONAL_RATIO_2988_STI_UNITS_PER_MILLION_VEHICLES,direct_co2_kg,CAPPED_82_MY2032_3,2050,3,3,3,0.4514479120062491,2102936.4363915203,0.25448864806657673,1992883.1636418109,1.7739412560679166,3,0.4514479120062491,0.25448864806657673,1.7739412560679166,"the two columns are DIFFERENT ESTIMANDS on DIFFERENT CENTRALS: the v3.3 column conditions on the central policy state and prices the electricity and survival axes at a 0.21 coefficient on a survival-advanced stock, on the asymptotic continuation of both axes over the statutory-targets-honoured floors; the v3.1c column draws the market case at a 0.2744 coefficient on a twelve-year stock, on the linear continuation over the enforceable-standard floors.  They are also NOT TAKEN OVER THE SAME ENTRIES where the two counts differ: the v3.1c central has 180 entry-years of exactly zero carbon, which have no relative width and are excluded from its median, while the v3.3 central has none, because under survival some gasoline vehicles always survive.  The entries that enter the v3.3 median and not the v3.1c one are exactly the entries whose central is a near-zero floor, and their relative width is enormous for that reason alone.  Use the matched columns for a like-for-like reading, the absolute half-width columns for a magnitude, and largest_relative_halfwidth_cells_v33_j2000.csv for the cells themselves.  The unmatched ratio is an orientation, not a change in one quantity","Not priced by this interval: the deployment scale, held at 30 per cent of registered automobiles and 30 per cent of signalized intersections by 2075 in every draw, against its own declared range of 15 to 45 per cent -- the model is exactly linear in that scale, so the two declared levels are delivered beside the interval as named lines, each of them the central rescaled, and never as width; the reading of the statutory floor itself, held at the statutory-targets-honoured reading in every draw, with the enforceable-standard reading delivered beside the interval as a named line rather than as width; the vehicle load model, held at the inherited one, with the single paired dynamometer measurement in the build's own precedent table delivered beside the interval as a named measured-load line; the computing workload growth of 2 per cent a year and the hardware efficiency floor of 0.25, neither of which is drawn or varied anywhere in this build; and the published market case, held at the policy state the interval is conditional on and carried as a named line.  The post-2050 continuation rule IS inside this interval: every electricity member continues along its own 2045-2050 slope at a decreasing rate after 2050 with the enacted statutory floors applied on top, and the linear trend and frozen continuations are delivered beside the interval as named lines.  The fuel-to-direct-current conversion coefficient IS priced here: it is drawn triangular on the declared list, support 0.17 to 0.2744 with its mode at the delivered central 0.21, so the two registered branches are the endpoints of the support this interval samples rather than values outside it, and each of them is also delivered as a named line.","The electricity-scenario axis changes the carbon content of a kilowatt hour, not the number of kilowatt hours.  Its contribution to the energy interval is therefore exactly zero, and an energy figure must not be captioned as though the electricity axis were inside it.  The same holds for the post-2050 continuation rule ON THAT AXIS and for the reading of the statutory floor: the delivered central, the two electricity-axis continuation lines and the enforceable-standard line carry the same energy in every entry and in every year, bitwise, and they part company only in carbon.  The two VEHICLE-axis continuation lines are a different object and are not covered by this sentence: a rule on that axis moves how much of the deployed stock is electric, so it moves the kilowatt hours as well as the carbon, and the movement is reported rather than gated."
EQUAL_SIZE_COMPARISON_1000000_VEHICLES_AT_THE_MEASURED_NATIONAL_RATIO_2988_STI_UNITS_PER_MILLION_VEHICLES,direct_co2_kg,FULL_SCHEDULE_10,2050,10,10,4,4.299972618434085,1879611.2735712496,0.43439358412418305,1328008.973997238,9.898794032843778,4,0.5359712711324925,0.43439358412418305,1.2338379081107027,"the two columns are DIFFERENT ESTIMANDS on DIFFERENT CENTRALS: the v3.3 column conditions on the central policy state and prices the electricity and survival axes at a 0.21 coefficient on a survival-advanced stock, on the asymptotic continuation of both axes over the statutory-targets-honoured floors; the v3.1c column draws the market case at a 0.2744 coefficient on a twelve-year stock, on the linear continuation over the enforceable-standard floors.  They are also NOT TAKEN OVER THE SAME ENTRIES where the two counts differ: the v3.1c central has 180 entry-years of exactly zero carbon, which have no relative width and are excluded from its median, while the v3.3 central has none, because under survival some gasoline vehicles always survive.  The entries that enter the v3.3 median and not the v3.1c one are exactly the entries whose central is a near-zero floor, and their relative width is enormous for that reason alone.  Use the matched columns for a like-for-like reading, the absolute half-width columns for a magnitude, and largest_relative_halfwidth_cells_v33_j2000.csv for the cells themselves.  The unmatched ratio is an orientation, not a change in one quantity","Not priced by this interval: the deployment scale, held at 30 per cent of registered automobiles and 30 per cent of signalized intersections by 2075 in every draw, against its own declared range of 15 to 45 per cent -- the model is exactly linear in that scale, so the two declared levels are delivered beside the interval as named lines, each of them the central rescaled, and never as width; the reading of the statutory floor itself, held at the statutory-targets-honoured reading in every draw, with the enforceable-standard reading delivered beside the interval as a named line rather than as width; the vehicle load model, held at the inherited one, with the single paired dynamometer measurement in the build's own precedent table delivered beside the interval as a named measured-load line; the computing workload growth of 2 per cent a year and the hardware efficiency floor of 0.25, neither of which is drawn or varied anywhere in this build; and the published market case, held at the policy state the interval is conditional on and carried as a named line.  The post-2050 continuation rule IS inside this interval: every electricity member continues along its own 2045-2050 slope at a decreasing rate after 2050 with the enacted statutory floors applied on top, and the linear trend and frozen continuations are delivered beside the interval as named lines.  The fuel-to-direct-current conversion coefficient IS priced here: it is drawn triangular on the declared list, support 0.17 to 0.2744 with its mode at the delivered central 0.21, so the two registered branches are the endpoints of the support this interval samples rather than values outside it, and each of them is also delivered as a named line.","The electricity-scenario axis changes the carbon content of a kilowatt hour, not the number of kilowatt hours.  Its contribution to the energy interval is therefore exactly zero, and an energy figure must not be captioned as though the electricity axis were inside it.  The same holds for the post-2050 continuation rule ON THAT AXIS and for the reading of the statutory floor: the delivered central, the two electricity-axis continuation lines and the enforceable-standard line carry the same energy in every entry and in every year, bitwise, and they part company only in carbon.  The two VEHICLE-axis continuation lines are a different object and are not covered by this sentence: a rule on that axis moves how much of the deployed stock is electric, so it moves the kilowatt hours as well as the carbon, and the movement is reported rather than gated."
EQUAL_SIZE_COMPARISON_1000000_VEHICLES_AT_THE_MEASURED_NATIONAL_RATIO_2988_STI_UNITS_PER_MILLION_VEHICLES,direct_co2_kg,NO_VEHICLE_RULE_38,2050,38,38,38,0.24262091691172946,7172312.544373605,0.2889943667511074,6435978.813426169,0.839535108034419,38,0.24262091691172946,0.2889943667511074,0.839535108034419,"the two columns are DIFFERENT ESTIMANDS on DIFFERENT CENTRALS: the v3.3 column conditions on the central policy state and prices the electricity and survival axes at a 0.21 coefficient on a survival-advanced stock, on the asymptotic continuation of both axes over the statutory-targets-honoured floors; the v3.1c column draws the market case at a 0.2744 coefficient on a twelve-year stock, on the linear continuation over the enforceable-standard floors.  They are also NOT TAKEN OVER THE SAME ENTRIES where the two counts differ: the v3.1c central has 180 entry-years of exactly zero carbon, which have no relative width and are excluded from its median, while the v3.3 central has none, because under survival some gasoline vehicles always survive.  The entries that enter the v3.3 median and not the v3.1c one are exactly the entries whose central is a near-zero floor, and their relative width is enormous for that reason alone.  Use the matched columns for a like-for-like reading, the absolute half-width columns for a magnitude, and largest_relative_halfwidth_cells_v33_j2000.csv for the cells themselves.  The unmatched ratio is an orientation, not a change in one quantity","Not priced by this interval: the deployment scale, held at 30 per cent of registered automobiles and 30 per cent of signalized intersections by 2075 in every draw, against its own declared range of 15 to 45 per cent -- the model is exactly linear in that scale, so the two declared levels are delivered beside the interval as named lines, each of them the central rescaled, and never as width; the reading of the statutory floor itself, held at the statutory-targets-honoured reading in every draw, with the enforceable-standard reading delivered beside the interval as a named line rather than as width; the vehicle load model, held at the inherited one, with the single paired dynamometer measurement in the build's own precedent table delivered beside the interval as a named measured-load line; the computing workload growth of 2 per cent a year and the hardware efficiency floor of 0.25, neither of which is drawn or varied anywhere in this build; and the published market case, held at the policy state the interval is conditional on and carried as a named line.  The post-2050 continuation rule IS inside this interval: every electricity member continues along its own 2045-2050 slope at a decreasing rate after 2050 with the enacted statutory floors applied on top, and the linear trend and frozen continuations are delivered beside the interval as named lines.  The fuel-to-direct-current conversion coefficient IS priced here: it is drawn triangular on the declared list, support 0.17 to 0.2744 with its mode at the delivered central 0.21, so the two registered branches are the endpoints of the support this interval samples rather than values outside it, and each of them is also delivered as a named line.","The electricity-scenario axis changes the carbon content of a kilowatt hour, not the number of kilowatt hours.  Its contribution to the energy interval is therefore exactly zero, and an energy figure must not be captioned as though the electricity axis were inside it.  The same holds for the post-2050 continuation rule ON THAT AXIS and for the reading of the statutory floor: the delivered central, the two electricity-axis continuation lines and the enforceable-standard line carry the same energy in every entry and in every year, bitwise, and they part company only in carbon.  The two VEHICLE-axis continuation lines are a different object and are not covered by this sentence: a rule on that axis moves how much of the deployed stock is electric, so it moves the kilowatt hours as well as the carbon, and the movement is reported rather than gated."
EQUAL_SIZE_COMPARISON_1000000_VEHICLES_AT_THE_MEASURED_NATIONAL_RATIO_2988_STI_UNITS_PER_MILLION_VEHICLES,direct_co2_kg,ADOPTING_13,2075,13,13,7,9011.423493121896,4645049.269366804,0.3552272142720707,3660748.8562042946,25368.054954877392,7,0.6722150007016209,0.3552272142720707,1.8923522007713274,"the two columns are DIFFERENT ESTIMANDS on DIFFERENT CENTRALS: the v3.3 column conditions on the central policy state and prices the electricity and survival axes at a 0.21 coefficient on a survival-advanced stock, on the asymptotic continuation of both axes over the statutory-targets-honoured floors; the v3.1c column draws the market case at a 0.2744 coefficient on a twelve-year stock, on the linear continuation over the enforceable-standard floors.  They are also NOT TAKEN OVER THE SAME ENTRIES where the two counts differ: the v3.1c central has 180 entry-years of exactly zero carbon, which have no relative width and are excluded from its median, while the v3.3 central has none, because under survival some gasoline vehicles always survive.  The entries that enter the v3.3 median and not the v3.1c one are exactly the entries whose central is a near-zero floor, and their relative width is enormous for that reason alone.  Use the matched columns for a like-for-like reading, the absolute half-width columns for a magnitude, and largest_relative_halfwidth_cells_v33_j2000.csv for the cells themselves.  The unmatched ratio is an orientation, not a change in one quantity","Not priced by this interval: the deployment scale, held at 30 per cent of registered automobiles and 30 per cent of signalized intersections by 2075 in every draw, against its own declared range of 15 to 45 per cent -- the model is exactly linear in that scale, so the two declared levels are delivered beside the interval as named lines, each of them the central rescaled, and never as width; the reading of the statutory floor itself, held at the statutory-targets-honoured reading in every draw, with the enforceable-standard reading delivered beside the interval as a named line rather than as width; the vehicle load model, held at the inherited one, with the single paired dynamometer measurement in the build's own precedent table delivered beside the interval as a named measured-load line; the computing workload growth of 2 per cent a year and the hardware efficiency floor of 0.25, neither of which is drawn or varied anywhere in this build; and the published market case, held at the policy state the interval is conditional on and carried as a named line.  The post-2050 continuation rule IS inside this interval: every electricity member continues along its own 2045-2050 slope at a decreasing rate after 2050 with the enacted statutory floors applied on top, and the linear trend and frozen continuations are delivered beside the interval as named lines.  The fuel-to-direct-current conversion coefficient IS priced here: it is drawn triangular on the declared list, support 0.17 to 0.2744 with its mode at the delivered central 0.21, so the two registered branches are the endpoints of the support this interval samples rather than values outside it, and each of them is also delivered as a named line.","The electricity-scenario axis changes the carbon content of a kilowatt hour, not the number of kilowatt hours.  Its contribution to the energy interval is therefore exactly zero, and an energy figure must not be captioned as though the electricity axis were inside it.  The same holds for the post-2050 continuation rule ON THAT AXIS and for the reading of the statutory floor: the delivered central, the two electricity-axis continuation lines and the enforceable-standard line carry the same energy in every entry and in every year, bitwise, and they part company only in carbon.  The two VEHICLE-axis continuation lines are a different object and are not covered by this sentence: a rule on that axis moves how much of the deployed stock is electric, so it moves the kilowatt hours as well as the carbon, and the movement is reported rather than gated."
EQUAL_SIZE_COMPARISON_1000000_VEHICLES_AT_THE_MEASURED_NATIONAL_RATIO_2988_STI_UNITS_PER_MILLION_VEHICLES,direct_co2_kg,ALL_51,2075,51,51,45,0.24312099941570062,16142417.12628688,0.42449482883900164,20954166.74141573,0.5727301792595199,45,0.24192682127319562,0.42449482883900164,0.5699170044894736,"the two columns are DIFFERENT ESTIMANDS on DIFFERENT CENTRALS: the v3.3 column conditions on the central policy state and prices the electricity and survival axes at a 0.21 coefficient on a survival-advanced stock, on the asymptotic continuation of both axes over the statutory-targets-honoured floors; the v3.1c column draws the market case at a 0.2744 coefficient on a twelve-year stock, on the linear continuation over the enforceable-standard floors.  They are also NOT TAKEN OVER THE SAME ENTRIES where the two counts differ: the v3.1c central has 180 entry-years of exactly zero carbon, which have no relative width and are excluded from its median, while the v3.3 central has none, because under survival some gasoline vehicles always survive.  The entries that enter the v3.3 median and not the v3.1c one are exactly the entries whose central is a near-zero floor, and their relative width is enormous for that reason alone.  Use the matched columns for a like-for-like reading, the absolute half-width columns for a magnitude, and largest_relative_halfwidth_cells_v33_j2000.csv for the cells themselves.  The unmatched ratio is an orientation, not a change in one quantity","Not priced by this interval: the deployment scale, held at 30 per cent of registered automobiles and 30 per cent of signalized intersections by 2075 in every draw, against its own declared range of 15 to 45 per cent -- the model is exactly linear in that scale, so the two declared levels are delivered beside the interval as named lines, each of them the central rescaled, and never as width; the reading of the statutory floor itself, held at the statutory-targets-honoured reading in every draw, with the enforceable-standard reading delivered beside the interval as a named line rather than as width; the vehicle load model, held at the inherited one, with the single paired dynamometer measurement in the build's own precedent table delivered beside the interval as a named measured-load line; the computing workload growth of 2 per cent a year and the hardware efficiency floor of 0.25, neither of which is drawn or varied anywhere in this build; and the published market case, held at the policy state the interval is conditional on and carried as a named line.  The post-2050 continuation rule IS inside this interval: every electricity member continues along its own 2045-2050 slope at a decreasing rate after 2050 with the enacted statutory floors applied on top, and the linear trend and frozen continuations are delivered beside the interval as named lines.  The fuel-to-direct-current conversion coefficient IS priced here: it is drawn triangular on the declared list, support 0.17 to 0.2744 with its mode at the delivered central 0.21, so the two registered branches are the endpoints of the support this interval samples rather than values outside it, and each of them is also delivered as a named line.","The electricity-scenario axis changes the carbon content of a kilowatt hour, not the number of kilowatt hours.  Its contribution to the energy interval is therefore exactly zero, and an energy figure must not be captioned as though the electricity axis were inside it.  The same holds for the post-2050 continuation rule ON THAT AXIS and for the reading of the statutory floor: the delivered central, the two electricity-axis continuation lines and the enforceable-standard line carry the same energy in every entry and in every year, bitwise, and they part company only in carbon.  The two VEHICLE-axis continuation lines are a different object and are not covered by this sentence: a rule on that axis moves how much of the deployed stock is electric, so it moves the kilowatt hours as well as the carbon, and the movement is reported rather than gated."
EQUAL_SIZE_COMPARISON_1000000_VEHICLES_AT_THE_MEASURED_NATIONAL_RATIO_2988_STI_UNITS_PER_MILLION_VEHICLES,direct_co2_kg,CAPPED_82_MY2032_3,2075,3,3,3,1.539459285108697,4856259.459056249,0.3445765701509791,4454203.675209156,4.467684162141872,3,1.539459285108697,0.3445765701509791,4.467684162141872,"the two columns are DIFFERENT ESTIMANDS on DIFFERENT CENTRALS: the v3.3 column conditions on the central policy state and prices the electricity and survival axes at a 0.21 coefficient on a survival-advanced stock, on the asymptotic continuation of both axes over the statutory-targets-honoured floors; the v3.1c column draws the market case at a 0.2744 coefficient on a twelve-year stock, on the linear continuation over the enforceable-standard floors.  They are also NOT TAKEN OVER THE SAME ENTRIES where the two counts differ: the v3.1c central has 180 entry-years of exactly zero carbon, which have no relative width and are excluded from its median, while the v3.3 central has none, because under survival some gasoline vehicles always survive.  The entries that enter the v3.3 median and not the v3.1c one are exactly the entries whose central is a near-zero floor, and their relative width is enormous for that reason alone.  Use the matched columns for a like-for-like reading, the absolute half-width columns for a magnitude, and largest_relative_halfwidth_cells_v33_j2000.csv for the cells themselves.  The unmatched ratio is an orientation, not a change in one quantity","Not priced by this interval: the deployment scale, held at 30 per cent of registered automobiles and 30 per cent of signalized intersections by 2075 in every draw, against its own declared range of 15 to 45 per cent -- the model is exactly linear in that scale, so the two declared levels are delivered beside the interval as named lines, each of them the central rescaled, and never as width; the reading of the statutory floor itself, held at the statutory-targets-honoured reading in every draw, with the enforceable-standard reading delivered beside the interval as a named line rather than as width; the vehicle load model, held at the inherited one, with the single paired dynamometer measurement in the build's own precedent table delivered beside the interval as a named measured-load line; the computing workload growth of 2 per cent a year and the hardware efficiency floor of 0.25, neither of which is drawn or varied anywhere in this build; and the published market case, held at the policy state the interval is conditional on and carried as a named line.  The post-2050 continuation rule IS inside this interval: every electricity member continues along its own 2045-2050 slope at a decreasing rate after 2050 with the enacted statutory floors applied on top, and the linear trend and frozen continuations are delivered beside the interval as named lines.  The fuel-to-direct-current conversion coefficient IS priced here: it is drawn triangular on the declared list, support 0.17 to 0.2744 with its mode at the delivered central 0.21, so the two registered branches are the endpoints of the support this interval samples rather than values outside it, and each of them is also delivered as a named line.","The electricity-scenario axis changes the carbon content of a kilowatt hour, not the number of kilowatt hours.  Its contribution to the energy interval is therefore exactly zero, and an energy figure must not be captioned as though the electricity axis were inside it.  The same holds for the post-2050 continuation rule ON THAT AXIS and for the reading of the statutory floor: the delivered central, the two electricity-axis continuation lines and the enforceable-standard line carry the same energy in every entry and in every year, bitwise, and they part company only in carbon.  The two VEHICLE-axis continuation lines are a different object and are not covered by this sentence: a rule on that axis moves how much of the deployed stock is electric, so it moves the kilowatt hours as well as the carbon, and the movement is reported rather than gated."
EQUAL_SIZE_COMPARISON_1000000_VEHICLES_AT_THE_MEASURED_NATIONAL_RATIO_2988_STI_UNITS_PER_MILLION_VEHICLES,direct_co2_kg,FULL_SCHEDULE_10,2075,10,10,4,9134.701971829823,4623767.7283556,0.43442010012793425,3660397.630915787,21027.34649971239,4,0.6559001509343965,0.43442010012793425,1.5098291969944244,"the two columns are DIFFERENT ESTIMANDS on DIFFERENT CENTRALS: the v3.3 column conditions on the central policy state and prices the electricity and survival axes at a 0.21 coefficient on a survival-advanced stock, on the asymptotic continuation of both axes over the statutory-targets-honoured floors; the v3.1c column draws the market case at a 0.2744 coefficient on a twelve-year stock, on the linear continuation over the enforceable-standard floors.  They are also NOT TAKEN OVER THE SAME ENTRIES where the two counts differ: the v3.1c central has 180 entry-years of exactly zero carbon, which have no relative width and are excluded from its median, while the v3.3 central has none, because under survival some gasoline vehicles always survive.  The entries that enter the v3.3 median and not the v3.1c one are exactly the entries whose central is a near-zero floor, and their relative width is enormous for that reason alone.  Use the matched columns for a like-for-like reading, the absolute half-width columns for a magnitude, and largest_relative_halfwidth_cells_v33_j2000.csv for the cells themselves.  The unmatched ratio is an orientation, not a change in one quantity","Not priced by this interval: the deployment scale, held at 30 per cent of registered automobiles and 30 per cent of signalized intersections by 2075 in every draw, against its own declared range of 15 to 45 per cent -- the model is exactly linear in that scale, so the two declared levels are delivered beside the interval as named lines, each of them the central rescaled, and never as width; the reading of the statutory floor itself, held at the statutory-targets-honoured reading in every draw, with the enforceable-standard reading delivered beside the interval as a named line rather than as width; the vehicle load model, held at the inherited one, with the single paired dynamometer measurement in the build's own precedent table delivered beside the interval as a named measured-load line; the computing workload growth of 2 per cent a year and the hardware efficiency floor of 0.25, neither of which is drawn or varied anywhere in this build; and the published market case, held at the policy state the interval is conditional on and carried as a named line.  The post-2050 continuation rule IS inside this interval: every electricity member continues along its own 2045-2050 slope at a decreasing rate after 2050 with the enacted statutory floors applied on top, and the linear trend and frozen continuations are delivered beside the interval as named lines.  The fuel-to-direct-current conversion coefficient IS priced here: it is drawn triangular on the declared list, support 0.17 to 0.2744 with its mode at the delivered central 0.21, so the two registered branches are the endpoints of the support this interval samples rather than values outside it, and each of them is also delivered as a named line.","The electricity-scenario axis changes the carbon content of a kilowatt hour, not the number of kilowatt hours.  Its contribution to the energy interval is therefore exactly zero, and an energy figure must not be captioned as though the electricity axis were inside it.  The same holds for the post-2050 continuation rule ON THAT AXIS and for the reading of the statutory floor: the delivered central, the two electricity-axis continuation lines and the enforceable-standard line carry the same energy in every entry and in every year, bitwise, and they part company only in carbon.  The two VEHICLE-axis continuation lines are a different object and are not covered by this sentence: a rule on that axis moves how much of the deployed stock is electric, so it moves the kilowatt hours as well as the carbon, and the movement is reported rather than gated."
EQUAL_SIZE_COMPARISON_1000000_VEHICLES_AT_THE_MEASURED_NATIONAL_RATIO_2988_STI_UNITS_PER_MILLION_VEHICLES,direct_co2_kg,NO_VEHICLE_RULE_38,2075,38,38,38,0.2384727408961001,16376162.260336204,0.4336439441771297,21846989.310002007,0.5499275248697849,38,0.2384727408961001,0.4336439441771297,0.5499275248697849,"the two columns are DIFFERENT ESTIMANDS on DIFFERENT CENTRALS: the v3.3 column conditions on the central policy state and prices the electricity and survival axes at a 0.21 coefficient on a survival-advanced stock, on the asymptotic continuation of both axes over the statutory-targets-honoured floors; the v3.1c column draws the market case at a 0.2744 coefficient on a twelve-year stock, on the linear continuation over the enforceable-standard floors.  They are also NOT TAKEN OVER THE SAME ENTRIES where the two counts differ: the v3.1c central has 180 entry-years of exactly zero carbon, which have no relative width and are excluded from its median, while the v3.3 central has none, because under survival some gasoline vehicles always survive.  The entries that enter the v3.3 median and not the v3.1c one are exactly the entries whose central is a near-zero floor, and their relative width is enormous for that reason alone.  Use the matched columns for a like-for-like reading, the absolute half-width columns for a magnitude, and largest_relative_halfwidth_cells_v33_j2000.csv for the cells themselves.  The unmatched ratio is an orientation, not a change in one quantity","Not priced by this interval: the deployment scale, held at 30 per cent of registered automobiles and 30 per cent of signalized intersections by 2075 in every draw, against its own declared range of 15 to 45 per cent -- the model is exactly linear in that scale, so the two declared levels are delivered beside the interval as named lines, each of them the central rescaled, and never as width; the reading of the statutory floor itself, held at the statutory-targets-honoured reading in every draw, with the enforceable-standard reading delivered beside the interval as a named line rather than as width; the vehicle load model, held at the inherited one, with the single paired dynamometer measurement in the build's own precedent table delivered beside the interval as a named measured-load line; the computing workload growth of 2 per cent a year and the hardware efficiency floor of 0.25, neither of which is drawn or varied anywhere in this build; and the published market case, held at the policy state the interval is conditional on and carried as a named line.  The post-2050 continuation rule IS inside this interval: every electricity member continues along its own 2045-2050 slope at a decreasing rate after 2050 with the enacted statutory floors applied on top, and the linear trend and frozen continuations are delivered beside the interval as named lines.  The fuel-to-direct-current conversion coefficient IS priced here: it is drawn triangular on the declared list, support 0.17 to 0.2744 with its mode at the delivered central 0.21, so the two registered branches are the endpoints of the support this interval samples rather than values outside it, and each of them is also delivered as a named line.","The electricity-scenario axis changes the carbon content of a kilowatt hour, not the number of kilowatt hours.  Its contribution to the energy interval is therefore exactly zero, and an energy figure must not be captioned as though the electricity axis were inside it.  The same holds for the post-2050 continuation rule ON THAT AXIS and for the reading of the statutory floor: the delivered central, the two electricity-axis continuation lines and the enforceable-standard line carry the same energy in every entry and in every year, bitwise, and they part company only in carbon.  The two VEHICLE-axis continuation lines are a different object and are not covered by this sentence: a rule on that axis moves how much of the deployed stock is electric, so it moves the kilowatt hours as well as the carbon, and the movement is reported rather than gated."
EQUAL_SIZE_COMPARISON_1000000_VEHICLES_AT_THE_MEASURED_NATIONAL_RATIO_2988_STI_UNITS_PER_MILLION_VEHICLES,energy_kwh_eq,ADOPTING_13,2050,13,13,13,0.268615485176746,8788341.728993982,0.2439245162315336,7583235.571469663,1.1012238102453615,13,0.268615485176746,0.2439245162315336,1.1012238102453615,"the two columns are DIFFERENT ESTIMANDS on DIFFERENT CENTRALS: the v3.3 column conditions on the central policy state and prices the electricity and survival axes at a 0.21 coefficient on a survival-advanced stock, on the asymptotic continuation of both axes over the statutory-targets-honoured floors; the v3.1c column draws the market case at a 0.2744 coefficient on a twelve-year stock, on the linear continuation over the enforceable-standard floors.  They are also NOT TAKEN OVER THE SAME ENTRIES where the two counts differ: the v3.1c central has 180 entry-years of exactly zero carbon, which have no relative width and are excluded from its median, while the v3.3 central has none, because under survival some gasoline vehicles always survive.  The entries that enter the v3.3 median and not the v3.1c one are exactly the entries whose central is a near-zero floor, and their relative width is enormous for that reason alone.  Use the matched columns for a like-for-like reading, the absolute half-width columns for a magnitude, and largest_relative_halfwidth_cells_v33_j2000.csv for the cells themselves.  The unmatched ratio is an orientation, not a change in one quantity","Not priced by this interval: the deployment scale, held at 30 per cent of registered automobiles and 30 per cent of signalized intersections by 2075 in every draw, against its own declared range of 15 to 45 per cent -- the model is exactly linear in that scale, so the two declared levels are delivered beside the interval as named lines, each of them the central rescaled, and never as width; the reading of the statutory floor itself, held at the statutory-targets-honoured reading in every draw, with the enforceable-standard reading delivered beside the interval as a named line rather than as width; the vehicle load model, held at the inherited one, with the single paired dynamometer measurement in the build's own precedent table delivered beside the interval as a named measured-load line; the computing workload growth of 2 per cent a year and the hardware efficiency floor of 0.25, neither of which is drawn or varied anywhere in this build; and the published market case, held at the policy state the interval is conditional on and carried as a named line.  The post-2050 continuation rule IS inside this interval: every electricity member continues along its own 2045-2050 slope at a decreasing rate after 2050 with the enacted statutory floors applied on top, and the linear trend and frozen continuations are delivered beside the interval as named lines.  The fuel-to-direct-current conversion coefficient IS priced here: it is drawn triangular on the declared list, support 0.17 to 0.2744 with its mode at the delivered central 0.21, so the two registered branches are the endpoints of the support this interval samples rather than values outside it, and each of them is also delivered as a named line.","The electricity-scenario axis changes the carbon content of a kilowatt hour, not the number of kilowatt hours.  Its contribution to the energy interval is therefore exactly zero, and an energy figure must not be captioned as though the electricity axis were inside it.  The same holds for the post-2050 continuation rule ON THAT AXIS and for the reading of the statutory floor: the delivered central, the two electricity-axis continuation lines and the enforceable-standard line carry the same energy in every entry and in every year, bitwise, and they part company only in carbon.  The two VEHICLE-axis continuation lines are a different object and are not covered by this sentence: a rule on that axis moves how much of the deployed stock is electric, so it moves the kilowatt hours as well as the carbon, and the movement is reported rather than gated."
EQUAL_SIZE_COMPARISON_1000000_VEHICLES_AT_THE_MEASURED_NATIONAL_RATIO_2988_STI_UNITS_PER_MILLION_VEHICLES,energy_kwh_eq,ALL_51,2050,51,51,51,0.236993877932747,27014886.759002358,0.26180566741460276,22833737.19357257,0.9052282185986329,51,0.236993877932747,0.26180566741460276,0.9052282185986329,"the two columns are DIFFERENT ESTIMANDS on DIFFERENT CENTRALS: the v3.3 column conditions on the central policy state and prices the electricity and survival axes at a 0.21 coefficient on a survival-advanced stock, on the asymptotic continuation of both axes over the statutory-targets-honoured floors; the v3.1c column draws the market case at a 0.2744 coefficient on a twelve-year stock, on the linear continuation over the enforceable-standard floors.  They are also NOT TAKEN OVER THE SAME ENTRIES where the two counts differ: the v3.1c central has 180 entry-years of exactly zero carbon, which have no relative width and are excluded from its median, while the v3.3 central has none, because under survival some gasoline vehicles always survive.  The entries that enter the v3.3 median and not the v3.1c one are exactly the entries whose central is a near-zero floor, and their relative width is enormous for that reason alone.  Use the matched columns for a like-for-like reading, the absolute half-width columns for a magnitude, and largest_relative_halfwidth_cells_v33_j2000.csv for the cells themselves.  The unmatched ratio is an orientation, not a change in one quantity","Not priced by this interval: the deployment scale, held at 30 per cent of registered automobiles and 30 per cent of signalized intersections by 2075 in every draw, against its own declared range of 15 to 45 per cent -- the model is exactly linear in that scale, so the two declared levels are delivered beside the interval as named lines, each of them the central rescaled, and never as width; the reading of the statutory floor itself, held at the statutory-targets-honoured reading in every draw, with the enforceable-standard reading delivered beside the interval as a named line rather than as width; the vehicle load model, held at the inherited one, with the single paired dynamometer measurement in the build's own precedent table delivered beside the interval as a named measured-load line; the computing workload growth of 2 per cent a year and the hardware efficiency floor of 0.25, neither of which is drawn or varied anywhere in this build; and the published market case, held at the policy state the interval is conditional on and carried as a named line.  The post-2050 continuation rule IS inside this interval: every electricity member continues along its own 2045-2050 slope at a decreasing rate after 2050 with the enacted statutory floors applied on top, and the linear trend and frozen continuations are delivered beside the interval as named lines.  The fuel-to-direct-current conversion coefficient IS priced here: it is drawn triangular on the declared list, support 0.17 to 0.2744 with its mode at the delivered central 0.21, so the two registered branches are the endpoints of the support this interval samples rather than values outside it, and each of them is also delivered as a named line.","The electricity-scenario axis changes the carbon content of a kilowatt hour, not the number of kilowatt hours.  Its contribution to the energy interval is therefore exactly zero, and an energy figure must not be captioned as though the electricity axis were inside it.  The same holds for the post-2050 continuation rule ON THAT AXIS and for the reading of the statutory floor: the delivered central, the two electricity-axis continuation lines and the enforceable-standard line carry the same energy in every entry and in every year, bitwise, and they part company only in carbon.  The two VEHICLE-axis continuation lines are a different object and are not covered by this sentence: a rule on that axis moves how much of the deployed stock is electric, so it moves the kilowatt hours as well as the carbon, and the movement is reported rather than gated."
EQUAL_SIZE_COMPARISON_1000000_VEHICLES_AT_THE_MEASURED_NATIONAL_RATIO_2988_STI_UNITS_PER_MILLION_VEHICLES,energy_kwh_eq,CAPPED_82_MY2032_3,2050,3,3,3,0.23928898809479354,10672408.825546876,0.22334131412413538,8769488.313981354,1.0714049437436115,3,0.23928898809479354,0.22334131412413538,1.0714049437436115,"the two columns are DIFFERENT ESTIMANDS on DIFFERENT CENTRALS: the v3.3 column conditions on the central policy state and prices the electricity and survival axes at a 0.21 coefficient on a survival-advanced stock, on the asymptotic continuation of both axes over the statutory-targets-honoured floors; the v3.1c column draws the market case at a 0.2744 coefficient on a twelve-year stock, on the linear continuation over the enforceable-standard floors.  They are also NOT TAKEN OVER THE SAME ENTRIES where the two counts differ: the v3.1c central has 180 entry-years of exactly zero carbon, which have no relative width and are excluded from its median, while the v3.3 central has none, because under survival some gasoline vehicles always survive.  The entries that enter the v3.3 median and not the v3.1c one are exactly the entries whose central is a near-zero floor, and their relative width is enormous for that reason alone.  Use the matched columns for a like-for-like reading, the absolute half-width columns for a magnitude, and largest_relative_halfwidth_cells_v33_j2000.csv for the cells themselves.  The unmatched ratio is an orientation, not a change in one quantity","Not priced by this interval: the deployment scale, held at 30 per cent of registered automobiles and 30 per cent of signalized intersections by 2075 in every draw, against its own declared range of 15 to 45 per cent -- the model is exactly linear in that scale, so the two declared levels are delivered beside the interval as named lines, each of them the central rescaled, and never as width; the reading of the statutory floor itself, held at the statutory-targets-honoured reading in every draw, with the enforceable-standard reading delivered beside the interval as a named line rather than as width; the vehicle load model, held at the inherited one, with the single paired dynamometer measurement in the build's own precedent table delivered beside the interval as a named measured-load line; the computing workload growth of 2 per cent a year and the hardware efficiency floor of 0.25, neither of which is drawn or varied anywhere in this build; and the published market case, held at the policy state the interval is conditional on and carried as a named line.  The post-2050 continuation rule IS inside this interval: every electricity member continues along its own 2045-2050 slope at a decreasing rate after 2050 with the enacted statutory floors applied on top, and the linear trend and frozen continuations are delivered beside the interval as named lines.  The fuel-to-direct-current conversion coefficient IS priced here: it is drawn triangular on the declared list, support 0.17 to 0.2744 with its mode at the delivered central 0.21, so the two registered branches are the endpoints of the support this interval samples rather than values outside it, and each of them is also delivered as a named line.","The electricity-scenario axis changes the carbon content of a kilowatt hour, not the number of kilowatt hours.  Its contribution to the energy interval is therefore exactly zero, and an energy figure must not be captioned as though the electricity axis were inside it.  The same holds for the post-2050 continuation rule ON THAT AXIS and for the reading of the statutory floor: the delivered central, the two electricity-axis continuation lines and the enforceable-standard line carry the same energy in every entry and in every year, bitwise, and they part company only in carbon.  The two VEHICLE-axis continuation lines are a different object and are not covered by this sentence: a rule on that axis moves how much of the deployed stock is electric, so it moves the kilowatt hours as well as the carbon, and the movement is reported rather than gated."
EQUAL_SIZE_COMPARISON_1000000_VEHICLES_AT_THE_MEASURED_NATIONAL_RATIO_2988_STI_UNITS_PER_MILLION_VEHICLES,energy_kwh_eq,FULL_SCHEDULE_10,2050,10,10,10,0.26862395925804505,8761510.605499819,0.24392983076779207,7564315.514841453,1.10123455754684,10,0.26862395925804505,0.24392983076779207,1.10123455754684,"the two columns are DIFFERENT ESTIMANDS on DIFFERENT CENTRALS: the v3.3 column conditions on the central policy state and prices the electricity and survival axes at a 0.21 coefficient on a survival-advanced stock, on the asymptotic continuation of both axes over the statutory-targets-honoured floors; the v3.1c column draws the market case at a 0.2744 coefficient on a twelve-year stock, on the linear continuation over the enforceable-standard floors.  They are also NOT TAKEN OVER THE SAME ENTRIES where the two counts differ: the v3.1c central has 180 entry-years of exactly zero carbon, which have no relative width and are excluded from its median, while the v3.3 central has none, because under survival some gasoline vehicles always survive.  The entries that enter the v3.3 median and not the v3.1c one are exactly the entries whose central is a near-zero floor, and their relative width is enormous for that reason alone.  Use the matched columns for a like-for-like reading, the absolute half-width columns for a magnitude, and largest_relative_halfwidth_cells_v33_j2000.csv for the cells themselves.  The unmatched ratio is an orientation, not a change in one quantity","Not priced by this interval: the deployment scale, held at 30 per cent of registered automobiles and 30 per cent of signalized intersections by 2075 in every draw, against its own declared range of 15 to 45 per cent -- the model is exactly linear in that scale, so the two declared levels are delivered beside the interval as named lines, each of them the central rescaled, and never as width; the reading of the statutory floor itself, held at the statutory-targets-honoured reading in every draw, with the enforceable-standard reading delivered beside the interval as a named line rather than as width; the vehicle load model, held at the inherited one, with the single paired dynamometer measurement in the build's own precedent table delivered beside the interval as a named measured-load line; the computing workload growth of 2 per cent a year and the hardware efficiency floor of 0.25, neither of which is drawn or varied anywhere in this build; and the published market case, held at the policy state the interval is conditional on and carried as a named line.  The post-2050 continuation rule IS inside this interval: every electricity member continues along its own 2045-2050 slope at a decreasing rate after 2050 with the enacted statutory floors applied on top, and the linear trend and frozen continuations are delivered beside the interval as named lines.  The fuel-to-direct-current conversion coefficient IS priced here: it is drawn triangular on the declared list, support 0.17 to 0.2744 with its mode at the delivered central 0.21, so the two registered branches are the endpoints of the support this interval samples rather than values outside it, and each of them is also delivered as a named line.","The electricity-scenario axis changes the carbon content of a kilowatt hour, not the number of kilowatt hours.  Its contribution to the energy interval is therefore exactly zero, and an energy figure must not be captioned as though the electricity axis were inside it.  The same holds for the post-2050 continuation rule ON THAT AXIS and for the reading of the statutory floor: the delivered central, the two electricity-axis continuation lines and the enforceable-standard line carry the same energy in every entry and in every year, bitwise, and they part company only in carbon.  The two VEHICLE-axis continuation lines are a different object and are not covered by this sentence: a rule on that axis moves how much of the deployed stock is electric, so it moves the kilowatt hours as well as the carbon, and the movement is reported rather than gated."
EQUAL_SIZE_COMPARISON_1000000_VEHICLES_AT_THE_MEASURED_NATIONAL_RATIO_2988_STI_UNITS_PER_MILLION_VEHICLES,energy_kwh_eq,NO_VEHICLE_RULE_38,2050,38,38,38,0.23695667866339384,27170390.42743003,0.26193731027386846,22944983.141779732,0.9046312585849029,38,0.23695667866339384,0.26193731027386846,0.9046312585849029,"the two columns are DIFFERENT ESTIMANDS on DIFFERENT CENTRALS: the v3.3 column conditions on the central policy state and prices the electricity and survival axes at a 0.21 coefficient on a survival-advanced stock, on the asymptotic continuation of both axes over the statutory-targets-honoured floors; the v3.1c column draws the market case at a 0.2744 coefficient on a twelve-year stock, on the linear continuation over the enforceable-standard floors.  They are also NOT TAKEN OVER THE SAME ENTRIES where the two counts differ: the v3.1c central has 180 entry-years of exactly zero carbon, which have no relative width and are excluded from its median, while the v3.3 central has none, because under survival some gasoline vehicles always survive.  The entries that enter the v3.3 median and not the v3.1c one are exactly the entries whose central is a near-zero floor, and their relative width is enormous for that reason alone.  Use the matched columns for a like-for-like reading, the absolute half-width columns for a magnitude, and largest_relative_halfwidth_cells_v33_j2000.csv for the cells themselves.  The unmatched ratio is an orientation, not a change in one quantity","Not priced by this interval: the deployment scale, held at 30 per cent of registered automobiles and 30 per cent of signalized intersections by 2075 in every draw, against its own declared range of 15 to 45 per cent -- the model is exactly linear in that scale, so the two declared levels are delivered beside the interval as named lines, each of them the central rescaled, and never as width; the reading of the statutory floor itself, held at the statutory-targets-honoured reading in every draw, with the enforceable-standard reading delivered beside the interval as a named line rather than as width; the vehicle load model, held at the inherited one, with the single paired dynamometer measurement in the build's own precedent table delivered beside the interval as a named measured-load line; the computing workload growth of 2 per cent a year and the hardware efficiency floor of 0.25, neither of which is drawn or varied anywhere in this build; and the published market case, held at the policy state the interval is conditional on and carried as a named line.  The post-2050 continuation rule IS inside this interval: every electricity member continues along its own 2045-2050 slope at a decreasing rate after 2050 with the enacted statutory floors applied on top, and the linear trend and frozen continuations are delivered beside the interval as named lines.  The fuel-to-direct-current conversion coefficient IS priced here: it is drawn triangular on the declared list, support 0.17 to 0.2744 with its mode at the delivered central 0.21, so the two registered branches are the endpoints of the support this interval samples rather than values outside it, and each of them is also delivered as a named line.","The electricity-scenario axis changes the carbon content of a kilowatt hour, not the number of kilowatt hours.  Its contribution to the energy interval is therefore exactly zero, and an energy figure must not be captioned as though the electricity axis were inside it.  The same holds for the post-2050 continuation rule ON THAT AXIS and for the reading of the statutory floor: the delivered central, the two electricity-axis continuation lines and the enforceable-standard line carry the same energy in every entry and in every year, bitwise, and they part company only in carbon.  The two VEHICLE-axis continuation lines are a different object and are not covered by this sentence: a rule on that axis moves how much of the deployed stock is electric, so it moves the kilowatt hours as well as the carbon, and the movement is reported rather than gated."
EQUAL_SIZE_COMPARISON_1000000_VEHICLES_AT_THE_MEASURED_NATIONAL_RATIO_2988_STI_UNITS_PER_MILLION_VEHICLES,energy_kwh_eq,ADOPTING_13,2075,13,13,13,0.27262820592480935,23178888.036593765,0.24249215029479204,20615994.69986681,1.1242764171680675,13,0.27262820592480935,0.24249215029479204,1.1242764171680675,"the two columns are DIFFERENT ESTIMANDS on DIFFERENT CENTRALS: the v3.3 column conditions on the central policy state and prices the electricity and survival axes at a 0.21 coefficient on a survival-advanced stock, on the asymptotic continuation of both axes over the statutory-targets-honoured floors; the v3.1c column draws the market case at a 0.2744 coefficient on a twelve-year stock, on the linear continuation over the enforceable-standard floors.  They are also NOT TAKEN OVER THE SAME ENTRIES where the two counts differ: the v3.1c central has 180 entry-years of exactly zero carbon, which have no relative width and are excluded from its median, while the v3.3 central has none, because under survival some gasoline vehicles always survive.  The entries that enter the v3.3 median and not the v3.1c one are exactly the entries whose central is a near-zero floor, and their relative width is enormous for that reason alone.  Use the matched columns for a like-for-like reading, the absolute half-width columns for a magnitude, and largest_relative_halfwidth_cells_v33_j2000.csv for the cells themselves.  The unmatched ratio is an orientation, not a change in one quantity","Not priced by this interval: the deployment scale, held at 30 per cent of registered automobiles and 30 per cent of signalized intersections by 2075 in every draw, against its own declared range of 15 to 45 per cent -- the model is exactly linear in that scale, so the two declared levels are delivered beside the interval as named lines, each of them the central rescaled, and never as width; the reading of the statutory floor itself, held at the statutory-targets-honoured reading in every draw, with the enforceable-standard reading delivered beside the interval as a named line rather than as width; the vehicle load model, held at the inherited one, with the single paired dynamometer measurement in the build's own precedent table delivered beside the interval as a named measured-load line; the computing workload growth of 2 per cent a year and the hardware efficiency floor of 0.25, neither of which is drawn or varied anywhere in this build; and the published market case, held at the policy state the interval is conditional on and carried as a named line.  The post-2050 continuation rule IS inside this interval: every electricity member continues along its own 2045-2050 slope at a decreasing rate after 2050 with the enacted statutory floors applied on top, and the linear trend and frozen continuations are delivered beside the interval as named lines.  The fuel-to-direct-current conversion coefficient IS priced here: it is drawn triangular on the declared list, support 0.17 to 0.2744 with its mode at the delivered central 0.21, so the two registered branches are the endpoints of the support this interval samples rather than values outside it, and each of them is also delivered as a named line.","The electricity-scenario axis changes the carbon content of a kilowatt hour, not the number of kilowatt hours.  Its contribution to the energy interval is therefore exactly zero, and an energy figure must not be captioned as though the electricity axis were inside it.  The same holds for the post-2050 continuation rule ON THAT AXIS and for the reading of the statutory floor: the delivered central, the two electricity-axis continuation lines and the enforceable-standard line carry the same energy in every entry and in every year, bitwise, and they part company only in carbon.  The two VEHICLE-axis continuation lines are a different object and are not covered by this sentence: a rule on that axis moves how much of the deployed stock is electric, so it moves the kilowatt hours as well as the carbon, and the movement is reported rather than gated."
EQUAL_SIZE_COMPARISON_1000000_VEHICLES_AT_THE_MEASURED_NATIONAL_RATIO_2988_STI_UNITS_PER_MILLION_VEHICLES,energy_kwh_eq,ALL_51,2075,51,51,51,0.2307389934484322,63069939.048067346,0.345704553900366,72932772.71135312,0.6674456290643267,51,0.2307389934484322,0.345704553900366,0.6674456290643267,"the two columns are DIFFERENT ESTIMANDS on DIFFERENT CENTRALS: the v3.3 column conditions on the central policy state and prices the electricity and survival axes at a 0.21 coefficient on a survival-advanced stock, on the asymptotic continuation of both axes over the statutory-targets-honoured floors; the v3.1c column draws the market case at a 0.2744 coefficient on a twelve-year stock, on the linear continuation over the enforceable-standard floors.  They are also NOT TAKEN OVER THE SAME ENTRIES where the two counts differ: the v3.1c central has 180 entry-years of exactly zero carbon, which have no relative width and are excluded from its median, while the v3.3 central has none, because under survival some gasoline vehicles always survive.  The entries that enter the v3.3 median and not the v3.1c one are exactly the entries whose central is a near-zero floor, and their relative width is enormous for that reason alone.  Use the matched columns for a like-for-like reading, the absolute half-width columns for a magnitude, and largest_relative_halfwidth_cells_v33_j2000.csv for the cells themselves.  The unmatched ratio is an orientation, not a change in one quantity","Not priced by this interval: the deployment scale, held at 30 per cent of registered automobiles and 30 per cent of signalized intersections by 2075 in every draw, against its own declared range of 15 to 45 per cent -- the model is exactly linear in that scale, so the two declared levels are delivered beside the interval as named lines, each of them the central rescaled, and never as width; the reading of the statutory floor itself, held at the statutory-targets-honoured reading in every draw, with the enforceable-standard reading delivered beside the interval as a named line rather than as width; the vehicle load model, held at the inherited one, with the single paired dynamometer measurement in the build's own precedent table delivered beside the interval as a named measured-load line; the computing workload growth of 2 per cent a year and the hardware efficiency floor of 0.25, neither of which is drawn or varied anywhere in this build; and the published market case, held at the policy state the interval is conditional on and carried as a named line.  The post-2050 continuation rule IS inside this interval: every electricity member continues along its own 2045-2050 slope at a decreasing rate after 2050 with the enacted statutory floors applied on top, and the linear trend and frozen continuations are delivered beside the interval as named lines.  The fuel-to-direct-current conversion coefficient IS priced here: it is drawn triangular on the declared list, support 0.17 to 0.2744 with its mode at the delivered central 0.21, so the two registered branches are the endpoints of the support this interval samples rather than values outside it, and each of them is also delivered as a named line.","The electricity-scenario axis changes the carbon content of a kilowatt hour, not the number of kilowatt hours.  Its contribution to the energy interval is therefore exactly zero, and an energy figure must not be captioned as though the electricity axis were inside it.  The same holds for the post-2050 continuation rule ON THAT AXIS and for the reading of the statutory floor: the delivered central, the two electricity-axis continuation lines and the enforceable-standard line carry the same energy in every entry and in every year, bitwise, and they part company only in carbon.  The two VEHICLE-axis continuation lines are a different object and are not covered by this sentence: a rule on that axis moves how much of the deployed stock is electric, so it moves the kilowatt hours as well as the carbon, and the movement is reported rather than gated."
EQUAL_SIZE_COMPARISON_1000000_VEHICLES_AT_THE_MEASURED_NATIONAL_RATIO_2988_STI_UNITS_PER_MILLION_VEHICLES,energy_kwh_eq,CAPPED_82_MY2032_3,2075,3,3,3,0.2565285842855552,23919285.317347944,0.2368819793504483,20941598.663734503,1.0829383686719423,3,0.2565285842855552,0.2368819793504483,1.0829383686719423,"the two columns are DIFFERENT ESTIMANDS on DIFFERENT CENTRALS: the v3.3 column conditions on the central policy state and prices the electricity and survival axes at a 0.21 coefficient on a survival-advanced stock, on the asymptotic continuation of both axes over the statutory-targets-honoured floors; the v3.1c column draws the market case at a 0.2744 coefficient on a twelve-year stock, on the linear continuation over the enforceable-standard floors.  They are also NOT TAKEN OVER THE SAME ENTRIES where the two counts differ: the v3.1c central has 180 entry-years of exactly zero carbon, which have no relative width and are excluded from its median, while the v3.3 central has none, because under survival some gasoline vehicles always survive.  The entries that enter the v3.3 median and not the v3.1c one are exactly the entries whose central is a near-zero floor, and their relative width is enormous for that reason alone.  Use the matched columns for a like-for-like reading, the absolute half-width columns for a magnitude, and largest_relative_halfwidth_cells_v33_j2000.csv for the cells themselves.  The unmatched ratio is an orientation, not a change in one quantity","Not priced by this interval: the deployment scale, held at 30 per cent of registered automobiles and 30 per cent of signalized intersections by 2075 in every draw, against its own declared range of 15 to 45 per cent -- the model is exactly linear in that scale, so the two declared levels are delivered beside the interval as named lines, each of them the central rescaled, and never as width; the reading of the statutory floor itself, held at the statutory-targets-honoured reading in every draw, with the enforceable-standard reading delivered beside the interval as a named line rather than as width; the vehicle load model, held at the inherited one, with the single paired dynamometer measurement in the build's own precedent table delivered beside the interval as a named measured-load line; the computing workload growth of 2 per cent a year and the hardware efficiency floor of 0.25, neither of which is drawn or varied anywhere in this build; and the published market case, held at the policy state the interval is conditional on and carried as a named line.  The post-2050 continuation rule IS inside this interval: every electricity member continues along its own 2045-2050 slope at a decreasing rate after 2050 with the enacted statutory floors applied on top, and the linear trend and frozen continuations are delivered beside the interval as named lines.  The fuel-to-direct-current conversion coefficient IS priced here: it is drawn triangular on the declared list, support 0.17 to 0.2744 with its mode at the delivered central 0.21, so the two registered branches are the endpoints of the support this interval samples rather than values outside it, and each of them is also delivered as a named line.","The electricity-scenario axis changes the carbon content of a kilowatt hour, not the number of kilowatt hours.  Its contribution to the energy interval is therefore exactly zero, and an energy figure must not be captioned as though the electricity axis were inside it.  The same holds for the post-2050 continuation rule ON THAT AXIS and for the reading of the statutory floor: the delivered central, the two electricity-axis continuation lines and the enforceable-standard line carry the same energy in every entry and in every year, bitwise, and they part company only in carbon.  The two VEHICLE-axis continuation lines are a different object and are not covered by this sentence: a rule on that axis moves how much of the deployed stock is electric, so it moves the kilowatt hours as well as the carbon, and the movement is reported rather than gated."
EQUAL_SIZE_COMPARISON_1000000_VEHICLES_AT_THE_MEASURED_NATIONAL_RATIO_2988_STI_UNITS_PER_MILLION_VEHICLES,energy_kwh_eq,FULL_SCHEDULE_10,2075,10,10,10,0.2726330116166165,23120924.961017314,0.24249519968781116,20564606.204573747,1.124282096996579,10,0.2726330116166165,0.24249519968781116,1.124282096996579,"the two columns are DIFFERENT ESTIMANDS on DIFFERENT CENTRALS: the v3.3 column conditions on the central policy state and prices the electricity and survival axes at a 0.21 coefficient on a survival-advanced stock, on the asymptotic continuation of both axes over the statutory-targets-honoured floors; the v3.1c column draws the market case at a 0.2744 coefficient on a twelve-year stock, on the linear continuation over the enforceable-standard floors.  They are also NOT TAKEN OVER THE SAME ENTRIES where the two counts differ: the v3.1c central has 180 entry-years of exactly zero carbon, which have no relative width and are excluded from its median, while the v3.3 central has none, because under survival some gasoline vehicles always survive.  The entries that enter the v3.3 median and not the v3.1c one are exactly the entries whose central is a near-zero floor, and their relative width is enormous for that reason alone.  Use the matched columns for a like-for-like reading, the absolute half-width columns for a magnitude, and largest_relative_halfwidth_cells_v33_j2000.csv for the cells themselves.  The unmatched ratio is an orientation, not a change in one quantity","Not priced by this interval: the deployment scale, held at 30 per cent of registered automobiles and 30 per cent of signalized intersections by 2075 in every draw, against its own declared range of 15 to 45 per cent -- the model is exactly linear in that scale, so the two declared levels are delivered beside the interval as named lines, each of them the central rescaled, and never as width; the reading of the statutory floor itself, held at the statutory-targets-honoured reading in every draw, with the enforceable-standard reading delivered beside the interval as a named line rather than as width; the vehicle load model, held at the inherited one, with the single paired dynamometer measurement in the build's own precedent table delivered beside the interval as a named measured-load line; the computing workload growth of 2 per cent a year and the hardware efficiency floor of 0.25, neither of which is drawn or varied anywhere in this build; and the published market case, held at the policy state the interval is conditional on and carried as a named line.  The post-2050 continuation rule IS inside this interval: every electricity member continues along its own 2045-2050 slope at a decreasing rate after 2050 with the enacted statutory floors applied on top, and the linear trend and frozen continuations are delivered beside the interval as named lines.  The fuel-to-direct-current conversion coefficient IS priced here: it is drawn triangular on the declared list, support 0.17 to 0.2744 with its mode at the delivered central 0.21, so the two registered branches are the endpoints of the support this interval samples rather than values outside it, and each of them is also delivered as a named line.","The electricity-scenario axis changes the carbon content of a kilowatt hour, not the number of kilowatt hours.  Its contribution to the energy interval is therefore exactly zero, and an energy figure must not be captioned as though the electricity axis were inside it.  The same holds for the post-2050 continuation rule ON THAT AXIS and for the reading of the statutory floor: the delivered central, the two electricity-axis continuation lines and the enforceable-standard line carry the same energy in every entry and in every year, bitwise, and they part company only in carbon.  The two VEHICLE-axis continuation lines are a different object and are not covered by this sentence: a rule on that axis moves how much of the deployed stock is electric, so it moves the kilowatt hours as well as the carbon, and the movement is reported rather than gated."
EQUAL_SIZE_COMPARISON_1000000_VEHICLES_AT_THE_MEASURED_NATIONAL_RATIO_2988_STI_UNITS_PER_MILLION_VEHICLES,energy_kwh_eq,NO_VEHICLE_RULE_38,2075,38,38,38,0.23063332505906614,63456956.42546322,0.3458525271880796,73294553.34025592,0.6668545317109811,38,0.23063332505906614,0.3458525271880796,0.6668545317109811,"the two columns are DIFFERENT ESTIMANDS on DIFFERENT CENTRALS: the v3.3 column conditions on the central policy state and prices the electricity and survival axes at a 0.21 coefficient on a survival-advanced stock, on the asymptotic continuation of both axes over the statutory-targets-honoured floors; the v3.1c column draws the market case at a 0.2744 coefficient on a twelve-year stock, on the linear continuation over the enforceable-standard floors.  They are also NOT TAKEN OVER THE SAME ENTRIES where the two counts differ: the v3.1c central has 180 entry-years of exactly zero carbon, which have no relative width and are excluded from its median, while the v3.3 central has none, because under survival some gasoline vehicles always survive.  The entries that enter the v3.3 median and not the v3.1c one are exactly the entries whose central is a near-zero floor, and their relative width is enormous for that reason alone.  Use the matched columns for a like-for-like reading, the absolute half-width columns for a magnitude, and largest_relative_halfwidth_cells_v33_j2000.csv for the cells themselves.  The unmatched ratio is an orientation, not a change in one quantity","Not priced by this interval: the deployment scale, held at 30 per cent of registered automobiles and 30 per cent of signalized intersections by 2075 in every draw, against its own declared range of 15 to 45 per cent -- the model is exactly linear in that scale, so the two declared levels are delivered beside the interval as named lines, each of them the central rescaled, and never as width; the reading of the statutory floor itself, held at the statutory-targets-honoured reading in every draw, with the enforceable-standard reading delivered beside the interval as a named line rather than as width; the vehicle load model, held at the inherited one, with the single paired dynamometer measurement in the build's own precedent table delivered beside the interval as a named measured-load line; the computing workload growth of 2 per cent a year and the hardware efficiency floor of 0.25, neither of which is drawn or varied anywhere in this build; and the published market case, held at the policy state the interval is conditional on and carried as a named line.  The post-2050 continuation rule IS inside this interval: every electricity member continues along its own 2045-2050 slope at a decreasing rate after 2050 with the enacted statutory floors applied on top, and the linear trend and frozen continuations are delivered beside the interval as named lines.  The fuel-to-direct-current conversion coefficient IS priced here: it is drawn triangular on the declared list, support 0.17 to 0.2744 with its mode at the delivered central 0.21, so the two registered branches are the endpoints of the support this interval samples rather than values outside it, and each of them is also delivered as a named line.","The electricity-scenario axis changes the carbon content of a kilowatt hour, not the number of kilowatt hours.  Its contribution to the energy interval is therefore exactly zero, and an energy figure must not be captioned as though the electricity axis were inside it.  The same holds for the post-2050 continuation rule ON THAT AXIS and for the reading of the statutory floor: the delivered central, the two electricity-axis continuation lines and the enforceable-standard line carry the same energy in every entry and in every year, bitwise, and they part company only in carbon.  The two VEHICLE-axis continuation lines are a different object and are not covered by this sentence: a rule on that axis moves how much of the deployed stock is electric, so it moves the kilowatt hours as well as the carbon, and the movement is reported rather than gated."
EQUAL_SIZE_COMPARISON_1000000_VEHICLES_AT_THE_MEASURED_NATIONAL_RATIO_2988_STI_UNITS_PER_MILLION_VEHICLES,grid_intensity_kg_per_kwh,ADOPTING_13,2050,13,4,6,0.1937956083589743,0.0,0.09975728889485733,0.0,1.9426711622368962,4,0.1937956083589743,0.0997572888948573,1.9426711622368968,"the two columns are DIFFERENT ESTIMANDS on DIFFERENT CENTRALS: the v3.3 column conditions on the central policy state and prices the electricity and survival axes at a 0.21 coefficient on a survival-advanced stock, on the asymptotic continuation of both axes over the statutory-targets-honoured floors; the v3.1c column draws the market case at a 0.2744 coefficient on a twelve-year stock, on the linear continuation over the enforceable-standard floors.  They are also NOT TAKEN OVER THE SAME ENTRIES where the two counts differ: the v3.1c central has 180 entry-years of exactly zero carbon, which have no relative width and are excluded from its median, while the v3.3 central has none, because under survival some gasoline vehicles always survive.  The entries that enter the v3.3 median and not the v3.1c one are exactly the entries whose central is a near-zero floor, and their relative width is enormous for that reason alone.  Use the matched columns for a like-for-like reading, the absolute half-width columns for a magnitude, and largest_relative_halfwidth_cells_v33_j2000.csv for the cells themselves.  The unmatched ratio is an orientation, not a change in one quantity","Not priced by this interval: the deployment scale, held at 30 per cent of registered automobiles and 30 per cent of signalized intersections by 2075 in every draw, against its own declared range of 15 to 45 per cent -- the model is exactly linear in that scale, so the two declared levels are delivered beside the interval as named lines, each of them the central rescaled, and never as width; the reading of the statutory floor itself, held at the statutory-targets-honoured reading in every draw, with the enforceable-standard reading delivered beside the interval as a named line rather than as width; the vehicle load model, held at the inherited one, with the single paired dynamometer measurement in the build's own precedent table delivered beside the interval as a named measured-load line; the computing workload growth of 2 per cent a year and the hardware efficiency floor of 0.25, neither of which is drawn or varied anywhere in this build; and the published market case, held at the policy state the interval is conditional on and carried as a named line.  The post-2050 continuation rule IS inside this interval: every electricity member continues along its own 2045-2050 slope at a decreasing rate after 2050 with the enacted statutory floors applied on top, and the linear trend and frozen continuations are delivered beside the interval as named lines.  The fuel-to-direct-current conversion coefficient IS priced here: it is drawn triangular on the declared list, support 0.17 to 0.2744 with its mode at the delivered central 0.21, so the two registered branches are the endpoints of the support this interval samples rather than values outside it, and each of them is also delivered as a named line.","The electricity-scenario axis changes the carbon content of a kilowatt hour, not the number of kilowatt hours.  Its contribution to the energy interval is therefore exactly zero, and an energy figure must not be captioned as though the electricity axis were inside it.  The same holds for the post-2050 continuation rule ON THAT AXIS and for the reading of the statutory floor: the delivered central, the two electricity-axis continuation lines and the enforceable-standard line carry the same energy in every entry and in every year, bitwise, and they part company only in carbon.  The two VEHICLE-axis continuation lines are a different object and are not covered by this sentence: a rule on that axis moves how much of the deployed stock is electric, so it moves the kilowatt hours as well as the carbon, and the movement is reported rather than gated."
EQUAL_SIZE_COMPARISON_1000000_VEHICLES_AT_THE_MEASURED_NATIONAL_RATIO_2988_STI_UNITS_PER_MILLION_VEHICLES,grid_intensity_kg_per_kwh,ALL_51,2050,51,34,38,0.546739964135328,0.04717535000173928,0.0997572888948573,0.010037883528656609,5.480701913537203,34,0.546739964135328,0.0997572888948573,5.480701913537203,"the two columns are DIFFERENT ESTIMANDS on DIFFERENT CENTRALS: the v3.3 column conditions on the central policy state and prices the electricity and survival axes at a 0.21 coefficient on a survival-advanced stock, on the asymptotic continuation of both axes over the statutory-targets-honoured floors; the v3.1c column draws the market case at a 0.2744 coefficient on a twelve-year stock, on the linear continuation over the enforceable-standard floors.  They are also NOT TAKEN OVER THE SAME ENTRIES where the two counts differ: the v3.1c central has 180 entry-years of exactly zero carbon, which have no relative width and are excluded from its median, while the v3.3 central has none, because under survival some gasoline vehicles always survive.  The entries that enter the v3.3 median and not the v3.1c one are exactly the entries whose central is a near-zero floor, and their relative width is enormous for that reason alone.  Use the matched columns for a like-for-like reading, the absolute half-width columns for a magnitude, and largest_relative_halfwidth_cells_v33_j2000.csv for the cells themselves.  The unmatched ratio is an orientation, not a change in one quantity","Not priced by this interval: the deployment scale, held at 30 per cent of registered automobiles and 30 per cent of signalized intersections by 2075 in every draw, against its own declared range of 15 to 45 per cent -- the model is exactly linear in that scale, so the two declared levels are delivered beside the interval as named lines, each of them the central rescaled, and never as width; the reading of the statutory floor itself, held at the statutory-targets-honoured reading in every draw, with the enforceable-standard reading delivered beside the interval as a named line rather than as width; the vehicle load model, held at the inherited one, with the single paired dynamometer measurement in the build's own precedent table delivered beside the interval as a named measured-load line; the computing workload growth of 2 per cent a year and the hardware efficiency floor of 0.25, neither of which is drawn or varied anywhere in this build; and the published market case, held at the policy state the interval is conditional on and carried as a named line.  The post-2050 continuation rule IS inside this interval: every electricity member continues along its own 2045-2050 slope at a decreasing rate after 2050 with the enacted statutory floors applied on top, and the linear trend and frozen continuations are delivered beside the interval as named lines.  The fuel-to-direct-current conversion coefficient IS priced here: it is drawn triangular on the declared list, support 0.17 to 0.2744 with its mode at the delivered central 0.21, so the two registered branches are the endpoints of the support this interval samples rather than values outside it, and each of them is also delivered as a named line.","The electricity-scenario axis changes the carbon content of a kilowatt hour, not the number of kilowatt hours.  Its contribution to the energy interval is therefore exactly zero, and an energy figure must not be captioned as though the electricity axis were inside it.  The same holds for the post-2050 continuation rule ON THAT AXIS and for the reading of the statutory floor: the delivered central, the two electricity-axis continuation lines and the enforceable-standard line carry the same energy in every entry and in every year, bitwise, and they part company only in carbon.  The two VEHICLE-axis continuation lines are a different object and are not covered by this sentence: a rule on that axis moves how much of the deployed stock is electric, so it moves the kilowatt hours as well as the carbon, and the movement is reported rather than gated."
EQUAL_SIZE_COMPARISON_1000000_VEHICLES_AT_THE_MEASURED_NATIONAL_RATIO_2988_STI_UNITS_PER_MILLION_VEHICLES,grid_intensity_kg_per_kwh,CAPPED_82_MY2032_3,2050,3,1,2,0.09975728889485734,0.0,0.09975728889485735,0.016975880856124725,0.9999999999999999,1,0.09975728889485734,0.09975728889485734,1.0,"the two columns are DIFFERENT ESTIMANDS on DIFFERENT CENTRALS: the v3.3 column conditions on the central policy state and prices the electricity and survival axes at a 0.21 coefficient on a survival-advanced stock, on the asymptotic continuation of both axes over the statutory-targets-honoured floors; the v3.1c column draws the market case at a 0.2744 coefficient on a twelve-year stock, on the linear continuation over the enforceable-standard floors.  They are also NOT TAKEN OVER THE SAME ENTRIES where the two counts differ: the v3.1c central has 180 entry-years of exactly zero carbon, which have no relative width and are excluded from its median, while the v3.3 central has none, because under survival some gasoline vehicles always survive.  The entries that enter the v3.3 median and not the v3.1c one are exactly the entries whose central is a near-zero floor, and their relative width is enormous for that reason alone.  Use the matched columns for a like-for-like reading, the absolute half-width columns for a magnitude, and largest_relative_halfwidth_cells_v33_j2000.csv for the cells themselves.  The unmatched ratio is an orientation, not a change in one quantity","Not priced by this interval: the deployment scale, held at 30 per cent of registered automobiles and 30 per cent of signalized intersections by 2075 in every draw, against its own declared range of 15 to 45 per cent -- the model is exactly linear in that scale, so the two declared levels are delivered beside the interval as named lines, each of them the central rescaled, and never as width; the reading of the statutory floor itself, held at the statutory-targets-honoured reading in every draw, with the enforceable-standard reading delivered beside the interval as a named line rather than as width; the vehicle load model, held at the inherited one, with the single paired dynamometer measurement in the build's own precedent table delivered beside the interval as a named measured-load line; the computing workload growth of 2 per cent a year and the hardware efficiency floor of 0.25, neither of which is drawn or varied anywhere in this build; and the published market case, held at the policy state the interval is conditional on and carried as a named line.  The post-2050 continuation rule IS inside this interval: every electricity member continues along its own 2045-2050 slope at a decreasing rate after 2050 with the enacted statutory floors applied on top, and the linear trend and frozen continuations are delivered beside the interval as named lines.  The fuel-to-direct-current conversion coefficient IS priced here: it is drawn triangular on the declared list, support 0.17 to 0.2744 with its mode at the delivered central 0.21, so the two registered branches are the endpoints of the support this interval samples rather than values outside it, and each of them is also delivered as a named line.","The electricity-scenario axis changes the carbon content of a kilowatt hour, not the number of kilowatt hours.  Its contribution to the energy interval is therefore exactly zero, and an energy figure must not be captioned as though the electricity axis were inside it.  The same holds for the post-2050 continuation rule ON THAT AXIS and for the reading of the statutory floor: the delivered central, the two electricity-axis continuation lines and the enforceable-standard line carry the same energy in every entry and in every year, bitwise, and they part company only in carbon.  The two VEHICLE-axis continuation lines are a different object and are not covered by this sentence: a rule on that axis moves how much of the deployed stock is electric, so it moves the kilowatt hours as well as the carbon, and the movement is reported rather than gated."
EQUAL_SIZE_COMPARISON_1000000_VEHICLES_AT_THE_MEASURED_NATIONAL_RATIO_2988_STI_UNITS_PER_MILLION_VEHICLES,grid_intensity_kg_per_kwh,FULL_SCHEDULE_10,2050,10,3,4,0.28783392782309125,0.0,0.0997572888948573,0.0,2.885342324473793,3,0.28783392782309125,0.09975728889485729,2.8853423244737932,"the two columns are DIFFERENT ESTIMANDS on DIFFERENT CENTRALS: the v3.3 column conditions on the central policy state and prices the electricity and survival axes at a 0.21 coefficient on a survival-advanced stock, on the asymptotic continuation of both axes over the statutory-targets-honoured floors; the v3.1c column draws the market case at a 0.2744 coefficient on a twelve-year stock, on the linear continuation over the enforceable-standard floors.  They are also NOT TAKEN OVER THE SAME ENTRIES where the two counts differ: the v3.1c central has 180 entry-years of exactly zero carbon, which have no relative width and are excluded from its median, while the v3.3 central has none, because under survival some gasoline vehicles always survive.  The entries that enter the v3.3 median and not the v3.1c one are exactly the entries whose central is a near-zero floor, and their relative width is enormous for that reason alone.  Use the matched columns for a like-for-like reading, the absolute half-width columns for a magnitude, and largest_relative_halfwidth_cells_v33_j2000.csv for the cells themselves.  The unmatched ratio is an orientation, not a change in one quantity","Not priced by this interval: the deployment scale, held at 30 per cent of registered automobiles and 30 per cent of signalized intersections by 2075 in every draw, against its own declared range of 15 to 45 per cent -- the model is exactly linear in that scale, so the two declared levels are delivered beside the interval as named lines, each of them the central rescaled, and never as width; the reading of the statutory floor itself, held at the statutory-targets-honoured reading in every draw, with the enforceable-standard reading delivered beside the interval as a named line rather than as width; the vehicle load model, held at the inherited one, with the single paired dynamometer measurement in the build's own precedent table delivered beside the interval as a named measured-load line; the computing workload growth of 2 per cent a year and the hardware efficiency floor of 0.25, neither of which is drawn or varied anywhere in this build; and the published market case, held at the policy state the interval is conditional on and carried as a named line.  The post-2050 continuation rule IS inside this interval: every electricity member continues along its own 2045-2050 slope at a decreasing rate after 2050 with the enacted statutory floors applied on top, and the linear trend and frozen continuations are delivered beside the interval as named lines.  The fuel-to-direct-current conversion coefficient IS priced here: it is drawn triangular on the declared list, support 0.17 to 0.2744 with its mode at the delivered central 0.21, so the two registered branches are the endpoints of the support this interval samples rather than values outside it, and each of them is also delivered as a named line.","The electricity-scenario axis changes the carbon content of a kilowatt hour, not the number of kilowatt hours.  Its contribution to the energy interval is therefore exactly zero, and an energy figure must not be captioned as though the electricity axis were inside it.  The same holds for the post-2050 continuation rule ON THAT AXIS and for the reading of the statutory floor: the delivered central, the two electricity-axis continuation lines and the enforceable-standard line carry the same energy in every entry and in every year, bitwise, and they part company only in carbon.  The two VEHICLE-axis continuation lines are a different object and are not covered by this sentence: a rule on that axis moves how much of the deployed stock is electric, so it moves the kilowatt hours as well as the carbon, and the movement is reported rather than gated."
EQUAL_SIZE_COMPARISON_1000000_VEHICLES_AT_THE_MEASURED_NATIONAL_RATIO_2988_STI_UNITS_PER_MILLION_VEHICLES,grid_intensity_kg_per_kwh,NO_VEHICLE_RULE_38,2050,38,30,32,0.7088182072461343,0.08868902078640317,0.0997572888948573,0.01191218429030869,7.105427734641207,30,0.7088182072461343,0.0997572888948573,7.105427734641207,"the two columns are DIFFERENT ESTIMANDS on DIFFERENT CENTRALS: the v3.3 column conditions on the central policy state and prices the electricity and survival axes at a 0.21 coefficient on a survival-advanced stock, on the asymptotic continuation of both axes over the statutory-targets-honoured floors; the v3.1c column draws the market case at a 0.2744 coefficient on a twelve-year stock, on the linear continuation over the enforceable-standard floors.  They are also NOT TAKEN OVER THE SAME ENTRIES where the two counts differ: the v3.1c central has 180 entry-years of exactly zero carbon, which have no relative width and are excluded from its median, while the v3.3 central has none, because under survival some gasoline vehicles always survive.  The entries that enter the v3.3 median and not the v3.1c one are exactly the entries whose central is a near-zero floor, and their relative width is enormous for that reason alone.  Use the matched columns for a like-for-like reading, the absolute half-width columns for a magnitude, and largest_relative_halfwidth_cells_v33_j2000.csv for the cells themselves.  The unmatched ratio is an orientation, not a change in one quantity","Not priced by this interval: the deployment scale, held at 30 per cent of registered automobiles and 30 per cent of signalized intersections by 2075 in every draw, against its own declared range of 15 to 45 per cent -- the model is exactly linear in that scale, so the two declared levels are delivered beside the interval as named lines, each of them the central rescaled, and never as width; the reading of the statutory floor itself, held at the statutory-targets-honoured reading in every draw, with the enforceable-standard reading delivered beside the interval as a named line rather than as width; the vehicle load model, held at the inherited one, with the single paired dynamometer measurement in the build's own precedent table delivered beside the interval as a named measured-load line; the computing workload growth of 2 per cent a year and the hardware efficiency floor of 0.25, neither of which is drawn or varied anywhere in this build; and the published market case, held at the policy state the interval is conditional on and carried as a named line.  The post-2050 continuation rule IS inside this interval: every electricity member continues along its own 2045-2050 slope at a decreasing rate after 2050 with the enacted statutory floors applied on top, and the linear trend and frozen continuations are delivered beside the interval as named lines.  The fuel-to-direct-current conversion coefficient IS priced here: it is drawn triangular on the declared list, support 0.17 to 0.2744 with its mode at the delivered central 0.21, so the two registered branches are the endpoints of the support this interval samples rather than values outside it, and each of them is also delivered as a named line.","The electricity-scenario axis changes the carbon content of a kilowatt hour, not the number of kilowatt hours.  Its contribution to the energy interval is therefore exactly zero, and an energy figure must not be captioned as though the electricity axis were inside it.  The same holds for the post-2050 continuation rule ON THAT AXIS and for the reading of the statutory floor: the delivered central, the two electricity-axis continuation lines and the enforceable-standard line carry the same energy in every entry and in every year, bitwise, and they part company only in carbon.  The two VEHICLE-axis continuation lines are a different object and are not covered by this sentence: a rule on that axis moves how much of the deployed stock is electric, so it moves the kilowatt hours as well as the carbon, and the movement is reported rather than gated."
EQUAL_SIZE_COMPARISON_1000000_VEHICLES_AT_THE_MEASURED_NATIONAL_RATIO_2988_STI_UNITS_PER_MILLION_VEHICLES,grid_intensity_kg_per_kwh,ADOPTING_13,2075,13,4,6,0.27626913544022474,0.0,0.09975728889485731,0.0,2.769413027366935,4,0.27626913544022474,0.09975728889485734,2.7694130273669346,"the two columns are DIFFERENT ESTIMANDS on DIFFERENT CENTRALS: the v3.3 column conditions on the central policy state and prices the electricity and survival axes at a 0.21 coefficient on a survival-advanced stock, on the asymptotic continuation of both axes over the statutory-targets-honoured floors; the v3.1c column draws the market case at a 0.2744 coefficient on a twelve-year stock, on the linear continuation over the enforceable-standard floors.  They are also NOT TAKEN OVER THE SAME ENTRIES where the two counts differ: the v3.1c central has 180 entry-years of exactly zero carbon, which have no relative width and are excluded from its median, while the v3.3 central has none, because under survival some gasoline vehicles always survive.  The entries that enter the v3.3 median and not the v3.1c one are exactly the entries whose central is a near-zero floor, and their relative width is enormous for that reason alone.  Use the matched columns for a like-for-like reading, the absolute half-width columns for a magnitude, and largest_relative_halfwidth_cells_v33_j2000.csv for the cells themselves.  The unmatched ratio is an orientation, not a change in one quantity","Not priced by this interval: the deployment scale, held at 30 per cent of registered automobiles and 30 per cent of signalized intersections by 2075 in every draw, against its own declared range of 15 to 45 per cent -- the model is exactly linear in that scale, so the two declared levels are delivered beside the interval as named lines, each of them the central rescaled, and never as width; the reading of the statutory floor itself, held at the statutory-targets-honoured reading in every draw, with the enforceable-standard reading delivered beside the interval as a named line rather than as width; the vehicle load model, held at the inherited one, with the single paired dynamometer measurement in the build's own precedent table delivered beside the interval as a named measured-load line; the computing workload growth of 2 per cent a year and the hardware efficiency floor of 0.25, neither of which is drawn or varied anywhere in this build; and the published market case, held at the policy state the interval is conditional on and carried as a named line.  The post-2050 continuation rule IS inside this interval: every electricity member continues along its own 2045-2050 slope at a decreasing rate after 2050 with the enacted statutory floors applied on top, and the linear trend and frozen continuations are delivered beside the interval as named lines.  The fuel-to-direct-current conversion coefficient IS priced here: it is drawn triangular on the declared list, support 0.17 to 0.2744 with its mode at the delivered central 0.21, so the two registered branches are the endpoints of the support this interval samples rather than values outside it, and each of them is also delivered as a named line.","The electricity-scenario axis changes the carbon content of a kilowatt hour, not the number of kilowatt hours.  Its contribution to the energy interval is therefore exactly zero, and an energy figure must not be captioned as though the electricity axis were inside it.  The same holds for the post-2050 continuation rule ON THAT AXIS and for the reading of the statutory floor: the delivered central, the two electricity-axis continuation lines and the enforceable-standard line carry the same energy in every entry and in every year, bitwise, and they part company only in carbon.  The two VEHICLE-axis continuation lines are a different object and are not covered by this sentence: a rule on that axis moves how much of the deployed stock is electric, so it moves the kilowatt hours as well as the carbon, and the movement is reported rather than gated."
EQUAL_SIZE_COMPARISON_1000000_VEHICLES_AT_THE_MEASURED_NATIONAL_RATIO_2988_STI_UNITS_PER_MILLION_VEHICLES,grid_intensity_kg_per_kwh,ALL_51,2075,51,34,34,0.688707653199216,0.04829598963867421,0.09975728889485729,0.005835895168853546,6.903832901123684,30,0.5639089140906606,0.09975728889485729,5.652809136433251,"the two columns are DIFFERENT ESTIMANDS on DIFFERENT CENTRALS: the v3.3 column conditions on the central policy state and prices the electricity and survival axes at a 0.21 coefficient on a survival-advanced stock, on the asymptotic continuation of both axes over the statutory-targets-honoured floors; the v3.1c column draws the market case at a 0.2744 coefficient on a twelve-year stock, on the linear continuation over the enforceable-standard floors.  They are also NOT TAKEN OVER THE SAME ENTRIES where the two counts differ: the v3.1c central has 180 entry-years of exactly zero carbon, which have no relative width and are excluded from its median, while the v3.3 central has none, because under survival some gasoline vehicles always survive.  The entries that enter the v3.3 median and not the v3.1c one are exactly the entries whose central is a near-zero floor, and their relative width is enormous for that reason alone.  Use the matched columns for a like-for-like reading, the absolute half-width columns for a magnitude, and largest_relative_halfwidth_cells_v33_j2000.csv for the cells themselves.  The unmatched ratio is an orientation, not a change in one quantity","Not priced by this interval: the deployment scale, held at 30 per cent of registered automobiles and 30 per cent of signalized intersections by 2075 in every draw, against its own declared range of 15 to 45 per cent -- the model is exactly linear in that scale, so the two declared levels are delivered beside the interval as named lines, each of them the central rescaled, and never as width; the reading of the statutory floor itself, held at the statutory-targets-honoured reading in every draw, with the enforceable-standard reading delivered beside the interval as a named line rather than as width; the vehicle load model, held at the inherited one, with the single paired dynamometer measurement in the build's own precedent table delivered beside the interval as a named measured-load line; the computing workload growth of 2 per cent a year and the hardware efficiency floor of 0.25, neither of which is drawn or varied anywhere in this build; and the published market case, held at the policy state the interval is conditional on and carried as a named line.  The post-2050 continuation rule IS inside this interval: every electricity member continues along its own 2045-2050 slope at a decreasing rate after 2050 with the enacted statutory floors applied on top, and the linear trend and frozen continuations are delivered beside the interval as named lines.  The fuel-to-direct-current conversion coefficient IS priced here: it is drawn triangular on the declared list, support 0.17 to 0.2744 with its mode at the delivered central 0.21, so the two registered branches are the endpoints of the support this interval samples rather than values outside it, and each of them is also delivered as a named line.","The electricity-scenario axis changes the carbon content of a kilowatt hour, not the number of kilowatt hours.  Its contribution to the energy interval is therefore exactly zero, and an energy figure must not be captioned as though the electricity axis were inside it.  The same holds for the post-2050 continuation rule ON THAT AXIS and for the reading of the statutory floor: the delivered central, the two electricity-axis continuation lines and the enforceable-standard line carry the same energy in every entry and in every year, bitwise, and they part company only in carbon.  The two VEHICLE-axis continuation lines are a different object and are not covered by this sentence: a rule on that axis moves how much of the deployed stock is electric, so it moves the kilowatt hours as well as the carbon, and the movement is reported rather than gated."
EQUAL_SIZE_COMPARISON_1000000_VEHICLES_AT_THE_MEASURED_NATIONAL_RATIO_2988_STI_UNITS_PER_MILLION_VEHICLES,grid_intensity_kg_per_kwh,CAPPED_82_MY2032_3,2075,3,1,2,0.09975728889485734,0.0,0.0997572888948573,0.01369264321132433,1.0000000000000004,1,0.09975728889485734,0.09975728889485734,1.0,"the two columns are DIFFERENT ESTIMANDS on DIFFERENT CENTRALS: the v3.3 column conditions on the central policy state and prices the electricity and survival axes at a 0.21 coefficient on a survival-advanced stock, on the asymptotic continuation of both axes over the statutory-targets-honoured floors; the v3.1c column draws the market case at a 0.2744 coefficient on a twelve-year stock, on the linear continuation over the enforceable-standard floors.  They are also NOT TAKEN OVER THE SAME ENTRIES where the two counts differ: the v3.1c central has 180 entry-years of exactly zero carbon, which have no relative width and are excluded from its median, while the v3.3 central has none, because under survival some gasoline vehicles always survive.  The entries that enter the v3.3 median and not the v3.1c one are exactly the entries whose central is a near-zero floor, and their relative width is enormous for that reason alone.  Use the matched columns for a like-for-like reading, the absolute half-width columns for a magnitude, and largest_relative_halfwidth_cells_v33_j2000.csv for the cells themselves.  The unmatched ratio is an orientation, not a change in one quantity","Not priced by this interval: the deployment scale, held at 30 per cent of registered automobiles and 30 per cent of signalized intersections by 2075 in every draw, against its own declared range of 15 to 45 per cent -- the model is exactly linear in that scale, so the two declared levels are delivered beside the interval as named lines, each of them the central rescaled, and never as width; the reading of the statutory floor itself, held at the statutory-targets-honoured reading in every draw, with the enforceable-standard reading delivered beside the interval as a named line rather than as width; the vehicle load model, held at the inherited one, with the single paired dynamometer measurement in the build's own precedent table delivered beside the interval as a named measured-load line; the computing workload growth of 2 per cent a year and the hardware efficiency floor of 0.25, neither of which is drawn or varied anywhere in this build; and the published market case, held at the policy state the interval is conditional on and carried as a named line.  The post-2050 continuation rule IS inside this interval: every electricity member continues along its own 2045-2050 slope at a decreasing rate after 2050 with the enacted statutory floors applied on top, and the linear trend and frozen continuations are delivered beside the interval as named lines.  The fuel-to-direct-current conversion coefficient IS priced here: it is drawn triangular on the declared list, support 0.17 to 0.2744 with its mode at the delivered central 0.21, so the two registered branches are the endpoints of the support this interval samples rather than values outside it, and each of them is also delivered as a named line.","The electricity-scenario axis changes the carbon content of a kilowatt hour, not the number of kilowatt hours.  Its contribution to the energy interval is therefore exactly zero, and an energy figure must not be captioned as though the electricity axis were inside it.  The same holds for the post-2050 continuation rule ON THAT AXIS and for the reading of the statutory floor: the delivered central, the two electricity-axis continuation lines and the enforceable-standard line carry the same energy in every entry and in every year, bitwise, and they part company only in carbon.  The two VEHICLE-axis continuation lines are a different object and are not covered by this sentence: a rule on that axis moves how much of the deployed stock is electric, so it moves the kilowatt hours as well as the carbon, and the movement is reported rather than gated."
EQUAL_SIZE_COMPARISON_1000000_VEHICLES_AT_THE_MEASURED_NATIONAL_RATIO_2988_STI_UNITS_PER_MILLION_VEHICLES,grid_intensity_kg_per_kwh,FULL_SCHEDULE_10,2075,10,3,4,0.45278098198559213,0.0,0.09975728889485731,0.0,4.53882605473387,3,0.45278098198559213,0.09975728889485734,4.538826054733869,"the two columns are DIFFERENT ESTIMANDS on DIFFERENT CENTRALS: the v3.3 column conditions on the central policy state and prices the electricity and survival axes at a 0.21 coefficient on a survival-advanced stock, on the asymptotic continuation of both axes over the statutory-targets-honoured floors; the v3.1c column draws the market case at a 0.2744 coefficient on a twelve-year stock, on the linear continuation over the enforceable-standard floors.  They are also NOT TAKEN OVER THE SAME ENTRIES where the two counts differ: the v3.1c central has 180 entry-years of exactly zero carbon, which have no relative width and are excluded from its median, while the v3.3 central has none, because under survival some gasoline vehicles always survive.  The entries that enter the v3.3 median and not the v3.1c one are exactly the entries whose central is a near-zero floor, and their relative width is enormous for that reason alone.  Use the matched columns for a like-for-like reading, the absolute half-width columns for a magnitude, and largest_relative_halfwidth_cells_v33_j2000.csv for the cells themselves.  The unmatched ratio is an orientation, not a change in one quantity","Not priced by this interval: the deployment scale, held at 30 per cent of registered automobiles and 30 per cent of signalized intersections by 2075 in every draw, against its own declared range of 15 to 45 per cent -- the model is exactly linear in that scale, so the two declared levels are delivered beside the interval as named lines, each of them the central rescaled, and never as width; the reading of the statutory floor itself, held at the statutory-targets-honoured reading in every draw, with the enforceable-standard reading delivered beside the interval as a named line rather than as width; the vehicle load model, held at the inherited one, with the single paired dynamometer measurement in the build's own precedent table delivered beside the interval as a named measured-load line; the computing workload growth of 2 per cent a year and the hardware efficiency floor of 0.25, neither of which is drawn or varied anywhere in this build; and the published market case, held at the policy state the interval is conditional on and carried as a named line.  The post-2050 continuation rule IS inside this interval: every electricity member continues along its own 2045-2050 slope at a decreasing rate after 2050 with the enacted statutory floors applied on top, and the linear trend and frozen continuations are delivered beside the interval as named lines.  The fuel-to-direct-current conversion coefficient IS priced here: it is drawn triangular on the declared list, support 0.17 to 0.2744 with its mode at the delivered central 0.21, so the two registered branches are the endpoints of the support this interval samples rather than values outside it, and each of them is also delivered as a named line.","The electricity-scenario axis changes the carbon content of a kilowatt hour, not the number of kilowatt hours.  Its contribution to the energy interval is therefore exactly zero, and an energy figure must not be captioned as though the electricity axis were inside it.  The same holds for the post-2050 continuation rule ON THAT AXIS and for the reading of the statutory floor: the delivered central, the two electricity-axis continuation lines and the enforceable-standard line carry the same energy in every entry and in every year, bitwise, and they part company only in carbon.  The two VEHICLE-axis continuation lines are a different object and are not covered by this sentence: a rule on that axis moves how much of the deployed stock is electric, so it moves the kilowatt hours as well as the carbon, and the movement is reported rather than gated."
EQUAL_SIZE_COMPARISON_1000000_VEHICLES_AT_THE_MEASURED_NATIONAL_RATIO_2988_STI_UNITS_PER_MILLION_VEHICLES,grid_intensity_kg_per_kwh,NO_VEHICLE_RULE_38,2075,38,30,28,0.7021531027298998,0.0828168931970694,0.09975728889485729,0.007562587985747287,7.038614526402766,26,0.688707653199216,0.09975728889485729,6.903832901123684,"the two columns are DIFFERENT ESTIMANDS on DIFFERENT CENTRALS: the v3.3 column conditions on the central policy state and prices the electricity and survival axes at a 0.21 coefficient on a survival-advanced stock, on the asymptotic continuation of both axes over the statutory-targets-honoured floors; the v3.1c column draws the market case at a 0.2744 coefficient on a twelve-year stock, on the linear continuation over the enforceable-standard floors.  They are also NOT TAKEN OVER THE SAME ENTRIES where the two counts differ: the v3.1c central has 180 entry-years of exactly zero carbon, which have no relative width and are excluded from its median, while the v3.3 central has none, because under survival some gasoline vehicles always survive.  The entries that enter the v3.3 median and not the v3.1c one are exactly the entries whose central is a near-zero floor, and their relative width is enormous for that reason alone.  Use the matched columns for a like-for-like reading, the absolute half-width columns for a magnitude, and largest_relative_halfwidth_cells_v33_j2000.csv for the cells themselves.  The unmatched ratio is an orientation, not a change in one quantity","Not priced by this interval: the deployment scale, held at 30 per cent of registered automobiles and 30 per cent of signalized intersections by 2075 in every draw, against its own declared range of 15 to 45 per cent -- the model is exactly linear in that scale, so the two declared levels are delivered beside the interval as named lines, each of them the central rescaled, and never as width; the reading of the statutory floor itself, held at the statutory-targets-honoured reading in every draw, with the enforceable-standard reading delivered beside the interval as a named line rather than as width; the vehicle load model, held at the inherited one, with the single paired dynamometer measurement in the build's own precedent table delivered beside the interval as a named measured-load line; the computing workload growth of 2 per cent a year and the hardware efficiency floor of 0.25, neither of which is drawn or varied anywhere in this build; and the published market case, held at the policy state the interval is conditional on and carried as a named line.  The post-2050 continuation rule IS inside this interval: every electricity member continues along its own 2045-2050 slope at a decreasing rate after 2050 with the enacted statutory floors applied on top, and the linear trend and frozen continuations are delivered beside the interval as named lines.  The fuel-to-direct-current conversion coefficient IS priced here: it is drawn triangular on the declared list, support 0.17 to 0.2744 with its mode at the delivered central 0.21, so the two registered branches are the endpoints of the support this interval samples rather than values outside it, and each of them is also delivered as a named line.","The electricity-scenario axis changes the carbon content of a kilowatt hour, not the number of kilowatt hours.  Its contribution to the energy interval is therefore exactly zero, and an energy figure must not be captioned as though the electricity axis were inside it.  The same holds for the post-2050 continuation rule ON THAT AXIS and for the reading of the statutory floor: the delivered central, the two electricity-axis continuation lines and the enforceable-standard line carry the same energy in every entry and in every year, bitwise, and they part company only in carbon.  The two VEHICLE-axis continuation lines are a different object and are not covered by this sentence: a rule on that axis moves how much of the deployed stock is electric, so it moves the kilowatt hours as well as the carbon, and the movement is reported rather than gated."
REAL_CAPACITY_FHWA_MV1_2024_REGISTERED_AUTOMOBILES_AND_STI_V2_INTERSECTIONS,direct_co2_kg,ADOPTING_13,2050,13,13,7,4.244409302310926,2852687.952312443,0.3561042795598728,2535726.5483405152,11.919006723414851,7,0.4738308537938918,0.3561042795598728,1.330595786098171,"the two columns are DIFFERENT ESTIMANDS on DIFFERENT CENTRALS: the v3.3 column conditions on the central policy state and prices the electricity and survival axes at a 0.21 coefficient on a survival-advanced stock, on the asymptotic continuation of both axes over the statutory-targets-honoured floors; the v3.1c column draws the market case at a 0.2744 coefficient on a twelve-year stock, on the linear continuation over the enforceable-standard floors.  They are also NOT TAKEN OVER THE SAME ENTRIES where the two counts differ: the v3.1c central has 180 entry-years of exactly zero carbon, which have no relative width and are excluded from its median, while the v3.3 central has none, because under survival some gasoline vehicles always survive.  The entries that enter the v3.3 median and not the v3.1c one are exactly the entries whose central is a near-zero floor, and their relative width is enormous for that reason alone.  Use the matched columns for a like-for-like reading, the absolute half-width columns for a magnitude, and largest_relative_halfwidth_cells_v33_j2000.csv for the cells themselves.  The unmatched ratio is an orientation, not a change in one quantity","Not priced by this interval: the deployment scale, held at 30 per cent of registered automobiles and 30 per cent of signalized intersections by 2075 in every draw, against its own declared range of 15 to 45 per cent -- the model is exactly linear in that scale, so the two declared levels are delivered beside the interval as named lines, each of them the central rescaled, and never as width; the reading of the statutory floor itself, held at the statutory-targets-honoured reading in every draw, with the enforceable-standard reading delivered beside the interval as a named line rather than as width; the vehicle load model, held at the inherited one, with the single paired dynamometer measurement in the build's own precedent table delivered beside the interval as a named measured-load line; the computing workload growth of 2 per cent a year and the hardware efficiency floor of 0.25, neither of which is drawn or varied anywhere in this build; and the published market case, held at the policy state the interval is conditional on and carried as a named line.  The post-2050 continuation rule IS inside this interval: every electricity member continues along its own 2045-2050 slope at a decreasing rate after 2050 with the enacted statutory floors applied on top, and the linear trend and frozen continuations are delivered beside the interval as named lines.  The fuel-to-direct-current conversion coefficient IS priced here: it is drawn triangular on the declared list, support 0.17 to 0.2744 with its mode at the delivered central 0.21, so the two registered branches are the endpoints of the support this interval samples rather than values outside it, and each of them is also delivered as a named line.","The electricity-scenario axis changes the carbon content of a kilowatt hour, not the number of kilowatt hours.  Its contribution to the energy interval is therefore exactly zero, and an energy figure must not be captioned as though the electricity axis were inside it.  The same holds for the post-2050 continuation rule ON THAT AXIS and for the reading of the statutory floor: the delivered central, the two electricity-axis continuation lines and the enforceable-standard line carry the same energy in every entry and in every year, bitwise, and they part company only in carbon.  The two VEHICLE-axis continuation lines are a different object and are not covered by this sentence: a rule on that axis moves how much of the deployed stock is electric, so it moves the kilowatt hours as well as the carbon, and the movement is reported rather than gated."
REAL_CAPACITY_FHWA_MV1_2024_REGISTERED_AUTOMOBILES_AND_STI_V2_INTERSECTIONS,direct_co2_kg,ALL_51,2050,51,51,45,0.2450204157157711,6512426.726905078,0.2921080243965916,5541868.101067882,0.8388007012881981,45,0.24350545785316705,0.2921080243965916,0.833614408081315,"the two columns are DIFFERENT ESTIMANDS on DIFFERENT CENTRALS: the v3.3 column conditions on the central policy state and prices the electricity and survival axes at a 0.21 coefficient on a survival-advanced stock, on the asymptotic continuation of both axes over the statutory-targets-honoured floors; the v3.1c column draws the market case at a 0.2744 coefficient on a twelve-year stock, on the linear continuation over the enforceable-standard floors.  They are also NOT TAKEN OVER THE SAME ENTRIES where the two counts differ: the v3.1c central has 180 entry-years of exactly zero carbon, which have no relative width and are excluded from its median, while the v3.3 central has none, because under survival some gasoline vehicles always survive.  The entries that enter the v3.3 median and not the v3.1c one are exactly the entries whose central is a near-zero floor, and their relative width is enormous for that reason alone.  Use the matched columns for a like-for-like reading, the absolute half-width columns for a magnitude, and largest_relative_halfwidth_cells_v33_j2000.csv for the cells themselves.  The unmatched ratio is an orientation, not a change in one quantity","Not priced by this interval: the deployment scale, held at 30 per cent of registered automobiles and 30 per cent of signalized intersections by 2075 in every draw, against its own declared range of 15 to 45 per cent -- the model is exactly linear in that scale, so the two declared levels are delivered beside the interval as named lines, each of them the central rescaled, and never as width; the reading of the statutory floor itself, held at the statutory-targets-honoured reading in every draw, with the enforceable-standard reading delivered beside the interval as a named line rather than as width; the vehicle load model, held at the inherited one, with the single paired dynamometer measurement in the build's own precedent table delivered beside the interval as a named measured-load line; the computing workload growth of 2 per cent a year and the hardware efficiency floor of 0.25, neither of which is drawn or varied anywhere in this build; and the published market case, held at the policy state the interval is conditional on and carried as a named line.  The post-2050 continuation rule IS inside this interval: every electricity member continues along its own 2045-2050 slope at a decreasing rate after 2050 with the enacted statutory floors applied on top, and the linear trend and frozen continuations are delivered beside the interval as named lines.  The fuel-to-direct-current conversion coefficient IS priced here: it is drawn triangular on the declared list, support 0.17 to 0.2744 with its mode at the delivered central 0.21, so the two registered branches are the endpoints of the support this interval samples rather than values outside it, and each of them is also delivered as a named line.","The electricity-scenario axis changes the carbon content of a kilowatt hour, not the number of kilowatt hours.  Its contribution to the energy interval is therefore exactly zero, and an energy figure must not be captioned as though the electricity axis were inside it.  The same holds for the post-2050 continuation rule ON THAT AXIS and for the reading of the statutory floor: the delivered central, the two electricity-axis continuation lines and the enforceable-standard line carry the same energy in every entry and in every year, bitwise, and they part company only in carbon.  The two VEHICLE-axis continuation lines are a different object and are not covered by this sentence: a rule on that axis moves how much of the deployed stock is electric, so it moves the kilowatt hours as well as the carbon, and the movement is reported rather than gated."
REAL_CAPACITY_FHWA_MV1_2024_REGISTERED_AUTOMOBILES_AND_STI_V2_INTERSECTIONS,direct_co2_kg,CAPPED_82_MY2032_3,2050,3,3,3,0.4514479120062488,1228304.775666839,0.2520231459056356,879455.2186727393,1.7912954398850462,3,0.4514479120062488,0.2520231459056356,1.7912954398850462,"the two columns are DIFFERENT ESTIMANDS on DIFFERENT CENTRALS: the v3.3 column conditions on the central policy state and prices the electricity and survival axes at a 0.21 coefficient on a survival-advanced stock, on the asymptotic continuation of both axes over the statutory-targets-honoured floors; the v3.1c column draws the market case at a 0.2744 coefficient on a twelve-year stock, on the linear continuation over the enforceable-standard floors.  They are also NOT TAKEN OVER THE SAME ENTRIES where the two counts differ: the v3.1c central has 180 entry-years of exactly zero carbon, which have no relative width and are excluded from its median, while the v3.3 central has none, because under survival some gasoline vehicles always survive.  The entries that enter the v3.3 median and not the v3.1c one are exactly the entries whose central is a near-zero floor, and their relative width is enormous for that reason alone.  Use the matched columns for a like-for-like reading, the absolute half-width columns for a magnitude, and largest_relative_halfwidth_cells_v33_j2000.csv for the cells themselves.  The unmatched ratio is an orientation, not a change in one quantity","Not priced by this interval: the deployment scale, held at 30 per cent of registered automobiles and 30 per cent of signalized intersections by 2075 in every draw, against its own declared range of 15 to 45 per cent -- the model is exactly linear in that scale, so the two declared levels are delivered beside the interval as named lines, each of them the central rescaled, and never as width; the reading of the statutory floor itself, held at the statutory-targets-honoured reading in every draw, with the enforceable-standard reading delivered beside the interval as a named line rather than as width; the vehicle load model, held at the inherited one, with the single paired dynamometer measurement in the build's own precedent table delivered beside the interval as a named measured-load line; the computing workload growth of 2 per cent a year and the hardware efficiency floor of 0.25, neither of which is drawn or varied anywhere in this build; and the published market case, held at the policy state the interval is conditional on and carried as a named line.  The post-2050 continuation rule IS inside this interval: every electricity member continues along its own 2045-2050 slope at a decreasing rate after 2050 with the enacted statutory floors applied on top, and the linear trend and frozen continuations are delivered beside the interval as named lines.  The fuel-to-direct-current conversion coefficient IS priced here: it is drawn triangular on the declared list, support 0.17 to 0.2744 with its mode at the delivered central 0.21, so the two registered branches are the endpoints of the support this interval samples rather than values outside it, and each of them is also delivered as a named line.","The electricity-scenario axis changes the carbon content of a kilowatt hour, not the number of kilowatt hours.  Its contribution to the energy interval is therefore exactly zero, and an energy figure must not be captioned as though the electricity axis were inside it.  The same holds for the post-2050 continuation rule ON THAT AXIS and for the reading of the statutory floor: the delivered central, the two electricity-axis continuation lines and the enforceable-standard line carry the same energy in every entry and in every year, bitwise, and they part company only in carbon.  The two VEHICLE-axis continuation lines are a different object and are not covered by this sentence: a rule on that axis moves how much of the deployed stock is electric, so it moves the kilowatt hours as well as the carbon, and the movement is reported rather than gated."
REAL_CAPACITY_FHWA_MV1_2024_REGISTERED_AUTOMOBILES_AND_STI_V2_INTERSECTIONS,direct_co2_kg,FULL_SCHEDULE_10,2050,10,10,4,4.299972618434086,3949746.291710234,0.4337809482222229,2799821.5263398658,9.912774260964639,4,0.5352032198526417,0.4337809482222229,1.2338098804156352,"the two columns are DIFFERENT ESTIMANDS on DIFFERENT CENTRALS: the v3.3 column conditions on the central policy state and prices the electricity and survival axes at a 0.21 coefficient on a survival-advanced stock, on the asymptotic continuation of both axes over the statutory-targets-honoured floors; the v3.1c column draws the market case at a 0.2744 coefficient on a twelve-year stock, on the linear continuation over the enforceable-standard floors.  They are also NOT TAKEN OVER THE SAME ENTRIES where the two counts differ: the v3.1c central has 180 entry-years of exactly zero carbon, which have no relative width and are excluded from its median, while the v3.3 central has none, because under survival some gasoline vehicles always survive.  The entries that enter the v3.3 median and not the v3.1c one are exactly the entries whose central is a near-zero floor, and their relative width is enormous for that reason alone.  Use the matched columns for a like-for-like reading, the absolute half-width columns for a magnitude, and largest_relative_halfwidth_cells_v33_j2000.csv for the cells themselves.  The unmatched ratio is an orientation, not a change in one quantity","Not priced by this interval: the deployment scale, held at 30 per cent of registered automobiles and 30 per cent of signalized intersections by 2075 in every draw, against its own declared range of 15 to 45 per cent -- the model is exactly linear in that scale, so the two declared levels are delivered beside the interval as named lines, each of them the central rescaled, and never as width; the reading of the statutory floor itself, held at the statutory-targets-honoured reading in every draw, with the enforceable-standard reading delivered beside the interval as a named line rather than as width; the vehicle load model, held at the inherited one, with the single paired dynamometer measurement in the build's own precedent table delivered beside the interval as a named measured-load line; the computing workload growth of 2 per cent a year and the hardware efficiency floor of 0.25, neither of which is drawn or varied anywhere in this build; and the published market case, held at the policy state the interval is conditional on and carried as a named line.  The post-2050 continuation rule IS inside this interval: every electricity member continues along its own 2045-2050 slope at a decreasing rate after 2050 with the enacted statutory floors applied on top, and the linear trend and frozen continuations are delivered beside the interval as named lines.  The fuel-to-direct-current conversion coefficient IS priced here: it is drawn triangular on the declared list, support 0.17 to 0.2744 with its mode at the delivered central 0.21, so the two registered branches are the endpoints of the support this interval samples rather than values outside it, and each of them is also delivered as a named line.","The electricity-scenario axis changes the carbon content of a kilowatt hour, not the number of kilowatt hours.  Its contribution to the energy interval is therefore exactly zero, and an energy figure must not be captioned as though the electricity axis were inside it.  The same holds for the post-2050 continuation rule ON THAT AXIS and for the reading of the statutory floor: the delivered central, the two electricity-axis continuation lines and the enforceable-standard line carry the same energy in every entry and in every year, bitwise, and they part company only in carbon.  The two VEHICLE-axis continuation lines are a different object and are not covered by this sentence: a rule on that axis moves how much of the deployed stock is electric, so it moves the kilowatt hours as well as the carbon, and the movement is reported rather than gated."
REAL_CAPACITY_FHWA_MV1_2024_REGISTERED_AUTOMOBILES_AND_STI_V2_INTERSECTIONS,direct_co2_kg,NO_VEHICLE_RULE_38,2050,38,38,38,0.2426209169117295,8749486.646512344,0.28910390927561713,7743871.343680021,0.8392170051233272,38,0.2426209169117295,0.28910390927561713,0.8392170051233272,"the two columns are DIFFERENT ESTIMANDS on DIFFERENT CENTRALS: the v3.3 column conditions on the central policy state and prices the electricity and survival axes at a 0.21 coefficient on a survival-advanced stock, on the asymptotic continuation of both axes over the statutory-targets-honoured floors; the v3.1c column draws the market case at a 0.2744 coefficient on a twelve-year stock, on the linear continuation over the enforceable-standard floors.  They are also NOT TAKEN OVER THE SAME ENTRIES where the two counts differ: the v3.1c central has 180 entry-years of exactly zero carbon, which have no relative width and are excluded from its median, while the v3.3 central has none, because under survival some gasoline vehicles always survive.  The entries that enter the v3.3 median and not the v3.1c one are exactly the entries whose central is a near-zero floor, and their relative width is enormous for that reason alone.  Use the matched columns for a like-for-like reading, the absolute half-width columns for a magnitude, and largest_relative_halfwidth_cells_v33_j2000.csv for the cells themselves.  The unmatched ratio is an orientation, not a change in one quantity","Not priced by this interval: the deployment scale, held at 30 per cent of registered automobiles and 30 per cent of signalized intersections by 2075 in every draw, against its own declared range of 15 to 45 per cent -- the model is exactly linear in that scale, so the two declared levels are delivered beside the interval as named lines, each of them the central rescaled, and never as width; the reading of the statutory floor itself, held at the statutory-targets-honoured reading in every draw, with the enforceable-standard reading delivered beside the interval as a named line rather than as width; the vehicle load model, held at the inherited one, with the single paired dynamometer measurement in the build's own precedent table delivered beside the interval as a named measured-load line; the computing workload growth of 2 per cent a year and the hardware efficiency floor of 0.25, neither of which is drawn or varied anywhere in this build; and the published market case, held at the policy state the interval is conditional on and carried as a named line.  The post-2050 continuation rule IS inside this interval: every electricity member continues along its own 2045-2050 slope at a decreasing rate after 2050 with the enacted statutory floors applied on top, and the linear trend and frozen continuations are delivered beside the interval as named lines.  The fuel-to-direct-current conversion coefficient IS priced here: it is drawn triangular on the declared list, support 0.17 to 0.2744 with its mode at the delivered central 0.21, so the two registered branches are the endpoints of the support this interval samples rather than values outside it, and each of them is also delivered as a named line.","The electricity-scenario axis changes the carbon content of a kilowatt hour, not the number of kilowatt hours.  Its contribution to the energy interval is therefore exactly zero, and an energy figure must not be captioned as though the electricity axis were inside it.  The same holds for the post-2050 continuation rule ON THAT AXIS and for the reading of the statutory floor: the delivered central, the two electricity-axis continuation lines and the enforceable-standard line carry the same energy in every entry and in every year, bitwise, and they part company only in carbon.  The two VEHICLE-axis continuation lines are a different object and are not covered by this sentence: a rule on that axis moves how much of the deployed stock is electric, so it moves the kilowatt hours as well as the carbon, and the movement is reported rather than gated."
REAL_CAPACITY_FHWA_MV1_2024_REGISTERED_AUTOMOBILES_AND_STI_V2_INTERSECTIONS,direct_co2_kg,ADOPTING_13,2075,13,13,7,9011.423493121889,6587642.218955732,0.35493639518844344,6055627.137581593,25388.84040994874,7,0.6709898110578505,0.35493639518844344,1.8904508530369433,"the two columns are DIFFERENT ESTIMANDS on DIFFERENT CENTRALS: the v3.3 column conditions on the central policy state and prices the electricity and survival axes at a 0.21 coefficient on a survival-advanced stock, on the asymptotic continuation of both axes over the statutory-targets-honoured floors; the v3.1c column draws the market case at a 0.2744 coefficient on a twelve-year stock, on the linear continuation over the enforceable-standard floors.  They are also NOT TAKEN OVER THE SAME ENTRIES where the two counts differ: the v3.1c central has 180 entry-years of exactly zero carbon, which have no relative width and are excluded from its median, while the v3.3 central has none, because under survival some gasoline vehicles always survive.  The entries that enter the v3.3 median and not the v3.1c one are exactly the entries whose central is a near-zero floor, and their relative width is enormous for that reason alone.  Use the matched columns for a like-for-like reading, the absolute half-width columns for a magnitude, and largest_relative_halfwidth_cells_v33_j2000.csv for the cells themselves.  The unmatched ratio is an orientation, not a change in one quantity","Not priced by this interval: the deployment scale, held at 30 per cent of registered automobiles and 30 per cent of signalized intersections by 2075 in every draw, against its own declared range of 15 to 45 per cent -- the model is exactly linear in that scale, so the two declared levels are delivered beside the interval as named lines, each of them the central rescaled, and never as width; the reading of the statutory floor itself, held at the statutory-targets-honoured reading in every draw, with the enforceable-standard reading delivered beside the interval as a named line rather than as width; the vehicle load model, held at the inherited one, with the single paired dynamometer measurement in the build's own precedent table delivered beside the interval as a named measured-load line; the computing workload growth of 2 per cent a year and the hardware efficiency floor of 0.25, neither of which is drawn or varied anywhere in this build; and the published market case, held at the policy state the interval is conditional on and carried as a named line.  The post-2050 continuation rule IS inside this interval: every electricity member continues along its own 2045-2050 slope at a decreasing rate after 2050 with the enacted statutory floors applied on top, and the linear trend and frozen continuations are delivered beside the interval as named lines.  The fuel-to-direct-current conversion coefficient IS priced here: it is drawn triangular on the declared list, support 0.17 to 0.2744 with its mode at the delivered central 0.21, so the two registered branches are the endpoints of the support this interval samples rather than values outside it, and each of them is also delivered as a named line.","The electricity-scenario axis changes the carbon content of a kilowatt hour, not the number of kilowatt hours.  Its contribution to the energy interval is therefore exactly zero, and an energy figure must not be captioned as though the electricity axis were inside it.  The same holds for the post-2050 continuation rule ON THAT AXIS and for the reading of the statutory floor: the delivered central, the two electricity-axis continuation lines and the enforceable-standard line carry the same energy in every entry and in every year, bitwise, and they part company only in carbon.  The two VEHICLE-axis continuation lines are a different object and are not covered by this sentence: a rule on that axis moves how much of the deployed stock is electric, so it moves the kilowatt hours as well as the carbon, and the movement is reported rather than gated."
REAL_CAPACITY_FHWA_MV1_2024_REGISTERED_AUTOMOBILES_AND_STI_V2_INTERSECTIONS,direct_co2_kg,ALL_51,2075,51,51,45,0.2434828764295072,16016405.330410648,0.4245380865787309,20806844.273682542,0.5735242234488027,45,0.24264393354359548,0.4245380865787309,0.5715480924197293,"the two columns are DIFFERENT ESTIMANDS on DIFFERENT CENTRALS: the v3.3 column conditions on the central policy state and prices the electricity and survival axes at a 0.21 coefficient on a survival-advanced stock, on the asymptotic continuation of both axes over the statutory-targets-honoured floors; the v3.1c column draws the market case at a 0.2744 coefficient on a twelve-year stock, on the linear continuation over the enforceable-standard floors.  They are also NOT TAKEN OVER THE SAME ENTRIES where the two counts differ: the v3.1c central has 180 entry-years of exactly zero carbon, which have no relative width and are excluded from its median, while the v3.3 central has none, because under survival some gasoline vehicles always survive.  The entries that enter the v3.3 median and not the v3.1c one are exactly the entries whose central is a near-zero floor, and their relative width is enormous for that reason alone.  Use the matched columns for a like-for-like reading, the absolute half-width columns for a magnitude, and largest_relative_halfwidth_cells_v33_j2000.csv for the cells themselves.  The unmatched ratio is an orientation, not a change in one quantity","Not priced by this interval: the deployment scale, held at 30 per cent of registered automobiles and 30 per cent of signalized intersections by 2075 in every draw, against its own declared range of 15 to 45 per cent -- the model is exactly linear in that scale, so the two declared levels are delivered beside the interval as named lines, each of them the central rescaled, and never as width; the reading of the statutory floor itself, held at the statutory-targets-honoured reading in every draw, with the enforceable-standard reading delivered beside the interval as a named line rather than as width; the vehicle load model, held at the inherited one, with the single paired dynamometer measurement in the build's own precedent table delivered beside the interval as a named measured-load line; the computing workload growth of 2 per cent a year and the hardware efficiency floor of 0.25, neither of which is drawn or varied anywhere in this build; and the published market case, held at the policy state the interval is conditional on and carried as a named line.  The post-2050 continuation rule IS inside this interval: every electricity member continues along its own 2045-2050 slope at a decreasing rate after 2050 with the enacted statutory floors applied on top, and the linear trend and frozen continuations are delivered beside the interval as named lines.  The fuel-to-direct-current conversion coefficient IS priced here: it is drawn triangular on the declared list, support 0.17 to 0.2744 with its mode at the delivered central 0.21, so the two registered branches are the endpoints of the support this interval samples rather than values outside it, and each of them is also delivered as a named line.","The electricity-scenario axis changes the carbon content of a kilowatt hour, not the number of kilowatt hours.  Its contribution to the energy interval is therefore exactly zero, and an energy figure must not be captioned as though the electricity axis were inside it.  The same holds for the post-2050 continuation rule ON THAT AXIS and for the reading of the statutory floor: the delivered central, the two electricity-axis continuation lines and the enforceable-standard line carry the same energy in every entry and in every year, bitwise, and they part company only in carbon.  The two VEHICLE-axis continuation lines are a different object and are not covered by this sentence: a rule on that axis moves how much of the deployed stock is electric, so it moves the kilowatt hours as well as the carbon, and the movement is reported rather than gated."
REAL_CAPACITY_FHWA_MV1_2024_REGISTERED_AUTOMOBILES_AND_STI_V2_INTERSECTIONS,direct_co2_kg,CAPPED_82_MY2032_3,2075,3,3,3,1.5394592851086968,2836266.673624521,0.3417577620911746,2143466.1886440217,4.504533490882346,3,1.5394592851086968,0.3417577620911746,4.504533490882346,"the two columns are DIFFERENT ESTIMANDS on DIFFERENT CENTRALS: the v3.3 column conditions on the central policy state and prices the electricity and survival axes at a 0.21 coefficient on a survival-advanced stock, on the asymptotic continuation of both axes over the statutory-targets-honoured floors; the v3.1c column draws the market case at a 0.2744 coefficient on a twelve-year stock, on the linear continuation over the enforceable-standard floors.  They are also NOT TAKEN OVER THE SAME ENTRIES where the two counts differ: the v3.1c central has 180 entry-years of exactly zero carbon, which have no relative width and are excluded from its median, while the v3.3 central has none, because under survival some gasoline vehicles always survive.  The entries that enter the v3.3 median and not the v3.1c one are exactly the entries whose central is a near-zero floor, and their relative width is enormous for that reason alone.  Use the matched columns for a like-for-like reading, the absolute half-width columns for a magnitude, and largest_relative_halfwidth_cells_v33_j2000.csv for the cells themselves.  The unmatched ratio is an orientation, not a change in one quantity","Not priced by this interval: the deployment scale, held at 30 per cent of registered automobiles and 30 per cent of signalized intersections by 2075 in every draw, against its own declared range of 15 to 45 per cent -- the model is exactly linear in that scale, so the two declared levels are delivered beside the interval as named lines, each of them the central rescaled, and never as width; the reading of the statutory floor itself, held at the statutory-targets-honoured reading in every draw, with the enforceable-standard reading delivered beside the interval as a named line rather than as width; the vehicle load model, held at the inherited one, with the single paired dynamometer measurement in the build's own precedent table delivered beside the interval as a named measured-load line; the computing workload growth of 2 per cent a year and the hardware efficiency floor of 0.25, neither of which is drawn or varied anywhere in this build; and the published market case, held at the policy state the interval is conditional on and carried as a named line.  The post-2050 continuation rule IS inside this interval: every electricity member continues along its own 2045-2050 slope at a decreasing rate after 2050 with the enacted statutory floors applied on top, and the linear trend and frozen continuations are delivered beside the interval as named lines.  The fuel-to-direct-current conversion coefficient IS priced here: it is drawn triangular on the declared list, support 0.17 to 0.2744 with its mode at the delivered central 0.21, so the two registered branches are the endpoints of the support this interval samples rather than values outside it, and each of them is also delivered as a named line.","The electricity-scenario axis changes the carbon content of a kilowatt hour, not the number of kilowatt hours.  Its contribution to the energy interval is therefore exactly zero, and an energy figure must not be captioned as though the electricity axis were inside it.  The same holds for the post-2050 continuation rule ON THAT AXIS and for the reading of the statutory floor: the delivered central, the two electricity-axis continuation lines and the enforceable-standard line carry the same energy in every entry and in every year, bitwise, and they part company only in carbon.  The two VEHICLE-axis continuation lines are a different object and are not covered by this sentence: a rule on that axis moves how much of the deployed stock is electric, so it moves the kilowatt hours as well as the carbon, and the movement is reported rather than gated."
REAL_CAPACITY_FHWA_MV1_2024_REGISTERED_AUTOMOBILES_AND_STI_V2_INTERSECTIONS,direct_co2_kg,FULL_SCHEDULE_10,2075,10,10,4,9134.70197182982,10142433.860978447,0.4338341350069774,7704758.6428090315,21055.747426796894,4,0.6548177442318189,0.4338341350069774,1.5093734941380015,"the two columns are DIFFERENT ESTIMANDS on DIFFERENT CENTRALS: the v3.3 column conditions on the central policy state and prices the electricity and survival axes at a 0.21 coefficient on a survival-advanced stock, on the asymptotic continuation of both axes over the statutory-targets-honoured floors; the v3.1c column draws the market case at a 0.2744 coefficient on a twelve-year stock, on the linear continuation over the enforceable-standard floors.  They are also NOT TAKEN OVER THE SAME ENTRIES where the two counts differ: the v3.1c central has 180 entry-years of exactly zero carbon, which have no relative width and are excluded from its median, while the v3.3 central has none, because under survival some gasoline vehicles always survive.  The entries that enter the v3.3 median and not the v3.1c one are exactly the entries whose central is a near-zero floor, and their relative width is enormous for that reason alone.  Use the matched columns for a like-for-like reading, the absolute half-width columns for a magnitude, and largest_relative_halfwidth_cells_v33_j2000.csv for the cells themselves.  The unmatched ratio is an orientation, not a change in one quantity","Not priced by this interval: the deployment scale, held at 30 per cent of registered automobiles and 30 per cent of signalized intersections by 2075 in every draw, against its own declared range of 15 to 45 per cent -- the model is exactly linear in that scale, so the two declared levels are delivered beside the interval as named lines, each of them the central rescaled, and never as width; the reading of the statutory floor itself, held at the statutory-targets-honoured reading in every draw, with the enforceable-standard reading delivered beside the interval as a named line rather than as width; the vehicle load model, held at the inherited one, with the single paired dynamometer measurement in the build's own precedent table delivered beside the interval as a named measured-load line; the computing workload growth of 2 per cent a year and the hardware efficiency floor of 0.25, neither of which is drawn or varied anywhere in this build; and the published market case, held at the policy state the interval is conditional on and carried as a named line.  The post-2050 continuation rule IS inside this interval: every electricity member continues along its own 2045-2050 slope at a decreasing rate after 2050 with the enacted statutory floors applied on top, and the linear trend and frozen continuations are delivered beside the interval as named lines.  The fuel-to-direct-current conversion coefficient IS priced here: it is drawn triangular on the declared list, support 0.17 to 0.2744 with its mode at the delivered central 0.21, so the two registered branches are the endpoints of the support this interval samples rather than values outside it, and each of them is also delivered as a named line.","The electricity-scenario axis changes the carbon content of a kilowatt hour, not the number of kilowatt hours.  Its contribution to the energy interval is therefore exactly zero, and an energy figure must not be captioned as though the electricity axis were inside it.  The same holds for the post-2050 continuation rule ON THAT AXIS and for the reading of the statutory floor: the delivered central, the two electricity-axis continuation lines and the enforceable-standard line carry the same energy in every entry and in every year, bitwise, and they part company only in carbon.  The two VEHICLE-axis continuation lines are a different object and are not covered by this sentence: a rule on that axis moves how much of the deployed stock is electric, so it moves the kilowatt hours as well as the carbon, and the movement is reported rather than gated."
REAL_CAPACITY_FHWA_MV1_2024_REGISTERED_AUTOMOBILES_AND_STI_V2_INTERSECTIONS,direct_co2_kg,NO_VEHICLE_RULE_38,2075,38,38,38,0.23844017298308323,20603217.192389034,0.4335070569634868,25520532.463852428,0.5500260472188033,38,0.23844017298308323,0.4335070569634868,0.5500260472188033,"the two columns are DIFFERENT ESTIMANDS on DIFFERENT CENTRALS: the v3.3 column conditions on the central policy state and prices the electricity and survival axes at a 0.21 coefficient on a survival-advanced stock, on the asymptotic continuation of both axes over the statutory-targets-honoured floors; the v3.1c column draws the market case at a 0.2744 coefficient on a twelve-year stock, on the linear continuation over the enforceable-standard floors.  They are also NOT TAKEN OVER THE SAME ENTRIES where the two counts differ: the v3.1c central has 180 entry-years of exactly zero carbon, which have no relative width and are excluded from its median, while the v3.3 central has none, because under survival some gasoline vehicles always survive.  The entries that enter the v3.3 median and not the v3.1c one are exactly the entries whose central is a near-zero floor, and their relative width is enormous for that reason alone.  Use the matched columns for a like-for-like reading, the absolute half-width columns for a magnitude, and largest_relative_halfwidth_cells_v33_j2000.csv for the cells themselves.  The unmatched ratio is an orientation, not a change in one quantity","Not priced by this interval: the deployment scale, held at 30 per cent of registered automobiles and 30 per cent of signalized intersections by 2075 in every draw, against its own declared range of 15 to 45 per cent -- the model is exactly linear in that scale, so the two declared levels are delivered beside the interval as named lines, each of them the central rescaled, and never as width; the reading of the statutory floor itself, held at the statutory-targets-honoured reading in every draw, with the enforceable-standard reading delivered beside the interval as a named line rather than as width; the vehicle load model, held at the inherited one, with the single paired dynamometer measurement in the build's own precedent table delivered beside the interval as a named measured-load line; the computing workload growth of 2 per cent a year and the hardware efficiency floor of 0.25, neither of which is drawn or varied anywhere in this build; and the published market case, held at the policy state the interval is conditional on and carried as a named line.  The post-2050 continuation rule IS inside this interval: every electricity member continues along its own 2045-2050 slope at a decreasing rate after 2050 with the enacted statutory floors applied on top, and the linear trend and frozen continuations are delivered beside the interval as named lines.  The fuel-to-direct-current conversion coefficient IS priced here: it is drawn triangular on the declared list, support 0.17 to 0.2744 with its mode at the delivered central 0.21, so the two registered branches are the endpoints of the support this interval samples rather than values outside it, and each of them is also delivered as a named line.","The electricity-scenario axis changes the carbon content of a kilowatt hour, not the number of kilowatt hours.  Its contribution to the energy interval is therefore exactly zero, and an energy figure must not be captioned as though the electricity axis were inside it.  The same holds for the post-2050 continuation rule ON THAT AXIS and for the reading of the statutory floor: the delivered central, the two electricity-axis continuation lines and the enforceable-standard line carry the same energy in every entry and in every year, bitwise, and they part company only in carbon.  The two VEHICLE-axis continuation lines are a different object and are not covered by this sentence: a rule on that axis moves how much of the deployed stock is electric, so it moves the kilowatt hours as well as the carbon, and the movement is reported rather than gated."
REAL_CAPACITY_FHWA_MV1_2024_REGISTERED_AUTOMOBILES_AND_STI_V2_INTERSECTIONS,energy_kwh_eq,ADOPTING_13,2050,13,13,13,0.26803797459294626,14501754.26498494,0.24356055432158288,11892000.741900805,1.1004982943134742,13,0.26803797459294626,0.24356055432158288,1.1004982943134742,"the two columns are DIFFERENT ESTIMANDS on DIFFERENT CENTRALS: the v3.3 column conditions on the central policy state and prices the electricity and survival axes at a 0.21 coefficient on a survival-advanced stock, on the asymptotic continuation of both axes over the statutory-targets-honoured floors; the v3.1c column draws the market case at a 0.2744 coefficient on a twelve-year stock, on the linear continuation over the enforceable-standard floors.  They are also NOT TAKEN OVER THE SAME ENTRIES where the two counts differ: the v3.1c central has 180 entry-years of exactly zero carbon, which have no relative width and are excluded from its median, while the v3.3 central has none, because under survival some gasoline vehicles always survive.  The entries that enter the v3.3 median and not the v3.1c one are exactly the entries whose central is a near-zero floor, and their relative width is enormous for that reason alone.  Use the matched columns for a like-for-like reading, the absolute half-width columns for a magnitude, and largest_relative_halfwidth_cells_v33_j2000.csv for the cells themselves.  The unmatched ratio is an orientation, not a change in one quantity","Not priced by this interval: the deployment scale, held at 30 per cent of registered automobiles and 30 per cent of signalized intersections by 2075 in every draw, against its own declared range of 15 to 45 per cent -- the model is exactly linear in that scale, so the two declared levels are delivered beside the interval as named lines, each of them the central rescaled, and never as width; the reading of the statutory floor itself, held at the statutory-targets-honoured reading in every draw, with the enforceable-standard reading delivered beside the interval as a named line rather than as width; the vehicle load model, held at the inherited one, with the single paired dynamometer measurement in the build's own precedent table delivered beside the interval as a named measured-load line; the computing workload growth of 2 per cent a year and the hardware efficiency floor of 0.25, neither of which is drawn or varied anywhere in this build; and the published market case, held at the policy state the interval is conditional on and carried as a named line.  The post-2050 continuation rule IS inside this interval: every electricity member continues along its own 2045-2050 slope at a decreasing rate after 2050 with the enacted statutory floors applied on top, and the linear trend and frozen continuations are delivered beside the interval as named lines.  The fuel-to-direct-current conversion coefficient IS priced here: it is drawn triangular on the declared list, support 0.17 to 0.2744 with its mode at the delivered central 0.21, so the two registered branches are the endpoints of the support this interval samples rather than values outside it, and each of them is also delivered as a named line.","The electricity-scenario axis changes the carbon content of a kilowatt hour, not the number of kilowatt hours.  Its contribution to the energy interval is therefore exactly zero, and an energy figure must not be captioned as though the electricity axis were inside it.  The same holds for the post-2050 continuation rule ON THAT AXIS and for the reading of the statutory floor: the delivered central, the two electricity-axis continuation lines and the enforceable-standard line carry the same energy in every entry and in every year, bitwise, and they part company only in carbon.  The two VEHICLE-axis continuation lines are a different object and are not covered by this sentence: a rule on that axis moves how much of the deployed stock is electric, so it moves the kilowatt hours as well as the carbon, and the movement is reported rather than gated."
REAL_CAPACITY_FHWA_MV1_2024_REGISTERED_AUTOMOBILES_AND_STI_V2_INTERSECTIONS,energy_kwh_eq,ALL_51,2050,51,51,51,0.23733640382897864,24645082.37775535,0.2621926958838662,20749862.677666303,0.9051983810186032,51,0.23733640382897864,0.2621926958838662,0.9051983810186032,"the two columns are DIFFERENT ESTIMANDS on DIFFERENT CENTRALS: the v3.3 column conditions on the central policy state and prices the electricity and survival axes at a 0.21 coefficient on a survival-advanced stock, on the asymptotic continuation of both axes over the statutory-targets-honoured floors; the v3.1c column draws the market case at a 0.2744 coefficient on a twelve-year stock, on the linear continuation over the enforceable-standard floors.  They are also NOT TAKEN OVER THE SAME ENTRIES where the two counts differ: the v3.1c central has 180 entry-years of exactly zero carbon, which have no relative width and are excluded from its median, while the v3.3 central has none, because under survival some gasoline vehicles always survive.  The entries that enter the v3.3 median and not the v3.1c one are exactly the entries whose central is a near-zero floor, and their relative width is enormous for that reason alone.  Use the matched columns for a like-for-like reading, the absolute half-width columns for a magnitude, and largest_relative_halfwidth_cells_v33_j2000.csv for the cells themselves.  The unmatched ratio is an orientation, not a change in one quantity","Not priced by this interval: the deployment scale, held at 30 per cent of registered automobiles and 30 per cent of signalized intersections by 2075 in every draw, against its own declared range of 15 to 45 per cent -- the model is exactly linear in that scale, so the two declared levels are delivered beside the interval as named lines, each of them the central rescaled, and never as width; the reading of the statutory floor itself, held at the statutory-targets-honoured reading in every draw, with the enforceable-standard reading delivered beside the interval as a named line rather than as width; the vehicle load model, held at the inherited one, with the single paired dynamometer measurement in the build's own precedent table delivered beside the interval as a named measured-load line; the computing workload growth of 2 per cent a year and the hardware efficiency floor of 0.25, neither of which is drawn or varied anywhere in this build; and the published market case, held at the policy state the interval is conditional on and carried as a named line.  The post-2050 continuation rule IS inside this interval: every electricity member continues along its own 2045-2050 slope at a decreasing rate after 2050 with the enacted statutory floors applied on top, and the linear trend and frozen continuations are delivered beside the interval as named lines.  The fuel-to-direct-current conversion coefficient IS priced here: it is drawn triangular on the declared list, support 0.17 to 0.2744 with its mode at the delivered central 0.21, so the two registered branches are the endpoints of the support this interval samples rather than values outside it, and each of them is also delivered as a named line.","The electricity-scenario axis changes the carbon content of a kilowatt hour, not the number of kilowatt hours.  Its contribution to the energy interval is therefore exactly zero, and an energy figure must not be captioned as though the electricity axis were inside it.  The same holds for the post-2050 continuation rule ON THAT AXIS and for the reading of the statutory floor: the delivered central, the two electricity-axis continuation lines and the enforceable-standard line carry the same energy in every entry and in every year, bitwise, and they part company only in carbon.  The two VEHICLE-axis continuation lines are a different object and are not covered by this sentence: a rule on that axis moves how much of the deployed stock is electric, so it moves the kilowatt hours as well as the carbon, and the movement is reported rather than gated."
REAL_CAPACITY_FHWA_MV1_2024_REGISTERED_AUTOMOBILES_AND_STI_V2_INTERSECTIONS,energy_kwh_eq,CAPPED_82_MY2032_3,2050,3,3,3,0.2373417214693558,6233449.908654587,0.22078392208892428,5133456.346555369,1.0749954943447495,3,0.2373417214693558,0.22078392208892428,1.0749954943447495,"the two columns are DIFFERENT ESTIMANDS on DIFFERENT CENTRALS: the v3.3 column conditions on the central policy state and prices the electricity and survival axes at a 0.21 coefficient on a survival-advanced stock, on the asymptotic continuation of both axes over the statutory-targets-honoured floors; the v3.1c column draws the market case at a 0.2744 coefficient on a twelve-year stock, on the linear continuation over the enforceable-standard floors.  They are also NOT TAKEN OVER THE SAME ENTRIES where the two counts differ: the v3.1c central has 180 entry-years of exactly zero carbon, which have no relative width and are excluded from its median, while the v3.3 central has none, because under survival some gasoline vehicles always survive.  The entries that enter the v3.3 median and not the v3.1c one are exactly the entries whose central is a near-zero floor, and their relative width is enormous for that reason alone.  Use the matched columns for a like-for-like reading, the absolute half-width columns for a magnitude, and largest_relative_halfwidth_cells_v33_j2000.csv for the cells themselves.  The unmatched ratio is an orientation, not a change in one quantity","Not priced by this interval: the deployment scale, held at 30 per cent of registered automobiles and 30 per cent of signalized intersections by 2075 in every draw, against its own declared range of 15 to 45 per cent -- the model is exactly linear in that scale, so the two declared levels are delivered beside the interval as named lines, each of them the central rescaled, and never as width; the reading of the statutory floor itself, held at the statutory-targets-honoured reading in every draw, with the enforceable-standard reading delivered beside the interval as a named line rather than as width; the vehicle load model, held at the inherited one, with the single paired dynamometer measurement in the build's own precedent table delivered beside the interval as a named measured-load line; the computing workload growth of 2 per cent a year and the hardware efficiency floor of 0.25, neither of which is drawn or varied anywhere in this build; and the published market case, held at the policy state the interval is conditional on and carried as a named line.  The post-2050 continuation rule IS inside this interval: every electricity member continues along its own 2045-2050 slope at a decreasing rate after 2050 with the enacted statutory floors applied on top, and the linear trend and frozen continuations are delivered beside the interval as named lines.  The fuel-to-direct-current conversion coefficient IS priced here: it is drawn triangular on the declared list, support 0.17 to 0.2744 with its mode at the delivered central 0.21, so the two registered branches are the endpoints of the support this interval samples rather than values outside it, and each of them is also delivered as a named line.","The electricity-scenario axis changes the carbon content of a kilowatt hour, not the number of kilowatt hours.  Its contribution to the energy interval is therefore exactly zero, and an energy figure must not be captioned as though the electricity axis were inside it.  The same holds for the post-2050 continuation rule ON THAT AXIS and for the reading of the statutory floor: the delivered central, the two electricity-axis continuation lines and the enforceable-standard line carry the same energy in every entry and in every year, bitwise, and they part company only in carbon.  The two VEHICLE-axis continuation lines are a different object and are not covered by this sentence: a rule on that axis moves how much of the deployed stock is electric, so it moves the kilowatt hours as well as the carbon, and the movement is reported rather than gated."
REAL_CAPACITY_FHWA_MV1_2024_REGISTERED_AUTOMOBILES_AND_STI_V2_INTERSECTIONS,energy_kwh_eq,FULL_SCHEDULE_10,2050,10,10,10,0.2682463663371025,15831454.159902014,0.2438588554049801,13687426.555120127,1.1000066652967009,10,0.2682463663371025,0.2438588554049801,1.1000066652967009,"the two columns are DIFFERENT ESTIMANDS on DIFFERENT CENTRALS: the v3.3 column conditions on the central policy state and prices the electricity and survival axes at a 0.21 coefficient on a survival-advanced stock, on the asymptotic continuation of both axes over the statutory-targets-honoured floors; the v3.1c column draws the market case at a 0.2744 coefficient on a twelve-year stock, on the linear continuation over the enforceable-standard floors.  They are also NOT TAKEN OVER THE SAME ENTRIES where the two counts differ: the v3.1c central has 180 entry-years of exactly zero carbon, which have no relative width and are excluded from its median, while the v3.3 central has none, because under survival some gasoline vehicles always survive.  The entries that enter the v3.3 median and not the v3.1c one are exactly the entries whose central is a near-zero floor, and their relative width is enormous for that reason alone.  Use the matched columns for a like-for-like reading, the absolute half-width columns for a magnitude, and largest_relative_halfwidth_cells_v33_j2000.csv for the cells themselves.  The unmatched ratio is an orientation, not a change in one quantity","Not priced by this interval: the deployment scale, held at 30 per cent of registered automobiles and 30 per cent of signalized intersections by 2075 in every draw, against its own declared range of 15 to 45 per cent -- the model is exactly linear in that scale, so the two declared levels are delivered beside the interval as named lines, each of them the central rescaled, and never as width; the reading of the statutory floor itself, held at the statutory-targets-honoured reading in every draw, with the enforceable-standard reading delivered beside the interval as a named line rather than as width; the vehicle load model, held at the inherited one, with the single paired dynamometer measurement in the build's own precedent table delivered beside the interval as a named measured-load line; the computing workload growth of 2 per cent a year and the hardware efficiency floor of 0.25, neither of which is drawn or varied anywhere in this build; and the published market case, held at the policy state the interval is conditional on and carried as a named line.  The post-2050 continuation rule IS inside this interval: every electricity member continues along its own 2045-2050 slope at a decreasing rate after 2050 with the enacted statutory floors applied on top, and the linear trend and frozen continuations are delivered beside the interval as named lines.  The fuel-to-direct-current conversion coefficient IS priced here: it is drawn triangular on the declared list, support 0.17 to 0.2744 with its mode at the delivered central 0.21, so the two registered branches are the endpoints of the support this interval samples rather than values outside it, and each of them is also delivered as a named line.","The electricity-scenario axis changes the carbon content of a kilowatt hour, not the number of kilowatt hours.  Its contribution to the energy interval is therefore exactly zero, and an energy figure must not be captioned as though the electricity axis were inside it.  The same holds for the post-2050 continuation rule ON THAT AXIS and for the reading of the statutory floor: the delivered central, the two electricity-axis continuation lines and the enforceable-standard line carry the same energy in every entry and in every year, bitwise, and they part company only in carbon.  The two VEHICLE-axis continuation lines are a different object and are not covered by this sentence: a rule on that axis moves how much of the deployed stock is electric, so it moves the kilowatt hours as well as the carbon, and the movement is reported rather than gated."
REAL_CAPACITY_FHWA_MV1_2024_REGISTERED_AUTOMOBILES_AND_STI_V2_INTERSECTIONS,energy_kwh_eq,NO_VEHICLE_RULE_38,2050,38,38,38,0.23708741558370156,32883988.74799246,0.2623590949748506,27712445.77154905,0.903675230341942,38,0.23708741558370156,0.2623590949748506,0.903675230341942,"the two columns are DIFFERENT ESTIMANDS on DIFFERENT CENTRALS: the v3.3 column conditions on the central policy state and prices the electricity and survival axes at a 0.21 coefficient on a survival-advanced stock, on the asymptotic continuation of both axes over the statutory-targets-honoured floors; the v3.1c column draws the market case at a 0.2744 coefficient on a twelve-year stock, on the linear continuation over the enforceable-standard floors.  They are also NOT TAKEN OVER THE SAME ENTRIES where the two counts differ: the v3.1c central has 180 entry-years of exactly zero carbon, which have no relative width and are excluded from its median, while the v3.3 central has none, because under survival some gasoline vehicles always survive.  The entries that enter the v3.3 median and not the v3.1c one are exactly the entries whose central is a near-zero floor, and their relative width is enormous for that reason alone.  Use the matched columns for a like-for-like reading, the absolute half-width columns for a magnitude, and largest_relative_halfwidth_cells_v33_j2000.csv for the cells themselves.  The unmatched ratio is an orientation, not a change in one quantity","Not priced by this interval: the deployment scale, held at 30 per cent of registered automobiles and 30 per cent of signalized intersections by 2075 in every draw, against its own declared range of 15 to 45 per cent -- the model is exactly linear in that scale, so the two declared levels are delivered beside the interval as named lines, each of them the central rescaled, and never as width; the reading of the statutory floor itself, held at the statutory-targets-honoured reading in every draw, with the enforceable-standard reading delivered beside the interval as a named line rather than as width; the vehicle load model, held at the inherited one, with the single paired dynamometer measurement in the build's own precedent table delivered beside the interval as a named measured-load line; the computing workload growth of 2 per cent a year and the hardware efficiency floor of 0.25, neither of which is drawn or varied anywhere in this build; and the published market case, held at the policy state the interval is conditional on and carried as a named line.  The post-2050 continuation rule IS inside this interval: every electricity member continues along its own 2045-2050 slope at a decreasing rate after 2050 with the enacted statutory floors applied on top, and the linear trend and frozen continuations are delivered beside the interval as named lines.  The fuel-to-direct-current conversion coefficient IS priced here: it is drawn triangular on the declared list, support 0.17 to 0.2744 with its mode at the delivered central 0.21, so the two registered branches are the endpoints of the support this interval samples rather than values outside it, and each of them is also delivered as a named line.","The electricity-scenario axis changes the carbon content of a kilowatt hour, not the number of kilowatt hours.  Its contribution to the energy interval is therefore exactly zero, and an energy figure must not be captioned as though the electricity axis were inside it.  The same holds for the post-2050 continuation rule ON THAT AXIS and for the reading of the statutory floor: the delivered central, the two electricity-axis continuation lines and the enforceable-standard line carry the same energy in every entry and in every year, bitwise, and they part company only in carbon.  The two VEHICLE-axis continuation lines are a different object and are not covered by this sentence: a rule on that axis moves how much of the deployed stock is electric, so it moves the kilowatt hours as well as the carbon, and the movement is reported rather than gated."
REAL_CAPACITY_FHWA_MV1_2024_REGISTERED_AUTOMOBILES_AND_STI_V2_INTERSECTIONS,energy_kwh_eq,ADOPTING_13,2075,13,13,13,0.2720496678500572,32554662.39946743,0.24169696487062584,28427554.92787335,1.1255816472320137,13,0.2720496678500572,0.24169696487062584,1.1255816472320137,"the two columns are DIFFERENT ESTIMANDS on DIFFERENT CENTRALS: the v3.3 column conditions on the central policy state and prices the electricity and survival axes at a 0.21 coefficient on a survival-advanced stock, on the asymptotic continuation of both axes over the statutory-targets-honoured floors; the v3.1c column draws the market case at a 0.2744 coefficient on a twelve-year stock, on the linear continuation over the enforceable-standard floors.  They are also NOT TAKEN OVER THE SAME ENTRIES where the two counts differ: the v3.1c central has 180 entry-years of exactly zero carbon, which have no relative width and are excluded from its median, while the v3.3 central has none, because under survival some gasoline vehicles always survive.  The entries that enter the v3.3 median and not the v3.1c one are exactly the entries whose central is a near-zero floor, and their relative width is enormous for that reason alone.  Use the matched columns for a like-for-like reading, the absolute half-width columns for a magnitude, and largest_relative_halfwidth_cells_v33_j2000.csv for the cells themselves.  The unmatched ratio is an orientation, not a change in one quantity","Not priced by this interval: the deployment scale, held at 30 per cent of registered automobiles and 30 per cent of signalized intersections by 2075 in every draw, against its own declared range of 15 to 45 per cent -- the model is exactly linear in that scale, so the two declared levels are delivered beside the interval as named lines, each of them the central rescaled, and never as width; the reading of the statutory floor itself, held at the statutory-targets-honoured reading in every draw, with the enforceable-standard reading delivered beside the interval as a named line rather than as width; the vehicle load model, held at the inherited one, with the single paired dynamometer measurement in the build's own precedent table delivered beside the interval as a named measured-load line; the computing workload growth of 2 per cent a year and the hardware efficiency floor of 0.25, neither of which is drawn or varied anywhere in this build; and the published market case, held at the policy state the interval is conditional on and carried as a named line.  The post-2050 continuation rule IS inside this interval: every electricity member continues along its own 2045-2050 slope at a decreasing rate after 2050 with the enacted statutory floors applied on top, and the linear trend and frozen continuations are delivered beside the interval as named lines.  The fuel-to-direct-current conversion coefficient IS priced here: it is drawn triangular on the declared list, support 0.17 to 0.2744 with its mode at the delivered central 0.21, so the two registered branches are the endpoints of the support this interval samples rather than values outside it, and each of them is also delivered as a named line.","The electricity-scenario axis changes the carbon content of a kilowatt hour, not the number of kilowatt hours.  Its contribution to the energy interval is therefore exactly zero, and an energy figure must not be captioned as though the electricity axis were inside it.  The same holds for the post-2050 continuation rule ON THAT AXIS and for the reading of the statutory floor: the delivered central, the two electricity-axis continuation lines and the enforceable-standard line carry the same energy in every entry and in every year, bitwise, and they part company only in carbon.  The two VEHICLE-axis continuation lines are a different object and are not covered by this sentence: a rule on that axis moves how much of the deployed stock is electric, so it moves the kilowatt hours as well as the carbon, and the movement is reported rather than gated."
REAL_CAPACITY_FHWA_MV1_2024_REGISTERED_AUTOMOBILES_AND_STI_V2_INTERSECTIONS,energy_kwh_eq,ALL_51,2075,51,51,51,0.23119376970408254,58468876.46428129,0.34585279427727705,66201038.62808314,0.6684744883649253,51,0.23119376970408254,0.34585279427727705,0.6684744883649253,"the two columns are DIFFERENT ESTIMANDS on DIFFERENT CENTRALS: the v3.3 column conditions on the central policy state and prices the electricity and survival axes at a 0.21 coefficient on a survival-advanced stock, on the asymptotic continuation of both axes over the statutory-targets-honoured floors; the v3.1c column draws the market case at a 0.2744 coefficient on a twelve-year stock, on the linear continuation over the enforceable-standard floors.  They are also NOT TAKEN OVER THE SAME ENTRIES where the two counts differ: the v3.1c central has 180 entry-years of exactly zero carbon, which have no relative width and are excluded from its median, while the v3.3 central has none, because under survival some gasoline vehicles always survive.  The entries that enter the v3.3 median and not the v3.1c one are exactly the entries whose central is a near-zero floor, and their relative width is enormous for that reason alone.  Use the matched columns for a like-for-like reading, the absolute half-width columns for a magnitude, and largest_relative_halfwidth_cells_v33_j2000.csv for the cells themselves.  The unmatched ratio is an orientation, not a change in one quantity","Not priced by this interval: the deployment scale, held at 30 per cent of registered automobiles and 30 per cent of signalized intersections by 2075 in every draw, against its own declared range of 15 to 45 per cent -- the model is exactly linear in that scale, so the two declared levels are delivered beside the interval as named lines, each of them the central rescaled, and never as width; the reading of the statutory floor itself, held at the statutory-targets-honoured reading in every draw, with the enforceable-standard reading delivered beside the interval as a named line rather than as width; the vehicle load model, held at the inherited one, with the single paired dynamometer measurement in the build's own precedent table delivered beside the interval as a named measured-load line; the computing workload growth of 2 per cent a year and the hardware efficiency floor of 0.25, neither of which is drawn or varied anywhere in this build; and the published market case, held at the policy state the interval is conditional on and carried as a named line.  The post-2050 continuation rule IS inside this interval: every electricity member continues along its own 2045-2050 slope at a decreasing rate after 2050 with the enacted statutory floors applied on top, and the linear trend and frozen continuations are delivered beside the interval as named lines.  The fuel-to-direct-current conversion coefficient IS priced here: it is drawn triangular on the declared list, support 0.17 to 0.2744 with its mode at the delivered central 0.21, so the two registered branches are the endpoints of the support this interval samples rather than values outside it, and each of them is also delivered as a named line.","The electricity-scenario axis changes the carbon content of a kilowatt hour, not the number of kilowatt hours.  Its contribution to the energy interval is therefore exactly zero, and an energy figure must not be captioned as though the electricity axis were inside it.  The same holds for the post-2050 continuation rule ON THAT AXIS and for the reading of the statutory floor: the delivered central, the two electricity-axis continuation lines and the enforceable-standard line carry the same energy in every entry and in every year, bitwise, and they part company only in carbon.  The two VEHICLE-axis continuation lines are a different object and are not covered by this sentence: a rule on that axis moves how much of the deployed stock is electric, so it moves the kilowatt hours as well as the carbon, and the movement is reported rather than gated."
REAL_CAPACITY_FHWA_MV1_2024_REGISTERED_AUTOMOBILES_AND_STI_V2_INTERSECTIONS,energy_kwh_eq,CAPPED_82_MY2032_3,2075,3,3,3,0.2546002083906831,13957074.505858138,0.234353230961129,12252165.954836808,1.08639512818542,3,0.2546002083906831,0.234353230961129,1.08639512818542,"the two columns are DIFFERENT ESTIMANDS on DIFFERENT CENTRALS: the v3.3 column conditions on the central policy state and prices the electricity and survival axes at a 0.21 coefficient on a survival-advanced stock, on the asymptotic continuation of both axes over the statutory-targets-honoured floors; the v3.1c column draws the market case at a 0.2744 coefficient on a twelve-year stock, on the linear continuation over the enforceable-standard floors.  They are also NOT TAKEN OVER THE SAME ENTRIES where the two counts differ: the v3.1c central has 180 entry-years of exactly zero carbon, which have no relative width and are excluded from its median, while the v3.3 central has none, because under survival some gasoline vehicles always survive.  The entries that enter the v3.3 median and not the v3.1c one are exactly the entries whose central is a near-zero floor, and their relative width is enormous for that reason alone.  Use the matched columns for a like-for-like reading, the absolute half-width columns for a magnitude, and largest_relative_halfwidth_cells_v33_j2000.csv for the cells themselves.  The unmatched ratio is an orientation, not a change in one quantity","Not priced by this interval: the deployment scale, held at 30 per cent of registered automobiles and 30 per cent of signalized intersections by 2075 in every draw, against its own declared range of 15 to 45 per cent -- the model is exactly linear in that scale, so the two declared levels are delivered beside the interval as named lines, each of them the central rescaled, and never as width; the reading of the statutory floor itself, held at the statutory-targets-honoured reading in every draw, with the enforceable-standard reading delivered beside the interval as a named line rather than as width; the vehicle load model, held at the inherited one, with the single paired dynamometer measurement in the build's own precedent table delivered beside the interval as a named measured-load line; the computing workload growth of 2 per cent a year and the hardware efficiency floor of 0.25, neither of which is drawn or varied anywhere in this build; and the published market case, held at the policy state the interval is conditional on and carried as a named line.  The post-2050 continuation rule IS inside this interval: every electricity member continues along its own 2045-2050 slope at a decreasing rate after 2050 with the enacted statutory floors applied on top, and the linear trend and frozen continuations are delivered beside the interval as named lines.  The fuel-to-direct-current conversion coefficient IS priced here: it is drawn triangular on the declared list, support 0.17 to 0.2744 with its mode at the delivered central 0.21, so the two registered branches are the endpoints of the support this interval samples rather than values outside it, and each of them is also delivered as a named line.","The electricity-scenario axis changes the carbon content of a kilowatt hour, not the number of kilowatt hours.  Its contribution to the energy interval is therefore exactly zero, and an energy figure must not be captioned as though the electricity axis were inside it.  The same holds for the post-2050 continuation rule ON THAT AXIS and for the reading of the statutory floor: the delivered central, the two electricity-axis continuation lines and the enforceable-standard line carry the same energy in every entry and in every year, bitwise, and they part company only in carbon.  The two VEHICLE-axis continuation lines are a different object and are not covered by this sentence: a rule on that axis moves how much of the deployed stock is electric, so it moves the kilowatt hours as well as the carbon, and the movement is reported rather than gated."
REAL_CAPACITY_FHWA_MV1_2024_REGISTERED_AUTOMOBILES_AND_STI_V2_INTERSECTIONS,energy_kwh_eq,FULL_SCHEDULE_10,2075,10,10,10,0.27236423984930663,41799804.084143996,0.24211461301420217,37157608.62673652,1.1249392858139051,10,0.27236423984930663,0.24211461301420217,1.1249392858139051,"the two columns are DIFFERENT ESTIMANDS on DIFFERENT CENTRALS: the v3.3 column conditions on the central policy state and prices the electricity and survival axes at a 0.21 coefficient on a survival-advanced stock, on the asymptotic continuation of both axes over the statutory-targets-honoured floors; the v3.1c column draws the market case at a 0.2744 coefficient on a twelve-year stock, on the linear continuation over the enforceable-standard floors.  They are also NOT TAKEN OVER THE SAME ENTRIES where the two counts differ: the v3.1c central has 180 entry-years of exactly zero carbon, which have no relative width and are excluded from its median, while the v3.3 central has none, because under survival some gasoline vehicles always survive.  The entries that enter the v3.3 median and not the v3.1c one are exactly the entries whose central is a near-zero floor, and their relative width is enormous for that reason alone.  Use the matched columns for a like-for-like reading, the absolute half-width columns for a magnitude, and largest_relative_halfwidth_cells_v33_j2000.csv for the cells themselves.  The unmatched ratio is an orientation, not a change in one quantity","Not priced by this interval: the deployment scale, held at 30 per cent of registered automobiles and 30 per cent of signalized intersections by 2075 in every draw, against its own declared range of 15 to 45 per cent -- the model is exactly linear in that scale, so the two declared levels are delivered beside the interval as named lines, each of them the central rescaled, and never as width; the reading of the statutory floor itself, held at the statutory-targets-honoured reading in every draw, with the enforceable-standard reading delivered beside the interval as a named line rather than as width; the vehicle load model, held at the inherited one, with the single paired dynamometer measurement in the build's own precedent table delivered beside the interval as a named measured-load line; the computing workload growth of 2 per cent a year and the hardware efficiency floor of 0.25, neither of which is drawn or varied anywhere in this build; and the published market case, held at the policy state the interval is conditional on and carried as a named line.  The post-2050 continuation rule IS inside this interval: every electricity member continues along its own 2045-2050 slope at a decreasing rate after 2050 with the enacted statutory floors applied on top, and the linear trend and frozen continuations are delivered beside the interval as named lines.  The fuel-to-direct-current conversion coefficient IS priced here: it is drawn triangular on the declared list, support 0.17 to 0.2744 with its mode at the delivered central 0.21, so the two registered branches are the endpoints of the support this interval samples rather than values outside it, and each of them is also delivered as a named line.","The electricity-scenario axis changes the carbon content of a kilowatt hour, not the number of kilowatt hours.  Its contribution to the energy interval is therefore exactly zero, and an energy figure must not be captioned as though the electricity axis were inside it.  The same holds for the post-2050 continuation rule ON THAT AXIS and for the reading of the statutory floor: the delivered central, the two electricity-axis continuation lines and the enforceable-standard line carry the same energy in every entry and in every year, bitwise, and they part company only in carbon.  The two VEHICLE-axis continuation lines are a different object and are not covered by this sentence: a rule on that axis moves how much of the deployed stock is electric, so it moves the kilowatt hours as well as the carbon, and the movement is reported rather than gated."
REAL_CAPACITY_FHWA_MV1_2024_REGISTERED_AUTOMOBILES_AND_STI_V2_INTERSECTIONS,energy_kwh_eq,NO_VEHICLE_RULE_38,2075,38,38,38,0.2310767738489695,76781106.30268562,0.3463375235462189,88464375.83135629,0.6672010918220134,38,0.2310767738489695,0.3463375235462189,0.6672010918220134,"the two columns are DIFFERENT ESTIMANDS on DIFFERENT CENTRALS: the v3.3 column conditions on the central policy state and prices the electricity and survival axes at a 0.21 coefficient on a survival-advanced stock, on the asymptotic continuation of both axes over the statutory-targets-honoured floors; the v3.1c column draws the market case at a 0.2744 coefficient on a twelve-year stock, on the linear continuation over the enforceable-standard floors.  They are also NOT TAKEN OVER THE SAME ENTRIES where the two counts differ: the v3.1c central has 180 entry-years of exactly zero carbon, which have no relative width and are excluded from its median, while the v3.3 central has none, because under survival some gasoline vehicles always survive.  The entries that enter the v3.3 median and not the v3.1c one are exactly the entries whose central is a near-zero floor, and their relative width is enormous for that reason alone.  Use the matched columns for a like-for-like reading, the absolute half-width columns for a magnitude, and largest_relative_halfwidth_cells_v33_j2000.csv for the cells themselves.  The unmatched ratio is an orientation, not a change in one quantity","Not priced by this interval: the deployment scale, held at 30 per cent of registered automobiles and 30 per cent of signalized intersections by 2075 in every draw, against its own declared range of 15 to 45 per cent -- the model is exactly linear in that scale, so the two declared levels are delivered beside the interval as named lines, each of them the central rescaled, and never as width; the reading of the statutory floor itself, held at the statutory-targets-honoured reading in every draw, with the enforceable-standard reading delivered beside the interval as a named line rather than as width; the vehicle load model, held at the inherited one, with the single paired dynamometer measurement in the build's own precedent table delivered beside the interval as a named measured-load line; the computing workload growth of 2 per cent a year and the hardware efficiency floor of 0.25, neither of which is drawn or varied anywhere in this build; and the published market case, held at the policy state the interval is conditional on and carried as a named line.  The post-2050 continuation rule IS inside this interval: every electricity member continues along its own 2045-2050 slope at a decreasing rate after 2050 with the enacted statutory floors applied on top, and the linear trend and frozen continuations are delivered beside the interval as named lines.  The fuel-to-direct-current conversion coefficient IS priced here: it is drawn triangular on the declared list, support 0.17 to 0.2744 with its mode at the delivered central 0.21, so the two registered branches are the endpoints of the support this interval samples rather than values outside it, and each of them is also delivered as a named line.","The electricity-scenario axis changes the carbon content of a kilowatt hour, not the number of kilowatt hours.  Its contribution to the energy interval is therefore exactly zero, and an energy figure must not be captioned as though the electricity axis were inside it.  The same holds for the post-2050 continuation rule ON THAT AXIS and for the reading of the statutory floor: the delivered central, the two electricity-axis continuation lines and the enforceable-standard line carry the same energy in every entry and in every year, bitwise, and they part company only in carbon.  The two VEHICLE-axis continuation lines are a different object and are not covered by this sentence: a rule on that axis moves how much of the deployed stock is electric, so it moves the kilowatt hours as well as the carbon, and the movement is reported rather than gated."
REAL_CAPACITY_FHWA_MV1_2024_REGISTERED_AUTOMOBILES_AND_STI_V2_INTERSECTIONS,grid_intensity_kg_per_kwh,ADOPTING_13,2050,13,4,6,0.1937956083589743,0.0,0.09975728889485733,0.0,1.9426711622368962,4,0.1937956083589743,0.0997572888948573,1.9426711622368968,"the two columns are DIFFERENT ESTIMANDS on DIFFERENT CENTRALS: the v3.3 column conditions on the central policy state and prices the electricity and survival axes at a 0.21 coefficient on a survival-advanced stock, on the asymptotic continuation of both axes over the statutory-targets-honoured floors; the v3.1c column draws the market case at a 0.2744 coefficient on a twelve-year stock, on the linear continuation over the enforceable-standard floors.  They are also NOT TAKEN OVER THE SAME ENTRIES where the two counts differ: the v3.1c central has 180 entry-years of exactly zero carbon, which have no relative width and are excluded from its median, while the v3.3 central has none, because under survival some gasoline vehicles always survive.  The entries that enter the v3.3 median and not the v3.1c one are exactly the entries whose central is a near-zero floor, and their relative width is enormous for that reason alone.  Use the matched columns for a like-for-like reading, the absolute half-width columns for a magnitude, and largest_relative_halfwidth_cells_v33_j2000.csv for the cells themselves.  The unmatched ratio is an orientation, not a change in one quantity","Not priced by this interval: the deployment scale, held at 30 per cent of registered automobiles and 30 per cent of signalized intersections by 2075 in every draw, against its own declared range of 15 to 45 per cent -- the model is exactly linear in that scale, so the two declared levels are delivered beside the interval as named lines, each of them the central rescaled, and never as width; the reading of the statutory floor itself, held at the statutory-targets-honoured reading in every draw, with the enforceable-standard reading delivered beside the interval as a named line rather than as width; the vehicle load model, held at the inherited one, with the single paired dynamometer measurement in the build's own precedent table delivered beside the interval as a named measured-load line; the computing workload growth of 2 per cent a year and the hardware efficiency floor of 0.25, neither of which is drawn or varied anywhere in this build; and the published market case, held at the policy state the interval is conditional on and carried as a named line.  The post-2050 continuation rule IS inside this interval: every electricity member continues along its own 2045-2050 slope at a decreasing rate after 2050 with the enacted statutory floors applied on top, and the linear trend and frozen continuations are delivered beside the interval as named lines.  The fuel-to-direct-current conversion coefficient IS priced here: it is drawn triangular on the declared list, support 0.17 to 0.2744 with its mode at the delivered central 0.21, so the two registered branches are the endpoints of the support this interval samples rather than values outside it, and each of them is also delivered as a named line.","The electricity-scenario axis changes the carbon content of a kilowatt hour, not the number of kilowatt hours.  Its contribution to the energy interval is therefore exactly zero, and an energy figure must not be captioned as though the electricity axis were inside it.  The same holds for the post-2050 continuation rule ON THAT AXIS and for the reading of the statutory floor: the delivered central, the two electricity-axis continuation lines and the enforceable-standard line carry the same energy in every entry and in every year, bitwise, and they part company only in carbon.  The two VEHICLE-axis continuation lines are a different object and are not covered by this sentence: a rule on that axis moves how much of the deployed stock is electric, so it moves the kilowatt hours as well as the carbon, and the movement is reported rather than gated."
REAL_CAPACITY_FHWA_MV1_2024_REGISTERED_AUTOMOBILES_AND_STI_V2_INTERSECTIONS,grid_intensity_kg_per_kwh,ALL_51,2050,51,34,38,0.546739964135328,0.04717535000173928,0.0997572888948573,0.010037883528656609,5.480701913537203,34,0.546739964135328,0.0997572888948573,5.480701913537203,"the two columns are DIFFERENT ESTIMANDS on DIFFERENT CENTRALS: the v3.3 column conditions on the central policy state and prices the electricity and survival axes at a 0.21 coefficient on a survival-advanced stock, on the asymptotic continuation of both axes over the statutory-targets-honoured floors; the v3.1c column draws the market case at a 0.2744 coefficient on a twelve-year stock, on the linear continuation over the enforceable-standard floors.  They are also NOT TAKEN OVER THE SAME ENTRIES where the two counts differ: the v3.1c central has 180 entry-years of exactly zero carbon, which have no relative width and are excluded from its median, while the v3.3 central has none, because under survival some gasoline vehicles always survive.  The entries that enter the v3.3 median and not the v3.1c one are exactly the entries whose central is a near-zero floor, and their relative width is enormous for that reason alone.  Use the matched columns for a like-for-like reading, the absolute half-width columns for a magnitude, and largest_relative_halfwidth_cells_v33_j2000.csv for the cells themselves.  The unmatched ratio is an orientation, not a change in one quantity","Not priced by this interval: the deployment scale, held at 30 per cent of registered automobiles and 30 per cent of signalized intersections by 2075 in every draw, against its own declared range of 15 to 45 per cent -- the model is exactly linear in that scale, so the two declared levels are delivered beside the interval as named lines, each of them the central rescaled, and never as width; the reading of the statutory floor itself, held at the statutory-targets-honoured reading in every draw, with the enforceable-standard reading delivered beside the interval as a named line rather than as width; the vehicle load model, held at the inherited one, with the single paired dynamometer measurement in the build's own precedent table delivered beside the interval as a named measured-load line; the computing workload growth of 2 per cent a year and the hardware efficiency floor of 0.25, neither of which is drawn or varied anywhere in this build; and the published market case, held at the policy state the interval is conditional on and carried as a named line.  The post-2050 continuation rule IS inside this interval: every electricity member continues along its own 2045-2050 slope at a decreasing rate after 2050 with the enacted statutory floors applied on top, and the linear trend and frozen continuations are delivered beside the interval as named lines.  The fuel-to-direct-current conversion coefficient IS priced here: it is drawn triangular on the declared list, support 0.17 to 0.2744 with its mode at the delivered central 0.21, so the two registered branches are the endpoints of the support this interval samples rather than values outside it, and each of them is also delivered as a named line.","The electricity-scenario axis changes the carbon content of a kilowatt hour, not the number of kilowatt hours.  Its contribution to the energy interval is therefore exactly zero, and an energy figure must not be captioned as though the electricity axis were inside it.  The same holds for the post-2050 continuation rule ON THAT AXIS and for the reading of the statutory floor: the delivered central, the two electricity-axis continuation lines and the enforceable-standard line carry the same energy in every entry and in every year, bitwise, and they part company only in carbon.  The two VEHICLE-axis continuation lines are a different object and are not covered by this sentence: a rule on that axis moves how much of the deployed stock is electric, so it moves the kilowatt hours as well as the carbon, and the movement is reported rather than gated."
REAL_CAPACITY_FHWA_MV1_2024_REGISTERED_AUTOMOBILES_AND_STI_V2_INTERSECTIONS,grid_intensity_kg_per_kwh,CAPPED_82_MY2032_3,2050,3,1,2,0.09975728889485734,0.0,0.09975728889485735,0.016975880856124725,0.9999999999999999,1,0.09975728889485734,0.09975728889485734,1.0,"the two columns are DIFFERENT ESTIMANDS on DIFFERENT CENTRALS: the v3.3 column conditions on the central policy state and prices the electricity and survival axes at a 0.21 coefficient on a survival-advanced stock, on the asymptotic continuation of both axes over the statutory-targets-honoured floors; the v3.1c column draws the market case at a 0.2744 coefficient on a twelve-year stock, on the linear continuation over the enforceable-standard floors.  They are also NOT TAKEN OVER THE SAME ENTRIES where the two counts differ: the v3.1c central has 180 entry-years of exactly zero carbon, which have no relative width and are excluded from its median, while the v3.3 central has none, because under survival some gasoline vehicles always survive.  The entries that enter the v3.3 median and not the v3.1c one are exactly the entries whose central is a near-zero floor, and their relative width is enormous for that reason alone.  Use the matched columns for a like-for-like reading, the absolute half-width columns for a magnitude, and largest_relative_halfwidth_cells_v33_j2000.csv for the cells themselves.  The unmatched ratio is an orientation, not a change in one quantity","Not priced by this interval: the deployment scale, held at 30 per cent of registered automobiles and 30 per cent of signalized intersections by 2075 in every draw, against its own declared range of 15 to 45 per cent -- the model is exactly linear in that scale, so the two declared levels are delivered beside the interval as named lines, each of them the central rescaled, and never as width; the reading of the statutory floor itself, held at the statutory-targets-honoured reading in every draw, with the enforceable-standard reading delivered beside the interval as a named line rather than as width; the vehicle load model, held at the inherited one, with the single paired dynamometer measurement in the build's own precedent table delivered beside the interval as a named measured-load line; the computing workload growth of 2 per cent a year and the hardware efficiency floor of 0.25, neither of which is drawn or varied anywhere in this build; and the published market case, held at the policy state the interval is conditional on and carried as a named line.  The post-2050 continuation rule IS inside this interval: every electricity member continues along its own 2045-2050 slope at a decreasing rate after 2050 with the enacted statutory floors applied on top, and the linear trend and frozen continuations are delivered beside the interval as named lines.  The fuel-to-direct-current conversion coefficient IS priced here: it is drawn triangular on the declared list, support 0.17 to 0.2744 with its mode at the delivered central 0.21, so the two registered branches are the endpoints of the support this interval samples rather than values outside it, and each of them is also delivered as a named line.","The electricity-scenario axis changes the carbon content of a kilowatt hour, not the number of kilowatt hours.  Its contribution to the energy interval is therefore exactly zero, and an energy figure must not be captioned as though the electricity axis were inside it.  The same holds for the post-2050 continuation rule ON THAT AXIS and for the reading of the statutory floor: the delivered central, the two electricity-axis continuation lines and the enforceable-standard line carry the same energy in every entry and in every year, bitwise, and they part company only in carbon.  The two VEHICLE-axis continuation lines are a different object and are not covered by this sentence: a rule on that axis moves how much of the deployed stock is electric, so it moves the kilowatt hours as well as the carbon, and the movement is reported rather than gated."
REAL_CAPACITY_FHWA_MV1_2024_REGISTERED_AUTOMOBILES_AND_STI_V2_INTERSECTIONS,grid_intensity_kg_per_kwh,FULL_SCHEDULE_10,2050,10,3,4,0.28783392782309125,0.0,0.0997572888948573,0.0,2.885342324473793,3,0.28783392782309125,0.09975728889485729,2.8853423244737932,"the two columns are DIFFERENT ESTIMANDS on DIFFERENT CENTRALS: the v3.3 column conditions on the central policy state and prices the electricity and survival axes at a 0.21 coefficient on a survival-advanced stock, on the asymptotic continuation of both axes over the statutory-targets-honoured floors; the v3.1c column draws the market case at a 0.2744 coefficient on a twelve-year stock, on the linear continuation over the enforceable-standard floors.  They are also NOT TAKEN OVER THE SAME ENTRIES where the two counts differ: the v3.1c central has 180 entry-years of exactly zero carbon, which have no relative width and are excluded from its median, while the v3.3 central has none, because under survival some gasoline vehicles always survive.  The entries that enter the v3.3 median and not the v3.1c one are exactly the entries whose central is a near-zero floor, and their relative width is enormous for that reason alone.  Use the matched columns for a like-for-like reading, the absolute half-width columns for a magnitude, and largest_relative_halfwidth_cells_v33_j2000.csv for the cells themselves.  The unmatched ratio is an orientation, not a change in one quantity","Not priced by this interval: the deployment scale, held at 30 per cent of registered automobiles and 30 per cent of signalized intersections by 2075 in every draw, against its own declared range of 15 to 45 per cent -- the model is exactly linear in that scale, so the two declared levels are delivered beside the interval as named lines, each of them the central rescaled, and never as width; the reading of the statutory floor itself, held at the statutory-targets-honoured reading in every draw, with the enforceable-standard reading delivered beside the interval as a named line rather than as width; the vehicle load model, held at the inherited one, with the single paired dynamometer measurement in the build's own precedent table delivered beside the interval as a named measured-load line; the computing workload growth of 2 per cent a year and the hardware efficiency floor of 0.25, neither of which is drawn or varied anywhere in this build; and the published market case, held at the policy state the interval is conditional on and carried as a named line.  The post-2050 continuation rule IS inside this interval: every electricity member continues along its own 2045-2050 slope at a decreasing rate after 2050 with the enacted statutory floors applied on top, and the linear trend and frozen continuations are delivered beside the interval as named lines.  The fuel-to-direct-current conversion coefficient IS priced here: it is drawn triangular on the declared list, support 0.17 to 0.2744 with its mode at the delivered central 0.21, so the two registered branches are the endpoints of the support this interval samples rather than values outside it, and each of them is also delivered as a named line.","The electricity-scenario axis changes the carbon content of a kilowatt hour, not the number of kilowatt hours.  Its contribution to the energy interval is therefore exactly zero, and an energy figure must not be captioned as though the electricity axis were inside it.  The same holds for the post-2050 continuation rule ON THAT AXIS and for the reading of the statutory floor: the delivered central, the two electricity-axis continuation lines and the enforceable-standard line carry the same energy in every entry and in every year, bitwise, and they part company only in carbon.  The two VEHICLE-axis continuation lines are a different object and are not covered by this sentence: a rule on that axis moves how much of the deployed stock is electric, so it moves the kilowatt hours as well as the carbon, and the movement is reported rather than gated."
REAL_CAPACITY_FHWA_MV1_2024_REGISTERED_AUTOMOBILES_AND_STI_V2_INTERSECTIONS,grid_intensity_kg_per_kwh,NO_VEHICLE_RULE_38,2050,38,30,32,0.7088182072461343,0.08868902078640317,0.0997572888948573,0.01191218429030869,7.105427734641207,30,0.7088182072461343,0.0997572888948573,7.105427734641207,"the two columns are DIFFERENT ESTIMANDS on DIFFERENT CENTRALS: the v3.3 column conditions on the central policy state and prices the electricity and survival axes at a 0.21 coefficient on a survival-advanced stock, on the asymptotic continuation of both axes over the statutory-targets-honoured floors; the v3.1c column draws the market case at a 0.2744 coefficient on a twelve-year stock, on the linear continuation over the enforceable-standard floors.  They are also NOT TAKEN OVER THE SAME ENTRIES where the two counts differ: the v3.1c central has 180 entry-years of exactly zero carbon, which have no relative width and are excluded from its median, while the v3.3 central has none, because under survival some gasoline vehicles always survive.  The entries that enter the v3.3 median and not the v3.1c one are exactly the entries whose central is a near-zero floor, and their relative width is enormous for that reason alone.  Use the matched columns for a like-for-like reading, the absolute half-width columns for a magnitude, and largest_relative_halfwidth_cells_v33_j2000.csv for the cells themselves.  The unmatched ratio is an orientation, not a change in one quantity","Not priced by this interval: the deployment scale, held at 30 per cent of registered automobiles and 30 per cent of signalized intersections by 2075 in every draw, against its own declared range of 15 to 45 per cent -- the model is exactly linear in that scale, so the two declared levels are delivered beside the interval as named lines, each of them the central rescaled, and never as width; the reading of the statutory floor itself, held at the statutory-targets-honoured reading in every draw, with the enforceable-standard reading delivered beside the interval as a named line rather than as width; the vehicle load model, held at the inherited one, with the single paired dynamometer measurement in the build's own precedent table delivered beside the interval as a named measured-load line; the computing workload growth of 2 per cent a year and the hardware efficiency floor of 0.25, neither of which is drawn or varied anywhere in this build; and the published market case, held at the policy state the interval is conditional on and carried as a named line.  The post-2050 continuation rule IS inside this interval: every electricity member continues along its own 2045-2050 slope at a decreasing rate after 2050 with the enacted statutory floors applied on top, and the linear trend and frozen continuations are delivered beside the interval as named lines.  The fuel-to-direct-current conversion coefficient IS priced here: it is drawn triangular on the declared list, support 0.17 to 0.2744 with its mode at the delivered central 0.21, so the two registered branches are the endpoints of the support this interval samples rather than values outside it, and each of them is also delivered as a named line.","The electricity-scenario axis changes the carbon content of a kilowatt hour, not the number of kilowatt hours.  Its contribution to the energy interval is therefore exactly zero, and an energy figure must not be captioned as though the electricity axis were inside it.  The same holds for the post-2050 continuation rule ON THAT AXIS and for the reading of the statutory floor: the delivered central, the two electricity-axis continuation lines and the enforceable-standard line carry the same energy in every entry and in every year, bitwise, and they part company only in carbon.  The two VEHICLE-axis continuation lines are a different object and are not covered by this sentence: a rule on that axis moves how much of the deployed stock is electric, so it moves the kilowatt hours as well as the carbon, and the movement is reported rather than gated."
REAL_CAPACITY_FHWA_MV1_2024_REGISTERED_AUTOMOBILES_AND_STI_V2_INTERSECTIONS,grid_intensity_kg_per_kwh,ADOPTING_13,2075,13,4,6,0.27626913544022474,0.0,0.09975728889485731,0.0,2.769413027366935,4,0.27626913544022474,0.09975728889485734,2.7694130273669346,"the two columns are DIFFERENT ESTIMANDS on DIFFERENT CENTRALS: the v3.3 column conditions on the central policy state and prices the electricity and survival axes at a 0.21 coefficient on a survival-advanced stock, on the asymptotic continuation of both axes over the statutory-targets-honoured floors; the v3.1c column draws the market case at a 0.2744 coefficient on a twelve-year stock, on the linear continuation over the enforceable-standard floors.  They are also NOT TAKEN OVER THE SAME ENTRIES where the two counts differ: the v3.1c central has 180 entry-years of exactly zero carbon, which have no relative width and are excluded from its median, while the v3.3 central has none, because under survival some gasoline vehicles always survive.  The entries that enter the v3.3 median and not the v3.1c one are exactly the entries whose central is a near-zero floor, and their relative width is enormous for that reason alone.  Use the matched columns for a like-for-like reading, the absolute half-width columns for a magnitude, and largest_relative_halfwidth_cells_v33_j2000.csv for the cells themselves.  The unmatched ratio is an orientation, not a change in one quantity","Not priced by this interval: the deployment scale, held at 30 per cent of registered automobiles and 30 per cent of signalized intersections by 2075 in every draw, against its own declared range of 15 to 45 per cent -- the model is exactly linear in that scale, so the two declared levels are delivered beside the interval as named lines, each of them the central rescaled, and never as width; the reading of the statutory floor itself, held at the statutory-targets-honoured reading in every draw, with the enforceable-standard reading delivered beside the interval as a named line rather than as width; the vehicle load model, held at the inherited one, with the single paired dynamometer measurement in the build's own precedent table delivered beside the interval as a named measured-load line; the computing workload growth of 2 per cent a year and the hardware efficiency floor of 0.25, neither of which is drawn or varied anywhere in this build; and the published market case, held at the policy state the interval is conditional on and carried as a named line.  The post-2050 continuation rule IS inside this interval: every electricity member continues along its own 2045-2050 slope at a decreasing rate after 2050 with the enacted statutory floors applied on top, and the linear trend and frozen continuations are delivered beside the interval as named lines.  The fuel-to-direct-current conversion coefficient IS priced here: it is drawn triangular on the declared list, support 0.17 to 0.2744 with its mode at the delivered central 0.21, so the two registered branches are the endpoints of the support this interval samples rather than values outside it, and each of them is also delivered as a named line.","The electricity-scenario axis changes the carbon content of a kilowatt hour, not the number of kilowatt hours.  Its contribution to the energy interval is therefore exactly zero, and an energy figure must not be captioned as though the electricity axis were inside it.  The same holds for the post-2050 continuation rule ON THAT AXIS and for the reading of the statutory floor: the delivered central, the two electricity-axis continuation lines and the enforceable-standard line carry the same energy in every entry and in every year, bitwise, and they part company only in carbon.  The two VEHICLE-axis continuation lines are a different object and are not covered by this sentence: a rule on that axis moves how much of the deployed stock is electric, so it moves the kilowatt hours as well as the carbon, and the movement is reported rather than gated."
REAL_CAPACITY_FHWA_MV1_2024_REGISTERED_AUTOMOBILES_AND_STI_V2_INTERSECTIONS,grid_intensity_kg_per_kwh,ALL_51,2075,51,34,34,0.688707653199216,0.04829598963867421,0.09975728889485729,0.005835895168853546,6.903832901123684,30,0.5639089140906606,0.09975728889485729,5.652809136433251,"the two columns are DIFFERENT ESTIMANDS on DIFFERENT CENTRALS: the v3.3 column conditions on the central policy state and prices the electricity and survival axes at a 0.21 coefficient on a survival-advanced stock, on the asymptotic continuation of both axes over the statutory-targets-honoured floors; the v3.1c column draws the market case at a 0.2744 coefficient on a twelve-year stock, on the linear continuation over the enforceable-standard floors.  They are also NOT TAKEN OVER THE SAME ENTRIES where the two counts differ: the v3.1c central has 180 entry-years of exactly zero carbon, which have no relative width and are excluded from its median, while the v3.3 central has none, because under survival some gasoline vehicles always survive.  The entries that enter the v3.3 median and not the v3.1c one are exactly the entries whose central is a near-zero floor, and their relative width is enormous for that reason alone.  Use the matched columns for a like-for-like reading, the absolute half-width columns for a magnitude, and largest_relative_halfwidth_cells_v33_j2000.csv for the cells themselves.  The unmatched ratio is an orientation, not a change in one quantity","Not priced by this interval: the deployment scale, held at 30 per cent of registered automobiles and 30 per cent of signalized intersections by 2075 in every draw, against its own declared range of 15 to 45 per cent -- the model is exactly linear in that scale, so the two declared levels are delivered beside the interval as named lines, each of them the central rescaled, and never as width; the reading of the statutory floor itself, held at the statutory-targets-honoured reading in every draw, with the enforceable-standard reading delivered beside the interval as a named line rather than as width; the vehicle load model, held at the inherited one, with the single paired dynamometer measurement in the build's own precedent table delivered beside the interval as a named measured-load line; the computing workload growth of 2 per cent a year and the hardware efficiency floor of 0.25, neither of which is drawn or varied anywhere in this build; and the published market case, held at the policy state the interval is conditional on and carried as a named line.  The post-2050 continuation rule IS inside this interval: every electricity member continues along its own 2045-2050 slope at a decreasing rate after 2050 with the enacted statutory floors applied on top, and the linear trend and frozen continuations are delivered beside the interval as named lines.  The fuel-to-direct-current conversion coefficient IS priced here: it is drawn triangular on the declared list, support 0.17 to 0.2744 with its mode at the delivered central 0.21, so the two registered branches are the endpoints of the support this interval samples rather than values outside it, and each of them is also delivered as a named line.","The electricity-scenario axis changes the carbon content of a kilowatt hour, not the number of kilowatt hours.  Its contribution to the energy interval is therefore exactly zero, and an energy figure must not be captioned as though the electricity axis were inside it.  The same holds for the post-2050 continuation rule ON THAT AXIS and for the reading of the statutory floor: the delivered central, the two electricity-axis continuation lines and the enforceable-standard line carry the same energy in every entry and in every year, bitwise, and they part company only in carbon.  The two VEHICLE-axis continuation lines are a different object and are not covered by this sentence: a rule on that axis moves how much of the deployed stock is electric, so it moves the kilowatt hours as well as the carbon, and the movement is reported rather than gated."
REAL_CAPACITY_FHWA_MV1_2024_REGISTERED_AUTOMOBILES_AND_STI_V2_INTERSECTIONS,grid_intensity_kg_per_kwh,CAPPED_82_MY2032_3,2075,3,1,2,0.09975728889485734,0.0,0.0997572888948573,0.01369264321132433,1.0000000000000004,1,0.09975728889485734,0.09975728889485734,1.0,"the two columns are DIFFERENT ESTIMANDS on DIFFERENT CENTRALS: the v3.3 column conditions on the central policy state and prices the electricity and survival axes at a 0.21 coefficient on a survival-advanced stock, on the asymptotic continuation of both axes over the statutory-targets-honoured floors; the v3.1c column draws the market case at a 0.2744 coefficient on a twelve-year stock, on the linear continuation over the enforceable-standard floors.  They are also NOT TAKEN OVER THE SAME ENTRIES where the two counts differ: the v3.1c central has 180 entry-years of exactly zero carbon, which have no relative width and are excluded from its median, while the v3.3 central has none, because under survival some gasoline vehicles always survive.  The entries that enter the v3.3 median and not the v3.1c one are exactly the entries whose central is a near-zero floor, and their relative width is enormous for that reason alone.  Use the matched columns for a like-for-like reading, the absolute half-width columns for a magnitude, and largest_relative_halfwidth_cells_v33_j2000.csv for the cells themselves.  The unmatched ratio is an orientation, not a change in one quantity","Not priced by this interval: the deployment scale, held at 30 per cent of registered automobiles and 30 per cent of signalized intersections by 2075 in every draw, against its own declared range of 15 to 45 per cent -- the model is exactly linear in that scale, so the two declared levels are delivered beside the interval as named lines, each of them the central rescaled, and never as width; the reading of the statutory floor itself, held at the statutory-targets-honoured reading in every draw, with the enforceable-standard reading delivered beside the interval as a named line rather than as width; the vehicle load model, held at the inherited one, with the single paired dynamometer measurement in the build's own precedent table delivered beside the interval as a named measured-load line; the computing workload growth of 2 per cent a year and the hardware efficiency floor of 0.25, neither of which is drawn or varied anywhere in this build; and the published market case, held at the policy state the interval is conditional on and carried as a named line.  The post-2050 continuation rule IS inside this interval: every electricity member continues along its own 2045-2050 slope at a decreasing rate after 2050 with the enacted statutory floors applied on top, and the linear trend and frozen continuations are delivered beside the interval as named lines.  The fuel-to-direct-current conversion coefficient IS priced here: it is drawn triangular on the declared list, support 0.17 to 0.2744 with its mode at the delivered central 0.21, so the two registered branches are the endpoints of the support this interval samples rather than values outside it, and each of them is also delivered as a named line.","The electricity-scenario axis changes the carbon content of a kilowatt hour, not the number of kilowatt hours.  Its contribution to the energy interval is therefore exactly zero, and an energy figure must not be captioned as though the electricity axis were inside it.  The same holds for the post-2050 continuation rule ON THAT AXIS and for the reading of the statutory floor: the delivered central, the two electricity-axis continuation lines and the enforceable-standard line carry the same energy in every entry and in every year, bitwise, and they part company only in carbon.  The two VEHICLE-axis continuation lines are a different object and are not covered by this sentence: a rule on that axis moves how much of the deployed stock is electric, so it moves the kilowatt hours as well as the carbon, and the movement is reported rather than gated."
REAL_CAPACITY_FHWA_MV1_2024_REGISTERED_AUTOMOBILES_AND_STI_V2_INTERSECTIONS,grid_intensity_kg_per_kwh,FULL_SCHEDULE_10,2075,10,3,4,0.45278098198559213,0.0,0.09975728889485731,0.0,4.53882605473387,3,0.45278098198559213,0.09975728889485734,4.538826054733869,"the two columns are DIFFERENT ESTIMANDS on DIFFERENT CENTRALS: the v3.3 column conditions on the central policy state and prices the electricity and survival axes at a 0.21 coefficient on a survival-advanced stock, on the asymptotic continuation of both axes over the statutory-targets-honoured floors; the v3.1c column draws the market case at a 0.2744 coefficient on a twelve-year stock, on the linear continuation over the enforceable-standard floors.  They are also NOT TAKEN OVER THE SAME ENTRIES where the two counts differ: the v3.1c central has 180 entry-years of exactly zero carbon, which have no relative width and are excluded from its median, while the v3.3 central has none, because under survival some gasoline vehicles always survive.  The entries that enter the v3.3 median and not the v3.1c one are exactly the entries whose central is a near-zero floor, and their relative width is enormous for that reason alone.  Use the matched columns for a like-for-like reading, the absolute half-width columns for a magnitude, and largest_relative_halfwidth_cells_v33_j2000.csv for the cells themselves.  The unmatched ratio is an orientation, not a change in one quantity","Not priced by this interval: the deployment scale, held at 30 per cent of registered automobiles and 30 per cent of signalized intersections by 2075 in every draw, against its own declared range of 15 to 45 per cent -- the model is exactly linear in that scale, so the two declared levels are delivered beside the interval as named lines, each of them the central rescaled, and never as width; the reading of the statutory floor itself, held at the statutory-targets-honoured reading in every draw, with the enforceable-standard reading delivered beside the interval as a named line rather than as width; the vehicle load model, held at the inherited one, with the single paired dynamometer measurement in the build's own precedent table delivered beside the interval as a named measured-load line; the computing workload growth of 2 per cent a year and the hardware efficiency floor of 0.25, neither of which is drawn or varied anywhere in this build; and the published market case, held at the policy state the interval is conditional on and carried as a named line.  The post-2050 continuation rule IS inside this interval: every electricity member continues along its own 2045-2050 slope at a decreasing rate after 2050 with the enacted statutory floors applied on top, and the linear trend and frozen continuations are delivered beside the interval as named lines.  The fuel-to-direct-current conversion coefficient IS priced here: it is drawn triangular on the declared list, support 0.17 to 0.2744 with its mode at the delivered central 0.21, so the two registered branches are the endpoints of the support this interval samples rather than values outside it, and each of them is also delivered as a named line.","The electricity-scenario axis changes the carbon content of a kilowatt hour, not the number of kilowatt hours.  Its contribution to the energy interval is therefore exactly zero, and an energy figure must not be captioned as though the electricity axis were inside it.  The same holds for the post-2050 continuation rule ON THAT AXIS and for the reading of the statutory floor: the delivered central, the two electricity-axis continuation lines and the enforceable-standard line carry the same energy in every entry and in every year, bitwise, and they part company only in carbon.  The two VEHICLE-axis continuation lines are a different object and are not covered by this sentence: a rule on that axis moves how much of the deployed stock is electric, so it moves the kilowatt hours as well as the carbon, and the movement is reported rather than gated."
REAL_CAPACITY_FHWA_MV1_2024_REGISTERED_AUTOMOBILES_AND_STI_V2_INTERSECTIONS,grid_intensity_kg_per_kwh,NO_VEHICLE_RULE_38,2075,38,30,28,0.7021531027298998,0.0828168931970694,0.09975728889485729,0.007562587985747287,7.038614526402766,26,0.688707653199216,0.09975728889485729,6.903832901123684,"the two columns are DIFFERENT ESTIMANDS on DIFFERENT CENTRALS: the v3.3 column conditions on the central policy state and prices the electricity and survival axes at a 0.21 coefficient on a survival-advanced stock, on the asymptotic continuation of both axes over the statutory-targets-honoured floors; the v3.1c column draws the market case at a 0.2744 coefficient on a twelve-year stock, on the linear continuation over the enforceable-standard floors.  They are also NOT TAKEN OVER THE SAME ENTRIES where the two counts differ: the v3.1c central has 180 entry-years of exactly zero carbon, which have no relative width and are excluded from its median, while the v3.3 central has none, because under survival some gasoline vehicles always survive.  The entries that enter the v3.3 median and not the v3.1c one are exactly the entries whose central is a near-zero floor, and their relative width is enormous for that reason alone.  Use the matched columns for a like-for-like reading, the absolute half-width columns for a magnitude, and largest_relative_halfwidth_cells_v33_j2000.csv for the cells themselves.  The unmatched ratio is an orientation, not a change in one quantity","Not priced by this interval: the deployment scale, held at 30 per cent of registered automobiles and 30 per cent of signalized intersections by 2075 in every draw, against its own declared range of 15 to 45 per cent -- the model is exactly linear in that scale, so the two declared levels are delivered beside the interval as named lines, each of them the central rescaled, and never as width; the reading of the statutory floor itself, held at the statutory-targets-honoured reading in every draw, with the enforceable-standard reading delivered beside the interval as a named line rather than as width; the vehicle load model, held at the inherited one, with the single paired dynamometer measurement in the build's own precedent table delivered beside the interval as a named measured-load line; the computing workload growth of 2 per cent a year and the hardware efficiency floor of 0.25, neither of which is drawn or varied anywhere in this build; and the published market case, held at the policy state the interval is conditional on and carried as a named line.  The post-2050 continuation rule IS inside this interval: every electricity member continues along its own 2045-2050 slope at a decreasing rate after 2050 with the enacted statutory floors applied on top, and the linear trend and frozen continuations are delivered beside the interval as named lines.  The fuel-to-direct-current conversion coefficient IS priced here: it is drawn triangular on the declared list, support 0.17 to 0.2744 with its mode at the delivered central 0.21, so the two registered branches are the endpoints of the support this interval samples rather than values outside it, and each of them is also delivered as a named line.","The electricity-scenario axis changes the carbon content of a kilowatt hour, not the number of kilowatt hours.  Its contribution to the energy interval is therefore exactly zero, and an energy figure must not be captioned as though the electricity axis were inside it.  The same holds for the post-2050 continuation rule ON THAT AXIS and for the reading of the statutory floor: the delivered central, the two electricity-axis continuation lines and the enforceable-standard line carry the same energy in every entry and in every year, bitwise, and they part company only in carbon.  The two VEHICLE-axis continuation lines are a different object and are not covered by this sentence: a rule on that axis moves how much of the deployed stock is electric, so it moves the kilowatt hours as well as the carbon, and the movement is reported rather than gated."
