prescription,capacity_basis,metric,group,year,n_entries_with_a_defined_relative_width,median_rel_halfwidth_symmetric,median_rel_width_total,median_p50_over_central
V33_POLICY_CONDITIONAL,REAL_CAPACITY_FHWA_MV1_2024_REGISTERED_AUTOMOBILES_AND_STI_V2_INTERSECTIONS,energy_kwh_eq,FULL_SCHEDULE_10,2025,10,0.2385021652364776,0.4770043304729552,0.9643480599158617
V33_POLICY_CONDITIONAL,REAL_CAPACITY_FHWA_MV1_2024_REGISTERED_AUTOMOBILES_AND_STI_V2_INTERSECTIONS,energy_kwh_eq,FULL_SCHEDULE_10,2026,10,0.2338396115771499,0.4676792231542998,0.9723979800551986
V33_POLICY_CONDITIONAL,REAL_CAPACITY_FHWA_MV1_2024_REGISTERED_AUTOMOBILES_AND_STI_V2_INTERSECTIONS,energy_kwh_eq,FULL_SCHEDULE_10,2027,10,0.2347379896434278,0.4694759792868556,0.9767224445935455
V33_POLICY_CONDITIONAL,REAL_CAPACITY_FHWA_MV1_2024_REGISTERED_AUTOMOBILES_AND_STI_V2_INTERSECTIONS,energy_kwh_eq,FULL_SCHEDULE_10,2028,10,0.23351737322690103,0.46703474645380205,0.979570959088426
V33_POLICY_CONDITIONAL,REAL_CAPACITY_FHWA_MV1_2024_REGISTERED_AUTOMOBILES_AND_STI_V2_INTERSECTIONS,energy_kwh_eq,FULL_SCHEDULE_10,2029,10,0.2316528970620542,0.4633057941241084,0.9827705727666847
V33_POLICY_CONDITIONAL,REAL_CAPACITY_FHWA_MV1_2024_REGISTERED_AUTOMOBILES_AND_STI_V2_INTERSECTIONS,energy_kwh_eq,FULL_SCHEDULE_10,2030,10,0.22973461760807173,0.45946923521614347,0.9855758032532853
V33_POLICY_CONDITIONAL,REAL_CAPACITY_FHWA_MV1_2024_REGISTERED_AUTOMOBILES_AND_STI_V2_INTERSECTIONS,energy_kwh_eq,FULL_SCHEDULE_10,2031,10,0.22756344917178795,0.4551268983435759,0.9869900033252097
V33_POLICY_CONDITIONAL,REAL_CAPACITY_FHWA_MV1_2024_REGISTERED_AUTOMOBILES_AND_STI_V2_INTERSECTIONS,energy_kwh_eq,FULL_SCHEDULE_10,2032,10,0.22483796041434534,0.4496759208286907,0.9882705516118807
V33_POLICY_CONDITIONAL,REAL_CAPACITY_FHWA_MV1_2024_REGISTERED_AUTOMOBILES_AND_STI_V2_INTERSECTIONS,energy_kwh_eq,FULL_SCHEDULE_10,2033,10,0.22397664979497642,0.44795329958995284,0.9892411611032763
V33_POLICY_CONDITIONAL,REAL_CAPACITY_FHWA_MV1_2024_REGISTERED_AUTOMOBILES_AND_STI_V2_INTERSECTIONS,energy_kwh_eq,FULL_SCHEDULE_10,2034,10,0.2217010365307096,0.4434020730614192,0.9907855791876776
V33_POLICY_CONDITIONAL,REAL_CAPACITY_FHWA_MV1_2024_REGISTERED_AUTOMOBILES_AND_STI_V2_INTERSECTIONS,energy_kwh_eq,FULL_SCHEDULE_10,2035,10,0.22134591635233813,0.44269183270467627,0.9914833246013164
V33_POLICY_CONDITIONAL,REAL_CAPACITY_FHWA_MV1_2024_REGISTERED_AUTOMOBILES_AND_STI_V2_INTERSECTIONS,energy_kwh_eq,FULL_SCHEDULE_10,2036,10,0.2220092044169515,0.444018408833903,0.9927767618884342
V33_POLICY_CONDITIONAL,REAL_CAPACITY_FHWA_MV1_2024_REGISTERED_AUTOMOBILES_AND_STI_V2_INTERSECTIONS,energy_kwh_eq,FULL_SCHEDULE_10,2037,10,0.2249655505662499,0.4499311011324998,0.9937194095666945
V33_POLICY_CONDITIONAL,REAL_CAPACITY_FHWA_MV1_2024_REGISTERED_AUTOMOBILES_AND_STI_V2_INTERSECTIONS,energy_kwh_eq,FULL_SCHEDULE_10,2038,10,0.22570204942737027,0.45140409885474053,0.9919410053163125
V33_POLICY_CONDITIONAL,REAL_CAPACITY_FHWA_MV1_2024_REGISTERED_AUTOMOBILES_AND_STI_V2_INTERSECTIONS,energy_kwh_eq,FULL_SCHEDULE_10,2039,10,0.2289514166833176,0.4579028333666352,0.9928401945584963
V33_POLICY_CONDITIONAL,REAL_CAPACITY_FHWA_MV1_2024_REGISTERED_AUTOMOBILES_AND_STI_V2_INTERSECTIONS,energy_kwh_eq,FULL_SCHEDULE_10,2040,10,0.2311375303937655,0.462275060787531,0.995773369428607
V33_POLICY_CONDITIONAL,REAL_CAPACITY_FHWA_MV1_2024_REGISTERED_AUTOMOBILES_AND_STI_V2_INTERSECTIONS,energy_kwh_eq,FULL_SCHEDULE_10,2041,10,0.23553448995089382,0.47106897990178764,1.000962293250332
V33_POLICY_CONDITIONAL,REAL_CAPACITY_FHWA_MV1_2024_REGISTERED_AUTOMOBILES_AND_STI_V2_INTERSECTIONS,energy_kwh_eq,FULL_SCHEDULE_10,2042,10,0.24263664633442478,0.48527329266884955,1.0092634251591193
V33_POLICY_CONDITIONAL,REAL_CAPACITY_FHWA_MV1_2024_REGISTERED_AUTOMOBILES_AND_STI_V2_INTERSECTIONS,energy_kwh_eq,FULL_SCHEDULE_10,2043,10,0.24892051217892947,0.49784102435785893,1.0208830951666288
V33_POLICY_CONDITIONAL,REAL_CAPACITY_FHWA_MV1_2024_REGISTERED_AUTOMOBILES_AND_STI_V2_INTERSECTIONS,energy_kwh_eq,FULL_SCHEDULE_10,2044,10,0.2533878287225386,0.5067756574450772,1.0332077081420166
V33_POLICY_CONDITIONAL,REAL_CAPACITY_FHWA_MV1_2024_REGISTERED_AUTOMOBILES_AND_STI_V2_INTERSECTIONS,energy_kwh_eq,FULL_SCHEDULE_10,2045,10,0.2571296560561217,0.5142593121122434,1.0436343648718927
V33_POLICY_CONDITIONAL,REAL_CAPACITY_FHWA_MV1_2024_REGISTERED_AUTOMOBILES_AND_STI_V2_INTERSECTIONS,energy_kwh_eq,FULL_SCHEDULE_10,2046,10,0.2606162648643279,0.5212325297286557,1.0530164563361695
V33_POLICY_CONDITIONAL,REAL_CAPACITY_FHWA_MV1_2024_REGISTERED_AUTOMOBILES_AND_STI_V2_INTERSECTIONS,energy_kwh_eq,FULL_SCHEDULE_10,2047,10,0.26316415466061593,0.5263283093212319,1.0611217821948324
V33_POLICY_CONDITIONAL,REAL_CAPACITY_FHWA_MV1_2024_REGISTERED_AUTOMOBILES_AND_STI_V2_INTERSECTIONS,energy_kwh_eq,FULL_SCHEDULE_10,2048,10,0.26560793665756144,0.5312158733151229,1.0667427438739212
V33_POLICY_CONDITIONAL,REAL_CAPACITY_FHWA_MV1_2024_REGISTERED_AUTOMOBILES_AND_STI_V2_INTERSECTIONS,energy_kwh_eq,FULL_SCHEDULE_10,2049,10,0.2675667929269676,0.5351335858539352,1.0713662516397098
V33_POLICY_CONDITIONAL,REAL_CAPACITY_FHWA_MV1_2024_REGISTERED_AUTOMOBILES_AND_STI_V2_INTERSECTIONS,energy_kwh_eq,FULL_SCHEDULE_10,2050,10,0.2682463663371025,0.536492732674205,1.0726161397574774
V33_POLICY_CONDITIONAL,REAL_CAPACITY_FHWA_MV1_2024_REGISTERED_AUTOMOBILES_AND_STI_V2_INTERSECTIONS,energy_kwh_eq,FULL_SCHEDULE_10,2051,10,0.26920213286473044,0.5384042657294609,1.0744637036306919
V33_POLICY_CONDITIONAL,REAL_CAPACITY_FHWA_MV1_2024_REGISTERED_AUTOMOBILES_AND_STI_V2_INTERSECTIONS,energy_kwh_eq,FULL_SCHEDULE_10,2052,10,0.27268434118665985,0.5453686823733197,1.0735270720292935
V33_POLICY_CONDITIONAL,REAL_CAPACITY_FHWA_MV1_2024_REGISTERED_AUTOMOBILES_AND_STI_V2_INTERSECTIONS,energy_kwh_eq,FULL_SCHEDULE_10,2053,10,0.27493089543476124,0.5498617908695225,1.073405475872044
V33_POLICY_CONDITIONAL,REAL_CAPACITY_FHWA_MV1_2024_REGISTERED_AUTOMOBILES_AND_STI_V2_INTERSECTIONS,energy_kwh_eq,FULL_SCHEDULE_10,2054,10,0.2747891582127022,0.5495783164254044,1.0714535356940136
V33_POLICY_CONDITIONAL,REAL_CAPACITY_FHWA_MV1_2024_REGISTERED_AUTOMOBILES_AND_STI_V2_INTERSECTIONS,energy_kwh_eq,FULL_SCHEDULE_10,2055,10,0.274966910581111,0.549933821162222,1.071017938577576
V33_POLICY_CONDITIONAL,REAL_CAPACITY_FHWA_MV1_2024_REGISTERED_AUTOMOBILES_AND_STI_V2_INTERSECTIONS,energy_kwh_eq,FULL_SCHEDULE_10,2056,10,0.2752914936151053,0.5505829872302106,1.070604807371636
V33_POLICY_CONDITIONAL,REAL_CAPACITY_FHWA_MV1_2024_REGISTERED_AUTOMOBILES_AND_STI_V2_INTERSECTIONS,energy_kwh_eq,FULL_SCHEDULE_10,2057,10,0.27554064893496066,0.5510812978699213,1.0702356990163464
V33_POLICY_CONDITIONAL,REAL_CAPACITY_FHWA_MV1_2024_REGISTERED_AUTOMOBILES_AND_STI_V2_INTERSECTIONS,energy_kwh_eq,FULL_SCHEDULE_10,2058,10,0.2759884164524025,0.551976832904805,1.06987546420886
V33_POLICY_CONDITIONAL,REAL_CAPACITY_FHWA_MV1_2024_REGISTERED_AUTOMOBILES_AND_STI_V2_INTERSECTIONS,energy_kwh_eq,FULL_SCHEDULE_10,2059,10,0.27539113118927927,0.5507822623785585,1.06837942970957
V33_POLICY_CONDITIONAL,REAL_CAPACITY_FHWA_MV1_2024_REGISTERED_AUTOMOBILES_AND_STI_V2_INTERSECTIONS,energy_kwh_eq,FULL_SCHEDULE_10,2060,10,0.2743472051900441,0.5486944103800881,1.0675112717065351
V33_POLICY_CONDITIONAL,REAL_CAPACITY_FHWA_MV1_2024_REGISTERED_AUTOMOBILES_AND_STI_V2_INTERSECTIONS,energy_kwh_eq,FULL_SCHEDULE_10,2061,10,0.2742542781361923,0.5485085562723846,1.0663669848232789
V33_POLICY_CONDITIONAL,REAL_CAPACITY_FHWA_MV1_2024_REGISTERED_AUTOMOBILES_AND_STI_V2_INTERSECTIONS,energy_kwh_eq,FULL_SCHEDULE_10,2062,10,0.27374300945356633,0.5474860189071327,1.0659295273619758
V33_POLICY_CONDITIONAL,REAL_CAPACITY_FHWA_MV1_2024_REGISTERED_AUTOMOBILES_AND_STI_V2_INTERSECTIONS,energy_kwh_eq,FULL_SCHEDULE_10,2063,10,0.27340363064117845,0.5468072612823569,1.0657943308781106
V33_POLICY_CONDITIONAL,REAL_CAPACITY_FHWA_MV1_2024_REGISTERED_AUTOMOBILES_AND_STI_V2_INTERSECTIONS,energy_kwh_eq,FULL_SCHEDULE_10,2064,10,0.27301333426696245,0.5460266685339249,1.0651568138925644
V33_POLICY_CONDITIONAL,REAL_CAPACITY_FHWA_MV1_2024_REGISTERED_AUTOMOBILES_AND_STI_V2_INTERSECTIONS,energy_kwh_eq,FULL_SCHEDULE_10,2065,10,0.27262681670141253,0.5452536334028251,1.0645579527232116
V33_POLICY_CONDITIONAL,REAL_CAPACITY_FHWA_MV1_2024_REGISTERED_AUTOMOBILES_AND_STI_V2_INTERSECTIONS,energy_kwh_eq,FULL_SCHEDULE_10,2066,10,0.27247371356045214,0.5449474271209043,1.0640501239698632
V33_POLICY_CONDITIONAL,REAL_CAPACITY_FHWA_MV1_2024_REGISTERED_AUTOMOBILES_AND_STI_V2_INTERSECTIONS,energy_kwh_eq,FULL_SCHEDULE_10,2067,10,0.27265910139405797,0.5453182027881159,1.0638809793408706
V33_POLICY_CONDITIONAL,REAL_CAPACITY_FHWA_MV1_2024_REGISTERED_AUTOMOBILES_AND_STI_V2_INTERSECTIONS,energy_kwh_eq,FULL_SCHEDULE_10,2068,10,0.2726436452711173,0.5452872905422346,1.0635306602033148
V33_POLICY_CONDITIONAL,REAL_CAPACITY_FHWA_MV1_2024_REGISTERED_AUTOMOBILES_AND_STI_V2_INTERSECTIONS,energy_kwh_eq,FULL_SCHEDULE_10,2069,10,0.2726029758062907,0.5452059516125815,1.0629095164935312
V33_POLICY_CONDITIONAL,REAL_CAPACITY_FHWA_MV1_2024_REGISTERED_AUTOMOBILES_AND_STI_V2_INTERSECTIONS,energy_kwh_eq,FULL_SCHEDULE_10,2070,10,0.272188070138372,0.544376140276744,1.0622565005948876
V33_POLICY_CONDITIONAL,REAL_CAPACITY_FHWA_MV1_2024_REGISTERED_AUTOMOBILES_AND_STI_V2_INTERSECTIONS,energy_kwh_eq,FULL_SCHEDULE_10,2071,10,0.27148639742250286,0.5429727948450057,1.0620599477414916
V33_POLICY_CONDITIONAL,REAL_CAPACITY_FHWA_MV1_2024_REGISTERED_AUTOMOBILES_AND_STI_V2_INTERSECTIONS,energy_kwh_eq,FULL_SCHEDULE_10,2072,10,0.27160056845973657,0.5432011369194731,1.0617523334865595
V33_POLICY_CONDITIONAL,REAL_CAPACITY_FHWA_MV1_2024_REGISTERED_AUTOMOBILES_AND_STI_V2_INTERSECTIONS,energy_kwh_eq,FULL_SCHEDULE_10,2073,10,0.27169729567449263,0.5433945913489853,1.0614157102696513
V33_POLICY_CONDITIONAL,REAL_CAPACITY_FHWA_MV1_2024_REGISTERED_AUTOMOBILES_AND_STI_V2_INTERSECTIONS,energy_kwh_eq,FULL_SCHEDULE_10,2074,10,0.27180954179292605,0.5436190835858521,1.0614646353903525
V33_POLICY_CONDITIONAL,REAL_CAPACITY_FHWA_MV1_2024_REGISTERED_AUTOMOBILES_AND_STI_V2_INTERSECTIONS,energy_kwh_eq,FULL_SCHEDULE_10,2075,10,0.27236423984930663,0.5447284796986133,1.061646236501074
V33_POLICY_CONDITIONAL,REAL_CAPACITY_FHWA_MV1_2024_REGISTERED_AUTOMOBILES_AND_STI_V2_INTERSECTIONS,energy_kwh_eq,CAPPED_82_MY2032_3,2025,3,0.2379803505963634,0.4759607011927268,0.9645497543330825
V33_POLICY_CONDITIONAL,REAL_CAPACITY_FHWA_MV1_2024_REGISTERED_AUTOMOBILES_AND_STI_V2_INTERSECTIONS,energy_kwh_eq,CAPPED_82_MY2032_3,2026,3,0.2376067980494627,0.4752135960989254,0.96452101189469
V33_POLICY_CONDITIONAL,REAL_CAPACITY_FHWA_MV1_2024_REGISTERED_AUTOMOBILES_AND_STI_V2_INTERSECTIONS,energy_kwh_eq,CAPPED_82_MY2032_3,2027,3,0.23298518746925817,0.46597037493851634,0.9708805937709366
V33_POLICY_CONDITIONAL,REAL_CAPACITY_FHWA_MV1_2024_REGISTERED_AUTOMOBILES_AND_STI_V2_INTERSECTIONS,energy_kwh_eq,CAPPED_82_MY2032_3,2028,3,0.23417875879587424,0.4683575175917485,0.9763100121528339
V33_POLICY_CONDITIONAL,REAL_CAPACITY_FHWA_MV1_2024_REGISTERED_AUTOMOBILES_AND_STI_V2_INTERSECTIONS,energy_kwh_eq,CAPPED_82_MY2032_3,2029,3,0.23276184733376099,0.46552369466752197,0.9787578182726978
V33_POLICY_CONDITIONAL,REAL_CAPACITY_FHWA_MV1_2024_REGISTERED_AUTOMOBILES_AND_STI_V2_INTERSECTIONS,energy_kwh_eq,CAPPED_82_MY2032_3,2030,3,0.22991479273386328,0.45982958546772656,0.9823953287996533
V33_POLICY_CONDITIONAL,REAL_CAPACITY_FHWA_MV1_2024_REGISTERED_AUTOMOBILES_AND_STI_V2_INTERSECTIONS,energy_kwh_eq,CAPPED_82_MY2032_3,2031,3,0.22688132692587226,0.4537626538517445,0.9841903633003953
V33_POLICY_CONDITIONAL,REAL_CAPACITY_FHWA_MV1_2024_REGISTERED_AUTOMOBILES_AND_STI_V2_INTERSECTIONS,energy_kwh_eq,CAPPED_82_MY2032_3,2032,3,0.22466590713124795,0.4493318142624959,0.9854791815728746
V33_POLICY_CONDITIONAL,REAL_CAPACITY_FHWA_MV1_2024_REGISTERED_AUTOMOBILES_AND_STI_V2_INTERSECTIONS,energy_kwh_eq,CAPPED_82_MY2032_3,2033,3,0.22397002019434525,0.4479400403886905,0.9864344148474177
V33_POLICY_CONDITIONAL,REAL_CAPACITY_FHWA_MV1_2024_REGISTERED_AUTOMOBILES_AND_STI_V2_INTERSECTIONS,energy_kwh_eq,CAPPED_82_MY2032_3,2034,3,0.22165406312439523,0.44330812624879046,0.9869008662838966
V33_POLICY_CONDITIONAL,REAL_CAPACITY_FHWA_MV1_2024_REGISTERED_AUTOMOBILES_AND_STI_V2_INTERSECTIONS,energy_kwh_eq,CAPPED_82_MY2032_3,2035,3,0.2213911346378156,0.4427822692756312,0.9878940999198023
V33_POLICY_CONDITIONAL,REAL_CAPACITY_FHWA_MV1_2024_REGISTERED_AUTOMOBILES_AND_STI_V2_INTERSECTIONS,energy_kwh_eq,CAPPED_82_MY2032_3,2036,3,0.22122029560302628,0.44244059120605256,0.9873810637857493
V33_POLICY_CONDITIONAL,REAL_CAPACITY_FHWA_MV1_2024_REGISTERED_AUTOMOBILES_AND_STI_V2_INTERSECTIONS,energy_kwh_eq,CAPPED_82_MY2032_3,2037,3,0.22069819847413324,0.4413963969482665,0.9875882607062231
V33_POLICY_CONDITIONAL,REAL_CAPACITY_FHWA_MV1_2024_REGISTERED_AUTOMOBILES_AND_STI_V2_INTERSECTIONS,energy_kwh_eq,CAPPED_82_MY2032_3,2038,3,0.22186687515560058,0.44373375031120116,0.9870688989864571
V33_POLICY_CONDITIONAL,REAL_CAPACITY_FHWA_MV1_2024_REGISTERED_AUTOMOBILES_AND_STI_V2_INTERSECTIONS,energy_kwh_eq,CAPPED_82_MY2032_3,2039,3,0.2227965328097772,0.4455930656195544,0.9866717675345368
V33_POLICY_CONDITIONAL,REAL_CAPACITY_FHWA_MV1_2024_REGISTERED_AUTOMOBILES_AND_STI_V2_INTERSECTIONS,energy_kwh_eq,CAPPED_82_MY2032_3,2040,3,0.22453812282671196,0.4490762456534239,0.9888468769329977
V33_POLICY_CONDITIONAL,REAL_CAPACITY_FHWA_MV1_2024_REGISTERED_AUTOMOBILES_AND_STI_V2_INTERSECTIONS,energy_kwh_eq,CAPPED_82_MY2032_3,2041,3,0.22593043785866737,0.45186087571733474,0.9928039968182331
V33_POLICY_CONDITIONAL,REAL_CAPACITY_FHWA_MV1_2024_REGISTERED_AUTOMOBILES_AND_STI_V2_INTERSECTIONS,energy_kwh_eq,CAPPED_82_MY2032_3,2042,3,0.22725899476583722,0.45451798953167444,0.9993812228024006
V33_POLICY_CONDITIONAL,REAL_CAPACITY_FHWA_MV1_2024_REGISTERED_AUTOMOBILES_AND_STI_V2_INTERSECTIONS,energy_kwh_eq,CAPPED_82_MY2032_3,2043,3,0.2282769876600771,0.4565539753201542,1.0084435388222424
V33_POLICY_CONDITIONAL,REAL_CAPACITY_FHWA_MV1_2024_REGISTERED_AUTOMOBILES_AND_STI_V2_INTERSECTIONS,energy_kwh_eq,CAPPED_82_MY2032_3,2044,3,0.22909119698486843,0.45818239396973687,1.0157305684839415
V33_POLICY_CONDITIONAL,REAL_CAPACITY_FHWA_MV1_2024_REGISTERED_AUTOMOBILES_AND_STI_V2_INTERSECTIONS,energy_kwh_eq,CAPPED_82_MY2032_3,2045,3,0.23184125836134456,0.4636825167226891,1.0224672096774787
V33_POLICY_CONDITIONAL,REAL_CAPACITY_FHWA_MV1_2024_REGISTERED_AUTOMOBILES_AND_STI_V2_INTERSECTIONS,energy_kwh_eq,CAPPED_82_MY2032_3,2046,3,0.2345894132498477,0.4691788264996954,1.027657947240468
V33_POLICY_CONDITIONAL,REAL_CAPACITY_FHWA_MV1_2024_REGISTERED_AUTOMOBILES_AND_STI_V2_INTERSECTIONS,energy_kwh_eq,CAPPED_82_MY2032_3,2047,3,0.23591634046828217,0.47183268093656433,1.0313478840011774
V33_POLICY_CONDITIONAL,REAL_CAPACITY_FHWA_MV1_2024_REGISTERED_AUTOMOBILES_AND_STI_V2_INTERSECTIONS,energy_kwh_eq,CAPPED_82_MY2032_3,2048,3,0.23597101401767345,0.4719420280353469,1.0346664104454824
V33_POLICY_CONDITIONAL,REAL_CAPACITY_FHWA_MV1_2024_REGISTERED_AUTOMOBILES_AND_STI_V2_INTERSECTIONS,energy_kwh_eq,CAPPED_82_MY2032_3,2049,3,0.23621811082950686,0.4724362216590137,1.037716957892095
V33_POLICY_CONDITIONAL,REAL_CAPACITY_FHWA_MV1_2024_REGISTERED_AUTOMOBILES_AND_STI_V2_INTERSECTIONS,energy_kwh_eq,CAPPED_82_MY2032_3,2050,3,0.2373417214693558,0.4746834429387116,1.0391206596797344
V33_POLICY_CONDITIONAL,REAL_CAPACITY_FHWA_MV1_2024_REGISTERED_AUTOMOBILES_AND_STI_V2_INTERSECTIONS,energy_kwh_eq,CAPPED_82_MY2032_3,2051,3,0.23832044342780292,0.47664088685560585,1.0391652159518303
V33_POLICY_CONDITIONAL,REAL_CAPACITY_FHWA_MV1_2024_REGISTERED_AUTOMOBILES_AND_STI_V2_INTERSECTIONS,energy_kwh_eq,CAPPED_82_MY2032_3,2052,3,0.23880931358735624,0.4776186271747125,1.039979829749503
V33_POLICY_CONDITIONAL,REAL_CAPACITY_FHWA_MV1_2024_REGISTERED_AUTOMOBILES_AND_STI_V2_INTERSECTIONS,energy_kwh_eq,CAPPED_82_MY2032_3,2053,3,0.23844936633176872,0.47689873266353744,1.0401665084464908
V33_POLICY_CONDITIONAL,REAL_CAPACITY_FHWA_MV1_2024_REGISTERED_AUTOMOBILES_AND_STI_V2_INTERSECTIONS,energy_kwh_eq,CAPPED_82_MY2032_3,2054,3,0.23870975058507632,0.47741950117015264,1.0400917680023583
V33_POLICY_CONDITIONAL,REAL_CAPACITY_FHWA_MV1_2024_REGISTERED_AUTOMOBILES_AND_STI_V2_INTERSECTIONS,energy_kwh_eq,CAPPED_82_MY2032_3,2055,3,0.23816569141995714,0.4763313828399143,1.0402902033162778
V33_POLICY_CONDITIONAL,REAL_CAPACITY_FHWA_MV1_2024_REGISTERED_AUTOMOBILES_AND_STI_V2_INTERSECTIONS,energy_kwh_eq,CAPPED_82_MY2032_3,2056,3,0.23938159872725862,0.47876319745451723,1.040288475571166
V33_POLICY_CONDITIONAL,REAL_CAPACITY_FHWA_MV1_2024_REGISTERED_AUTOMOBILES_AND_STI_V2_INTERSECTIONS,energy_kwh_eq,CAPPED_82_MY2032_3,2057,3,0.23968109817624686,0.4793621963524937,1.0397482046244828
V33_POLICY_CONDITIONAL,REAL_CAPACITY_FHWA_MV1_2024_REGISTERED_AUTOMOBILES_AND_STI_V2_INTERSECTIONS,energy_kwh_eq,CAPPED_82_MY2032_3,2058,3,0.23996913766900319,0.47993827533800637,1.0408470519727042
V33_POLICY_CONDITIONAL,REAL_CAPACITY_FHWA_MV1_2024_REGISTERED_AUTOMOBILES_AND_STI_V2_INTERSECTIONS,energy_kwh_eq,CAPPED_82_MY2032_3,2059,3,0.2415615198306442,0.4831230396612884,1.0410179419541594
V33_POLICY_CONDITIONAL,REAL_CAPACITY_FHWA_MV1_2024_REGISTERED_AUTOMOBILES_AND_STI_V2_INTERSECTIONS,energy_kwh_eq,CAPPED_82_MY2032_3,2060,3,0.24084353869341116,0.4816870773868223,1.0414307248487065
V33_POLICY_CONDITIONAL,REAL_CAPACITY_FHWA_MV1_2024_REGISTERED_AUTOMOBILES_AND_STI_V2_INTERSECTIONS,energy_kwh_eq,CAPPED_82_MY2032_3,2061,3,0.2420650006016921,0.4841300012033842,1.0426717633299423
V33_POLICY_CONDITIONAL,REAL_CAPACITY_FHWA_MV1_2024_REGISTERED_AUTOMOBILES_AND_STI_V2_INTERSECTIONS,energy_kwh_eq,CAPPED_82_MY2032_3,2062,3,0.24226660941565512,0.48453321883131023,1.043112186284725
V33_POLICY_CONDITIONAL,REAL_CAPACITY_FHWA_MV1_2024_REGISTERED_AUTOMOBILES_AND_STI_V2_INTERSECTIONS,energy_kwh_eq,CAPPED_82_MY2032_3,2063,3,0.24289936331655668,0.48579872663311335,1.043709775158095
V33_POLICY_CONDITIONAL,REAL_CAPACITY_FHWA_MV1_2024_REGISTERED_AUTOMOBILES_AND_STI_V2_INTERSECTIONS,energy_kwh_eq,CAPPED_82_MY2032_3,2064,3,0.2427888321483044,0.4855776642966088,1.045012290462288
V33_POLICY_CONDITIONAL,REAL_CAPACITY_FHWA_MV1_2024_REGISTERED_AUTOMOBILES_AND_STI_V2_INTERSECTIONS,energy_kwh_eq,CAPPED_82_MY2032_3,2065,3,0.24361506514151895,0.4872301302830379,1.0455907468573749
V33_POLICY_CONDITIONAL,REAL_CAPACITY_FHWA_MV1_2024_REGISTERED_AUTOMOBILES_AND_STI_V2_INTERSECTIONS,energy_kwh_eq,CAPPED_82_MY2032_3,2066,3,0.24445398517410677,0.48890797034821354,1.0459485527417987
V33_POLICY_CONDITIONAL,REAL_CAPACITY_FHWA_MV1_2024_REGISTERED_AUTOMOBILES_AND_STI_V2_INTERSECTIONS,energy_kwh_eq,CAPPED_82_MY2032_3,2067,3,0.2465220062359549,0.4930440124719098,1.046055238337369
V33_POLICY_CONDITIONAL,REAL_CAPACITY_FHWA_MV1_2024_REGISTERED_AUTOMOBILES_AND_STI_V2_INTERSECTIONS,energy_kwh_eq,CAPPED_82_MY2032_3,2068,3,0.24756926373484495,0.4951385274696899,1.046615462066526
V33_POLICY_CONDITIONAL,REAL_CAPACITY_FHWA_MV1_2024_REGISTERED_AUTOMOBILES_AND_STI_V2_INTERSECTIONS,energy_kwh_eq,CAPPED_82_MY2032_3,2069,3,0.24771778790169235,0.4954355758033847,1.0474471945959252
V33_POLICY_CONDITIONAL,REAL_CAPACITY_FHWA_MV1_2024_REGISTERED_AUTOMOBILES_AND_STI_V2_INTERSECTIONS,energy_kwh_eq,CAPPED_82_MY2032_3,2070,3,0.24882618661446124,0.4976523732289225,1.0480708006747896
V33_POLICY_CONDITIONAL,REAL_CAPACITY_FHWA_MV1_2024_REGISTERED_AUTOMOBILES_AND_STI_V2_INTERSECTIONS,energy_kwh_eq,CAPPED_82_MY2032_3,2071,3,0.24992589195019127,0.49985178390038254,1.0497231991539329
V33_POLICY_CONDITIONAL,REAL_CAPACITY_FHWA_MV1_2024_REGISTERED_AUTOMOBILES_AND_STI_V2_INTERSECTIONS,energy_kwh_eq,CAPPED_82_MY2032_3,2072,3,0.2511283167782458,0.5022566335564916,1.0507904194976392
V33_POLICY_CONDITIONAL,REAL_CAPACITY_FHWA_MV1_2024_REGISTERED_AUTOMOBILES_AND_STI_V2_INTERSECTIONS,energy_kwh_eq,CAPPED_82_MY2032_3,2073,3,0.2522272179163827,0.5044544358327654,1.0513269974932278
V33_POLICY_CONDITIONAL,REAL_CAPACITY_FHWA_MV1_2024_REGISTERED_AUTOMOBILES_AND_STI_V2_INTERSECTIONS,energy_kwh_eq,CAPPED_82_MY2032_3,2074,3,0.2535145696321334,0.5070291392642668,1.0531376925856042
V33_POLICY_CONDITIONAL,REAL_CAPACITY_FHWA_MV1_2024_REGISTERED_AUTOMOBILES_AND_STI_V2_INTERSECTIONS,energy_kwh_eq,CAPPED_82_MY2032_3,2075,3,0.2546002083906831,0.5092004167813662,1.054083315143448
V33_POLICY_CONDITIONAL,REAL_CAPACITY_FHWA_MV1_2024_REGISTERED_AUTOMOBILES_AND_STI_V2_INTERSECTIONS,energy_kwh_eq,ADOPTING_13,2025,13,0.238454575250732,0.476909150501464,0.9643643978834037
V33_POLICY_CONDITIONAL,REAL_CAPACITY_FHWA_MV1_2024_REGISTERED_AUTOMOBILES_AND_STI_V2_INTERSECTIONS,energy_kwh_eq,ADOPTING_13,2026,13,0.23524188388768352,0.47048376777536705,0.9649505352791552
V33_POLICY_CONDITIONAL,REAL_CAPACITY_FHWA_MV1_2024_REGISTERED_AUTOMOBILES_AND_STI_V2_INTERSECTIONS,energy_kwh_eq,ADOPTING_13,2027,13,0.23403795747322298,0.46807591494644596,0.9716873939729166
V33_POLICY_CONDITIONAL,REAL_CAPACITY_FHWA_MV1_2024_REGISTERED_AUTOMOBILES_AND_STI_V2_INTERSECTIONS,energy_kwh_eq,ADOPTING_13,2028,13,0.23353559311867034,0.4670711862373407,0.9770074019536752
V33_POLICY_CONDITIONAL,REAL_CAPACITY_FHWA_MV1_2024_REGISTERED_AUTOMOBILES_AND_STI_V2_INTERSECTIONS,energy_kwh_eq,ADOPTING_13,2029,13,0.23177439207929773,0.46354878415859546,0.9806243899252349
V33_POLICY_CONDITIONAL,REAL_CAPACITY_FHWA_MV1_2024_REGISTERED_AUTOMOBILES_AND_STI_V2_INTERSECTIONS,energy_kwh_eq,ADOPTING_13,2030,13,0.22979006275175354,0.4595801255035071,0.9830549931101055
V33_POLICY_CONDITIONAL,REAL_CAPACITY_FHWA_MV1_2024_REGISTERED_AUTOMOBILES_AND_STI_V2_INTERSECTIONS,energy_kwh_eq,ADOPTING_13,2031,13,0.2274875887747487,0.4549751775494974,0.9850181944726873
V33_POLICY_CONDITIONAL,REAL_CAPACITY_FHWA_MV1_2024_REGISTERED_AUTOMOBILES_AND_STI_V2_INTERSECTIONS,energy_kwh_eq,ADOPTING_13,2032,13,0.22467599631058643,0.44935199262117287,0.9860928004317101
V33_POLICY_CONDITIONAL,REAL_CAPACITY_FHWA_MV1_2024_REGISTERED_AUTOMOBILES_AND_STI_V2_INTERSECTIONS,energy_kwh_eq,ADOPTING_13,2033,13,0.22397002019434525,0.4479400403886905,0.9872335024270897
V33_POLICY_CONDITIONAL,REAL_CAPACITY_FHWA_MV1_2024_REGISTERED_AUTOMOBILES_AND_STI_V2_INTERSECTIONS,energy_kwh_eq,ADOPTING_13,2034,13,0.22165406312439523,0.44330812624879046,0.9884581251134669
V33_POLICY_CONDITIONAL,REAL_CAPACITY_FHWA_MV1_2024_REGISTERED_AUTOMOBILES_AND_STI_V2_INTERSECTIONS,energy_kwh_eq,ADOPTING_13,2035,13,0.2213911346378156,0.4427822692756312,0.991131124854545
V33_POLICY_CONDITIONAL,REAL_CAPACITY_FHWA_MV1_2024_REGISTERED_AUTOMOBILES_AND_STI_V2_INTERSECTIONS,energy_kwh_eq,ADOPTING_13,2036,13,0.22149376649304073,0.44298753298608146,0.9915879319639209
V33_POLICY_CONDITIONAL,REAL_CAPACITY_FHWA_MV1_2024_REGISTERED_AUTOMOBILES_AND_STI_V2_INTERSECTIONS,energy_kwh_eq,ADOPTING_13,2037,13,0.2244364984119172,0.4488729968238344,0.9916718131784629
V33_POLICY_CONDITIONAL,REAL_CAPACITY_FHWA_MV1_2024_REGISTERED_AUTOMOBILES_AND_STI_V2_INTERSECTIONS,energy_kwh_eq,ADOPTING_13,2038,13,0.22466484891228042,0.44932969782456084,0.9894219376786484
V33_POLICY_CONDITIONAL,REAL_CAPACITY_FHWA_MV1_2024_REGISTERED_AUTOMOBILES_AND_STI_V2_INTERSECTIONS,energy_kwh_eq,ADOPTING_13,2039,13,0.2285195187933968,0.4570390375867936,0.9898906679422615
V33_POLICY_CONDITIONAL,REAL_CAPACITY_FHWA_MV1_2024_REGISTERED_AUTOMOBILES_AND_STI_V2_INTERSECTIONS,energy_kwh_eq,ADOPTING_13,2040,13,0.23070418794853637,0.46140837589707273,0.9934439875148339
V33_POLICY_CONDITIONAL,REAL_CAPACITY_FHWA_MV1_2024_REGISTERED_AUTOMOBILES_AND_STI_V2_INTERSECTIONS,energy_kwh_eq,ADOPTING_13,2041,13,0.23489031935887852,0.46978063871775705,1.000079783509273
V33_POLICY_CONDITIONAL,REAL_CAPACITY_FHWA_MV1_2024_REGISTERED_AUTOMOBILES_AND_STI_V2_INTERSECTIONS,energy_kwh_eq,ADOPTING_13,2042,13,0.24247507233213197,0.48495014466426395,1.0091759924026105
V33_POLICY_CONDITIONAL,REAL_CAPACITY_FHWA_MV1_2024_REGISTERED_AUTOMOBILES_AND_STI_V2_INTERSECTIONS,energy_kwh_eq,ADOPTING_13,2043,13,0.24858012712505145,0.4971602542501029,1.020696749689867
V33_POLICY_CONDITIONAL,REAL_CAPACITY_FHWA_MV1_2024_REGISTERED_AUTOMOBILES_AND_STI_V2_INTERSECTIONS,energy_kwh_eq,ADOPTING_13,2044,13,0.2532049109059121,0.5064098218118241,1.0331163218345718
V33_POLICY_CONDITIONAL,REAL_CAPACITY_FHWA_MV1_2024_REGISTERED_AUTOMOBILES_AND_STI_V2_INTERSECTIONS,energy_kwh_eq,ADOPTING_13,2045,13,0.2570172498605331,0.5140344997210662,1.0433232273471336
V33_POLICY_CONDITIONAL,REAL_CAPACITY_FHWA_MV1_2024_REGISTERED_AUTOMOBILES_AND_STI_V2_INTERSECTIONS,energy_kwh_eq,ADOPTING_13,2046,13,0.26023046065175115,0.5204609213035023,1.0527140323189983
V33_POLICY_CONDITIONAL,REAL_CAPACITY_FHWA_MV1_2024_REGISTERED_AUTOMOBILES_AND_STI_V2_INTERSECTIONS,energy_kwh_eq,ADOPTING_13,2047,13,0.26274095021495203,0.5254819004299041,1.0610080815080076
V33_POLICY_CONDITIONAL,REAL_CAPACITY_FHWA_MV1_2024_REGISTERED_AUTOMOBILES_AND_STI_V2_INTERSECTIONS,energy_kwh_eq,ADOPTING_13,2048,13,0.26544083502581406,0.5308816700516281,1.0664584173073532
V33_POLICY_CONDITIONAL,REAL_CAPACITY_FHWA_MV1_2024_REGISTERED_AUTOMOBILES_AND_STI_V2_INTERSECTIONS,energy_kwh_eq,ADOPTING_13,2049,13,0.2671502092664089,0.5343004185328178,1.0709883554032975
V33_POLICY_CONDITIONAL,REAL_CAPACITY_FHWA_MV1_2024_REGISTERED_AUTOMOBILES_AND_STI_V2_INTERSECTIONS,energy_kwh_eq,ADOPTING_13,2050,13,0.26803797459294626,0.5360759491858925,1.0725083663985895
V33_POLICY_CONDITIONAL,REAL_CAPACITY_FHWA_MV1_2024_REGISTERED_AUTOMOBILES_AND_STI_V2_INTERSECTIONS,energy_kwh_eq,ADOPTING_13,2051,13,0.26904548239673004,0.5380909647934601,1.0744005634487097
V33_POLICY_CONDITIONAL,REAL_CAPACITY_FHWA_MV1_2024_REGISTERED_AUTOMOBILES_AND_STI_V2_INTERSECTIONS,energy_kwh_eq,ADOPTING_13,2052,13,0.2723441856526709,0.5446883713053418,1.0733713704785632
V33_POLICY_CONDITIONAL,REAL_CAPACITY_FHWA_MV1_2024_REGISTERED_AUTOMOBILES_AND_STI_V2_INTERSECTIONS,energy_kwh_eq,ADOPTING_13,2053,13,0.27391352423744036,0.5478270484748807,1.0732996871387526
V33_POLICY_CONDITIONAL,REAL_CAPACITY_FHWA_MV1_2024_REGISTERED_AUTOMOBILES_AND_STI_V2_INTERSECTIONS,energy_kwh_eq,ADOPTING_13,2054,13,0.27442355251117884,0.5488471050223577,1.071372824399057
V33_POLICY_CONDITIONAL,REAL_CAPACITY_FHWA_MV1_2024_REGISTERED_AUTOMOBILES_AND_STI_V2_INTERSECTIONS,energy_kwh_eq,ADOPTING_13,2055,13,0.2745386267034254,0.5490772534068508,1.0708800124774116
V33_POLICY_CONDITIONAL,REAL_CAPACITY_FHWA_MV1_2024_REGISTERED_AUTOMOBILES_AND_STI_V2_INTERSECTIONS,energy_kwh_eq,ADOPTING_13,2056,13,0.2751508116878542,0.5503016233757084,1.070518814470987
V33_POLICY_CONDITIONAL,REAL_CAPACITY_FHWA_MV1_2024_REGISTERED_AUTOMOBILES_AND_STI_V2_INTERSECTIONS,energy_kwh_eq,ADOPTING_13,2057,13,0.2753641203759311,0.5507282407518622,1.0702248290614502
V33_POLICY_CONDITIONAL,REAL_CAPACITY_FHWA_MV1_2024_REGISTERED_AUTOMOBILES_AND_STI_V2_INTERSECTIONS,energy_kwh_eq,ADOPTING_13,2058,13,0.2757091370426002,0.5514182740852004,1.0697063369185316
V33_POLICY_CONDITIONAL,REAL_CAPACITY_FHWA_MV1_2024_REGISTERED_AUTOMOBILES_AND_STI_V2_INTERSECTIONS,energy_kwh_eq,ADOPTING_13,2059,13,0.27526523359043614,0.5505304671808723,1.0683257590139357
V33_POLICY_CONDITIONAL,REAL_CAPACITY_FHWA_MV1_2024_REGISTERED_AUTOMOBILES_AND_STI_V2_INTERSECTIONS,energy_kwh_eq,ADOPTING_13,2060,13,0.27405157355488075,0.5481031471097615,1.0674338190837234
V33_POLICY_CONDITIONAL,REAL_CAPACITY_FHWA_MV1_2024_REGISTERED_AUTOMOBILES_AND_STI_V2_INTERSECTIONS,energy_kwh_eq,ADOPTING_13,2061,13,0.273922030971676,0.547844061943352,1.0662855680690417
V33_POLICY_CONDITIONAL,REAL_CAPACITY_FHWA_MV1_2024_REGISTERED_AUTOMOBILES_AND_STI_V2_INTERSECTIONS,energy_kwh_eq,ADOPTING_13,2062,13,0.27339172536834433,0.5467834507366887,1.0657613371440817
V33_POLICY_CONDITIONAL,REAL_CAPACITY_FHWA_MV1_2024_REGISTERED_AUTOMOBILES_AND_STI_V2_INTERSECTIONS,energy_kwh_eq,ADOPTING_13,2063,13,0.2729195991903127,0.5458391983806254,1.0657630028306802
V33_POLICY_CONDITIONAL,REAL_CAPACITY_FHWA_MV1_2024_REGISTERED_AUTOMOBILES_AND_STI_V2_INTERSECTIONS,energy_kwh_eq,ADOPTING_13,2064,13,0.2726498954228887,0.5452997908457774,1.0650101697847854
V33_POLICY_CONDITIONAL,REAL_CAPACITY_FHWA_MV1_2024_REGISTERED_AUTOMOBILES_AND_STI_V2_INTERSECTIONS,energy_kwh_eq,ADOPTING_13,2065,13,0.2723223982002912,0.5446447964005824,1.0645263130638691
V33_POLICY_CONDITIONAL,REAL_CAPACITY_FHWA_MV1_2024_REGISTERED_AUTOMOBILES_AND_STI_V2_INTERSECTIONS,energy_kwh_eq,ADOPTING_13,2066,13,0.2721414985205564,0.5442829970411128,1.063884907293331
V33_POLICY_CONDITIONAL,REAL_CAPACITY_FHWA_MV1_2024_REGISTERED_AUTOMOBILES_AND_STI_V2_INTERSECTIONS,energy_kwh_eq,ADOPTING_13,2067,13,0.2719997068086835,0.543999413617367,1.0636662949002047
V33_POLICY_CONDITIONAL,REAL_CAPACITY_FHWA_MV1_2024_REGISTERED_AUTOMOBILES_AND_STI_V2_INTERSECTIONS,energy_kwh_eq,ADOPTING_13,2068,13,0.27216957516289697,0.5443391503257939,1.0635039848423031
V33_POLICY_CONDITIONAL,REAL_CAPACITY_FHWA_MV1_2024_REGISTERED_AUTOMOBILES_AND_STI_V2_INTERSECTIONS,energy_kwh_eq,ADOPTING_13,2069,13,0.27213546384268444,0.5442709276853689,1.0628849674276188
V33_POLICY_CONDITIONAL,REAL_CAPACITY_FHWA_MV1_2024_REGISTERED_AUTOMOBILES_AND_STI_V2_INTERSECTIONS,energy_kwh_eq,ADOPTING_13,2070,13,0.2716790109920612,0.5433580219841224,1.0622375548552345
V33_POLICY_CONDITIONAL,REAL_CAPACITY_FHWA_MV1_2024_REGISTERED_AUTOMOBILES_AND_STI_V2_INTERSECTIONS,energy_kwh_eq,ADOPTING_13,2071,13,0.27107053501164663,0.5421410700232933,1.0620071410712482
V33_POLICY_CONDITIONAL,REAL_CAPACITY_FHWA_MV1_2024_REGISTERED_AUTOMOBILES_AND_STI_V2_INTERSECTIONS,energy_kwh_eq,ADOPTING_13,2072,13,0.2712622158389873,0.5425244316779746,1.0617447776899063
V33_POLICY_CONDITIONAL,REAL_CAPACITY_FHWA_MV1_2024_REGISTERED_AUTOMOBILES_AND_STI_V2_INTERSECTIONS,energy_kwh_eq,ADOPTING_13,2073,13,0.271309481122858,0.542618962245716,1.061222146232774
V33_POLICY_CONDITIONAL,REAL_CAPACITY_FHWA_MV1_2024_REGISTERED_AUTOMOBILES_AND_STI_V2_INTERSECTIONS,energy_kwh_eq,ADOPTING_13,2074,13,0.2715974440523032,0.5431948881046064,1.0613861287149626
V33_POLICY_CONDITIONAL,REAL_CAPACITY_FHWA_MV1_2024_REGISTERED_AUTOMOBILES_AND_STI_V2_INTERSECTIONS,energy_kwh_eq,ADOPTING_13,2075,13,0.2720496678500572,0.5440993357001144,1.0613645706718222
V33_POLICY_CONDITIONAL,REAL_CAPACITY_FHWA_MV1_2024_REGISTERED_AUTOMOBILES_AND_STI_V2_INTERSECTIONS,energy_kwh_eq,NO_VEHICLE_RULE_38,2025,38,0.2388470670733952,0.4776941341467904,0.9641781236823204
V33_POLICY_CONDITIONAL,REAL_CAPACITY_FHWA_MV1_2024_REGISTERED_AUTOMOBILES_AND_STI_V2_INTERSECTIONS,energy_kwh_eq,NO_VEHICLE_RULE_38,2026,38,0.23867238748810793,0.47734477497621586,0.9639766014629871
V33_POLICY_CONDITIONAL,REAL_CAPACITY_FHWA_MV1_2024_REGISTERED_AUTOMOBILES_AND_STI_V2_INTERSECTIONS,energy_kwh_eq,NO_VEHICLE_RULE_38,2027,38,0.23822700169264582,0.47645400338529165,0.9638548566882295
V33_POLICY_CONDITIONAL,REAL_CAPACITY_FHWA_MV1_2024_REGISTERED_AUTOMOBILES_AND_STI_V2_INTERSECTIONS,energy_kwh_eq,NO_VEHICLE_RULE_38,2028,38,0.23803768694677008,0.47607537389354015,0.9640893370227217
V33_POLICY_CONDITIONAL,REAL_CAPACITY_FHWA_MV1_2024_REGISTERED_AUTOMOBILES_AND_STI_V2_INTERSECTIONS,energy_kwh_eq,NO_VEHICLE_RULE_38,2029,38,0.23737747818892407,0.47475495637784815,0.963928062981044
V33_POLICY_CONDITIONAL,REAL_CAPACITY_FHWA_MV1_2024_REGISTERED_AUTOMOBILES_AND_STI_V2_INTERSECTIONS,energy_kwh_eq,NO_VEHICLE_RULE_38,2030,38,0.23678211215393347,0.47356422430786693,0.9638593399963705
V33_POLICY_CONDITIONAL,REAL_CAPACITY_FHWA_MV1_2024_REGISTERED_AUTOMOBILES_AND_STI_V2_INTERSECTIONS,energy_kwh_eq,NO_VEHICLE_RULE_38,2031,38,0.23575913326513517,0.47151826653027035,0.9627592874692248
V33_POLICY_CONDITIONAL,REAL_CAPACITY_FHWA_MV1_2024_REGISTERED_AUTOMOBILES_AND_STI_V2_INTERSECTIONS,energy_kwh_eq,NO_VEHICLE_RULE_38,2032,38,0.23620259099482543,0.47240518198965087,0.962283312322918
V33_POLICY_CONDITIONAL,REAL_CAPACITY_FHWA_MV1_2024_REGISTERED_AUTOMOBILES_AND_STI_V2_INTERSECTIONS,energy_kwh_eq,NO_VEHICLE_RULE_38,2033,38,0.2364368906657499,0.4728737813314998,0.9605541832655626
V33_POLICY_CONDITIONAL,REAL_CAPACITY_FHWA_MV1_2024_REGISTERED_AUTOMOBILES_AND_STI_V2_INTERSECTIONS,energy_kwh_eq,NO_VEHICLE_RULE_38,2034,38,0.2356531229138408,0.4713062458276816,0.9599399657334495
V33_POLICY_CONDITIONAL,REAL_CAPACITY_FHWA_MV1_2024_REGISTERED_AUTOMOBILES_AND_STI_V2_INTERSECTIONS,energy_kwh_eq,NO_VEHICLE_RULE_38,2035,38,0.23544841886221912,0.47089683772443824,0.9573722430314755
V33_POLICY_CONDITIONAL,REAL_CAPACITY_FHWA_MV1_2024_REGISTERED_AUTOMOBILES_AND_STI_V2_INTERSECTIONS,energy_kwh_eq,NO_VEHICLE_RULE_38,2036,38,0.2353902029180308,0.4707804058360616,0.9565408558864898
V33_POLICY_CONDITIONAL,REAL_CAPACITY_FHWA_MV1_2024_REGISTERED_AUTOMOBILES_AND_STI_V2_INTERSECTIONS,energy_kwh_eq,NO_VEHICLE_RULE_38,2037,38,0.23556463490474117,0.47112926980948233,0.9551947305572773
V33_POLICY_CONDITIONAL,REAL_CAPACITY_FHWA_MV1_2024_REGISTERED_AUTOMOBILES_AND_STI_V2_INTERSECTIONS,energy_kwh_eq,NO_VEHICLE_RULE_38,2038,38,0.23525019396249014,0.4705003879249803,0.9538812948045674
V33_POLICY_CONDITIONAL,REAL_CAPACITY_FHWA_MV1_2024_REGISTERED_AUTOMOBILES_AND_STI_V2_INTERSECTIONS,energy_kwh_eq,NO_VEHICLE_RULE_38,2039,38,0.23622310620503756,0.4724462124100751,0.9527188296019866
V33_POLICY_CONDITIONAL,REAL_CAPACITY_FHWA_MV1_2024_REGISTERED_AUTOMOBILES_AND_STI_V2_INTERSECTIONS,energy_kwh_eq,NO_VEHICLE_RULE_38,2040,38,0.23786481892302458,0.47572963784604916,0.9528245686725518
V33_POLICY_CONDITIONAL,REAL_CAPACITY_FHWA_MV1_2024_REGISTERED_AUTOMOBILES_AND_STI_V2_INTERSECTIONS,energy_kwh_eq,NO_VEHICLE_RULE_38,2041,38,0.23894161633585123,0.47788323267170246,0.9536042712753608
V33_POLICY_CONDITIONAL,REAL_CAPACITY_FHWA_MV1_2024_REGISTERED_AUTOMOBILES_AND_STI_V2_INTERSECTIONS,energy_kwh_eq,NO_VEHICLE_RULE_38,2042,38,0.2387994537858809,0.4775989075717618,0.9547320404894045
V33_POLICY_CONDITIONAL,REAL_CAPACITY_FHWA_MV1_2024_REGISTERED_AUTOMOBILES_AND_STI_V2_INTERSECTIONS,energy_kwh_eq,NO_VEHICLE_RULE_38,2043,38,0.23922644666244683,0.47845289332489366,0.9582292347659693
V33_POLICY_CONDITIONAL,REAL_CAPACITY_FHWA_MV1_2024_REGISTERED_AUTOMOBILES_AND_STI_V2_INTERSECTIONS,energy_kwh_eq,NO_VEHICLE_RULE_38,2044,38,0.2385907057793352,0.4771814115586704,0.9619970966415703
V33_POLICY_CONDITIONAL,REAL_CAPACITY_FHWA_MV1_2024_REGISTERED_AUTOMOBILES_AND_STI_V2_INTERSECTIONS,energy_kwh_eq,NO_VEHICLE_RULE_38,2045,38,0.23860242017090622,0.47720484034181243,0.9654760947773711
V33_POLICY_CONDITIONAL,REAL_CAPACITY_FHWA_MV1_2024_REGISTERED_AUTOMOBILES_AND_STI_V2_INTERSECTIONS,energy_kwh_eq,NO_VEHICLE_RULE_38,2046,38,0.23800592666599701,0.47601185333199403,0.9673515463215268
V33_POLICY_CONDITIONAL,REAL_CAPACITY_FHWA_MV1_2024_REGISTERED_AUTOMOBILES_AND_STI_V2_INTERSECTIONS,energy_kwh_eq,NO_VEHICLE_RULE_38,2047,38,0.23777904188190388,0.47555808376380776,0.968781458725843
V33_POLICY_CONDITIONAL,REAL_CAPACITY_FHWA_MV1_2024_REGISTERED_AUTOMOBILES_AND_STI_V2_INTERSECTIONS,energy_kwh_eq,NO_VEHICLE_RULE_38,2048,38,0.23759654179376638,0.47519308358753276,0.9691632700498254
V33_POLICY_CONDITIONAL,REAL_CAPACITY_FHWA_MV1_2024_REGISTERED_AUTOMOBILES_AND_STI_V2_INTERSECTIONS,energy_kwh_eq,NO_VEHICLE_RULE_38,2049,38,0.23723064937059501,0.47446129874119003,0.9699995584254154
V33_POLICY_CONDITIONAL,REAL_CAPACITY_FHWA_MV1_2024_REGISTERED_AUTOMOBILES_AND_STI_V2_INTERSECTIONS,energy_kwh_eq,NO_VEHICLE_RULE_38,2050,38,0.23708741558370156,0.4741748311674031,0.9704275875256134
V33_POLICY_CONDITIONAL,REAL_CAPACITY_FHWA_MV1_2024_REGISTERED_AUTOMOBILES_AND_STI_V2_INTERSECTIONS,energy_kwh_eq,NO_VEHICLE_RULE_38,2051,38,0.23686051178717266,0.4737210235743453,0.9705031651978393
V33_POLICY_CONDITIONAL,REAL_CAPACITY_FHWA_MV1_2024_REGISTERED_AUTOMOBILES_AND_STI_V2_INTERSECTIONS,energy_kwh_eq,NO_VEHICLE_RULE_38,2052,38,0.23649967632188496,0.4729993526437699,0.9703911381704007
V33_POLICY_CONDITIONAL,REAL_CAPACITY_FHWA_MV1_2024_REGISTERED_AUTOMOBILES_AND_STI_V2_INTERSECTIONS,energy_kwh_eq,NO_VEHICLE_RULE_38,2053,38,0.2368257315017608,0.4736514630035216,0.9705529096644714
V33_POLICY_CONDITIONAL,REAL_CAPACITY_FHWA_MV1_2024_REGISTERED_AUTOMOBILES_AND_STI_V2_INTERSECTIONS,energy_kwh_eq,NO_VEHICLE_RULE_38,2054,38,0.2358927108509235,0.471785421701847,0.970254979082219
V33_POLICY_CONDITIONAL,REAL_CAPACITY_FHWA_MV1_2024_REGISTERED_AUTOMOBILES_AND_STI_V2_INTERSECTIONS,energy_kwh_eq,NO_VEHICLE_RULE_38,2055,38,0.23579363398222664,0.47158726796445327,0.9702258965246484
V33_POLICY_CONDITIONAL,REAL_CAPACITY_FHWA_MV1_2024_REGISTERED_AUTOMOBILES_AND_STI_V2_INTERSECTIONS,energy_kwh_eq,NO_VEHICLE_RULE_38,2056,38,0.23524848652121635,0.4704969730424327,0.9702753557949941
V33_POLICY_CONDITIONAL,REAL_CAPACITY_FHWA_MV1_2024_REGISTERED_AUTOMOBILES_AND_STI_V2_INTERSECTIONS,energy_kwh_eq,NO_VEHICLE_RULE_38,2057,38,0.23492741612803258,0.46985483225606517,0.9705008894500149
V33_POLICY_CONDITIONAL,REAL_CAPACITY_FHWA_MV1_2024_REGISTERED_AUTOMOBILES_AND_STI_V2_INTERSECTIONS,energy_kwh_eq,NO_VEHICLE_RULE_38,2058,38,0.23510276775575248,0.47020553551150496,0.9703386629774696
V33_POLICY_CONDITIONAL,REAL_CAPACITY_FHWA_MV1_2024_REGISTERED_AUTOMOBILES_AND_STI_V2_INTERSECTIONS,energy_kwh_eq,NO_VEHICLE_RULE_38,2059,38,0.23513031471942497,0.47026062943884994,0.9702286585421689
V33_POLICY_CONDITIONAL,REAL_CAPACITY_FHWA_MV1_2024_REGISTERED_AUTOMOBILES_AND_STI_V2_INTERSECTIONS,energy_kwh_eq,NO_VEHICLE_RULE_38,2060,38,0.23531147532196578,0.47062295064393156,0.9699318813895326
V33_POLICY_CONDITIONAL,REAL_CAPACITY_FHWA_MV1_2024_REGISTERED_AUTOMOBILES_AND_STI_V2_INTERSECTIONS,energy_kwh_eq,NO_VEHICLE_RULE_38,2061,38,0.23552328897880856,0.4710465779576171,0.9701646710699663
V33_POLICY_CONDITIONAL,REAL_CAPACITY_FHWA_MV1_2024_REGISTERED_AUTOMOBILES_AND_STI_V2_INTERSECTIONS,energy_kwh_eq,NO_VEHICLE_RULE_38,2062,38,0.2356543026583437,0.4713086053166874,0.9703554375342229
V33_POLICY_CONDITIONAL,REAL_CAPACITY_FHWA_MV1_2024_REGISTERED_AUTOMOBILES_AND_STI_V2_INTERSECTIONS,energy_kwh_eq,NO_VEHICLE_RULE_38,2063,38,0.23510539788236362,0.47021079576472724,0.9698800051878038
V33_POLICY_CONDITIONAL,REAL_CAPACITY_FHWA_MV1_2024_REGISTERED_AUTOMOBILES_AND_STI_V2_INTERSECTIONS,energy_kwh_eq,NO_VEHICLE_RULE_38,2064,38,0.23495704607347911,0.46991409214695823,0.9700429938198499
V33_POLICY_CONDITIONAL,REAL_CAPACITY_FHWA_MV1_2024_REGISTERED_AUTOMOBILES_AND_STI_V2_INTERSECTIONS,energy_kwh_eq,NO_VEHICLE_RULE_38,2065,38,0.23466172008134964,0.4693234401626993,0.970550170617825
V33_POLICY_CONDITIONAL,REAL_CAPACITY_FHWA_MV1_2024_REGISTERED_AUTOMOBILES_AND_STI_V2_INTERSECTIONS,energy_kwh_eq,NO_VEHICLE_RULE_38,2066,38,0.23377692836362401,0.46755385672724803,0.9708637273345195
V33_POLICY_CONDITIONAL,REAL_CAPACITY_FHWA_MV1_2024_REGISTERED_AUTOMOBILES_AND_STI_V2_INTERSECTIONS,energy_kwh_eq,NO_VEHICLE_RULE_38,2067,38,0.23310808676640304,0.4662161735328061,0.971079200911912
V33_POLICY_CONDITIONAL,REAL_CAPACITY_FHWA_MV1_2024_REGISTERED_AUTOMOBILES_AND_STI_V2_INTERSECTIONS,energy_kwh_eq,NO_VEHICLE_RULE_38,2068,38,0.23269490296102938,0.46538980592205875,0.9709630031614426
V33_POLICY_CONDITIONAL,REAL_CAPACITY_FHWA_MV1_2024_REGISTERED_AUTOMOBILES_AND_STI_V2_INTERSECTIONS,energy_kwh_eq,NO_VEHICLE_RULE_38,2069,38,0.2328368957413277,0.4656737914826554,0.9705526087419698
V33_POLICY_CONDITIONAL,REAL_CAPACITY_FHWA_MV1_2024_REGISTERED_AUTOMOBILES_AND_STI_V2_INTERSECTIONS,energy_kwh_eq,NO_VEHICLE_RULE_38,2070,38,0.23273107821344852,0.46546215642689703,0.9704867621303279
V33_POLICY_CONDITIONAL,REAL_CAPACITY_FHWA_MV1_2024_REGISTERED_AUTOMOBILES_AND_STI_V2_INTERSECTIONS,energy_kwh_eq,NO_VEHICLE_RULE_38,2071,38,0.23244637254552047,0.46489274509104095,0.9705542737735807
V33_POLICY_CONDITIONAL,REAL_CAPACITY_FHWA_MV1_2024_REGISTERED_AUTOMOBILES_AND_STI_V2_INTERSECTIONS,energy_kwh_eq,NO_VEHICLE_RULE_38,2072,38,0.23182779519900742,0.46365559039801485,0.9706310769056965
V33_POLICY_CONDITIONAL,REAL_CAPACITY_FHWA_MV1_2024_REGISTERED_AUTOMOBILES_AND_STI_V2_INTERSECTIONS,energy_kwh_eq,NO_VEHICLE_RULE_38,2073,38,0.2312701172359479,0.4625402344718958,0.9711316555429941
V33_POLICY_CONDITIONAL,REAL_CAPACITY_FHWA_MV1_2024_REGISTERED_AUTOMOBILES_AND_STI_V2_INTERSECTIONS,energy_kwh_eq,NO_VEHICLE_RULE_38,2074,38,0.231313153394281,0.462626306788562,0.9715096532107681
V33_POLICY_CONDITIONAL,REAL_CAPACITY_FHWA_MV1_2024_REGISTERED_AUTOMOBILES_AND_STI_V2_INTERSECTIONS,energy_kwh_eq,NO_VEHICLE_RULE_38,2075,38,0.2310767738489695,0.462153547697939,0.9715537432939956
V33_POLICY_CONDITIONAL,REAL_CAPACITY_FHWA_MV1_2024_REGISTERED_AUTOMOBILES_AND_STI_V2_INTERSECTIONS,energy_kwh_eq,ALL_51,2025,51,0.23875459476379765,0.4775091895275953,0.9642070546113232
V33_POLICY_CONDITIONAL,REAL_CAPACITY_FHWA_MV1_2024_REGISTERED_AUTOMOBILES_AND_STI_V2_INTERSECTIONS,energy_kwh_eq,ALL_51,2026,51,0.23848274516049042,0.47696549032098084,0.9640740451884835
V33_POLICY_CONDITIONAL,REAL_CAPACITY_FHWA_MV1_2024_REGISTERED_AUTOMOBILES_AND_STI_V2_INTERSECTIONS,energy_kwh_eq,ALL_51,2027,51,0.2380609007658702,0.4761218015317404,0.9639067522581198
V33_POLICY_CONDITIONAL,REAL_CAPACITY_FHWA_MV1_2024_REGISTERED_AUTOMOBILES_AND_STI_V2_INTERSECTIONS,energy_kwh_eq,ALL_51,2028,51,0.23788180090805736,0.4757636018161147,0.9641076948689837
V33_POLICY_CONDITIONAL,REAL_CAPACITY_FHWA_MV1_2024_REGISTERED_AUTOMOBILES_AND_STI_V2_INTERSECTIONS,energy_kwh_eq,ALL_51,2029,51,0.2371814740291754,0.4743629480583508,0.9640669058450614
V33_POLICY_CONDITIONAL,REAL_CAPACITY_FHWA_MV1_2024_REGISTERED_AUTOMOBILES_AND_STI_V2_INTERSECTIONS,energy_kwh_eq,ALL_51,2030,51,0.23660246034852325,0.4732049206970465,0.9639095769623045
V33_POLICY_CONDITIONAL,REAL_CAPACITY_FHWA_MV1_2024_REGISTERED_AUTOMOBILES_AND_STI_V2_INTERSECTIONS,energy_kwh_eq,ALL_51,2031,51,0.2355643112109491,0.4711286224218982,0.9628047804804893
V33_POLICY_CONDITIONAL,REAL_CAPACITY_FHWA_MV1_2024_REGISTERED_AUTOMOBILES_AND_STI_V2_INTERSECTIONS,energy_kwh_eq,ALL_51,2032,51,0.23600155383361435,0.4720031076672287,0.9623994690108056
V33_POLICY_CONDITIONAL,REAL_CAPACITY_FHWA_MV1_2024_REGISTERED_AUTOMOBILES_AND_STI_V2_INTERSECTIONS,energy_kwh_eq,ALL_51,2033,51,0.2362542122804444,0.4725084245608888,0.9606585195123224
V33_POLICY_CONDITIONAL,REAL_CAPACITY_FHWA_MV1_2024_REGISTERED_AUTOMOBILES_AND_STI_V2_INTERSECTIONS,energy_kwh_eq,ALL_51,2034,51,0.2354304044423198,0.4708608088846396,0.9599610012243012
V33_POLICY_CONDITIONAL,REAL_CAPACITY_FHWA_MV1_2024_REGISTERED_AUTOMOBILES_AND_STI_V2_INTERSECTIONS,energy_kwh_eq,ALL_51,2035,51,0.235140319810318,0.470280639620636,0.9573992135688447
V33_POLICY_CONDITIONAL,REAL_CAPACITY_FHWA_MV1_2024_REGISTERED_AUTOMOBILES_AND_STI_V2_INTERSECTIONS,energy_kwh_eq,ALL_51,2036,51,0.23523851206099372,0.47047702412198744,0.9565746149320343
V33_POLICY_CONDITIONAL,REAL_CAPACITY_FHWA_MV1_2024_REGISTERED_AUTOMOBILES_AND_STI_V2_INTERSECTIONS,energy_kwh_eq,ALL_51,2037,51,0.23512896501101255,0.4702579300220251,0.9552060134694972
V33_POLICY_CONDITIONAL,REAL_CAPACITY_FHWA_MV1_2024_REGISTERED_AUTOMOBILES_AND_STI_V2_INTERSECTIONS,energy_kwh_eq,ALL_51,2038,51,0.23515109216546815,0.4703021843309363,0.9539097550996088
V33_POLICY_CONDITIONAL,REAL_CAPACITY_FHWA_MV1_2024_REGISTERED_AUTOMOBILES_AND_STI_V2_INTERSECTIONS,energy_kwh_eq,ALL_51,2039,51,0.23600540461927955,0.4720108092385591,0.9528104881159979
V33_POLICY_CONDITIONAL,REAL_CAPACITY_FHWA_MV1_2024_REGISTERED_AUTOMOBILES_AND_STI_V2_INTERSECTIONS,energy_kwh_eq,ALL_51,2040,51,0.2376662437464784,0.4753324874929568,0.9528441421159879
V33_POLICY_CONDITIONAL,REAL_CAPACITY_FHWA_MV1_2024_REGISTERED_AUTOMOBILES_AND_STI_V2_INTERSECTIONS,energy_kwh_eq,ALL_51,2041,51,0.23865285546656123,0.47730571093312246,0.9538222965419207
V33_POLICY_CONDITIONAL,REAL_CAPACITY_FHWA_MV1_2024_REGISTERED_AUTOMOBILES_AND_STI_V2_INTERSECTIONS,energy_kwh_eq,ALL_51,2042,51,0.2388602153866041,0.4777204307732082,0.9547994046361339
V33_POLICY_CONDITIONAL,REAL_CAPACITY_FHWA_MV1_2024_REGISTERED_AUTOMOBILES_AND_STI_V2_INTERSECTIONS,energy_kwh_eq,ALL_51,2043,51,0.2393139247489933,0.4786278494979866,0.9583884006682757
V33_POLICY_CONDITIONAL,REAL_CAPACITY_FHWA_MV1_2024_REGISTERED_AUTOMOBILES_AND_STI_V2_INTERSECTIONS,energy_kwh_eq,ALL_51,2044,51,0.23865316602395628,0.47730633204791256,0.9620534012175961
V33_POLICY_CONDITIONAL,REAL_CAPACITY_FHWA_MV1_2024_REGISTERED_AUTOMOBILES_AND_STI_V2_INTERSECTIONS,energy_kwh_eq,ALL_51,2045,51,0.23868225169931234,0.4773645033986247,0.9655627887379792
V33_POLICY_CONDITIONAL,REAL_CAPACITY_FHWA_MV1_2024_REGISTERED_AUTOMOBILES_AND_STI_V2_INTERSECTIONS,energy_kwh_eq,ALL_51,2046,51,0.23806687058614182,0.47613374117228363,0.9675281148781368
V33_POLICY_CONDITIONAL,REAL_CAPACITY_FHWA_MV1_2024_REGISTERED_AUTOMOBILES_AND_STI_V2_INTERSECTIONS,energy_kwh_eq,ALL_51,2047,51,0.23790189172437512,0.47580378344875024,0.9688766439286259
V33_POLICY_CONDITIONAL,REAL_CAPACITY_FHWA_MV1_2024_REGISTERED_AUTOMOBILES_AND_STI_V2_INTERSECTIONS,energy_kwh_eq,ALL_51,2048,51,0.2377003969957651,0.4754007939915302,0.9693613434466977
V33_POLICY_CONDITIONAL,REAL_CAPACITY_FHWA_MV1_2024_REGISTERED_AUTOMOBILES_AND_STI_V2_INTERSECTIONS,energy_kwh_eq,ALL_51,2049,51,0.23733218854106305,0.4746643770821261,0.9700566262276337
V33_POLICY_CONDITIONAL,REAL_CAPACITY_FHWA_MV1_2024_REGISTERED_AUTOMOBILES_AND_STI_V2_INTERSECTIONS,energy_kwh_eq,ALL_51,2050,51,0.23733640382897864,0.4746728076579573,0.970533978285014
V33_POLICY_CONDITIONAL,REAL_CAPACITY_FHWA_MV1_2024_REGISTERED_AUTOMOBILES_AND_STI_V2_INTERSECTIONS,energy_kwh_eq,ALL_51,2051,51,0.2371600885772588,0.4743201771545176,0.970572420759963
V33_POLICY_CONDITIONAL,REAL_CAPACITY_FHWA_MV1_2024_REGISTERED_AUTOMOBILES_AND_STI_V2_INTERSECTIONS,energy_kwh_eq,ALL_51,2052,51,0.23671714832142235,0.4734342966428447,0.9704589571737187
V33_POLICY_CONDITIONAL,REAL_CAPACITY_FHWA_MV1_2024_REGISTERED_AUTOMOBILES_AND_STI_V2_INTERSECTIONS,energy_kwh_eq,ALL_51,2053,51,0.23708134976608594,0.4741626995321719,0.9706341104157997
V33_POLICY_CONDITIONAL,REAL_CAPACITY_FHWA_MV1_2024_REGISTERED_AUTOMOBILES_AND_STI_V2_INTERSECTIONS,energy_kwh_eq,ALL_51,2054,51,0.23608807702523274,0.4721761540504655,0.9704097150071801
V33_POLICY_CONDITIONAL,REAL_CAPACITY_FHWA_MV1_2024_REGISTERED_AUTOMOBILES_AND_STI_V2_INTERSECTIONS,energy_kwh_eq,ALL_51,2055,51,0.2360019321812148,0.4720038643624296,0.9704224815664826
V33_POLICY_CONDITIONAL,REAL_CAPACITY_FHWA_MV1_2024_REGISTERED_AUTOMOBILES_AND_STI_V2_INTERSECTIONS,energy_kwh_eq,ALL_51,2056,51,0.23537353835531544,0.4707470767106309,0.9703382577253905
V33_POLICY_CONDITIONAL,REAL_CAPACITY_FHWA_MV1_2024_REGISTERED_AUTOMOBILES_AND_STI_V2_INTERSECTIONS,energy_kwh_eq,ALL_51,2057,51,0.23511510976580385,0.4702302195316077,0.970575426804791
V33_POLICY_CONDITIONAL,REAL_CAPACITY_FHWA_MV1_2024_REGISTERED_AUTOMOBILES_AND_STI_V2_INTERSECTIONS,energy_kwh_eq,ALL_51,2058,51,0.2351852597715902,0.4703705195431804,0.9704776059142659
V33_POLICY_CONDITIONAL,REAL_CAPACITY_FHWA_MV1_2024_REGISTERED_AUTOMOBILES_AND_STI_V2_INTERSECTIONS,energy_kwh_eq,ALL_51,2059,51,0.23521702454926757,0.47043404909853515,0.970321526566964
V33_POLICY_CONDITIONAL,REAL_CAPACITY_FHWA_MV1_2024_REGISTERED_AUTOMOBILES_AND_STI_V2_INTERSECTIONS,energy_kwh_eq,ALL_51,2060,51,0.23542892865015666,0.4708578573003133,0.9701457117778943
V33_POLICY_CONDITIONAL,REAL_CAPACITY_FHWA_MV1_2024_REGISTERED_AUTOMOBILES_AND_STI_V2_INTERSECTIONS,energy_kwh_eq,ALL_51,2061,51,0.23563670195933087,0.47127340391866174,0.9702047324842825
V33_POLICY_CONDITIONAL,REAL_CAPACITY_FHWA_MV1_2024_REGISTERED_AUTOMOBILES_AND_STI_V2_INTERSECTIONS,energy_kwh_eq,ALL_51,2062,51,0.23576834576701503,0.47153669153403005,0.9704830619154469
V33_POLICY_CONDITIONAL,REAL_CAPACITY_FHWA_MV1_2024_REGISTERED_AUTOMOBILES_AND_STI_V2_INTERSECTIONS,energy_kwh_eq,ALL_51,2063,51,0.23520593799582187,0.47041187599164375,0.9698901356191999
V33_POLICY_CONDITIONAL,REAL_CAPACITY_FHWA_MV1_2024_REGISTERED_AUTOMOBILES_AND_STI_V2_INTERSECTIONS,energy_kwh_eq,ALL_51,2064,51,0.23507697439701875,0.4701539487940375,0.9700554499832321
V33_POLICY_CONDITIONAL,REAL_CAPACITY_FHWA_MV1_2024_REGISTERED_AUTOMOBILES_AND_STI_V2_INTERSECTIONS,energy_kwh_eq,ALL_51,2065,51,0.23488626578009483,0.46977253156018967,0.9706046386173273
V33_POLICY_CONDITIONAL,REAL_CAPACITY_FHWA_MV1_2024_REGISTERED_AUTOMOBILES_AND_STI_V2_INTERSECTIONS,energy_kwh_eq,ALL_51,2066,51,0.23409233274580427,0.46818466549160853,0.9709650827666557
V33_POLICY_CONDITIONAL,REAL_CAPACITY_FHWA_MV1_2024_REGISTERED_AUTOMOBILES_AND_STI_V2_INTERSECTIONS,energy_kwh_eq,ALL_51,2067,51,0.23323054258276094,0.46646108516552187,0.9711189407076819
V33_POLICY_CONDITIONAL,REAL_CAPACITY_FHWA_MV1_2024_REGISTERED_AUTOMOBILES_AND_STI_V2_INTERSECTIONS,energy_kwh_eq,ALL_51,2068,51,0.2328235900299273,0.4656471800598546,0.9710094742593025
V33_POLICY_CONDITIONAL,REAL_CAPACITY_FHWA_MV1_2024_REGISTERED_AUTOMOBILES_AND_STI_V2_INTERSECTIONS,energy_kwh_eq,ALL_51,2069,51,0.23294215310537913,0.46588430621075827,0.9706213334846594
V33_POLICY_CONDITIONAL,REAL_CAPACITY_FHWA_MV1_2024_REGISTERED_AUTOMOBILES_AND_STI_V2_INTERSECTIONS,energy_kwh_eq,ALL_51,2070,51,0.23278381826241137,0.46556763652482275,0.9705378402631527
V33_POLICY_CONDITIONAL,REAL_CAPACITY_FHWA_MV1_2024_REGISTERED_AUTOMOBILES_AND_STI_V2_INTERSECTIONS,energy_kwh_eq,ALL_51,2071,51,0.2325383913954367,0.4650767827908734,0.9706712047603508
V33_POLICY_CONDITIONAL,REAL_CAPACITY_FHWA_MV1_2024_REGISTERED_AUTOMOBILES_AND_STI_V2_INTERSECTIONS,energy_kwh_eq,ALL_51,2072,51,0.23204765254260334,0.4640953050852067,0.9706767164833972
V33_POLICY_CONDITIONAL,REAL_CAPACITY_FHWA_MV1_2024_REGISTERED_AUTOMOBILES_AND_STI_V2_INTERSECTIONS,energy_kwh_eq,ALL_51,2073,51,0.23137845146074032,0.46275690292148064,0.971162022714653
V33_POLICY_CONDITIONAL,REAL_CAPACITY_FHWA_MV1_2024_REGISTERED_AUTOMOBILES_AND_STI_V2_INTERSECTIONS,energy_kwh_eq,ALL_51,2074,51,0.23144418573532916,0.4628883714706583,0.9716220493909514
V33_POLICY_CONDITIONAL,REAL_CAPACITY_FHWA_MV1_2024_REGISTERED_AUTOMOBILES_AND_STI_V2_INTERSECTIONS,energy_kwh_eq,ALL_51,2075,51,0.23119376970408254,0.46238753940816507,0.9716150777876807
V33_POLICY_CONDITIONAL,REAL_CAPACITY_FHWA_MV1_2024_REGISTERED_AUTOMOBILES_AND_STI_V2_INTERSECTIONS,direct_co2_kg,FULL_SCHEDULE_10,2025,10,0.23857506655569416,0.4771501331113883,0.9640115047419342
V33_POLICY_CONDITIONAL,REAL_CAPACITY_FHWA_MV1_2024_REGISTERED_AUTOMOBILES_AND_STI_V2_INTERSECTIONS,direct_co2_kg,FULL_SCHEDULE_10,2026,10,0.23713242333396967,0.47426484666793933,0.9720278695692497
V33_POLICY_CONDITIONAL,REAL_CAPACITY_FHWA_MV1_2024_REGISTERED_AUTOMOBILES_AND_STI_V2_INTERSECTIONS,direct_co2_kg,FULL_SCHEDULE_10,2027,10,0.23585280071690712,0.47170560143381424,0.9772203624239321
V33_POLICY_CONDITIONAL,REAL_CAPACITY_FHWA_MV1_2024_REGISTERED_AUTOMOBILES_AND_STI_V2_INTERSECTIONS,direct_co2_kg,FULL_SCHEDULE_10,2028,10,0.2361943835357449,0.4723887670714898,0.9788208016974923
V33_POLICY_CONDITIONAL,REAL_CAPACITY_FHWA_MV1_2024_REGISTERED_AUTOMOBILES_AND_STI_V2_INTERSECTIONS,direct_co2_kg,FULL_SCHEDULE_10,2029,10,0.23764112371819546,0.4752822474363909,0.9802593581955508
V33_POLICY_CONDITIONAL,REAL_CAPACITY_FHWA_MV1_2024_REGISTERED_AUTOMOBILES_AND_STI_V2_INTERSECTIONS,direct_co2_kg,FULL_SCHEDULE_10,2030,10,0.23613870850730123,0.47227741701460246,0.9805761842283329
V33_POLICY_CONDITIONAL,REAL_CAPACITY_FHWA_MV1_2024_REGISTERED_AUTOMOBILES_AND_STI_V2_INTERSECTIONS,direct_co2_kg,FULL_SCHEDULE_10,2031,10,0.2375825405262274,0.4751650810524548,0.984658702897228
V33_POLICY_CONDITIONAL,REAL_CAPACITY_FHWA_MV1_2024_REGISTERED_AUTOMOBILES_AND_STI_V2_INTERSECTIONS,direct_co2_kg,FULL_SCHEDULE_10,2032,10,0.2391631711988942,0.4783263423977884,0.9859652354211708
V33_POLICY_CONDITIONAL,REAL_CAPACITY_FHWA_MV1_2024_REGISTERED_AUTOMOBILES_AND_STI_V2_INTERSECTIONS,direct_co2_kg,FULL_SCHEDULE_10,2033,10,0.24362531534324178,0.48725063068648355,0.9868081924697621
V33_POLICY_CONDITIONAL,REAL_CAPACITY_FHWA_MV1_2024_REGISTERED_AUTOMOBILES_AND_STI_V2_INTERSECTIONS,direct_co2_kg,FULL_SCHEDULE_10,2034,10,0.2479496432536258,0.4958992865072516,0.9873982867958899
V33_POLICY_CONDITIONAL,REAL_CAPACITY_FHWA_MV1_2024_REGISTERED_AUTOMOBILES_AND_STI_V2_INTERSECTIONS,direct_co2_kg,FULL_SCHEDULE_10,2035,10,0.25237377810951245,0.5047475562190249,0.9876718332407157
V33_POLICY_CONDITIONAL,REAL_CAPACITY_FHWA_MV1_2024_REGISTERED_AUTOMOBILES_AND_STI_V2_INTERSECTIONS,direct_co2_kg,FULL_SCHEDULE_10,2036,10,0.261987900408209,0.523975800816418,0.9887774455989944
V33_POLICY_CONDITIONAL,REAL_CAPACITY_FHWA_MV1_2024_REGISTERED_AUTOMOBILES_AND_STI_V2_INTERSECTIONS,direct_co2_kg,FULL_SCHEDULE_10,2037,10,0.279570595851733,0.559141191703466,0.9902387371837164
V33_POLICY_CONDITIONAL,REAL_CAPACITY_FHWA_MV1_2024_REGISTERED_AUTOMOBILES_AND_STI_V2_INTERSECTIONS,direct_co2_kg,FULL_SCHEDULE_10,2038,10,0.2972099526634111,0.5944199053268222,0.9886418105012175
V33_POLICY_CONDITIONAL,REAL_CAPACITY_FHWA_MV1_2024_REGISTERED_AUTOMOBILES_AND_STI_V2_INTERSECTIONS,direct_co2_kg,FULL_SCHEDULE_10,2039,10,0.31571348813302436,0.6314269762660487,0.9876070839009597
V33_POLICY_CONDITIONAL,REAL_CAPACITY_FHWA_MV1_2024_REGISTERED_AUTOMOBILES_AND_STI_V2_INTERSECTIONS,direct_co2_kg,FULL_SCHEDULE_10,2040,10,0.4089359761057467,0.8178719522114934,0.9880145961600253
V33_POLICY_CONDITIONAL,REAL_CAPACITY_FHWA_MV1_2024_REGISTERED_AUTOMOBILES_AND_STI_V2_INTERSECTIONS,direct_co2_kg,FULL_SCHEDULE_10,2041,10,0.4668842064778216,0.9337684129556432,0.9979969363764392
V33_POLICY_CONDITIONAL,REAL_CAPACITY_FHWA_MV1_2024_REGISTERED_AUTOMOBILES_AND_STI_V2_INTERSECTIONS,direct_co2_kg,FULL_SCHEDULE_10,2042,10,0.5447210197586319,1.0894420395172637,1.0204707428681943
V33_POLICY_CONDITIONAL,REAL_CAPACITY_FHWA_MV1_2024_REGISTERED_AUTOMOBILES_AND_STI_V2_INTERSECTIONS,direct_co2_kg,FULL_SCHEDULE_10,2043,10,0.6524214212450721,1.3048428424901442,1.0592236844563567
V33_POLICY_CONDITIONAL,REAL_CAPACITY_FHWA_MV1_2024_REGISTERED_AUTOMOBILES_AND_STI_V2_INTERSECTIONS,direct_co2_kg,FULL_SCHEDULE_10,2044,10,0.7827973390416303,1.5655946780832606,1.1017850764842396
V33_POLICY_CONDITIONAL,REAL_CAPACITY_FHWA_MV1_2024_REGISTERED_AUTOMOBILES_AND_STI_V2_INTERSECTIONS,direct_co2_kg,FULL_SCHEDULE_10,2045,10,1.0908082647366466,2.181616529473293,1.1807400476158945
V33_POLICY_CONDITIONAL,REAL_CAPACITY_FHWA_MV1_2024_REGISTERED_AUTOMOBILES_AND_STI_V2_INTERSECTIONS,direct_co2_kg,FULL_SCHEDULE_10,2046,10,1.3953763409591167,2.7907526819182333,1.273153487987291
V33_POLICY_CONDITIONAL,REAL_CAPACITY_FHWA_MV1_2024_REGISTERED_AUTOMOBILES_AND_STI_V2_INTERSECTIONS,direct_co2_kg,FULL_SCHEDULE_10,2047,10,1.8138850777908955,3.627770155581791,1.4148657514422025
V33_POLICY_CONDITIONAL,REAL_CAPACITY_FHWA_MV1_2024_REGISTERED_AUTOMOBILES_AND_STI_V2_INTERSECTIONS,direct_co2_kg,FULL_SCHEDULE_10,2048,10,2.394610801698147,4.789221603396294,1.6116662703792302
V33_POLICY_CONDITIONAL,REAL_CAPACITY_FHWA_MV1_2024_REGISTERED_AUTOMOBILES_AND_STI_V2_INTERSECTIONS,direct_co2_kg,FULL_SCHEDULE_10,2049,10,3.1996105579504093,6.3992211159008185,1.842176116668326
V33_POLICY_CONDITIONAL,REAL_CAPACITY_FHWA_MV1_2024_REGISTERED_AUTOMOBILES_AND_STI_V2_INTERSECTIONS,direct_co2_kg,FULL_SCHEDULE_10,2050,10,4.299972618434086,8.599945236868171,2.1360858535676512
V33_POLICY_CONDITIONAL,REAL_CAPACITY_FHWA_MV1_2024_REGISTERED_AUTOMOBILES_AND_STI_V2_INTERSECTIONS,direct_co2_kg,FULL_SCHEDULE_10,2051,10,5.8109260645338185,11.621852129067637,2.487572175871245
V33_POLICY_CONDITIONAL,REAL_CAPACITY_FHWA_MV1_2024_REGISTERED_AUTOMOBILES_AND_STI_V2_INTERSECTIONS,direct_co2_kg,FULL_SCHEDULE_10,2052,10,7.875371251174762,15.750742502349524,2.909371108801678
V33_POLICY_CONDITIONAL,REAL_CAPACITY_FHWA_MV1_2024_REGISTERED_AUTOMOBILES_AND_STI_V2_INTERSECTIONS,direct_co2_kg,FULL_SCHEDULE_10,2053,10,10.655243502373354,21.310487004746708,3.4185650000415047
V33_POLICY_CONDITIONAL,REAL_CAPACITY_FHWA_MV1_2024_REGISTERED_AUTOMOBILES_AND_STI_V2_INTERSECTIONS,direct_co2_kg,FULL_SCHEDULE_10,2054,10,14.446190779614877,28.892381559229754,4.024113414789455
V33_POLICY_CONDITIONAL,REAL_CAPACITY_FHWA_MV1_2024_REGISTERED_AUTOMOBILES_AND_STI_V2_INTERSECTIONS,direct_co2_kg,FULL_SCHEDULE_10,2055,10,19.593386201992274,39.18677240398455,4.763569999942675
V33_POLICY_CONDITIONAL,REAL_CAPACITY_FHWA_MV1_2024_REGISTERED_AUTOMOBILES_AND_STI_V2_INTERSECTIONS,direct_co2_kg,FULL_SCHEDULE_10,2056,10,26.66491365339448,53.32982730678896,5.58627961955548
V33_POLICY_CONDITIONAL,REAL_CAPACITY_FHWA_MV1_2024_REGISTERED_AUTOMOBILES_AND_STI_V2_INTERSECTIONS,direct_co2_kg,FULL_SCHEDULE_10,2057,10,36.52193240603489,73.04386481206978,6.616898320932128
V33_POLICY_CONDITIONAL,REAL_CAPACITY_FHWA_MV1_2024_REGISTERED_AUTOMOBILES_AND_STI_V2_INTERSECTIONS,direct_co2_kg,FULL_SCHEDULE_10,2058,10,49.95774314946844,99.91548629893688,7.738079813045028
V33_POLICY_CONDITIONAL,REAL_CAPACITY_FHWA_MV1_2024_REGISTERED_AUTOMOBILES_AND_STI_V2_INTERSECTIONS,direct_co2_kg,FULL_SCHEDULE_10,2059,10,68.359038016488,136.718076032976,9.111613948578045
V33_POLICY_CONDITIONAL,REAL_CAPACITY_FHWA_MV1_2024_REGISTERED_AUTOMOBILES_AND_STI_V2_INTERSECTIONS,direct_co2_kg,FULL_SCHEDULE_10,2060,10,93.43397555215802,186.86795110431603,10.723759017477471
V33_POLICY_CONDITIONAL,REAL_CAPACITY_FHWA_MV1_2024_REGISTERED_AUTOMOBILES_AND_STI_V2_INTERSECTIONS,direct_co2_kg,FULL_SCHEDULE_10,2061,10,127.99470690408955,255.9894138081791,12.609330102666245
V33_POLICY_CONDITIONAL,REAL_CAPACITY_FHWA_MV1_2024_REGISTERED_AUTOMOBILES_AND_STI_V2_INTERSECTIONS,direct_co2_kg,FULL_SCHEDULE_10,2062,10,175.02666049899403,350.05332099798807,14.76357252347304
V33_POLICY_CONDITIONAL,REAL_CAPACITY_FHWA_MV1_2024_REGISTERED_AUTOMOBILES_AND_STI_V2_INTERSECTIONS,direct_co2_kg,FULL_SCHEDULE_10,2063,10,238.6912006234357,477.3824012468714,17.18278240520256
V33_POLICY_CONDITIONAL,REAL_CAPACITY_FHWA_MV1_2024_REGISTERED_AUTOMOBILES_AND_STI_V2_INTERSECTIONS,direct_co2_kg,FULL_SCHEDULE_10,2064,10,325.7435735388972,651.4871470777944,20.171387683866215
V33_POLICY_CONDITIONAL,REAL_CAPACITY_FHWA_MV1_2024_REGISTERED_AUTOMOBILES_AND_STI_V2_INTERSECTIONS,direct_co2_kg,FULL_SCHEDULE_10,2065,10,443.41925415173614,886.8385083034723,23.684896541420702
V33_POLICY_CONDITIONAL,REAL_CAPACITY_FHWA_MV1_2024_REGISTERED_AUTOMOBILES_AND_STI_V2_INTERSECTIONS,direct_co2_kg,FULL_SCHEDULE_10,2066,10,601.8028080138629,1203.6056160277258,27.722840426236754
V33_POLICY_CONDITIONAL,REAL_CAPACITY_FHWA_MV1_2024_REGISTERED_AUTOMOBILES_AND_STI_V2_INTERSECTIONS,direct_co2_kg,FULL_SCHEDULE_10,2067,10,816.3556089156484,1632.7112178312968,32.46024509507397
V33_POLICY_CONDITIONAL,REAL_CAPACITY_FHWA_MV1_2024_REGISTERED_AUTOMOBILES_AND_STI_V2_INTERSECTIONS,direct_co2_kg,FULL_SCHEDULE_10,2068,10,1107.8867011305597,2215.7734022611194,37.73797835112164
V33_POLICY_CONDITIONAL,REAL_CAPACITY_FHWA_MV1_2024_REGISTERED_AUTOMOBILES_AND_STI_V2_INTERSECTIONS,direct_co2_kg,FULL_SCHEDULE_10,2069,10,1504.6746344228297,3009.3492688456595,43.94994635008227
V33_POLICY_CONDITIONAL,REAL_CAPACITY_FHWA_MV1_2024_REGISTERED_AUTOMOBILES_AND_STI_V2_INTERSECTIONS,direct_co2_kg,FULL_SCHEDULE_10,2070,10,2041.1981111084224,4082.3962222168448,51.099094719073
V33_POLICY_CONDITIONAL,REAL_CAPACITY_FHWA_MV1_2024_REGISTERED_AUTOMOBILES_AND_STI_V2_INTERSECTIONS,direct_co2_kg,FULL_SCHEDULE_10,2071,10,2765.2909011366974,5530.581802273395,59.21194867570009
V33_POLICY_CONDITIONAL,REAL_CAPACITY_FHWA_MV1_2024_REGISTERED_AUTOMOBILES_AND_STI_V2_INTERSECTIONS,direct_co2_kg,FULL_SCHEDULE_10,2072,10,3740.3675674817905,7480.735134963581,68.62148245083084
V33_POLICY_CONDITIONAL,REAL_CAPACITY_FHWA_MV1_2024_REGISTERED_AUTOMOBILES_AND_STI_V2_INTERSECTIONS,direct_co2_kg,FULL_SCHEDULE_10,2073,10,5050.885502821389,10101.771005642779,79.62184048657559
V33_POLICY_CONDITIONAL,REAL_CAPACITY_FHWA_MV1_2024_REGISTERED_AUTOMOBILES_AND_STI_V2_INTERSECTIONS,direct_co2_kg,FULL_SCHEDULE_10,2074,10,6799.684927599084,13599.369855198169,92.37255251238703
V33_POLICY_CONDITIONAL,REAL_CAPACITY_FHWA_MV1_2024_REGISTERED_AUTOMOBILES_AND_STI_V2_INTERSECTIONS,direct_co2_kg,FULL_SCHEDULE_10,2075,10,9134.70197182982,18269.40394365964,107.08976219874708
V33_POLICY_CONDITIONAL,REAL_CAPACITY_FHWA_MV1_2024_REGISTERED_AUTOMOBILES_AND_STI_V2_INTERSECTIONS,direct_co2_kg,CAPPED_82_MY2032_3,2025,3,0.23631833514329878,0.47263667028659756,0.9647536681240519
V33_POLICY_CONDITIONAL,REAL_CAPACITY_FHWA_MV1_2024_REGISTERED_AUTOMOBILES_AND_STI_V2_INTERSECTIONS,direct_co2_kg,CAPPED_82_MY2032_3,2026,3,0.23627856147500786,0.47255712295001573,0.964925948885141
V33_POLICY_CONDITIONAL,REAL_CAPACITY_FHWA_MV1_2024_REGISTERED_AUTOMOBILES_AND_STI_V2_INTERSECTIONS,direct_co2_kg,CAPPED_82_MY2032_3,2027,3,0.2320185588631085,0.464037117726217,0.9724637354470763
V33_POLICY_CONDITIONAL,REAL_CAPACITY_FHWA_MV1_2024_REGISTERED_AUTOMOBILES_AND_STI_V2_INTERSECTIONS,direct_co2_kg,CAPPED_82_MY2032_3,2028,3,0.23119887906532574,0.4623977581306515,0.9783074455617081
V33_POLICY_CONDITIONAL,REAL_CAPACITY_FHWA_MV1_2024_REGISTERED_AUTOMOBILES_AND_STI_V2_INTERSECTIONS,direct_co2_kg,CAPPED_82_MY2032_3,2029,3,0.23382045871549212,0.46764091743098424,0.9813444543443285
V33_POLICY_CONDITIONAL,REAL_CAPACITY_FHWA_MV1_2024_REGISTERED_AUTOMOBILES_AND_STI_V2_INTERSECTIONS,direct_co2_kg,CAPPED_82_MY2032_3,2030,3,0.23209236930725316,0.4641847386145063,0.9801726002808073
V33_POLICY_CONDITIONAL,REAL_CAPACITY_FHWA_MV1_2024_REGISTERED_AUTOMOBILES_AND_STI_V2_INTERSECTIONS,direct_co2_kg,CAPPED_82_MY2032_3,2031,3,0.23628037213046113,0.47256074426092226,0.9856816501721032
V33_POLICY_CONDITIONAL,REAL_CAPACITY_FHWA_MV1_2024_REGISTERED_AUTOMOBILES_AND_STI_V2_INTERSECTIONS,direct_co2_kg,CAPPED_82_MY2032_3,2032,3,0.2411797830047719,0.4823595660095438,0.9921115556374043
V33_POLICY_CONDITIONAL,REAL_CAPACITY_FHWA_MV1_2024_REGISTERED_AUTOMOBILES_AND_STI_V2_INTERSECTIONS,direct_co2_kg,CAPPED_82_MY2032_3,2033,3,0.24676696989036326,0.4935339397807265,0.9999991629488032
V33_POLICY_CONDITIONAL,REAL_CAPACITY_FHWA_MV1_2024_REGISTERED_AUTOMOBILES_AND_STI_V2_INTERSECTIONS,direct_co2_kg,CAPPED_82_MY2032_3,2034,3,0.2583170317311644,0.5166340634623288,1.001072717323997
V33_POLICY_CONDITIONAL,REAL_CAPACITY_FHWA_MV1_2024_REGISTERED_AUTOMOBILES_AND_STI_V2_INTERSECTIONS,direct_co2_kg,CAPPED_82_MY2032_3,2035,3,0.2680495141374193,0.5360990282748386,1.0023351900545878
V33_POLICY_CONDITIONAL,REAL_CAPACITY_FHWA_MV1_2024_REGISTERED_AUTOMOBILES_AND_STI_V2_INTERSECTIONS,direct_co2_kg,CAPPED_82_MY2032_3,2036,3,0.2735445617229299,0.5470891234458598,1.0035886674010983
V33_POLICY_CONDITIONAL,REAL_CAPACITY_FHWA_MV1_2024_REGISTERED_AUTOMOBILES_AND_STI_V2_INTERSECTIONS,direct_co2_kg,CAPPED_82_MY2032_3,2037,3,0.27887639184943314,0.5577527836988663,1.003507559589703
V33_POLICY_CONDITIONAL,REAL_CAPACITY_FHWA_MV1_2024_REGISTERED_AUTOMOBILES_AND_STI_V2_INTERSECTIONS,direct_co2_kg,CAPPED_82_MY2032_3,2038,3,0.2871513534127624,0.5743027068255248,1.001286979542306
V33_POLICY_CONDITIONAL,REAL_CAPACITY_FHWA_MV1_2024_REGISTERED_AUTOMOBILES_AND_STI_V2_INTERSECTIONS,direct_co2_kg,CAPPED_82_MY2032_3,2039,3,0.2962085991017241,0.5924171982034482,1.0021516867398563
V33_POLICY_CONDITIONAL,REAL_CAPACITY_FHWA_MV1_2024_REGISTERED_AUTOMOBILES_AND_STI_V2_INTERSECTIONS,direct_co2_kg,CAPPED_82_MY2032_3,2040,3,0.2569532774794163,0.5139065549588326,0.9893347344247009
V33_POLICY_CONDITIONAL,REAL_CAPACITY_FHWA_MV1_2024_REGISTERED_AUTOMOBILES_AND_STI_V2_INTERSECTIONS,direct_co2_kg,CAPPED_82_MY2032_3,2041,3,0.2603723878048937,0.5207447756097874,0.9940779884651751
V33_POLICY_CONDITIONAL,REAL_CAPACITY_FHWA_MV1_2024_REGISTERED_AUTOMOBILES_AND_STI_V2_INTERSECTIONS,direct_co2_kg,CAPPED_82_MY2032_3,2042,3,0.26595342113356424,0.5319068422671285,1.000227502902355
V33_POLICY_CONDITIONAL,REAL_CAPACITY_FHWA_MV1_2024_REGISTERED_AUTOMOBILES_AND_STI_V2_INTERSECTIONS,direct_co2_kg,CAPPED_82_MY2032_3,2043,3,0.27243974336955823,0.5448794867391165,1.0095444857460811
V33_POLICY_CONDITIONAL,REAL_CAPACITY_FHWA_MV1_2024_REGISTERED_AUTOMOBILES_AND_STI_V2_INTERSECTIONS,direct_co2_kg,CAPPED_82_MY2032_3,2044,3,0.27873937278883354,0.5574787455776671,1.0185572318572853
V33_POLICY_CONDITIONAL,REAL_CAPACITY_FHWA_MV1_2024_REGISTERED_AUTOMOBILES_AND_STI_V2_INTERSECTIONS,direct_co2_kg,CAPPED_82_MY2032_3,2045,3,0.3320566240734777,0.6641132481469554,1.0477850051182227
V33_POLICY_CONDITIONAL,REAL_CAPACITY_FHWA_MV1_2024_REGISTERED_AUTOMOBILES_AND_STI_V2_INTERSECTIONS,direct_co2_kg,CAPPED_82_MY2032_3,2046,3,0.33608051233408903,0.6721610246681781,1.0615847666078344
V33_POLICY_CONDITIONAL,REAL_CAPACITY_FHWA_MV1_2024_REGISTERED_AUTOMOBILES_AND_STI_V2_INTERSECTIONS,direct_co2_kg,CAPPED_82_MY2032_3,2047,3,0.3406958084868821,0.6813916169737642,1.0708424986209661
V33_POLICY_CONDITIONAL,REAL_CAPACITY_FHWA_MV1_2024_REGISTERED_AUTOMOBILES_AND_STI_V2_INTERSECTIONS,direct_co2_kg,CAPPED_82_MY2032_3,2048,3,0.3452421040934395,0.690484208186879,1.0767722943112576
V33_POLICY_CONDITIONAL,REAL_CAPACITY_FHWA_MV1_2024_REGISTERED_AUTOMOBILES_AND_STI_V2_INTERSECTIONS,direct_co2_kg,CAPPED_82_MY2032_3,2049,3,0.3470444450468946,0.6940888900937892,1.0826635294585658
V33_POLICY_CONDITIONAL,REAL_CAPACITY_FHWA_MV1_2024_REGISTERED_AUTOMOBILES_AND_STI_V2_INTERSECTIONS,direct_co2_kg,CAPPED_82_MY2032_3,2050,3,0.4514479120062488,0.9028958240124976,1.0852554735863336
V33_POLICY_CONDITIONAL,REAL_CAPACITY_FHWA_MV1_2024_REGISTERED_AUTOMOBILES_AND_STI_V2_INTERSECTIONS,direct_co2_kg,CAPPED_82_MY2032_3,2051,3,0.46426042993385014,0.9285208598677003,1.0892042488562363
V33_POLICY_CONDITIONAL,REAL_CAPACITY_FHWA_MV1_2024_REGISTERED_AUTOMOBILES_AND_STI_V2_INTERSECTIONS,direct_co2_kg,CAPPED_82_MY2032_3,2052,3,0.4778103995313316,0.9556207990626632,1.0927829548969903
V33_POLICY_CONDITIONAL,REAL_CAPACITY_FHWA_MV1_2024_REGISTERED_AUTOMOBILES_AND_STI_V2_INTERSECTIONS,direct_co2_kg,CAPPED_82_MY2032_3,2053,3,0.490223009078048,0.980446018156096,1.0937238229858537
V33_POLICY_CONDITIONAL,REAL_CAPACITY_FHWA_MV1_2024_REGISTERED_AUTOMOBILES_AND_STI_V2_INTERSECTIONS,direct_co2_kg,CAPPED_82_MY2032_3,2054,3,0.5041259867335653,1.0082519734671307,1.0950582735697072
V33_POLICY_CONDITIONAL,REAL_CAPACITY_FHWA_MV1_2024_REGISTERED_AUTOMOBILES_AND_STI_V2_INTERSECTIONS,direct_co2_kg,CAPPED_82_MY2032_3,2055,3,0.5190945270868408,1.0381890541736816,1.0976052595452999
V33_POLICY_CONDITIONAL,REAL_CAPACITY_FHWA_MV1_2024_REGISTERED_AUTOMOBILES_AND_STI_V2_INTERSECTIONS,direct_co2_kg,CAPPED_82_MY2032_3,2056,3,0.5338066251595996,1.0676132503191993,1.100413659043661
V33_POLICY_CONDITIONAL,REAL_CAPACITY_FHWA_MV1_2024_REGISTERED_AUTOMOBILES_AND_STI_V2_INTERSECTIONS,direct_co2_kg,CAPPED_82_MY2032_3,2057,3,0.5497326557753733,1.0994653115507467,1.1024652606118988
V33_POLICY_CONDITIONAL,REAL_CAPACITY_FHWA_MV1_2024_REGISTERED_AUTOMOBILES_AND_STI_V2_INTERSECTIONS,direct_co2_kg,CAPPED_82_MY2032_3,2058,3,0.5665085721295954,1.1330171442591908,1.105030711583733
V33_POLICY_CONDITIONAL,REAL_CAPACITY_FHWA_MV1_2024_REGISTERED_AUTOMOBILES_AND_STI_V2_INTERSECTIONS,direct_co2_kg,CAPPED_82_MY2032_3,2059,3,0.5894163568342958,1.1788327136685917,1.1072122586215893
V33_POLICY_CONDITIONAL,REAL_CAPACITY_FHWA_MV1_2024_REGISTERED_AUTOMOBILES_AND_STI_V2_INTERSECTIONS,direct_co2_kg,CAPPED_82_MY2032_3,2060,3,0.6090996948414668,1.2181993896829335,1.1105801564374758
V33_POLICY_CONDITIONAL,REAL_CAPACITY_FHWA_MV1_2024_REGISTERED_AUTOMOBILES_AND_STI_V2_INTERSECTIONS,direct_co2_kg,CAPPED_82_MY2032_3,2061,3,0.6348182515763078,1.2696365031526156,1.1129758066884496
V33_POLICY_CONDITIONAL,REAL_CAPACITY_FHWA_MV1_2024_REGISTERED_AUTOMOBILES_AND_STI_V2_INTERSECTIONS,direct_co2_kg,CAPPED_82_MY2032_3,2062,3,0.6597148553325102,1.3194297106650203,1.1176739516698464
V33_POLICY_CONDITIONAL,REAL_CAPACITY_FHWA_MV1_2024_REGISTERED_AUTOMOBILES_AND_STI_V2_INTERSECTIONS,direct_co2_kg,CAPPED_82_MY2032_3,2063,3,0.685718845073224,1.371437690146448,1.1202733730001109
V33_POLICY_CONDITIONAL,REAL_CAPACITY_FHWA_MV1_2024_REGISTERED_AUTOMOBILES_AND_STI_V2_INTERSECTIONS,direct_co2_kg,CAPPED_82_MY2032_3,2064,3,0.7140934815002647,1.4281869630005295,1.1251281399183202
V33_POLICY_CONDITIONAL,REAL_CAPACITY_FHWA_MV1_2024_REGISTERED_AUTOMOBILES_AND_STI_V2_INTERSECTIONS,direct_co2_kg,CAPPED_82_MY2032_3,2065,3,0.7508101250250814,1.5016202500501628,1.1299560270506097
V33_POLICY_CONDITIONAL,REAL_CAPACITY_FHWA_MV1_2024_REGISTERED_AUTOMOBILES_AND_STI_V2_INTERSECTIONS,direct_co2_kg,CAPPED_82_MY2032_3,2066,3,0.792469021735194,1.584938043470388,1.1343646208887128
V33_POLICY_CONDITIONAL,REAL_CAPACITY_FHWA_MV1_2024_REGISTERED_AUTOMOBILES_AND_STI_V2_INTERSECTIONS,direct_co2_kg,CAPPED_82_MY2032_3,2067,3,0.8309870693625783,1.6619741387251565,1.140406103221616
V33_POLICY_CONDITIONAL,REAL_CAPACITY_FHWA_MV1_2024_REGISTERED_AUTOMOBILES_AND_STI_V2_INTERSECTIONS,direct_co2_kg,CAPPED_82_MY2032_3,2068,3,0.8792290441897758,1.7584580883795515,1.1469882833396343
V33_POLICY_CONDITIONAL,REAL_CAPACITY_FHWA_MV1_2024_REGISTERED_AUTOMOBILES_AND_STI_V2_INTERSECTIONS,direct_co2_kg,CAPPED_82_MY2032_3,2069,3,0.9351717788565572,1.8703435577131144,1.1570830853032976
V33_POLICY_CONDITIONAL,REAL_CAPACITY_FHWA_MV1_2024_REGISTERED_AUTOMOBILES_AND_STI_V2_INTERSECTIONS,direct_co2_kg,CAPPED_82_MY2032_3,2070,3,1.0010273334323492,2.0020546668646984,1.1644143615994396
V33_POLICY_CONDITIONAL,REAL_CAPACITY_FHWA_MV1_2024_REGISTERED_AUTOMOBILES_AND_STI_V2_INTERSECTIONS,direct_co2_kg,CAPPED_82_MY2032_3,2071,3,1.0732691928838554,2.1465383857677107,1.1753046441205268
V33_POLICY_CONDITIONAL,REAL_CAPACITY_FHWA_MV1_2024_REGISTERED_AUTOMOBILES_AND_STI_V2_INTERSECTIONS,direct_co2_kg,CAPPED_82_MY2032_3,2072,3,1.160380859524814,2.320761719049628,1.189088486638915
V33_POLICY_CONDITIONAL,REAL_CAPACITY_FHWA_MV1_2024_REGISTERED_AUTOMOBILES_AND_STI_V2_INTERSECTIONS,direct_co2_kg,CAPPED_82_MY2032_3,2073,3,1.262685339891836,2.525370679783672,1.2008056642642064
V33_POLICY_CONDITIONAL,REAL_CAPACITY_FHWA_MV1_2024_REGISTERED_AUTOMOBILES_AND_STI_V2_INTERSECTIONS,direct_co2_kg,CAPPED_82_MY2032_3,2074,3,1.3859594170656833,2.7719188341313665,1.2197293960699407
V33_POLICY_CONDITIONAL,REAL_CAPACITY_FHWA_MV1_2024_REGISTERED_AUTOMOBILES_AND_STI_V2_INTERSECTIONS,direct_co2_kg,CAPPED_82_MY2032_3,2075,3,1.5394592851086968,3.0789185702173936,1.2421461562102591
V33_POLICY_CONDITIONAL,REAL_CAPACITY_FHWA_MV1_2024_REGISTERED_AUTOMOBILES_AND_STI_V2_INTERSECTIONS,direct_co2_kg,ADOPTING_13,2025,13,0.23854172899536452,0.47708345799072904,0.9640260506202
V33_POLICY_CONDITIONAL,REAL_CAPACITY_FHWA_MV1_2024_REGISTERED_AUTOMOBILES_AND_STI_V2_INTERSECTIONS,direct_co2_kg,ADOPTING_13,2026,13,0.23658297077793458,0.47316594155586916,0.9655716995290848
V33_POLICY_CONDITIONAL,REAL_CAPACITY_FHWA_MV1_2024_REGISTERED_AUTOMOBILES_AND_STI_V2_INTERSECTIONS,direct_co2_kg,ADOPTING_13,2027,13,0.23499692389666932,0.46999384779333864,0.9747082686205464
V33_POLICY_CONDITIONAL,REAL_CAPACITY_FHWA_MV1_2024_REGISTERED_AUTOMOBILES_AND_STI_V2_INTERSECTIONS,direct_co2_kg,ADOPTING_13,2028,13,0.23598555505669294,0.4719711101133859,0.9786979881332342
V33_POLICY_CONDITIONAL,REAL_CAPACITY_FHWA_MV1_2024_REGISTERED_AUTOMOBILES_AND_STI_V2_INTERSECTIONS,direct_co2_kg,ADOPTING_13,2029,13,0.23735023822635035,0.4747004764527007,0.981218755930988
V33_POLICY_CONDITIONAL,REAL_CAPACITY_FHWA_MV1_2024_REGISTERED_AUTOMOBILES_AND_STI_V2_INTERSECTIONS,direct_co2_kg,ADOPTING_13,2030,13,0.2348533374558558,0.4697066749117116,0.9801726002808073
V33_POLICY_CONDITIONAL,REAL_CAPACITY_FHWA_MV1_2024_REGISTERED_AUTOMOBILES_AND_STI_V2_INTERSECTIONS,direct_co2_kg,ADOPTING_13,2031,13,0.23692474903026378,0.47384949806052756,0.9850190901442633
V33_POLICY_CONDITIONAL,REAL_CAPACITY_FHWA_MV1_2024_REGISTERED_AUTOMOBILES_AND_STI_V2_INTERSECTIONS,direct_co2_kg,ADOPTING_13,2032,13,0.23946702681790263,0.47893405363580527,0.9862349145113849
V33_POLICY_CONDITIONAL,REAL_CAPACITY_FHWA_MV1_2024_REGISTERED_AUTOMOBILES_AND_STI_V2_INTERSECTIONS,direct_co2_kg,ADOPTING_13,2033,13,0.24386819585726605,0.4877363917145321,0.9875155351443762
V33_POLICY_CONDITIONAL,REAL_CAPACITY_FHWA_MV1_2024_REGISTERED_AUTOMOBILES_AND_STI_V2_INTERSECTIONS,direct_co2_kg,ADOPTING_13,2034,13,0.24866462931704023,0.49732925863408045,0.9874646697497332
V33_POLICY_CONDITIONAL,REAL_CAPACITY_FHWA_MV1_2024_REGISTERED_AUTOMOBILES_AND_STI_V2_INTERSECTIONS,direct_co2_kg,ADOPTING_13,2035,13,0.25424241018395644,0.5084848203679129,0.9885147582180444
V33_POLICY_CONDITIONAL,REAL_CAPACITY_FHWA_MV1_2024_REGISTERED_AUTOMOBILES_AND_STI_V2_INTERSECTIONS,direct_co2_kg,ADOPTING_13,2036,13,0.2637785618590358,0.5275571237180716,0.9904032268539474
V33_POLICY_CONDITIONAL,REAL_CAPACITY_FHWA_MV1_2024_REGISTERED_AUTOMOBILES_AND_STI_V2_INTERSECTIONS,direct_co2_kg,ADOPTING_13,2037,13,0.27887639184943314,0.5577527836988663,0.9906737321718491
V33_POLICY_CONDITIONAL,REAL_CAPACITY_FHWA_MV1_2024_REGISTERED_AUTOMOBILES_AND_STI_V2_INTERSECTIONS,direct_co2_kg,ADOPTING_13,2038,13,0.2871513534127624,0.5743027068255248,0.9889026418285112
V33_POLICY_CONDITIONAL,REAL_CAPACITY_FHWA_MV1_2024_REGISTERED_AUTOMOBILES_AND_STI_V2_INTERSECTIONS,direct_co2_kg,ADOPTING_13,2039,13,0.2962085991017241,0.5924171982034482,0.9903583926588639
V33_POLICY_CONDITIONAL,REAL_CAPACITY_FHWA_MV1_2024_REGISTERED_AUTOMOBILES_AND_STI_V2_INTERSECTIONS,direct_co2_kg,ADOPTING_13,2040,13,0.31575313790670695,0.6315062758134139,0.9880297714811994
V33_POLICY_CONDITIONAL,REAL_CAPACITY_FHWA_MV1_2024_REGISTERED_AUTOMOBILES_AND_STI_V2_INTERSECTIONS,direct_co2_kg,ADOPTING_13,2041,13,0.3342117082297476,0.6684234164594952,0.9979944835110867
V33_POLICY_CONDITIONAL,REAL_CAPACITY_FHWA_MV1_2024_REGISTERED_AUTOMOBILES_AND_STI_V2_INTERSECTIONS,direct_co2_kg,ADOPTING_13,2042,13,0.3587694346499871,0.7175388692999742,1.0203759549734561
V33_POLICY_CONDITIONAL,REAL_CAPACITY_FHWA_MV1_2024_REGISTERED_AUTOMOBILES_AND_STI_V2_INTERSECTIONS,direct_co2_kg,ADOPTING_13,2043,13,0.3898302138989409,0.7796604277978818,1.0586638510708455
V33_POLICY_CONDITIONAL,REAL_CAPACITY_FHWA_MV1_2024_REGISTERED_AUTOMOBILES_AND_STI_V2_INTERSECTIONS,direct_co2_kg,ADOPTING_13,2044,13,0.4227520568668125,0.845504113733625,1.0921106258095787
V33_POLICY_CONDITIONAL,REAL_CAPACITY_FHWA_MV1_2024_REGISTERED_AUTOMOBILES_AND_STI_V2_INTERSECTIONS,direct_co2_kg,ADOPTING_13,2045,13,1.0808590147438897,2.1617180294877794,1.1805466571570788
V33_POLICY_CONDITIONAL,REAL_CAPACITY_FHWA_MV1_2024_REGISTERED_AUTOMOBILES_AND_STI_V2_INTERSECTIONS,direct_co2_kg,ADOPTING_13,2046,13,1.3810434811179482,2.7620869622358963,1.2730447727116472
V33_POLICY_CONDITIONAL,REAL_CAPACITY_FHWA_MV1_2024_REGISTERED_AUTOMOBILES_AND_STI_V2_INTERSECTIONS,direct_co2_kg,ADOPTING_13,2047,13,1.793448246154485,3.58689649230897,1.4145046434357773
V33_POLICY_CONDITIONAL,REAL_CAPACITY_FHWA_MV1_2024_REGISTERED_AUTOMOBILES_AND_STI_V2_INTERSECTIONS,direct_co2_kg,ADOPTING_13,2048,13,2.368828207153811,4.737656414307622,1.6110726699617324
V33_POLICY_CONDITIONAL,REAL_CAPACITY_FHWA_MV1_2024_REGISTERED_AUTOMOBILES_AND_STI_V2_INTERSECTIONS,direct_co2_kg,ADOPTING_13,2049,13,3.1545633726757,6.3091267453514,1.8415077147747971
V33_POLICY_CONDITIONAL,REAL_CAPACITY_FHWA_MV1_2024_REGISTERED_AUTOMOBILES_AND_STI_V2_INTERSECTIONS,direct_co2_kg,ADOPTING_13,2050,13,4.244409302310926,8.488818604621851,2.1353192562902903
V33_POLICY_CONDITIONAL,REAL_CAPACITY_FHWA_MV1_2024_REGISTERED_AUTOMOBILES_AND_STI_V2_INTERSECTIONS,direct_co2_kg,ADOPTING_13,2051,13,5.738328618942487,11.476657237884973,2.486641529353767
V33_POLICY_CONDITIONAL,REAL_CAPACITY_FHWA_MV1_2024_REGISTERED_AUTOMOBILES_AND_STI_V2_INTERSECTIONS,direct_co2_kg,ADOPTING_13,2052,13,7.785021946726228,15.570043893452455,2.9083300658893694
V33_POLICY_CONDITIONAL,REAL_CAPACITY_FHWA_MV1_2024_REGISTERED_AUTOMOBILES_AND_STI_V2_INTERSECTIONS,direct_co2_kg,ADOPTING_13,2053,13,10.53496186729831,21.06992373459662,3.4174184737900903
V33_POLICY_CONDITIONAL,REAL_CAPACITY_FHWA_MV1_2024_REGISTERED_AUTOMOBILES_AND_STI_V2_INTERSECTIONS,direct_co2_kg,ADOPTING_13,2054,13,14.279652232919856,28.559304465839713,4.022693033112825
V33_POLICY_CONDITIONAL,REAL_CAPACITY_FHWA_MV1_2024_REGISTERED_AUTOMOBILES_AND_STI_V2_INTERSECTIONS,direct_co2_kg,ADOPTING_13,2055,13,19.37970029532594,38.75940059065188,4.761998735433533
V33_POLICY_CONDITIONAL,REAL_CAPACITY_FHWA_MV1_2024_REGISTERED_AUTOMOBILES_AND_STI_V2_INTERSECTIONS,direct_co2_kg,ADOPTING_13,2056,13,26.34387625432867,52.68775250865734,5.584263550835736
V33_POLICY_CONDITIONAL,REAL_CAPACITY_FHWA_MV1_2024_REGISTERED_AUTOMOBILES_AND_STI_V2_INTERSECTIONS,direct_co2_kg,ADOPTING_13,2057,13,36.019052361242814,72.03810472248563,6.614610150443354
V33_POLICY_CONDITIONAL,REAL_CAPACITY_FHWA_MV1_2024_REGISTERED_AUTOMOBILES_AND_STI_V2_INTERSECTIONS,direct_co2_kg,ADOPTING_13,2058,13,49.32106139089421,98.64212278178842,7.735331603737367
V33_POLICY_CONDITIONAL,REAL_CAPACITY_FHWA_MV1_2024_REGISTERED_AUTOMOBILES_AND_STI_V2_INTERSECTIONS,direct_co2_kg,ADOPTING_13,2059,13,67.42037044048624,134.84074088097248,9.111582844748892
V33_POLICY_CONDITIONAL,REAL_CAPACITY_FHWA_MV1_2024_REGISTERED_AUTOMOBILES_AND_STI_V2_INTERSECTIONS,direct_co2_kg,ADOPTING_13,2060,13,92.14433335294578,184.28866670589156,10.719854909649746
V33_POLICY_CONDITIONAL,REAL_CAPACITY_FHWA_MV1_2024_REGISTERED_AUTOMOBILES_AND_STI_V2_INTERSECTIONS,direct_co2_kg,ADOPTING_13,2061,13,126.23198603154627,252.46397206309254,12.604822422885505
V33_POLICY_CONDITIONAL,REAL_CAPACITY_FHWA_MV1_2024_REGISTERED_AUTOMOBILES_AND_STI_V2_INTERSECTIONS,direct_co2_kg,ADOPTING_13,2062,13,172.7168372659476,345.4336745318952,14.75827930718108
V33_POLICY_CONDITIONAL,REAL_CAPACITY_FHWA_MV1_2024_REGISTERED_AUTOMOBILES_AND_STI_V2_INTERSECTIONS,direct_co2_kg,ADOPTING_13,2063,13,235.42901160637814,470.8580232127563,17.178631214088856
V33_POLICY_CONDITIONAL,REAL_CAPACITY_FHWA_MV1_2024_REGISTERED_AUTOMOBILES_AND_STI_V2_INTERSECTIONS,direct_co2_kg,ADOPTING_13,2064,13,321.2989877087172,642.5979754174344,20.164166470793376
V33_POLICY_CONDITIONAL,REAL_CAPACITY_FHWA_MV1_2024_REGISTERED_AUTOMOBILES_AND_STI_V2_INTERSECTIONS,direct_co2_kg,ADOPTING_13,2065,13,437.5863707912252,875.1727415824504,23.676730689044177
V33_POLICY_CONDITIONAL,REAL_CAPACITY_FHWA_MV1_2024_REGISTERED_AUTOMOBILES_AND_STI_V2_INTERSECTIONS,direct_co2_kg,ADOPTING_13,2066,13,593.8654115285261,1187.7308230570522,27.712966540211983
V33_POLICY_CONDITIONAL,REAL_CAPACITY_FHWA_MV1_2024_REGISTERED_AUTOMOBILES_AND_STI_V2_INTERSECTIONS,direct_co2_kg,ADOPTING_13,2067,13,805.5871363685917,1611.1742727371834,32.449168165662456
V33_POLICY_CONDITIONAL,REAL_CAPACITY_FHWA_MV1_2024_REGISTERED_AUTOMOBILES_AND_STI_V2_INTERSECTIONS,direct_co2_kg,ADOPTING_13,2068,13,1092.9064769867089,2185.8129539734177,37.725243318552856
V33_POLICY_CONDITIONAL,REAL_CAPACITY_FHWA_MV1_2024_REGISTERED_AUTOMOBILES_AND_STI_V2_INTERSECTIONS,direct_co2_kg,ADOPTING_13,2069,13,1484.3433801034462,2968.6867602068924,43.934739813070095
V33_POLICY_CONDITIONAL,REAL_CAPACITY_FHWA_MV1_2024_REGISTERED_AUTOMOBILES_AND_STI_V2_INTERSECTIONS,direct_co2_kg,ADOPTING_13,2070,13,2013.6161644913514,4027.2323289827027,51.081591705600175
V33_POLICY_CONDITIONAL,REAL_CAPACITY_FHWA_MV1_2024_REGISTERED_AUTOMOBILES_AND_STI_V2_INTERSECTIONS,direct_co2_kg,ADOPTING_13,2071,13,2727.901296554269,5455.802593108538,59.19166256883672
V33_POLICY_CONDITIONAL,REAL_CAPACITY_FHWA_MV1_2024_REGISTERED_AUTOMOBILES_AND_STI_V2_INTERSECTIONS,direct_co2_kg,ADOPTING_13,2072,13,3689.7402809684727,7379.480561936945,68.5979628679054
V33_POLICY_CONDITIONAL,REAL_CAPACITY_FHWA_MV1_2024_REGISTERED_AUTOMOBILES_AND_STI_V2_INTERSECTIONS,direct_co2_kg,ADOPTING_13,2073,13,4982.421683902615,9964.84336780523,79.59488442083108
V33_POLICY_CONDITIONAL,REAL_CAPACITY_FHWA_MV1_2024_REGISTERED_AUTOMOBILES_AND_STI_V2_INTERSECTIONS,direct_co2_kg,ADOPTING_13,2074,13,6708.18916932106,13416.37833864212,92.34080792065413
V33_POLICY_CONDITIONAL,REAL_CAPACITY_FHWA_MV1_2024_REGISTERED_AUTOMOBILES_AND_STI_V2_INTERSECTIONS,direct_co2_kg,ADOPTING_13,2075,13,9011.423493121889,18022.846986243778,107.05243482760211
V33_POLICY_CONDITIONAL,REAL_CAPACITY_FHWA_MV1_2024_REGISTERED_AUTOMOBILES_AND_STI_V2_INTERSECTIONS,direct_co2_kg,NO_VEHICLE_RULE_38,2025,38,0.23838284148501043,0.47676568297002087,0.9640709093294889
V33_POLICY_CONDITIONAL,REAL_CAPACITY_FHWA_MV1_2024_REGISTERED_AUTOMOBILES_AND_STI_V2_INTERSECTIONS,direct_co2_kg,NO_VEHICLE_RULE_38,2026,38,0.2381838861335287,0.4763677722670574,0.9642935303487186
V33_POLICY_CONDITIONAL,REAL_CAPACITY_FHWA_MV1_2024_REGISTERED_AUTOMOBILES_AND_STI_V2_INTERSECTIONS,direct_co2_kg,NO_VEHICLE_RULE_38,2027,38,0.23798852588878522,0.47597705177757044,0.9642290117641137
V33_POLICY_CONDITIONAL,REAL_CAPACITY_FHWA_MV1_2024_REGISTERED_AUTOMOBILES_AND_STI_V2_INTERSECTIONS,direct_co2_kg,NO_VEHICLE_RULE_38,2028,38,0.2376383453867658,0.4752766907735316,0.9648100047476336
V33_POLICY_CONDITIONAL,REAL_CAPACITY_FHWA_MV1_2024_REGISTERED_AUTOMOBILES_AND_STI_V2_INTERSECTIONS,direct_co2_kg,NO_VEHICLE_RULE_38,2029,38,0.23704556592788711,0.47409113185577423,0.9644640347264974
V33_POLICY_CONDITIONAL,REAL_CAPACITY_FHWA_MV1_2024_REGISTERED_AUTOMOBILES_AND_STI_V2_INTERSECTIONS,direct_co2_kg,NO_VEHICLE_RULE_38,2030,38,0.23714987053314573,0.47429974106629147,0.9643525125722744
V33_POLICY_CONDITIONAL,REAL_CAPACITY_FHWA_MV1_2024_REGISTERED_AUTOMOBILES_AND_STI_V2_INTERSECTIONS,direct_co2_kg,NO_VEHICLE_RULE_38,2031,38,0.23710059023349256,0.4742011804669851,0.9638541872649277
V33_POLICY_CONDITIONAL,REAL_CAPACITY_FHWA_MV1_2024_REGISTERED_AUTOMOBILES_AND_STI_V2_INTERSECTIONS,direct_co2_kg,NO_VEHICLE_RULE_38,2032,38,0.23682093533952098,0.47364187067904195,0.9624126550240091
V33_POLICY_CONDITIONAL,REAL_CAPACITY_FHWA_MV1_2024_REGISTERED_AUTOMOBILES_AND_STI_V2_INTERSECTIONS,direct_co2_kg,NO_VEHICLE_RULE_38,2033,38,0.2379664544690162,0.4759329089380324,0.9614538714511898
V33_POLICY_CONDITIONAL,REAL_CAPACITY_FHWA_MV1_2024_REGISTERED_AUTOMOBILES_AND_STI_V2_INTERSECTIONS,direct_co2_kg,NO_VEHICLE_RULE_38,2034,38,0.23826926865898113,0.47653853731796225,0.9603003578037991
V33_POLICY_CONDITIONAL,REAL_CAPACITY_FHWA_MV1_2024_REGISTERED_AUTOMOBILES_AND_STI_V2_INTERSECTIONS,direct_co2_kg,NO_VEHICLE_RULE_38,2035,38,0.2379879038511612,0.4759758077023224,0.9587556430703337
V33_POLICY_CONDITIONAL,REAL_CAPACITY_FHWA_MV1_2024_REGISTERED_AUTOMOBILES_AND_STI_V2_INTERSECTIONS,direct_co2_kg,NO_VEHICLE_RULE_38,2036,38,0.23824173796610282,0.47648347593220564,0.9577295719273001
V33_POLICY_CONDITIONAL,REAL_CAPACITY_FHWA_MV1_2024_REGISTERED_AUTOMOBILES_AND_STI_V2_INTERSECTIONS,direct_co2_kg,NO_VEHICLE_RULE_38,2037,38,0.2386341158213883,0.4772682316427766,0.9569607380491416
V33_POLICY_CONDITIONAL,REAL_CAPACITY_FHWA_MV1_2024_REGISTERED_AUTOMOBILES_AND_STI_V2_INTERSECTIONS,direct_co2_kg,NO_VEHICLE_RULE_38,2038,38,0.2390064962215999,0.4780129924431998,0.9557869368865199
V33_POLICY_CONDITIONAL,REAL_CAPACITY_FHWA_MV1_2024_REGISTERED_AUTOMOBILES_AND_STI_V2_INTERSECTIONS,direct_co2_kg,NO_VEHICLE_RULE_38,2039,38,0.23962097904300497,0.47924195808600994,0.9552580861858121
V33_POLICY_CONDITIONAL,REAL_CAPACITY_FHWA_MV1_2024_REGISTERED_AUTOMOBILES_AND_STI_V2_INTERSECTIONS,direct_co2_kg,NO_VEHICLE_RULE_38,2040,38,0.24103066404475437,0.48206132808950874,0.9553434237778988
V33_POLICY_CONDITIONAL,REAL_CAPACITY_FHWA_MV1_2024_REGISTERED_AUTOMOBILES_AND_STI_V2_INTERSECTIONS,direct_co2_kg,NO_VEHICLE_RULE_38,2041,38,0.24222977501512086,0.4844595500302417,0.9563038824937484
V33_POLICY_CONDITIONAL,REAL_CAPACITY_FHWA_MV1_2024_REGISTERED_AUTOMOBILES_AND_STI_V2_INTERSECTIONS,direct_co2_kg,NO_VEHICLE_RULE_38,2042,38,0.24223246059801207,0.48446492119602413,0.9577274204466444
V33_POLICY_CONDITIONAL,REAL_CAPACITY_FHWA_MV1_2024_REGISTERED_AUTOMOBILES_AND_STI_V2_INTERSECTIONS,direct_co2_kg,NO_VEHICLE_RULE_38,2043,38,0.24245075097283364,0.4849015019456673,0.9601817114550257
V33_POLICY_CONDITIONAL,REAL_CAPACITY_FHWA_MV1_2024_REGISTERED_AUTOMOBILES_AND_STI_V2_INTERSECTIONS,direct_co2_kg,NO_VEHICLE_RULE_38,2044,38,0.2426719848358581,0.4853439696717162,0.9627820038646717
V33_POLICY_CONDITIONAL,REAL_CAPACITY_FHWA_MV1_2024_REGISTERED_AUTOMOBILES_AND_STI_V2_INTERSECTIONS,direct_co2_kg,NO_VEHICLE_RULE_38,2045,38,0.24342233099324745,0.4868446619864949,0.9649749311155752
V33_POLICY_CONDITIONAL,REAL_CAPACITY_FHWA_MV1_2024_REGISTERED_AUTOMOBILES_AND_STI_V2_INTERSECTIONS,direct_co2_kg,NO_VEHICLE_RULE_38,2046,38,0.24360280500328396,0.4872056100065679,0.9663239920908624
V33_POLICY_CONDITIONAL,REAL_CAPACITY_FHWA_MV1_2024_REGISTERED_AUTOMOBILES_AND_STI_V2_INTERSECTIONS,direct_co2_kg,NO_VEHICLE_RULE_38,2047,38,0.24362174146808468,0.48724348293616937,0.9676808572545199
V33_POLICY_CONDITIONAL,REAL_CAPACITY_FHWA_MV1_2024_REGISTERED_AUTOMOBILES_AND_STI_V2_INTERSECTIONS,direct_co2_kg,NO_VEHICLE_RULE_38,2048,38,0.2440551783085707,0.4881103566171414,0.968946009504493
V33_POLICY_CONDITIONAL,REAL_CAPACITY_FHWA_MV1_2024_REGISTERED_AUTOMOBILES_AND_STI_V2_INTERSECTIONS,direct_co2_kg,NO_VEHICLE_RULE_38,2049,38,0.24363073819764153,0.48726147639528306,0.9694489854146541
V33_POLICY_CONDITIONAL,REAL_CAPACITY_FHWA_MV1_2024_REGISTERED_AUTOMOBILES_AND_STI_V2_INTERSECTIONS,direct_co2_kg,NO_VEHICLE_RULE_38,2050,38,0.2426209169117295,0.485241833823459,0.9694564111909758
V33_POLICY_CONDITIONAL,REAL_CAPACITY_FHWA_MV1_2024_REGISTERED_AUTOMOBILES_AND_STI_V2_INTERSECTIONS,direct_co2_kg,NO_VEHICLE_RULE_38,2051,38,0.24320122436253336,0.4864024487250667,0.9695951093717388
V33_POLICY_CONDITIONAL,REAL_CAPACITY_FHWA_MV1_2024_REGISTERED_AUTOMOBILES_AND_STI_V2_INTERSECTIONS,direct_co2_kg,NO_VEHICLE_RULE_38,2052,38,0.24257314026888205,0.4851462805377641,0.9698957014208556
V33_POLICY_CONDITIONAL,REAL_CAPACITY_FHWA_MV1_2024_REGISTERED_AUTOMOBILES_AND_STI_V2_INTERSECTIONS,direct_co2_kg,NO_VEHICLE_RULE_38,2053,38,0.243052299561976,0.486104599123952,0.9695233575492451
V33_POLICY_CONDITIONAL,REAL_CAPACITY_FHWA_MV1_2024_REGISTERED_AUTOMOBILES_AND_STI_V2_INTERSECTIONS,direct_co2_kg,NO_VEHICLE_RULE_38,2054,38,0.24267628244194545,0.4853525648838909,0.9696297228825994
V33_POLICY_CONDITIONAL,REAL_CAPACITY_FHWA_MV1_2024_REGISTERED_AUTOMOBILES_AND_STI_V2_INTERSECTIONS,direct_co2_kg,NO_VEHICLE_RULE_38,2055,38,0.24268357335438157,0.48536714670876313,0.969159256129194
V33_POLICY_CONDITIONAL,REAL_CAPACITY_FHWA_MV1_2024_REGISTERED_AUTOMOBILES_AND_STI_V2_INTERSECTIONS,direct_co2_kg,NO_VEHICLE_RULE_38,2056,38,0.2417463931410384,0.4834927862820768,0.9687722799945331
V33_POLICY_CONDITIONAL,REAL_CAPACITY_FHWA_MV1_2024_REGISTERED_AUTOMOBILES_AND_STI_V2_INTERSECTIONS,direct_co2_kg,NO_VEHICLE_RULE_38,2057,38,0.24101250203030328,0.48202500406060655,0.9685224212578293
V33_POLICY_CONDITIONAL,REAL_CAPACITY_FHWA_MV1_2024_REGISTERED_AUTOMOBILES_AND_STI_V2_INTERSECTIONS,direct_co2_kg,NO_VEHICLE_RULE_38,2058,38,0.2414417590858627,0.4828835181717254,0.9683386839818611
V33_POLICY_CONDITIONAL,REAL_CAPACITY_FHWA_MV1_2024_REGISTERED_AUTOMOBILES_AND_STI_V2_INTERSECTIONS,direct_co2_kg,NO_VEHICLE_RULE_38,2059,38,0.24193319133667565,0.4838663826733513,0.9684603789751176
V33_POLICY_CONDITIONAL,REAL_CAPACITY_FHWA_MV1_2024_REGISTERED_AUTOMOBILES_AND_STI_V2_INTERSECTIONS,direct_co2_kg,NO_VEHICLE_RULE_38,2060,38,0.24197880423682747,0.48395760847365493,0.9682997690484634
V33_POLICY_CONDITIONAL,REAL_CAPACITY_FHWA_MV1_2024_REGISTERED_AUTOMOBILES_AND_STI_V2_INTERSECTIONS,direct_co2_kg,NO_VEHICLE_RULE_38,2061,38,0.24151048522972773,0.48302097045945547,0.9680259238364082
V33_POLICY_CONDITIONAL,REAL_CAPACITY_FHWA_MV1_2024_REGISTERED_AUTOMOBILES_AND_STI_V2_INTERSECTIONS,direct_co2_kg,NO_VEHICLE_RULE_38,2062,38,0.24139678359500452,0.48279356719000904,0.9678562289739552
V33_POLICY_CONDITIONAL,REAL_CAPACITY_FHWA_MV1_2024_REGISTERED_AUTOMOBILES_AND_STI_V2_INTERSECTIONS,direct_co2_kg,NO_VEHICLE_RULE_38,2063,38,0.24138469111302313,0.48276938222604626,0.9678635861638936
V33_POLICY_CONDITIONAL,REAL_CAPACITY_FHWA_MV1_2024_REGISTERED_AUTOMOBILES_AND_STI_V2_INTERSECTIONS,direct_co2_kg,NO_VEHICLE_RULE_38,2064,38,0.24048429171630656,0.4809685834326131,0.9679685451174408
V33_POLICY_CONDITIONAL,REAL_CAPACITY_FHWA_MV1_2024_REGISTERED_AUTOMOBILES_AND_STI_V2_INTERSECTIONS,direct_co2_kg,NO_VEHICLE_RULE_38,2065,38,0.23971566354956436,0.4794313270991287,0.9677765718007131
V33_POLICY_CONDITIONAL,REAL_CAPACITY_FHWA_MV1_2024_REGISTERED_AUTOMOBILES_AND_STI_V2_INTERSECTIONS,direct_co2_kg,NO_VEHICLE_RULE_38,2066,38,0.23898215059426398,0.47796430118852795,0.9679153437218341
V33_POLICY_CONDITIONAL,REAL_CAPACITY_FHWA_MV1_2024_REGISTERED_AUTOMOBILES_AND_STI_V2_INTERSECTIONS,direct_co2_kg,NO_VEHICLE_RULE_38,2067,38,0.23907587647800063,0.47815175295600126,0.968321491100378
V33_POLICY_CONDITIONAL,REAL_CAPACITY_FHWA_MV1_2024_REGISTERED_AUTOMOBILES_AND_STI_V2_INTERSECTIONS,direct_co2_kg,NO_VEHICLE_RULE_38,2068,38,0.23976139147206468,0.47952278294412937,0.9681437309561024
V33_POLICY_CONDITIONAL,REAL_CAPACITY_FHWA_MV1_2024_REGISTERED_AUTOMOBILES_AND_STI_V2_INTERSECTIONS,direct_co2_kg,NO_VEHICLE_RULE_38,2069,38,0.2399378214545187,0.4798756429090374,0.9684129604407538
V33_POLICY_CONDITIONAL,REAL_CAPACITY_FHWA_MV1_2024_REGISTERED_AUTOMOBILES_AND_STI_V2_INTERSECTIONS,direct_co2_kg,NO_VEHICLE_RULE_38,2070,38,0.23888607858825014,0.4777721571765003,0.9684424246698147
V33_POLICY_CONDITIONAL,REAL_CAPACITY_FHWA_MV1_2024_REGISTERED_AUTOMOBILES_AND_STI_V2_INTERSECTIONS,direct_co2_kg,NO_VEHICLE_RULE_38,2071,38,0.23817401839269142,0.47634803678538284,0.9684253020447727
V33_POLICY_CONDITIONAL,REAL_CAPACITY_FHWA_MV1_2024_REGISTERED_AUTOMOBILES_AND_STI_V2_INTERSECTIONS,direct_co2_kg,NO_VEHICLE_RULE_38,2072,38,0.23803184785500872,0.47606369571001744,0.968737925649018
V33_POLICY_CONDITIONAL,REAL_CAPACITY_FHWA_MV1_2024_REGISTERED_AUTOMOBILES_AND_STI_V2_INTERSECTIONS,direct_co2_kg,NO_VEHICLE_RULE_38,2073,38,0.23849469994825395,0.4769893998965079,0.9685289076106838
V33_POLICY_CONDITIONAL,REAL_CAPACITY_FHWA_MV1_2024_REGISTERED_AUTOMOBILES_AND_STI_V2_INTERSECTIONS,direct_co2_kg,NO_VEHICLE_RULE_38,2074,38,0.238673926969064,0.477347853938128,0.9684662974302785
V33_POLICY_CONDITIONAL,REAL_CAPACITY_FHWA_MV1_2024_REGISTERED_AUTOMOBILES_AND_STI_V2_INTERSECTIONS,direct_co2_kg,NO_VEHICLE_RULE_38,2075,38,0.23844017298308323,0.47688034596616646,0.9686861979046317
V33_POLICY_CONDITIONAL,REAL_CAPACITY_FHWA_MV1_2024_REGISTERED_AUTOMOBILES_AND_STI_V2_INTERSECTIONS,direct_co2_kg,ALL_51,2025,51,0.23846736140809818,0.47693472281619637,0.9640675418510842
V33_POLICY_CONDITIONAL,REAL_CAPACITY_FHWA_MV1_2024_REGISTERED_AUTOMOBILES_AND_STI_V2_INTERSECTIONS,direct_co2_kg,ALL_51,2026,51,0.2380159763528646,0.4760319527057292,0.9643963788651116
V33_POLICY_CONDITIONAL,REAL_CAPACITY_FHWA_MV1_2024_REGISTERED_AUTOMOBILES_AND_STI_V2_INTERSECTIONS,direct_co2_kg,ALL_51,2027,51,0.23780780112922065,0.4756156022584413,0.9644851786526045
V33_POLICY_CONDITIONAL,REAL_CAPACITY_FHWA_MV1_2024_REGISTERED_AUTOMOBILES_AND_STI_V2_INTERSECTIONS,direct_co2_kg,ALL_51,2028,51,0.23744540347955115,0.4748908069591023,0.9652420056992017
V33_POLICY_CONDITIONAL,REAL_CAPACITY_FHWA_MV1_2024_REGISTERED_AUTOMOBILES_AND_STI_V2_INTERSECTIONS,direct_co2_kg,ALL_51,2029,51,0.23704761955390913,0.47409523910781826,0.9649646891485797
V33_POLICY_CONDITIONAL,REAL_CAPACITY_FHWA_MV1_2024_REGISTERED_AUTOMOBILES_AND_STI_V2_INTERSECTIONS,direct_co2_kg,ALL_51,2030,51,0.2371274755484953,0.4742549510969906,0.9649430713998415
V33_POLICY_CONDITIONAL,REAL_CAPACITY_FHWA_MV1_2024_REGISTERED_AUTOMOBILES_AND_STI_V2_INTERSECTIONS,direct_co2_kg,ALL_51,2031,51,0.23707171279098588,0.47414342558197176,0.9642482642685865
V33_POLICY_CONDITIONAL,REAL_CAPACITY_FHWA_MV1_2024_REGISTERED_AUTOMOBILES_AND_STI_V2_INTERSECTIONS,direct_co2_kg,ALL_51,2032,51,0.23689295916557127,0.47378591833114253,0.9626284044342639
V33_POLICY_CONDITIONAL,REAL_CAPACITY_FHWA_MV1_2024_REGISTERED_AUTOMOBILES_AND_STI_V2_INTERSECTIONS,direct_co2_kg,ALL_51,2033,51,0.23834523455699919,0.47669046911399837,0.9619889269314004
V33_POLICY_CONDITIONAL,REAL_CAPACITY_FHWA_MV1_2024_REGISTERED_AUTOMOBILES_AND_STI_V2_INTERSECTIONS,direct_co2_kg,ALL_51,2034,51,0.23886649912627106,0.4777329982525421,0.9609185080512417
V33_POLICY_CONDITIONAL,REAL_CAPACITY_FHWA_MV1_2024_REGISTERED_AUTOMOBILES_AND_STI_V2_INTERSECTIONS,direct_co2_kg,ALL_51,2035,51,0.23876120709402354,0.4775224141880471,0.9602730225666067
V33_POLICY_CONDITIONAL,REAL_CAPACITY_FHWA_MV1_2024_REGISTERED_AUTOMOBILES_AND_STI_V2_INTERSECTIONS,direct_co2_kg,ALL_51,2036,51,0.23876274668646663,0.47752549337293326,0.9588488410939815
V33_POLICY_CONDITIONAL,REAL_CAPACITY_FHWA_MV1_2024_REGISTERED_AUTOMOBILES_AND_STI_V2_INTERSECTIONS,direct_co2_kg,ALL_51,2037,51,0.2393929629784504,0.4787859259569008,0.9580342792634223
V33_POLICY_CONDITIONAL,REAL_CAPACITY_FHWA_MV1_2024_REGISTERED_AUTOMOBILES_AND_STI_V2_INTERSECTIONS,direct_co2_kg,ALL_51,2038,51,0.2400875793896777,0.4801751587793554,0.956838066023862
V33_POLICY_CONDITIONAL,REAL_CAPACITY_FHWA_MV1_2024_REGISTERED_AUTOMOBILES_AND_STI_V2_INTERSECTIONS,direct_co2_kg,ALL_51,2039,51,0.24022531465005317,0.48045062930010635,0.9565714888338093
V33_POLICY_CONDITIONAL,REAL_CAPACITY_FHWA_MV1_2024_REGISTERED_AUTOMOBILES_AND_STI_V2_INTERSECTIONS,direct_co2_kg,ALL_51,2040,51,0.2414451100808407,0.4828902201616814,0.9570144260899558
V33_POLICY_CONDITIONAL,REAL_CAPACITY_FHWA_MV1_2024_REGISTERED_AUTOMOBILES_AND_STI_V2_INTERSECTIONS,direct_co2_kg,ALL_51,2041,51,0.243632097612738,0.487264195225476,0.9574575113302916
V33_POLICY_CONDITIONAL,REAL_CAPACITY_FHWA_MV1_2024_REGISTERED_AUTOMOBILES_AND_STI_V2_INTERSECTIONS,direct_co2_kg,ALL_51,2042,51,0.243626922366762,0.487253844733524,0.9596388687241776
V33_POLICY_CONDITIONAL,REAL_CAPACITY_FHWA_MV1_2024_REGISTERED_AUTOMOBILES_AND_STI_V2_INTERSECTIONS,direct_co2_kg,ALL_51,2043,51,0.24389864589842966,0.4877972917968593,0.961817371134655
V33_POLICY_CONDITIONAL,REAL_CAPACITY_FHWA_MV1_2024_REGISTERED_AUTOMOBILES_AND_STI_V2_INTERSECTIONS,direct_co2_kg,ALL_51,2044,51,0.24352885634700006,0.4870577126940001,0.9642694705091451
V33_POLICY_CONDITIONAL,REAL_CAPACITY_FHWA_MV1_2024_REGISTERED_AUTOMOBILES_AND_STI_V2_INTERSECTIONS,direct_co2_kg,ALL_51,2045,51,0.24436164525273305,0.4887232905054661,0.9665464907707262
V33_POLICY_CONDITIONAL,REAL_CAPACITY_FHWA_MV1_2024_REGISTERED_AUTOMOBILES_AND_STI_V2_INTERSECTIONS,direct_co2_kg,ALL_51,2046,51,0.24447086694039724,0.4889417338807945,0.968761839381516
V33_POLICY_CONDITIONAL,REAL_CAPACITY_FHWA_MV1_2024_REGISTERED_AUTOMOBILES_AND_STI_V2_INTERSECTIONS,direct_co2_kg,ALL_51,2047,51,0.24489153230975808,0.48978306461951615,0.9705492291347686
V33_POLICY_CONDITIONAL,REAL_CAPACITY_FHWA_MV1_2024_REGISTERED_AUTOMOBILES_AND_STI_V2_INTERSECTIONS,direct_co2_kg,ALL_51,2048,51,0.24541495092510912,0.49082990185021824,0.9717900285173743
V33_POLICY_CONDITIONAL,REAL_CAPACITY_FHWA_MV1_2024_REGISTERED_AUTOMOBILES_AND_STI_V2_INTERSECTIONS,direct_co2_kg,ALL_51,2049,51,0.2455498285081901,0.4910996570163802,0.972428975776355
V33_POLICY_CONDITIONAL,REAL_CAPACITY_FHWA_MV1_2024_REGISTERED_AUTOMOBILES_AND_STI_V2_INTERSECTIONS,direct_co2_kg,ALL_51,2050,51,0.2450204157157711,0.4900408314315422,0.9726277937377722
V33_POLICY_CONDITIONAL,REAL_CAPACITY_FHWA_MV1_2024_REGISTERED_AUTOMOBILES_AND_STI_V2_INTERSECTIONS,direct_co2_kg,ALL_51,2051,51,0.24474328832517958,0.48948657665035916,0.9730092010256706
V33_POLICY_CONDITIONAL,REAL_CAPACITY_FHWA_MV1_2024_REGISTERED_AUTOMOBILES_AND_STI_V2_INTERSECTIONS,direct_co2_kg,ALL_51,2052,51,0.24455606815178982,0.48911213630357964,0.9730430228487373
V33_POLICY_CONDITIONAL,REAL_CAPACITY_FHWA_MV1_2024_REGISTERED_AUTOMOBILES_AND_STI_V2_INTERSECTIONS,direct_co2_kg,ALL_51,2053,51,0.24465688586655884,0.4893137717331177,0.9732701987422305
V33_POLICY_CONDITIONAL,REAL_CAPACITY_FHWA_MV1_2024_REGISTERED_AUTOMOBILES_AND_STI_V2_INTERSECTIONS,direct_co2_kg,ALL_51,2054,51,0.24383120191759977,0.48766240383519954,0.9730618636358108
V33_POLICY_CONDITIONAL,REAL_CAPACITY_FHWA_MV1_2024_REGISTERED_AUTOMOBILES_AND_STI_V2_INTERSECTIONS,direct_co2_kg,ALL_51,2055,51,0.2438967429383697,0.4877934858767394,0.9729139147433291
V33_POLICY_CONDITIONAL,REAL_CAPACITY_FHWA_MV1_2024_REGISTERED_AUTOMOBILES_AND_STI_V2_INTERSECTIONS,direct_co2_kg,ALL_51,2056,51,0.24402595628865664,0.4880519125773133,0.9730628056017863
V33_POLICY_CONDITIONAL,REAL_CAPACITY_FHWA_MV1_2024_REGISTERED_AUTOMOBILES_AND_STI_V2_INTERSECTIONS,direct_co2_kg,ALL_51,2057,51,0.24387290753132013,0.48774581506264025,0.9728344466198986
V33_POLICY_CONDITIONAL,REAL_CAPACITY_FHWA_MV1_2024_REGISTERED_AUTOMOBILES_AND_STI_V2_INTERSECTIONS,direct_co2_kg,ALL_51,2058,51,0.24372953606684425,0.4874590721336885,0.9729557193504194
V33_POLICY_CONDITIONAL,REAL_CAPACITY_FHWA_MV1_2024_REGISTERED_AUTOMOBILES_AND_STI_V2_INTERSECTIONS,direct_co2_kg,ALL_51,2059,51,0.2435521039965158,0.4871042079930316,0.9729162198400086
V33_POLICY_CONDITIONAL,REAL_CAPACITY_FHWA_MV1_2024_REGISTERED_AUTOMOBILES_AND_STI_V2_INTERSECTIONS,direct_co2_kg,ALL_51,2060,51,0.24317702908586777,0.48635405817173555,0.9726483373701766
V33_POLICY_CONDITIONAL,REAL_CAPACITY_FHWA_MV1_2024_REGISTERED_AUTOMOBILES_AND_STI_V2_INTERSECTIONS,direct_co2_kg,ALL_51,2061,51,0.2428663915523553,0.4857327831047106,0.9722655514621621
V33_POLICY_CONDITIONAL,REAL_CAPACITY_FHWA_MV1_2024_REGISTERED_AUTOMOBILES_AND_STI_V2_INTERSECTIONS,direct_co2_kg,ALL_51,2062,51,0.24279713585086754,0.4855942717017351,0.9719232411032763
V33_POLICY_CONDITIONAL,REAL_CAPACITY_FHWA_MV1_2024_REGISTERED_AUTOMOBILES_AND_STI_V2_INTERSECTIONS,direct_co2_kg,ALL_51,2063,51,0.2424921648377369,0.4849843296754738,0.9716526875675459
V33_POLICY_CONDITIONAL,REAL_CAPACITY_FHWA_MV1_2024_REGISTERED_AUTOMOBILES_AND_STI_V2_INTERSECTIONS,direct_co2_kg,ALL_51,2064,51,0.24220108657289682,0.48440217314579365,0.9716369708112025
V33_POLICY_CONDITIONAL,REAL_CAPACITY_FHWA_MV1_2024_REGISTERED_AUTOMOBILES_AND_STI_V2_INTERSECTIONS,direct_co2_kg,ALL_51,2065,51,0.2429835428154315,0.485967085630863,0.9718330030586181
V33_POLICY_CONDITIONAL,REAL_CAPACITY_FHWA_MV1_2024_REGISTERED_AUTOMOBILES_AND_STI_V2_INTERSECTIONS,direct_co2_kg,ALL_51,2066,51,0.2421123037058303,0.4842246074116606,0.9716676551018169
V33_POLICY_CONDITIONAL,REAL_CAPACITY_FHWA_MV1_2024_REGISTERED_AUTOMOBILES_AND_STI_V2_INTERSECTIONS,direct_co2_kg,ALL_51,2067,51,0.24275591290943163,0.48551182581886326,0.9716687363419872
V33_POLICY_CONDITIONAL,REAL_CAPACITY_FHWA_MV1_2024_REGISTERED_AUTOMOBILES_AND_STI_V2_INTERSECTIONS,direct_co2_kg,ALL_51,2068,51,0.24347211265285057,0.48694422530570114,0.9719011210355732
V33_POLICY_CONDITIONAL,REAL_CAPACITY_FHWA_MV1_2024_REGISTERED_AUTOMOBILES_AND_STI_V2_INTERSECTIONS,direct_co2_kg,ALL_51,2069,51,0.24291482704207543,0.48582965408415085,0.972027916554387
V33_POLICY_CONDITIONAL,REAL_CAPACITY_FHWA_MV1_2024_REGISTERED_AUTOMOBILES_AND_STI_V2_INTERSECTIONS,direct_co2_kg,ALL_51,2070,51,0.24291921849760104,0.48583843699520207,0.9717111303393278
V33_POLICY_CONDITIONAL,REAL_CAPACITY_FHWA_MV1_2024_REGISTERED_AUTOMOBILES_AND_STI_V2_INTERSECTIONS,direct_co2_kg,ALL_51,2071,51,0.24282522261686762,0.48565044523373524,0.9719383325866116
V33_POLICY_CONDITIONAL,REAL_CAPACITY_FHWA_MV1_2024_REGISTERED_AUTOMOBILES_AND_STI_V2_INTERSECTIONS,direct_co2_kg,ALL_51,2072,51,0.24309746334615337,0.48619492669230674,0.9717039903837787
V33_POLICY_CONDITIONAL,REAL_CAPACITY_FHWA_MV1_2024_REGISTERED_AUTOMOBILES_AND_STI_V2_INTERSECTIONS,direct_co2_kg,ALL_51,2073,51,0.24333135007314363,0.48666270014628726,0.9716608464906735
V33_POLICY_CONDITIONAL,REAL_CAPACITY_FHWA_MV1_2024_REGISTERED_AUTOMOBILES_AND_STI_V2_INTERSECTIONS,direct_co2_kg,ALL_51,2074,51,0.2437341531824708,0.4874683063649416,0.9714396833031025
V33_POLICY_CONDITIONAL,REAL_CAPACITY_FHWA_MV1_2024_REGISTERED_AUTOMOBILES_AND_STI_V2_INTERSECTIONS,direct_co2_kg,ALL_51,2075,51,0.2434828764295072,0.4869657528590144,0.9716200937344747
V33_POLICY_CONDITIONAL,REAL_CAPACITY_FHWA_MV1_2024_REGISTERED_AUTOMOBILES_AND_STI_V2_INTERSECTIONS,grid_intensity_kg_per_kwh,FULL_SCHEDULE_10,2025,10,0.09975728889485731,0.19951457778971463,0.9996723132273598
V33_POLICY_CONDITIONAL,REAL_CAPACITY_FHWA_MV1_2024_REGISTERED_AUTOMOBILES_AND_STI_V2_INTERSECTIONS,grid_intensity_kg_per_kwh,FULL_SCHEDULE_10,2026,10,0.10367701708351351,0.20735403416702702,1.0001158733354725
V33_POLICY_CONDITIONAL,REAL_CAPACITY_FHWA_MV1_2024_REGISTERED_AUTOMOBILES_AND_STI_V2_INTERSECTIONS,grid_intensity_kg_per_kwh,FULL_SCHEDULE_10,2027,10,0.11982949792252351,0.23965899584504702,0.9971050422422763
V33_POLICY_CONDITIONAL,REAL_CAPACITY_FHWA_MV1_2024_REGISTERED_AUTOMOBILES_AND_STI_V2_INTERSECTIONS,grid_intensity_kg_per_kwh,FULL_SCHEDULE_10,2028,10,0.14521965739850395,0.2904393147970079,0.9944679663597483
V33_POLICY_CONDITIONAL,REAL_CAPACITY_FHWA_MV1_2024_REGISTERED_AUTOMOBILES_AND_STI_V2_INTERSECTIONS,grid_intensity_kg_per_kwh,FULL_SCHEDULE_10,2029,10,0.18322409606497875,0.3664481921299575,0.9890433284063207
V33_POLICY_CONDITIONAL,REAL_CAPACITY_FHWA_MV1_2024_REGISTERED_AUTOMOBILES_AND_STI_V2_INTERSECTIONS,grid_intensity_kg_per_kwh,FULL_SCHEDULE_10,2030,10,0.1713558178730526,0.3427116357461052,0.9880275305576931
V33_POLICY_CONDITIONAL,REAL_CAPACITY_FHWA_MV1_2024_REGISTERED_AUTOMOBILES_AND_STI_V2_INTERSECTIONS,grid_intensity_kg_per_kwh,FULL_SCHEDULE_10,2031,10,0.1801533400448756,0.3603066800897512,0.9930293625046902
V33_POLICY_CONDITIONAL,REAL_CAPACITY_FHWA_MV1_2024_REGISTERED_AUTOMOBILES_AND_STI_V2_INTERSECTIONS,grid_intensity_kg_per_kwh,FULL_SCHEDULE_10,2032,9,0.18729476875986154,0.37458953751972307,0.9917520919888225
V33_POLICY_CONDITIONAL,REAL_CAPACITY_FHWA_MV1_2024_REGISTERED_AUTOMOBILES_AND_STI_V2_INTERSECTIONS,grid_intensity_kg_per_kwh,FULL_SCHEDULE_10,2033,8,0.18840162984145906,0.3768032596829181,0.985364811207126
V33_POLICY_CONDITIONAL,REAL_CAPACITY_FHWA_MV1_2024_REGISTERED_AUTOMOBILES_AND_STI_V2_INTERSECTIONS,grid_intensity_kg_per_kwh,FULL_SCHEDULE_10,2034,8,0.18876787113310417,0.37753574226620834,0.9880865399935483
V33_POLICY_CONDITIONAL,REAL_CAPACITY_FHWA_MV1_2024_REGISTERED_AUTOMOBILES_AND_STI_V2_INTERSECTIONS,grid_intensity_kg_per_kwh,FULL_SCHEDULE_10,2035,7,0.16739829225739586,0.3347965845147917,0.9996723132273597
V33_POLICY_CONDITIONAL,REAL_CAPACITY_FHWA_MV1_2024_REGISTERED_AUTOMOBILES_AND_STI_V2_INTERSECTIONS,grid_intensity_kg_per_kwh,FULL_SCHEDULE_10,2036,7,0.2234611762580775,0.446922352516155,0.9996723132273597
V33_POLICY_CONDITIONAL,REAL_CAPACITY_FHWA_MV1_2024_REGISTERED_AUTOMOBILES_AND_STI_V2_INTERSECTIONS,grid_intensity_kg_per_kwh,FULL_SCHEDULE_10,2037,7,0.2747210602432219,0.5494421204864438,0.9996723132273597
V33_POLICY_CONDITIONAL,REAL_CAPACITY_FHWA_MV1_2024_REGISTERED_AUTOMOBILES_AND_STI_V2_INTERSECTIONS,grid_intensity_kg_per_kwh,FULL_SCHEDULE_10,2038,7,0.30971755890721886,0.6194351178144377,0.9996723132273597
V33_POLICY_CONDITIONAL,REAL_CAPACITY_FHWA_MV1_2024_REGISTERED_AUTOMOBILES_AND_STI_V2_INTERSECTIONS,grid_intensity_kg_per_kwh,FULL_SCHEDULE_10,2039,7,0.34844523454752857,0.6968904690950571,0.9996723132273597
V33_POLICY_CONDITIONAL,REAL_CAPACITY_FHWA_MV1_2024_REGISTERED_AUTOMOBILES_AND_STI_V2_INTERSECTIONS,grid_intensity_kg_per_kwh,FULL_SCHEDULE_10,2040,5,0.27619679031502453,0.5523935806300491,0.9996723132273597
V33_POLICY_CONDITIONAL,REAL_CAPACITY_FHWA_MV1_2024_REGISTERED_AUTOMOBILES_AND_STI_V2_INTERSECTIONS,grid_intensity_kg_per_kwh,FULL_SCHEDULE_10,2041,5,0.2769833001787288,0.5539666003574576,0.9996723132273597
V33_POLICY_CONDITIONAL,REAL_CAPACITY_FHWA_MV1_2024_REGISTERED_AUTOMOBILES_AND_STI_V2_INTERSECTIONS,grid_intensity_kg_per_kwh,FULL_SCHEDULE_10,2042,5,0.2777698100424331,0.5555396200848662,0.9996723132273597
V33_POLICY_CONDITIONAL,REAL_CAPACITY_FHWA_MV1_2024_REGISTERED_AUTOMOBILES_AND_STI_V2_INTERSECTIONS,grid_intensity_kg_per_kwh,FULL_SCHEDULE_10,2043,5,0.2794928589594085,0.558985717918817,0.9996723132273597
V33_POLICY_CONDITIONAL,REAL_CAPACITY_FHWA_MV1_2024_REGISTERED_AUTOMOBILES_AND_STI_V2_INTERSECTIONS,grid_intensity_kg_per_kwh,FULL_SCHEDULE_10,2044,5,0.28038895540710895,0.5607779108142179,0.9996723132273597
V33_POLICY_CONDITIONAL,REAL_CAPACITY_FHWA_MV1_2024_REGISTERED_AUTOMOBILES_AND_STI_V2_INTERSECTIONS,grid_intensity_kg_per_kwh,FULL_SCHEDULE_10,2045,3,0.325099449821051,0.650198899642102,0.9996723132273598
V33_POLICY_CONDITIONAL,REAL_CAPACITY_FHWA_MV1_2024_REGISTERED_AUTOMOBILES_AND_STI_V2_INTERSECTIONS,grid_intensity_kg_per_kwh,FULL_SCHEDULE_10,2046,3,0.30719543901223556,0.6143908780244711,0.9996723132273598
V33_POLICY_CONDITIONAL,REAL_CAPACITY_FHWA_MV1_2024_REGISTERED_AUTOMOBILES_AND_STI_V2_INTERSECTIONS,grid_intensity_kg_per_kwh,FULL_SCHEDULE_10,2047,3,0.29666627333598633,0.5933325466719727,0.9996723132273598
V33_POLICY_CONDITIONAL,REAL_CAPACITY_FHWA_MV1_2024_REGISTERED_AUTOMOBILES_AND_STI_V2_INTERSECTIONS,grid_intensity_kg_per_kwh,FULL_SCHEDULE_10,2048,3,0.29068914227358505,0.5813782845471701,0.9996723132273598
V33_POLICY_CONDITIONAL,REAL_CAPACITY_FHWA_MV1_2024_REGISTERED_AUTOMOBILES_AND_STI_V2_INTERSECTIONS,grid_intensity_kg_per_kwh,FULL_SCHEDULE_10,2049,3,0.2891735237358917,0.5783470474717834,0.9996723132273598
V33_POLICY_CONDITIONAL,REAL_CAPACITY_FHWA_MV1_2024_REGISTERED_AUTOMOBILES_AND_STI_V2_INTERSECTIONS,grid_intensity_kg_per_kwh,FULL_SCHEDULE_10,2050,3,0.28783392782309125,0.5756678556461825,0.9996723132273598
V33_POLICY_CONDITIONAL,REAL_CAPACITY_FHWA_MV1_2024_REGISTERED_AUTOMOBILES_AND_STI_V2_INTERSECTIONS,grid_intensity_kg_per_kwh,FULL_SCHEDULE_10,2051,3,0.296479326898464,0.592958653796928,0.9996723132273598
V33_POLICY_CONDITIONAL,REAL_CAPACITY_FHWA_MV1_2024_REGISTERED_AUTOMOBILES_AND_STI_V2_INTERSECTIONS,grid_intensity_kg_per_kwh,FULL_SCHEDULE_10,2052,3,0.3062872011747531,0.6125744023495062,0.9996723132273598
V33_POLICY_CONDITIONAL,REAL_CAPACITY_FHWA_MV1_2024_REGISTERED_AUTOMOBILES_AND_STI_V2_INTERSECTIONS,grid_intensity_kg_per_kwh,FULL_SCHEDULE_10,2053,3,0.31804027026978887,0.6360805405395777,0.9996723132273598
V33_POLICY_CONDITIONAL,REAL_CAPACITY_FHWA_MV1_2024_REGISTERED_AUTOMOBILES_AND_STI_V2_INTERSECTIONS,grid_intensity_kg_per_kwh,FULL_SCHEDULE_10,2054,3,0.32959004596955493,0.6591800919391099,0.9996723132273598
V33_POLICY_CONDITIONAL,REAL_CAPACITY_FHWA_MV1_2024_REGISTERED_AUTOMOBILES_AND_STI_V2_INTERSECTIONS,grid_intensity_kg_per_kwh,FULL_SCHEDULE_10,2055,3,0.3407051313484319,0.6814102626968638,0.9996723132273598
V33_POLICY_CONDITIONAL,REAL_CAPACITY_FHWA_MV1_2024_REGISTERED_AUTOMOBILES_AND_STI_V2_INTERSECTIONS,grid_intensity_kg_per_kwh,FULL_SCHEDULE_10,2056,3,0.3514018865228399,0.7028037730456798,0.9996723132273598
V33_POLICY_CONDITIONAL,REAL_CAPACITY_FHWA_MV1_2024_REGISTERED_AUTOMOBILES_AND_STI_V2_INTERSECTIONS,grid_intensity_kg_per_kwh,FULL_SCHEDULE_10,2057,3,0.3616960558756609,0.7233921117513218,0.9996723132273598
V33_POLICY_CONDITIONAL,REAL_CAPACITY_FHWA_MV1_2024_REGISTERED_AUTOMOBILES_AND_STI_V2_INTERSECTIONS,grid_intensity_kg_per_kwh,FULL_SCHEDULE_10,2058,3,0.3716027912301442,0.7432055824602884,0.9996723132273598
V33_POLICY_CONDITIONAL,REAL_CAPACITY_FHWA_MV1_2024_REGISTERED_AUTOMOBILES_AND_STI_V2_INTERSECTIONS,grid_intensity_kg_per_kwh,FULL_SCHEDULE_10,2059,3,0.37725505804973736,0.7545101160994747,0.9996723132273598
V33_POLICY_CONDITIONAL,REAL_CAPACITY_FHWA_MV1_2024_REGISTERED_AUTOMOBILES_AND_STI_V2_INTERSECTIONS,grid_intensity_kg_per_kwh,FULL_SCHEDULE_10,2060,3,0.38138664002821737,0.7627732800564347,0.9996723132273598
V33_POLICY_CONDITIONAL,REAL_CAPACITY_FHWA_MV1_2024_REGISTERED_AUTOMOBILES_AND_STI_V2_INTERSECTIONS,grid_intensity_kg_per_kwh,FULL_SCHEDULE_10,2061,3,0.3851421566807717,0.7702843133615433,0.9996723132273598
V33_POLICY_CONDITIONAL,REAL_CAPACITY_FHWA_MV1_2024_REGISTERED_AUTOMOBILES_AND_STI_V2_INTERSECTIONS,grid_intensity_kg_per_kwh,FULL_SCHEDULE_10,2062,3,0.38966105049748784,0.7793221009949757,0.9996723132273598
V33_POLICY_CONDITIONAL,REAL_CAPACITY_FHWA_MV1_2024_REGISTERED_AUTOMOBILES_AND_STI_V2_INTERSECTIONS,grid_intensity_kg_per_kwh,FULL_SCHEDULE_10,2063,3,0.39491374139402546,0.7898274827880509,0.9996723132273598
V33_POLICY_CONDITIONAL,REAL_CAPACITY_FHWA_MV1_2024_REGISTERED_AUTOMOBILES_AND_STI_V2_INTERSECTIONS,grid_intensity_kg_per_kwh,FULL_SCHEDULE_10,2064,3,0.40009695272912715,0.8001939054582543,0.9996723132273598
V33_POLICY_CONDITIONAL,REAL_CAPACITY_FHWA_MV1_2024_REGISTERED_AUTOMOBILES_AND_STI_V2_INTERSECTIONS,grid_intensity_kg_per_kwh,FULL_SCHEDULE_10,2065,3,0.4052116035383023,0.8104232070766046,0.9996723132273598
V33_POLICY_CONDITIONAL,REAL_CAPACITY_FHWA_MV1_2024_REGISTERED_AUTOMOBILES_AND_STI_V2_INTERSECTIONS,grid_intensity_kg_per_kwh,FULL_SCHEDULE_10,2066,3,0.41025860070059067,0.8205172014011813,0.9996723132273598
V33_POLICY_CONDITIONAL,REAL_CAPACITY_FHWA_MV1_2024_REGISTERED_AUTOMOBILES_AND_STI_V2_INTERSECTIONS,grid_intensity_kg_per_kwh,FULL_SCHEDULE_10,2067,3,0.41523883909935877,0.8304776781987175,0.9996723132273598
V33_POLICY_CONDITIONAL,REAL_CAPACITY_FHWA_MV1_2024_REGISTERED_AUTOMOBILES_AND_STI_V2_INTERSECTIONS,grid_intensity_kg_per_kwh,FULL_SCHEDULE_10,2068,3,0.42015320178097354,0.8403064035619471,0.9996723132273598
V33_POLICY_CONDITIONAL,REAL_CAPACITY_FHWA_MV1_2024_REGISTERED_AUTOMOBILES_AND_STI_V2_INTERSECTIONS,grid_intensity_kg_per_kwh,FULL_SCHEDULE_10,2069,3,0.4250025601113744,0.8500051202227488,0.9996723132273598
V33_POLICY_CONDITIONAL,REAL_CAPACITY_FHWA_MV1_2024_REGISTERED_AUTOMOBILES_AND_STI_V2_INTERSECTIONS,grid_intensity_kg_per_kwh,FULL_SCHEDULE_10,2070,3,0.42978777393057493,0.8595755478611499,0.9996723132273598
V33_POLICY_CONDITIONAL,REAL_CAPACITY_FHWA_MV1_2024_REGISTERED_AUTOMOBILES_AND_STI_V2_INTERSECTIONS,grid_intensity_kg_per_kwh,FULL_SCHEDULE_10,2071,3,0.4345096917051221,0.8690193834102442,0.9996723132273598
V33_POLICY_CONDITIONAL,REAL_CAPACITY_FHWA_MV1_2024_REGISTERED_AUTOMOBILES_AND_STI_V2_INTERSECTIONS,grid_intensity_kg_per_kwh,FULL_SCHEDULE_10,2072,3,0.4391691506785378,0.8783383013570756,0.9996723132273598
V33_POLICY_CONDITIONAL,REAL_CAPACITY_FHWA_MV1_2024_REGISTERED_AUTOMOBILES_AND_STI_V2_INTERSECTIONS,grid_intensity_kg_per_kwh,FULL_SCHEDULE_10,2073,3,0.4437669770197692,0.8875339540395384,0.9996723132273598
V33_POLICY_CONDITIONAL,REAL_CAPACITY_FHWA_MV1_2024_REGISTERED_AUTOMOBILES_AND_STI_V2_INTERSECTIONS,grid_intensity_kg_per_kwh,FULL_SCHEDULE_10,2074,3,0.44830398596967835,0.8966079719393567,0.9996723132273598
V33_POLICY_CONDITIONAL,REAL_CAPACITY_FHWA_MV1_2024_REGISTERED_AUTOMOBILES_AND_STI_V2_INTERSECTIONS,grid_intensity_kg_per_kwh,FULL_SCHEDULE_10,2075,3,0.45278098198559213,0.9055619639711843,0.9996723132273598
V33_POLICY_CONDITIONAL,REAL_CAPACITY_FHWA_MV1_2024_REGISTERED_AUTOMOBILES_AND_STI_V2_INTERSECTIONS,grid_intensity_kg_per_kwh,CAPPED_82_MY2032_3,2025,3,0.0997572888948573,0.1995145777897146,0.9996723132273598
V33_POLICY_CONDITIONAL,REAL_CAPACITY_FHWA_MV1_2024_REGISTERED_AUTOMOBILES_AND_STI_V2_INTERSECTIONS,grid_intensity_kg_per_kwh,CAPPED_82_MY2032_3,2026,3,0.1148879649085406,0.2297759298170812,1.0113943638730225
V33_POLICY_CONDITIONAL,REAL_CAPACITY_FHWA_MV1_2024_REGISTERED_AUTOMOBILES_AND_STI_V2_INTERSECTIONS,grid_intensity_kg_per_kwh,CAPPED_82_MY2032_3,2027,3,0.1417590231299732,0.2835180462599464,1.0119646646691887
V33_POLICY_CONDITIONAL,REAL_CAPACITY_FHWA_MV1_2024_REGISTERED_AUTOMOBILES_AND_STI_V2_INTERSECTIONS,grid_intensity_kg_per_kwh,CAPPED_82_MY2032_3,2028,3,0.1871131539009522,0.3742263078019044,1.0093675245780636
V33_POLICY_CONDITIONAL,REAL_CAPACITY_FHWA_MV1_2024_REGISTERED_AUTOMOBILES_AND_STI_V2_INTERSECTIONS,grid_intensity_kg_per_kwh,CAPPED_82_MY2032_3,2029,3,0.19969268552907726,0.3993853710581545,1.011997430837521
V33_POLICY_CONDITIONAL,REAL_CAPACITY_FHWA_MV1_2024_REGISTERED_AUTOMOBILES_AND_STI_V2_INTERSECTIONS,grid_intensity_kg_per_kwh,CAPPED_82_MY2032_3,2030,3,0.22084947238429972,0.44169894476859944,1.0107556275597673
V33_POLICY_CONDITIONAL,REAL_CAPACITY_FHWA_MV1_2024_REGISTERED_AUTOMOBILES_AND_STI_V2_INTERSECTIONS,grid_intensity_kg_per_kwh,CAPPED_82_MY2032_3,2031,3,0.2493873747222135,0.498774749444427,1.0116678655474056
V33_POLICY_CONDITIONAL,REAL_CAPACITY_FHWA_MV1_2024_REGISTERED_AUTOMOBILES_AND_STI_V2_INTERSECTIONS,grid_intensity_kg_per_kwh,CAPPED_82_MY2032_3,2032,3,0.2938937305390904,0.5877874610781808,1.017621167655124
V33_POLICY_CONDITIONAL,REAL_CAPACITY_FHWA_MV1_2024_REGISTERED_AUTOMOBILES_AND_STI_V2_INTERSECTIONS,grid_intensity_kg_per_kwh,CAPPED_82_MY2032_3,2033,3,0.3552183062972176,0.7104366125944352,1.0258000830269014
V33_POLICY_CONDITIONAL,REAL_CAPACITY_FHWA_MV1_2024_REGISTERED_AUTOMOBILES_AND_STI_V2_INTERSECTIONS,grid_intensity_kg_per_kwh,CAPPED_82_MY2032_3,2034,3,0.4310724991661243,0.8621449983322486,1.0189161182741302
V33_POLICY_CONDITIONAL,REAL_CAPACITY_FHWA_MV1_2024_REGISTERED_AUTOMOBILES_AND_STI_V2_INTERSECTIONS,grid_intensity_kg_per_kwh,CAPPED_82_MY2032_3,2035,3,0.528670280356743,1.057340560713486,1.0120782699970239
V33_POLICY_CONDITIONAL,REAL_CAPACITY_FHWA_MV1_2024_REGISTERED_AUTOMOBILES_AND_STI_V2_INTERSECTIONS,grid_intensity_kg_per_kwh,CAPPED_82_MY2032_3,2036,3,0.5079572828009,1.0159145656018,1.009330523422332
V33_POLICY_CONDITIONAL,REAL_CAPACITY_FHWA_MV1_2024_REGISTERED_AUTOMOBILES_AND_STI_V2_INTERSECTIONS,grid_intensity_kg_per_kwh,CAPPED_82_MY2032_3,2037,3,0.48931902940024286,0.9786380588004857,1.0066187456125544
V33_POLICY_CONDITIONAL,REAL_CAPACITY_FHWA_MV1_2024_REGISTERED_AUTOMOBILES_AND_STI_V2_INTERSECTIONS,grid_intensity_kg_per_kwh,CAPPED_82_MY2032_3,2038,3,0.48202884738093854,0.9640576947618771,1.0019710005533333
V33_POLICY_CONDITIONAL,REAL_CAPACITY_FHWA_MV1_2024_REGISTERED_AUTOMOBILES_AND_STI_V2_INTERSECTIONS,grid_intensity_kg_per_kwh,CAPPED_82_MY2032_3,2039,3,0.46623445531704133,0.9324689106340827,1.0021799101175406
V33_POLICY_CONDITIONAL,REAL_CAPACITY_FHWA_MV1_2024_REGISTERED_AUTOMOBILES_AND_STI_V2_INTERSECTIONS,grid_intensity_kg_per_kwh,CAPPED_82_MY2032_3,2040,3,0.10621189082922322,0.21242378165844644,0.9996723132273598
V33_POLICY_CONDITIONAL,REAL_CAPACITY_FHWA_MV1_2024_REGISTERED_AUTOMOBILES_AND_STI_V2_INTERSECTIONS,grid_intensity_kg_per_kwh,CAPPED_82_MY2032_3,2041,3,0.10691412068588982,0.21382824137177964,0.9996723132273598
V33_POLICY_CONDITIONAL,REAL_CAPACITY_FHWA_MV1_2024_REGISTERED_AUTOMOBILES_AND_STI_V2_INTERSECTIONS,grid_intensity_kg_per_kwh,CAPPED_82_MY2032_3,2042,3,0.10725827731849605,0.2145165546369921,0.9996723132273598
V33_POLICY_CONDITIONAL,REAL_CAPACITY_FHWA_MV1_2024_REGISTERED_AUTOMOBILES_AND_STI_V2_INTERSECTIONS,grid_intensity_kg_per_kwh,CAPPED_82_MY2032_3,2043,3,0.10760759872121749,0.21521519744243497,0.9996723132273598
V33_POLICY_CONDITIONAL,REAL_CAPACITY_FHWA_MV1_2024_REGISTERED_AUTOMOBILES_AND_STI_V2_INTERSECTIONS,grid_intensity_kg_per_kwh,CAPPED_82_MY2032_3,2044,3,0.10835360089433038,0.21670720178866076,0.9996723132273598
V33_POLICY_CONDITIONAL,REAL_CAPACITY_FHWA_MV1_2024_REGISTERED_AUTOMOBILES_AND_STI_V2_INTERSECTIONS,grid_intensity_kg_per_kwh,CAPPED_82_MY2032_3,2045,2,0.2534160525000416,0.5068321050000832,1.072263728396844
V33_POLICY_CONDITIONAL,REAL_CAPACITY_FHWA_MV1_2024_REGISTERED_AUTOMOBILES_AND_STI_V2_INTERSECTIONS,grid_intensity_kg_per_kwh,CAPPED_82_MY2032_3,2046,2,0.2508656795396186,0.5017313590792372,1.0747924535844589
V33_POLICY_CONDITIONAL,REAL_CAPACITY_FHWA_MV1_2024_REGISTERED_AUTOMOBILES_AND_STI_V2_INTERSECTIONS,grid_intensity_kg_per_kwh,CAPPED_82_MY2032_3,2047,2,0.24866916859930333,0.49733833719860665,1.0775918035263714
V33_POLICY_CONDITIONAL,REAL_CAPACITY_FHWA_MV1_2024_REGISTERED_AUTOMOBILES_AND_STI_V2_INTERSECTIONS,grid_intensity_kg_per_kwh,CAPPED_82_MY2032_3,2048,2,0.2433650790498889,0.4867301580997778,1.0773476287216897
V33_POLICY_CONDITIONAL,REAL_CAPACITY_FHWA_MV1_2024_REGISTERED_AUTOMOBILES_AND_STI_V2_INTERSECTIONS,grid_intensity_kg_per_kwh,CAPPED_82_MY2032_3,2049,2,0.23986018146605986,0.4797203629321197,1.0776295972596217
V33_POLICY_CONDITIONAL,REAL_CAPACITY_FHWA_MV1_2024_REGISTERED_AUTOMOBILES_AND_STI_V2_INTERSECTIONS,grid_intensity_kg_per_kwh,CAPPED_82_MY2032_3,2050,1,0.09975728889485734,0.19951457778971468,0.9996723132273598
V33_POLICY_CONDITIONAL,REAL_CAPACITY_FHWA_MV1_2024_REGISTERED_AUTOMOBILES_AND_STI_V2_INTERSECTIONS,grid_intensity_kg_per_kwh,CAPPED_82_MY2032_3,2051,1,0.09975728889485734,0.19951457778971468,0.9996723132273598
V33_POLICY_CONDITIONAL,REAL_CAPACITY_FHWA_MV1_2024_REGISTERED_AUTOMOBILES_AND_STI_V2_INTERSECTIONS,grid_intensity_kg_per_kwh,CAPPED_82_MY2032_3,2052,1,0.09975728889485734,0.19951457778971468,0.9996723132273598
V33_POLICY_CONDITIONAL,REAL_CAPACITY_FHWA_MV1_2024_REGISTERED_AUTOMOBILES_AND_STI_V2_INTERSECTIONS,grid_intensity_kg_per_kwh,CAPPED_82_MY2032_3,2053,1,0.09975728889485734,0.19951457778971468,0.9996723132273598
V33_POLICY_CONDITIONAL,REAL_CAPACITY_FHWA_MV1_2024_REGISTERED_AUTOMOBILES_AND_STI_V2_INTERSECTIONS,grid_intensity_kg_per_kwh,CAPPED_82_MY2032_3,2054,1,0.09975728889485734,0.19951457778971468,0.9996723132273598
V33_POLICY_CONDITIONAL,REAL_CAPACITY_FHWA_MV1_2024_REGISTERED_AUTOMOBILES_AND_STI_V2_INTERSECTIONS,grid_intensity_kg_per_kwh,CAPPED_82_MY2032_3,2055,1,0.09975728889485734,0.19951457778971468,0.9996723132273598
V33_POLICY_CONDITIONAL,REAL_CAPACITY_FHWA_MV1_2024_REGISTERED_AUTOMOBILES_AND_STI_V2_INTERSECTIONS,grid_intensity_kg_per_kwh,CAPPED_82_MY2032_3,2056,1,0.09975728889485734,0.19951457778971468,0.9996723132273598
V33_POLICY_CONDITIONAL,REAL_CAPACITY_FHWA_MV1_2024_REGISTERED_AUTOMOBILES_AND_STI_V2_INTERSECTIONS,grid_intensity_kg_per_kwh,CAPPED_82_MY2032_3,2057,1,0.09975728889485734,0.19951457778971468,0.9996723132273598
V33_POLICY_CONDITIONAL,REAL_CAPACITY_FHWA_MV1_2024_REGISTERED_AUTOMOBILES_AND_STI_V2_INTERSECTIONS,grid_intensity_kg_per_kwh,CAPPED_82_MY2032_3,2058,1,0.09975728889485734,0.19951457778971468,0.9996723132273598
V33_POLICY_CONDITIONAL,REAL_CAPACITY_FHWA_MV1_2024_REGISTERED_AUTOMOBILES_AND_STI_V2_INTERSECTIONS,grid_intensity_kg_per_kwh,CAPPED_82_MY2032_3,2059,1,0.09975728889485734,0.19951457778971468,0.9996723132273598
V33_POLICY_CONDITIONAL,REAL_CAPACITY_FHWA_MV1_2024_REGISTERED_AUTOMOBILES_AND_STI_V2_INTERSECTIONS,grid_intensity_kg_per_kwh,CAPPED_82_MY2032_3,2060,1,0.09975728889485734,0.19951457778971468,0.9996723132273598
V33_POLICY_CONDITIONAL,REAL_CAPACITY_FHWA_MV1_2024_REGISTERED_AUTOMOBILES_AND_STI_V2_INTERSECTIONS,grid_intensity_kg_per_kwh,CAPPED_82_MY2032_3,2061,1,0.09975728889485734,0.19951457778971468,0.9996723132273598
V33_POLICY_CONDITIONAL,REAL_CAPACITY_FHWA_MV1_2024_REGISTERED_AUTOMOBILES_AND_STI_V2_INTERSECTIONS,grid_intensity_kg_per_kwh,CAPPED_82_MY2032_3,2062,1,0.09975728889485734,0.19951457778971468,0.9996723132273598
V33_POLICY_CONDITIONAL,REAL_CAPACITY_FHWA_MV1_2024_REGISTERED_AUTOMOBILES_AND_STI_V2_INTERSECTIONS,grid_intensity_kg_per_kwh,CAPPED_82_MY2032_3,2063,1,0.09975728889485734,0.19951457778971468,0.9996723132273598
V33_POLICY_CONDITIONAL,REAL_CAPACITY_FHWA_MV1_2024_REGISTERED_AUTOMOBILES_AND_STI_V2_INTERSECTIONS,grid_intensity_kg_per_kwh,CAPPED_82_MY2032_3,2064,1,0.09975728889485734,0.19951457778971468,0.9996723132273598
V33_POLICY_CONDITIONAL,REAL_CAPACITY_FHWA_MV1_2024_REGISTERED_AUTOMOBILES_AND_STI_V2_INTERSECTIONS,grid_intensity_kg_per_kwh,CAPPED_82_MY2032_3,2065,1,0.09975728889485734,0.19951457778971468,0.9996723132273598
V33_POLICY_CONDITIONAL,REAL_CAPACITY_FHWA_MV1_2024_REGISTERED_AUTOMOBILES_AND_STI_V2_INTERSECTIONS,grid_intensity_kg_per_kwh,CAPPED_82_MY2032_3,2066,1,0.09975728889485734,0.19951457778971468,0.9996723132273598
V33_POLICY_CONDITIONAL,REAL_CAPACITY_FHWA_MV1_2024_REGISTERED_AUTOMOBILES_AND_STI_V2_INTERSECTIONS,grid_intensity_kg_per_kwh,CAPPED_82_MY2032_3,2067,1,0.09975728889485734,0.19951457778971468,0.9996723132273598
V33_POLICY_CONDITIONAL,REAL_CAPACITY_FHWA_MV1_2024_REGISTERED_AUTOMOBILES_AND_STI_V2_INTERSECTIONS,grid_intensity_kg_per_kwh,CAPPED_82_MY2032_3,2068,1,0.09975728889485734,0.19951457778971468,0.9996723132273598
V33_POLICY_CONDITIONAL,REAL_CAPACITY_FHWA_MV1_2024_REGISTERED_AUTOMOBILES_AND_STI_V2_INTERSECTIONS,grid_intensity_kg_per_kwh,CAPPED_82_MY2032_3,2069,1,0.09975728889485734,0.19951457778971468,0.9996723132273598
V33_POLICY_CONDITIONAL,REAL_CAPACITY_FHWA_MV1_2024_REGISTERED_AUTOMOBILES_AND_STI_V2_INTERSECTIONS,grid_intensity_kg_per_kwh,CAPPED_82_MY2032_3,2070,1,0.09975728889485734,0.19951457778971468,0.9996723132273598
V33_POLICY_CONDITIONAL,REAL_CAPACITY_FHWA_MV1_2024_REGISTERED_AUTOMOBILES_AND_STI_V2_INTERSECTIONS,grid_intensity_kg_per_kwh,CAPPED_82_MY2032_3,2071,1,0.09975728889485734,0.19951457778971468,0.9996723132273598
V33_POLICY_CONDITIONAL,REAL_CAPACITY_FHWA_MV1_2024_REGISTERED_AUTOMOBILES_AND_STI_V2_INTERSECTIONS,grid_intensity_kg_per_kwh,CAPPED_82_MY2032_3,2072,1,0.09975728889485734,0.19951457778971468,0.9996723132273598
V33_POLICY_CONDITIONAL,REAL_CAPACITY_FHWA_MV1_2024_REGISTERED_AUTOMOBILES_AND_STI_V2_INTERSECTIONS,grid_intensity_kg_per_kwh,CAPPED_82_MY2032_3,2073,1,0.09975728889485734,0.19951457778971468,0.9996723132273598
V33_POLICY_CONDITIONAL,REAL_CAPACITY_FHWA_MV1_2024_REGISTERED_AUTOMOBILES_AND_STI_V2_INTERSECTIONS,grid_intensity_kg_per_kwh,CAPPED_82_MY2032_3,2074,1,0.09975728889485734,0.19951457778971468,0.9996723132273598
V33_POLICY_CONDITIONAL,REAL_CAPACITY_FHWA_MV1_2024_REGISTERED_AUTOMOBILES_AND_STI_V2_INTERSECTIONS,grid_intensity_kg_per_kwh,CAPPED_82_MY2032_3,2075,1,0.09975728889485734,0.19951457778971468,0.9996723132273598
V33_POLICY_CONDITIONAL,REAL_CAPACITY_FHWA_MV1_2024_REGISTERED_AUTOMOBILES_AND_STI_V2_INTERSECTIONS,grid_intensity_kg_per_kwh,ADOPTING_13,2025,13,0.09975728889485731,0.19951457778971463,0.9996723132273598
V33_POLICY_CONDITIONAL,REAL_CAPACITY_FHWA_MV1_2024_REGISTERED_AUTOMOBILES_AND_STI_V2_INTERSECTIONS,grid_intensity_kg_per_kwh,ADOPTING_13,2026,13,0.10398610922397074,0.20797221844794148,1.0003563101871353
V33_POLICY_CONDITIONAL,REAL_CAPACITY_FHWA_MV1_2024_REGISTERED_AUTOMOBILES_AND_STI_V2_INTERSECTIONS,grid_intensity_kg_per_kwh,ADOPTING_13,2027,13,0.12150765861241059,0.24301531722482117,0.9985111858999626
V33_POLICY_CONDITIONAL,REAL_CAPACITY_FHWA_MV1_2024_REGISTERED_AUTOMOBILES_AND_STI_V2_INTERSECTIONS,grid_intensity_kg_per_kwh,ADOPTING_13,2028,13,0.1488864827139302,0.2977729654278604,0.9960619612263999
V33_POLICY_CONDITIONAL,REAL_CAPACITY_FHWA_MV1_2024_REGISTERED_AUTOMOBILES_AND_STI_V2_INTERSECTIONS,grid_intensity_kg_per_kwh,ADOPTING_13,2029,13,0.1849984944750601,0.3699969889501202,0.9933270985776849
V33_POLICY_CONDITIONAL,REAL_CAPACITY_FHWA_MV1_2024_REGISTERED_AUTOMOBILES_AND_STI_V2_INTERSECTIONS,grid_intensity_kg_per_kwh,ADOPTING_13,2030,13,0.17141487155172042,0.34282974310344083,0.9899420788294513
V33_POLICY_CONDITIONAL,REAL_CAPACITY_FHWA_MV1_2024_REGISTERED_AUTOMOBILES_AND_STI_V2_INTERSECTIONS,grid_intensity_kg_per_kwh,ADOPTING_13,2031,13,0.18015395575581206,0.3603079115116241,0.994306633020558
V33_POLICY_CONDITIONAL,REAL_CAPACITY_FHWA_MV1_2024_REGISTERED_AUTOMOBILES_AND_STI_V2_INTERSECTIONS,grid_intensity_kg_per_kwh,ADOPTING_13,2032,12,0.1886168522414489,0.3772337044828978,0.9957122026080911
V33_POLICY_CONDITIONAL,REAL_CAPACITY_FHWA_MV1_2024_REGISTERED_AUTOMOBILES_AND_STI_V2_INTERSECTIONS,grid_intensity_kg_per_kwh,ADOPTING_13,2033,11,0.19392919193841918,0.38785838387683835,0.9881133755656679
V33_POLICY_CONDITIONAL,REAL_CAPACITY_FHWA_MV1_2024_REGISTERED_AUTOMOBILES_AND_STI_V2_INTERSECTIONS,grid_intensity_kg_per_kwh,ADOPTING_13,2034,11,0.19651318663865622,0.39302637327731244,0.9914936701131483
V33_POLICY_CONDITIONAL,REAL_CAPACITY_FHWA_MV1_2024_REGISTERED_AUTOMOBILES_AND_STI_V2_INTERSECTIONS,grid_intensity_kg_per_kwh,ADOPTING_13,2035,10,0.1778667630147998,0.3557335260295996,0.9996723132273598
V33_POLICY_CONDITIONAL,REAL_CAPACITY_FHWA_MV1_2024_REGISTERED_AUTOMOBILES_AND_STI_V2_INTERSECTIONS,grid_intensity_kg_per_kwh,ADOPTING_13,2036,10,0.23343827309998733,0.46687654619997465,0.9996723132273598
V33_POLICY_CONDITIONAL,REAL_CAPACITY_FHWA_MV1_2024_REGISTERED_AUTOMOBILES_AND_STI_V2_INTERSECTIONS,grid_intensity_kg_per_kwh,ADOPTING_13,2037,10,0.3065427694337325,0.613085538867465,0.9996723132273598
V33_POLICY_CONDITIONAL,REAL_CAPACITY_FHWA_MV1_2024_REGISTERED_AUTOMOBILES_AND_STI_V2_INTERSECTIONS,grid_intensity_kg_per_kwh,ADOPTING_13,2038,10,0.3284081140619955,0.656816228123991,0.9996723132273598
V33_POLICY_CONDITIONAL,REAL_CAPACITY_FHWA_MV1_2024_REGISTERED_AUTOMOBILES_AND_STI_V2_INTERSECTIONS,grid_intensity_kg_per_kwh,ADOPTING_13,2039,10,0.35161360169120376,0.7032272033824075,0.9996723132273598
V33_POLICY_CONDITIONAL,REAL_CAPACITY_FHWA_MV1_2024_REGISTERED_AUTOMOBILES_AND_STI_V2_INTERSECTIONS,grid_intensity_kg_per_kwh,ADOPTING_13,2040,8,0.19120434057212388,0.38240868114424775,0.9996723132273597
V33_POLICY_CONDITIONAL,REAL_CAPACITY_FHWA_MV1_2024_REGISTERED_AUTOMOBILES_AND_STI_V2_INTERSECTIONS,grid_intensity_kg_per_kwh,ADOPTING_13,2041,8,0.19194871043230932,0.38389742086461864,0.9996723132273597
V33_POLICY_CONDITIONAL,REAL_CAPACITY_FHWA_MV1_2024_REGISTERED_AUTOMOBILES_AND_STI_V2_INTERSECTIONS,grid_intensity_kg_per_kwh,ADOPTING_13,2042,8,0.1925140436804646,0.3850280873609292,0.9996723132273597
V33_POLICY_CONDITIONAL,REAL_CAPACITY_FHWA_MV1_2024_REGISTERED_AUTOMOBILES_AND_STI_V2_INTERSECTIONS,grid_intensity_kg_per_kwh,ADOPTING_13,2043,8,0.193550228840313,0.387100457680626,0.9996723132273597
V33_POLICY_CONDITIONAL,REAL_CAPACITY_FHWA_MV1_2024_REGISTERED_AUTOMOBILES_AND_STI_V2_INTERSECTIONS,grid_intensity_kg_per_kwh,ADOPTING_13,2044,8,0.19437127815071967,0.38874255630143933,0.9996723132273597
V33_POLICY_CONDITIONAL,REAL_CAPACITY_FHWA_MV1_2024_REGISTERED_AUTOMOBILES_AND_STI_V2_INTERSECTIONS,grid_intensity_kg_per_kwh,ADOPTING_13,2045,5,0.325099449821051,0.650198899642102,0.9996723132273598
V33_POLICY_CONDITIONAL,REAL_CAPACITY_FHWA_MV1_2024_REGISTERED_AUTOMOBILES_AND_STI_V2_INTERSECTIONS,grid_intensity_kg_per_kwh,ADOPTING_13,2046,5,0.30719543901223556,0.6143908780244711,0.9996723132273598
V33_POLICY_CONDITIONAL,REAL_CAPACITY_FHWA_MV1_2024_REGISTERED_AUTOMOBILES_AND_STI_V2_INTERSECTIONS,grid_intensity_kg_per_kwh,ADOPTING_13,2047,5,0.29666627333598633,0.5933325466719727,0.9996723132273598
V33_POLICY_CONDITIONAL,REAL_CAPACITY_FHWA_MV1_2024_REGISTERED_AUTOMOBILES_AND_STI_V2_INTERSECTIONS,grid_intensity_kg_per_kwh,ADOPTING_13,2048,5,0.29068914227358505,0.5813782845471701,0.9996723132273598
V33_POLICY_CONDITIONAL,REAL_CAPACITY_FHWA_MV1_2024_REGISTERED_AUTOMOBILES_AND_STI_V2_INTERSECTIONS,grid_intensity_kg_per_kwh,ADOPTING_13,2049,5,0.2891735237358917,0.5783470474717834,0.9996723132273598
V33_POLICY_CONDITIONAL,REAL_CAPACITY_FHWA_MV1_2024_REGISTERED_AUTOMOBILES_AND_STI_V2_INTERSECTIONS,grid_intensity_kg_per_kwh,ADOPTING_13,2050,4,0.1937956083589743,0.3875912167179486,0.9996723132273598
V33_POLICY_CONDITIONAL,REAL_CAPACITY_FHWA_MV1_2024_REGISTERED_AUTOMOBILES_AND_STI_V2_INTERSECTIONS,grid_intensity_kg_per_kwh,ADOPTING_13,2051,4,0.19811830789666068,0.39623661579332137,0.9996723132273598
V33_POLICY_CONDITIONAL,REAL_CAPACITY_FHWA_MV1_2024_REGISTERED_AUTOMOBILES_AND_STI_V2_INTERSECTIONS,grid_intensity_kg_per_kwh,ADOPTING_13,2052,4,0.20302224503480523,0.40604449006961046,0.9996723132273598
V33_POLICY_CONDITIONAL,REAL_CAPACITY_FHWA_MV1_2024_REGISTERED_AUTOMOBILES_AND_STI_V2_INTERSECTIONS,grid_intensity_kg_per_kwh,ADOPTING_13,2053,4,0.2088987795823231,0.4177975591646462,0.9996723132273598
V33_POLICY_CONDITIONAL,REAL_CAPACITY_FHWA_MV1_2024_REGISTERED_AUTOMOBILES_AND_STI_V2_INTERSECTIONS,grid_intensity_kg_per_kwh,ADOPTING_13,2054,4,0.21467366743220614,0.4293473348644123,0.9996723132273598
V33_POLICY_CONDITIONAL,REAL_CAPACITY_FHWA_MV1_2024_REGISTERED_AUTOMOBILES_AND_STI_V2_INTERSECTIONS,grid_intensity_kg_per_kwh,ADOPTING_13,2055,4,0.22023121012164462,0.44046242024328924,0.9996723132273598
V33_POLICY_CONDITIONAL,REAL_CAPACITY_FHWA_MV1_2024_REGISTERED_AUTOMOBILES_AND_STI_V2_INTERSECTIONS,grid_intensity_kg_per_kwh,ADOPTING_13,2056,4,0.22557958770884862,0.45115917541769723,0.9996723132273598
V33_POLICY_CONDITIONAL,REAL_CAPACITY_FHWA_MV1_2024_REGISTERED_AUTOMOBILES_AND_STI_V2_INTERSECTIONS,grid_intensity_kg_per_kwh,ADOPTING_13,2057,4,0.23072667238525912,0.46145334477051825,0.9996723132273598
V33_POLICY_CONDITIONAL,REAL_CAPACITY_FHWA_MV1_2024_REGISTERED_AUTOMOBILES_AND_STI_V2_INTERSECTIONS,grid_intensity_kg_per_kwh,ADOPTING_13,2058,4,0.2356800400625008,0.4713600801250016,0.9996723132273598
V33_POLICY_CONDITIONAL,REAL_CAPACITY_FHWA_MV1_2024_REGISTERED_AUTOMOBILES_AND_STI_V2_INTERSECTIONS,grid_intensity_kg_per_kwh,ADOPTING_13,2059,4,0.23850617347229736,0.4770123469445947,0.9996723132273598
V33_POLICY_CONDITIONAL,REAL_CAPACITY_FHWA_MV1_2024_REGISTERED_AUTOMOBILES_AND_STI_V2_INTERSECTIONS,grid_intensity_kg_per_kwh,ADOPTING_13,2060,4,0.24057196446153736,0.4811439289230747,0.9996723132273598
V33_POLICY_CONDITIONAL,REAL_CAPACITY_FHWA_MV1_2024_REGISTERED_AUTOMOBILES_AND_STI_V2_INTERSECTIONS,grid_intensity_kg_per_kwh,ADOPTING_13,2061,4,0.24244972278781451,0.48489944557562903,0.9996723132273598
V33_POLICY_CONDITIONAL,REAL_CAPACITY_FHWA_MV1_2024_REGISTERED_AUTOMOBILES_AND_STI_V2_INTERSECTIONS,grid_intensity_kg_per_kwh,ADOPTING_13,2062,4,0.2447091696961726,0.4894183393923452,0.9996723132273598
V33_POLICY_CONDITIONAL,REAL_CAPACITY_FHWA_MV1_2024_REGISTERED_AUTOMOBILES_AND_STI_V2_INTERSECTIONS,grid_intensity_kg_per_kwh,ADOPTING_13,2063,4,0.2473355151444414,0.4946710302888828,0.9996723132273598
V33_POLICY_CONDITIONAL,REAL_CAPACITY_FHWA_MV1_2024_REGISTERED_AUTOMOBILES_AND_STI_V2_INTERSECTIONS,grid_intensity_kg_per_kwh,ADOPTING_13,2064,4,0.24992712081199225,0.4998542416239845,0.9996723132273598
V33_POLICY_CONDITIONAL,REAL_CAPACITY_FHWA_MV1_2024_REGISTERED_AUTOMOBILES_AND_STI_V2_INTERSECTIONS,grid_intensity_kg_per_kwh,ADOPTING_13,2065,4,0.25248444621657984,0.5049688924331597,0.9996723132273598
V33_POLICY_CONDITIONAL,REAL_CAPACITY_FHWA_MV1_2024_REGISTERED_AUTOMOBILES_AND_STI_V2_INTERSECTIONS,grid_intensity_kg_per_kwh,ADOPTING_13,2066,4,0.255007944797724,0.510015889595448,0.9996723132273598
V33_POLICY_CONDITIONAL,REAL_CAPACITY_FHWA_MV1_2024_REGISTERED_AUTOMOBILES_AND_STI_V2_INTERSECTIONS,grid_intensity_kg_per_kwh,ADOPTING_13,2067,4,0.25749806399710806,0.5149961279942161,0.9996723132273598
V33_POLICY_CONDITIONAL,REAL_CAPACITY_FHWA_MV1_2024_REGISTERED_AUTOMOBILES_AND_STI_V2_INTERSECTIONS,grid_intensity_kg_per_kwh,ADOPTING_13,2068,4,0.2599552453379154,0.5199104906758308,0.9996723132273598
V33_POLICY_CONDITIONAL,REAL_CAPACITY_FHWA_MV1_2024_REGISTERED_AUTOMOBILES_AND_STI_V2_INTERSECTIONS,grid_intensity_kg_per_kwh,ADOPTING_13,2069,4,0.26237992450311587,0.5247598490062317,0.9996723132273598
V33_POLICY_CONDITIONAL,REAL_CAPACITY_FHWA_MV1_2024_REGISTERED_AUTOMOBILES_AND_STI_V2_INTERSECTIONS,grid_intensity_kg_per_kwh,ADOPTING_13,2070,4,0.2647725314127161,0.5295450628254322,0.9996723132273598
V33_POLICY_CONDITIONAL,REAL_CAPACITY_FHWA_MV1_2024_REGISTERED_AUTOMOBILES_AND_STI_V2_INTERSECTIONS,grid_intensity_kg_per_kwh,ADOPTING_13,2071,4,0.26713349029998973,0.5342669805999795,0.9996723132273598
V33_POLICY_CONDITIONAL,REAL_CAPACITY_FHWA_MV1_2024_REGISTERED_AUTOMOBILES_AND_STI_V2_INTERSECTIONS,grid_intensity_kg_per_kwh,ADOPTING_13,2072,4,0.26946321978669757,0.5389264395733951,0.9996723132273598
V33_POLICY_CONDITIONAL,REAL_CAPACITY_FHWA_MV1_2024_REGISTERED_AUTOMOBILES_AND_STI_V2_INTERSECTIONS,grid_intensity_kg_per_kwh,ADOPTING_13,2073,4,0.2717621329573133,0.5435242659146265,0.9996723132273598
V33_POLICY_CONDITIONAL,REAL_CAPACITY_FHWA_MV1_2024_REGISTERED_AUTOMOBILES_AND_STI_V2_INTERSECTIONS,grid_intensity_kg_per_kwh,ADOPTING_13,2074,4,0.27403063743226785,0.5480612748645357,0.9996723132273598
V33_POLICY_CONDITIONAL,REAL_CAPACITY_FHWA_MV1_2024_REGISTERED_AUTOMOBILES_AND_STI_V2_INTERSECTIONS,grid_intensity_kg_per_kwh,ADOPTING_13,2075,4,0.27626913544022474,0.5525382708804495,0.9996723132273598
V33_POLICY_CONDITIONAL,REAL_CAPACITY_FHWA_MV1_2024_REGISTERED_AUTOMOBILES_AND_STI_V2_INTERSECTIONS,grid_intensity_kg_per_kwh,NO_VEHICLE_RULE_38,2025,38,0.09975728889485733,0.19951457778971465,0.9996723132273598
V33_POLICY_CONDITIONAL,REAL_CAPACITY_FHWA_MV1_2024_REGISTERED_AUTOMOBILES_AND_STI_V2_INTERSECTIONS,grid_intensity_kg_per_kwh,NO_VEHICLE_RULE_38,2026,38,0.10630519566757088,0.21261039133514176,1.0077949042057
V33_POLICY_CONDITIONAL,REAL_CAPACITY_FHWA_MV1_2024_REGISTERED_AUTOMOBILES_AND_STI_V2_INTERSECTIONS,grid_intensity_kg_per_kwh,NO_VEHICLE_RULE_38,2027,38,0.12373004302703255,0.2474600860540651,1.0088612131203796
V33_POLICY_CONDITIONAL,REAL_CAPACITY_FHWA_MV1_2024_REGISTERED_AUTOMOBILES_AND_STI_V2_INTERSECTIONS,grid_intensity_kg_per_kwh,NO_VEHICLE_RULE_38,2028,38,0.1625362754344785,0.325072550868957,1.0125782477012013
V33_POLICY_CONDITIONAL,REAL_CAPACITY_FHWA_MV1_2024_REGISTERED_AUTOMOBILES_AND_STI_V2_INTERSECTIONS,grid_intensity_kg_per_kwh,NO_VEHICLE_RULE_38,2029,38,0.21961630163531373,0.43923260327062746,1.0148059612925597
V33_POLICY_CONDITIONAL,REAL_CAPACITY_FHWA_MV1_2024_REGISTERED_AUTOMOBILES_AND_STI_V2_INTERSECTIONS,grid_intensity_kg_per_kwh,NO_VEHICLE_RULE_38,2030,38,0.2528941060120823,0.5057882120241646,1.0128291574013664
V33_POLICY_CONDITIONAL,REAL_CAPACITY_FHWA_MV1_2024_REGISTERED_AUTOMOBILES_AND_STI_V2_INTERSECTIONS,grid_intensity_kg_per_kwh,NO_VEHICLE_RULE_38,2031,38,0.27566447482421996,0.5513289496484399,1.0196365325774877
V33_POLICY_CONDITIONAL,REAL_CAPACITY_FHWA_MV1_2024_REGISTERED_AUTOMOBILES_AND_STI_V2_INTERSECTIONS,grid_intensity_kg_per_kwh,NO_VEHICLE_RULE_38,2032,38,0.3398863342573951,0.6797726685147902,1.0241212944699405
V33_POLICY_CONDITIONAL,REAL_CAPACITY_FHWA_MV1_2024_REGISTERED_AUTOMOBILES_AND_STI_V2_INTERSECTIONS,grid_intensity_kg_per_kwh,NO_VEHICLE_RULE_38,2033,38,0.3661630880288907,0.7323261760577814,1.023116370053824
V33_POLICY_CONDITIONAL,REAL_CAPACITY_FHWA_MV1_2024_REGISTERED_AUTOMOBILES_AND_STI_V2_INTERSECTIONS,grid_intensity_kg_per_kwh,NO_VEHICLE_RULE_38,2034,38,0.43496638192458026,0.8699327638491605,1.0261921357262538
V33_POLICY_CONDITIONAL,REAL_CAPACITY_FHWA_MV1_2024_REGISTERED_AUTOMOBILES_AND_STI_V2_INTERSECTIONS,grid_intensity_kg_per_kwh,NO_VEHICLE_RULE_38,2035,38,0.5289801100472762,1.0579602200945524,1.0272167843726676
V33_POLICY_CONDITIONAL,REAL_CAPACITY_FHWA_MV1_2024_REGISTERED_AUTOMOBILES_AND_STI_V2_INTERSECTIONS,grid_intensity_kg_per_kwh,NO_VEHICLE_RULE_38,2036,38,0.5436380373888764,1.0872760747777528,1.0197198638621874
V33_POLICY_CONDITIONAL,REAL_CAPACITY_FHWA_MV1_2024_REGISTERED_AUTOMOBILES_AND_STI_V2_INTERSECTIONS,grid_intensity_kg_per_kwh,NO_VEHICLE_RULE_38,2037,38,0.5641807977639544,1.1283615955279087,1.0086554465436555
V33_POLICY_CONDITIONAL,REAL_CAPACITY_FHWA_MV1_2024_REGISTERED_AUTOMOBILES_AND_STI_V2_INTERSECTIONS,grid_intensity_kg_per_kwh,NO_VEHICLE_RULE_38,2038,38,0.5888141535562518,1.1776283071125035,1.0059427553832416
V33_POLICY_CONDITIONAL,REAL_CAPACITY_FHWA_MV1_2024_REGISTERED_AUTOMOBILES_AND_STI_V2_INTERSECTIONS,grid_intensity_kg_per_kwh,NO_VEHICLE_RULE_38,2039,38,0.5856776658215672,1.1713553316431344,1.0091189872539652
V33_POLICY_CONDITIONAL,REAL_CAPACITY_FHWA_MV1_2024_REGISTERED_AUTOMOBILES_AND_STI_V2_INTERSECTIONS,grid_intensity_kg_per_kwh,NO_VEHICLE_RULE_38,2040,34,0.6795485332842361,1.3590970665684723,1.0323741645195827
V33_POLICY_CONDITIONAL,REAL_CAPACITY_FHWA_MV1_2024_REGISTERED_AUTOMOBILES_AND_STI_V2_INTERSECTIONS,grid_intensity_kg_per_kwh,NO_VEHICLE_RULE_38,2041,34,0.6191670535344334,1.2383341070688667,1.0307354945651332
V33_POLICY_CONDITIONAL,REAL_CAPACITY_FHWA_MV1_2024_REGISTERED_AUTOMOBILES_AND_STI_V2_INTERSECTIONS,grid_intensity_kg_per_kwh,NO_VEHICLE_RULE_38,2042,34,0.6242804705672704,1.2485609411345409,1.032693071169447
V33_POLICY_CONDITIONAL,REAL_CAPACITY_FHWA_MV1_2024_REGISTERED_AUTOMOBILES_AND_STI_V2_INTERSECTIONS,grid_intensity_kg_per_kwh,NO_VEHICLE_RULE_38,2043,34,0.633906417305878,1.267812834611756,1.0350938973540653
V33_POLICY_CONDITIONAL,REAL_CAPACITY_FHWA_MV1_2024_REGISTERED_AUTOMOBILES_AND_STI_V2_INTERSECTIONS,grid_intensity_kg_per_kwh,NO_VEHICLE_RULE_38,2044,34,0.636421303068518,1.272842606137036,1.0227253628702555
V33_POLICY_CONDITIONAL,REAL_CAPACITY_FHWA_MV1_2024_REGISTERED_AUTOMOBILES_AND_STI_V2_INTERSECTIONS,grid_intensity_kg_per_kwh,NO_VEHICLE_RULE_38,2045,33,0.6316285213319056,1.2632570426638112,1.032046874547832
V33_POLICY_CONDITIONAL,REAL_CAPACITY_FHWA_MV1_2024_REGISTERED_AUTOMOBILES_AND_STI_V2_INTERSECTIONS,grid_intensity_kg_per_kwh,NO_VEHICLE_RULE_38,2046,33,0.6338605181896295,1.267721036379259,1.0258526941449744
V33_POLICY_CONDITIONAL,REAL_CAPACITY_FHWA_MV1_2024_REGISTERED_AUTOMOBILES_AND_STI_V2_INTERSECTIONS,grid_intensity_kg_per_kwh,NO_VEHICLE_RULE_38,2047,33,0.6390069888659357,1.2780139777318713,1.0107668382400747
V33_POLICY_CONDITIONAL,REAL_CAPACITY_FHWA_MV1_2024_REGISTERED_AUTOMOBILES_AND_STI_V2_INTERSECTIONS,grid_intensity_kg_per_kwh,NO_VEHICLE_RULE_38,2048,33,0.6557300228780462,1.3114600457560923,1.011607841011179
V33_POLICY_CONDITIONAL,REAL_CAPACITY_FHWA_MV1_2024_REGISTERED_AUTOMOBILES_AND_STI_V2_INTERSECTIONS,grid_intensity_kg_per_kwh,NO_VEHICLE_RULE_38,2049,33,0.6757723487086679,1.3515446974173357,1.008257772371572
V33_POLICY_CONDITIONAL,REAL_CAPACITY_FHWA_MV1_2024_REGISTERED_AUTOMOBILES_AND_STI_V2_INTERSECTIONS,grid_intensity_kg_per_kwh,NO_VEHICLE_RULE_38,2050,30,0.7088182072461343,1.4176364144922686,1.0204314935428571
V33_POLICY_CONDITIONAL,REAL_CAPACITY_FHWA_MV1_2024_REGISTERED_AUTOMOBILES_AND_STI_V2_INTERSECTIONS,grid_intensity_kg_per_kwh,NO_VEHICLE_RULE_38,2051,30,0.7053367656399228,1.4106735312798455,1.0188780443011398
V33_POLICY_CONDITIONAL,REAL_CAPACITY_FHWA_MV1_2024_REGISTERED_AUTOMOBILES_AND_STI_V2_INTERSECTIONS,grid_intensity_kg_per_kwh,NO_VEHICLE_RULE_38,2052,30,0.6795617108494174,1.3591234216988348,1.0180744832357473
V33_POLICY_CONDITIONAL,REAL_CAPACITY_FHWA_MV1_2024_REGISTERED_AUTOMOBILES_AND_STI_V2_INTERSECTIONS,grid_intensity_kg_per_kwh,NO_VEHICLE_RULE_38,2053,30,0.6524626805989706,1.3049253611979412,1.019522639253558
V33_POLICY_CONDITIONAL,REAL_CAPACITY_FHWA_MV1_2024_REGISTERED_AUTOMOBILES_AND_STI_V2_INTERSECTIONS,grid_intensity_kg_per_kwh,NO_VEHICLE_RULE_38,2054,30,0.6272258270624245,1.254451654124849,1.019298099019066
V33_POLICY_CONDITIONAL,REAL_CAPACITY_FHWA_MV1_2024_REGISTERED_AUTOMOBILES_AND_STI_V2_INTERSECTIONS,grid_intensity_kg_per_kwh,NO_VEHICLE_RULE_38,2055,30,0.6223537450403026,1.2447074900806052,1.01853930907417
V33_POLICY_CONDITIONAL,REAL_CAPACITY_FHWA_MV1_2024_REGISTERED_AUTOMOBILES_AND_STI_V2_INTERSECTIONS,grid_intensity_kg_per_kwh,NO_VEHICLE_RULE_38,2056,30,0.6197304693472927,1.2394609386945854,1.0144758209701394
V33_POLICY_CONDITIONAL,REAL_CAPACITY_FHWA_MV1_2024_REGISTERED_AUTOMOBILES_AND_STI_V2_INTERSECTIONS,grid_intensity_kg_per_kwh,NO_VEHICLE_RULE_38,2057,30,0.6212183449351696,1.2424366898703392,1.0112075013124515
V33_POLICY_CONDITIONAL,REAL_CAPACITY_FHWA_MV1_2024_REGISTERED_AUTOMOBILES_AND_STI_V2_INTERSECTIONS,grid_intensity_kg_per_kwh,NO_VEHICLE_RULE_38,2058,30,0.6266907877935289,1.2533815755870579,1.008053072256978
V33_POLICY_CONDITIONAL,REAL_CAPACITY_FHWA_MV1_2024_REGISTERED_AUTOMOBILES_AND_STI_V2_INTERSECTIONS,grid_intensity_kg_per_kwh,NO_VEHICLE_RULE_38,2059,30,0.6263047678869245,1.252609535773849,1.0057260318163117
V33_POLICY_CONDITIONAL,REAL_CAPACITY_FHWA_MV1_2024_REGISTERED_AUTOMOBILES_AND_STI_V2_INTERSECTIONS,grid_intensity_kg_per_kwh,NO_VEHICLE_RULE_38,2060,30,0.635364319630607,1.270728639261214,1.0003964277323718
V33_POLICY_CONDITIONAL,REAL_CAPACITY_FHWA_MV1_2024_REGISTERED_AUTOMOBILES_AND_STI_V2_INTERSECTIONS,grid_intensity_kg_per_kwh,NO_VEHICLE_RULE_38,2061,30,0.6388542583116332,1.2777085166232665,0.999897148584256
V33_POLICY_CONDITIONAL,REAL_CAPACITY_FHWA_MV1_2024_REGISTERED_AUTOMOBILES_AND_STI_V2_INTERSECTIONS,grid_intensity_kg_per_kwh,NO_VEHICLE_RULE_38,2062,30,0.6397272139706262,1.2794544279412523,0.9999180374511336
V33_POLICY_CONDITIONAL,REAL_CAPACITY_FHWA_MV1_2024_REGISTERED_AUTOMOBILES_AND_STI_V2_INTERSECTIONS,grid_intensity_kg_per_kwh,NO_VEHICLE_RULE_38,2063,30,0.6425874780751581,1.2851749561503163,0.9996723132273597
V33_POLICY_CONDITIONAL,REAL_CAPACITY_FHWA_MV1_2024_REGISTERED_AUTOMOBILES_AND_STI_V2_INTERSECTIONS,grid_intensity_kg_per_kwh,NO_VEHICLE_RULE_38,2064,30,0.6453514441988841,1.2907028883977683,0.9996723132273597
V33_POLICY_CONDITIONAL,REAL_CAPACITY_FHWA_MV1_2024_REGISTERED_AUTOMOBILES_AND_STI_V2_INTERSECTIONS,grid_intensity_kg_per_kwh,NO_VEHICLE_RULE_38,2065,30,0.6469541092894875,1.293908218578975,0.9996723132273597
V33_POLICY_CONDITIONAL,REAL_CAPACITY_FHWA_MV1_2024_REGISTERED_AUTOMOBILES_AND_STI_V2_INTERSECTIONS,grid_intensity_kg_per_kwh,NO_VEHICLE_RULE_38,2066,30,0.6529125610245776,1.3058251220491552,0.9996723132273597
V33_POLICY_CONDITIONAL,REAL_CAPACITY_FHWA_MV1_2024_REGISTERED_AUTOMOBILES_AND_STI_V2_INTERSECTIONS,grid_intensity_kg_per_kwh,NO_VEHICLE_RULE_38,2067,30,0.6596122192293371,1.3192244384586742,0.9996723132273597
V33_POLICY_CONDITIONAL,REAL_CAPACITY_FHWA_MV1_2024_REGISTERED_AUTOMOBILES_AND_STI_V2_INTERSECTIONS,grid_intensity_kg_per_kwh,NO_VEHICLE_RULE_38,2068,30,0.6659279139849406,1.3318558279698811,0.9996723132273597
V33_POLICY_CONDITIONAL,REAL_CAPACITY_FHWA_MV1_2024_REGISTERED_AUTOMOBILES_AND_STI_V2_INTERSECTIONS,grid_intensity_kg_per_kwh,NO_VEHICLE_RULE_38,2069,30,0.6718980683005209,1.3437961366010418,0.9996723132273597
V33_POLICY_CONDITIONAL,REAL_CAPACITY_FHWA_MV1_2024_REGISTERED_AUTOMOBILES_AND_STI_V2_INTERSECTIONS,grid_intensity_kg_per_kwh,NO_VEHICLE_RULE_38,2070,30,0.682232133318136,1.364464266636272,0.9996723132273597
V33_POLICY_CONDITIONAL,REAL_CAPACITY_FHWA_MV1_2024_REGISTERED_AUTOMOBILES_AND_STI_V2_INTERSECTIONS,grid_intensity_kg_per_kwh,NO_VEHICLE_RULE_38,2071,30,0.6928981332911519,1.3857962665823038,0.9996723132273597
V33_POLICY_CONDITIONAL,REAL_CAPACITY_FHWA_MV1_2024_REGISTERED_AUTOMOBILES_AND_STI_V2_INTERSECTIONS,grid_intensity_kg_per_kwh,NO_VEHICLE_RULE_38,2072,30,0.6962366528358346,1.3924733056716692,0.9996723132273597
V33_POLICY_CONDITIONAL,REAL_CAPACITY_FHWA_MV1_2024_REGISTERED_AUTOMOBILES_AND_STI_V2_INTERSECTIONS,grid_intensity_kg_per_kwh,NO_VEHICLE_RULE_38,2073,30,0.6966160550596487,1.3932321101192975,0.9996723132273597
V33_POLICY_CONDITIONAL,REAL_CAPACITY_FHWA_MV1_2024_REGISTERED_AUTOMOBILES_AND_STI_V2_INTERSECTIONS,grid_intensity_kg_per_kwh,NO_VEHICLE_RULE_38,2074,30,0.6976489867590159,1.3952979735180318,0.9996723132273597
V33_POLICY_CONDITIONAL,REAL_CAPACITY_FHWA_MV1_2024_REGISTERED_AUTOMOBILES_AND_STI_V2_INTERSECTIONS,grid_intensity_kg_per_kwh,NO_VEHICLE_RULE_38,2075,30,0.7021531027298998,1.4043062054597997,0.9996723132273597
V33_POLICY_CONDITIONAL,REAL_CAPACITY_FHWA_MV1_2024_REGISTERED_AUTOMOBILES_AND_STI_V2_INTERSECTIONS,grid_intensity_kg_per_kwh,ALL_51,2025,51,0.09975728889485731,0.19951457778971463,0.9996723132273598
V33_POLICY_CONDITIONAL,REAL_CAPACITY_FHWA_MV1_2024_REGISTERED_AUTOMOBILES_AND_STI_V2_INTERSECTIONS,grid_intensity_kg_per_kwh,ALL_51,2026,51,0.10554255359375674,0.21108510718751347,1.00558371380958
V33_POLICY_CONDITIONAL,REAL_CAPACITY_FHWA_MV1_2024_REGISTERED_AUTOMOBILES_AND_STI_V2_INTERSECTIONS,grid_intensity_kg_per_kwh,ALL_51,2027,51,0.1233415980192565,0.246683196038513,1.0067138863353338
V33_POLICY_CONDITIONAL,REAL_CAPACITY_FHWA_MV1_2024_REGISTERED_AUTOMOBILES_AND_STI_V2_INTERSECTIONS,grid_intensity_kg_per_kwh,ALL_51,2028,51,0.1527811354863355,0.305562270972671,1.0093675245780636
V33_POLICY_CONDITIONAL,REAL_CAPACITY_FHWA_MV1_2024_REGISTERED_AUTOMOBILES_AND_STI_V2_INTERSECTIONS,grid_intensity_kg_per_kwh,ALL_51,2029,51,0.19969268552907726,0.3993853710581545,1.0111168777538533
V33_POLICY_CONDITIONAL,REAL_CAPACITY_FHWA_MV1_2024_REGISTERED_AUTOMOBILES_AND_STI_V2_INTERSECTIONS,grid_intensity_kg_per_kwh,ALL_51,2030,51,0.22084947238429972,0.44169894476859944,1.0030999633065343
V33_POLICY_CONDITIONAL,REAL_CAPACITY_FHWA_MV1_2024_REGISTERED_AUTOMOBILES_AND_STI_V2_INTERSECTIONS,grid_intensity_kg_per_kwh,ALL_51,2031,51,0.2493873747222135,0.498774749444427,1.0083251134844693
V33_POLICY_CONDITIONAL,REAL_CAPACITY_FHWA_MV1_2024_REGISTERED_AUTOMOBILES_AND_STI_V2_INTERSECTIONS,grid_intensity_kg_per_kwh,ALL_51,2032,50,0.2939688687708205,0.587937737541641,1.0164817204506598
V33_POLICY_CONDITIONAL,REAL_CAPACITY_FHWA_MV1_2024_REGISTERED_AUTOMOBILES_AND_STI_V2_INTERSECTIONS,grid_intensity_kg_per_kwh,ALL_51,2033,49,0.35349720023037445,0.7069944004607489,1.0197763209062036
V33_POLICY_CONDITIONAL,REAL_CAPACITY_FHWA_MV1_2024_REGISTERED_AUTOMOBILES_AND_STI_V2_INTERSECTIONS,grid_intensity_kg_per_kwh,ALL_51,2034,49,0.3761240144926655,0.752248028985331,1.0134136710894908
V33_POLICY_CONDITIONAL,REAL_CAPACITY_FHWA_MV1_2024_REGISTERED_AUTOMOBILES_AND_STI_V2_INTERSECTIONS,grid_intensity_kg_per_kwh,ALL_51,2035,48,0.4343345290675473,0.8686690581350947,1.0131667350452056
V33_POLICY_CONDITIONAL,REAL_CAPACITY_FHWA_MV1_2024_REGISTERED_AUTOMOBILES_AND_STI_V2_INTERSECTIONS,grid_intensity_kg_per_kwh,ALL_51,2036,48,0.4270181744777536,0.8540363489555072,1.0098702741693102
V33_POLICY_CONDITIONAL,REAL_CAPACITY_FHWA_MV1_2024_REGISTERED_AUTOMOBILES_AND_STI_V2_INTERSECTIONS,grid_intensity_kg_per_kwh,ALL_51,2037,48,0.42089759587659037,0.8417951917531807,1.0021412456686338
V33_POLICY_CONDITIONAL,REAL_CAPACITY_FHWA_MV1_2024_REGISTERED_AUTOMOBILES_AND_STI_V2_INTERSECTIONS,grid_intensity_kg_per_kwh,ALL_51,2038,48,0.4630214978896244,0.9260429957792488,1.000854308992123
V33_POLICY_CONDITIONAL,REAL_CAPACITY_FHWA_MV1_2024_REGISTERED_AUTOMOBILES_AND_STI_V2_INTERSECTIONS,grid_intensity_kg_per_kwh,ALL_51,2039,48,0.4585673346359836,0.9171346692719672,1.0033962344891543
V33_POLICY_CONDITIONAL,REAL_CAPACITY_FHWA_MV1_2024_REGISTERED_AUTOMOBILES_AND_STI_V2_INTERSECTIONS,grid_intensity_kg_per_kwh,ALL_51,2040,42,0.49973647799459464,0.9994729559891893,1.0223623919449634
V33_POLICY_CONDITIONAL,REAL_CAPACITY_FHWA_MV1_2024_REGISTERED_AUTOMOBILES_AND_STI_V2_INTERSECTIONS,grid_intensity_kg_per_kwh,ALL_51,2041,42,0.4772236901243502,0.9544473802487003,1.0199125973101066
V33_POLICY_CONDITIONAL,REAL_CAPACITY_FHWA_MV1_2024_REGISTERED_AUTOMOBILES_AND_STI_V2_INTERSECTIONS,grid_intensity_kg_per_kwh,ALL_51,2042,42,0.4637564079180834,0.9275128158361668,1.0140418929506172
V33_POLICY_CONDITIONAL,REAL_CAPACITY_FHWA_MV1_2024_REGISTERED_AUTOMOBILES_AND_STI_V2_INTERSECTIONS,grid_intensity_kg_per_kwh,ALL_51,2043,42,0.4531796609319996,0.9063593218639991,1.0117185105567221
V33_POLICY_CONDITIONAL,REAL_CAPACITY_FHWA_MV1_2024_REGISTERED_AUTOMOBILES_AND_STI_V2_INTERSECTIONS,grid_intensity_kg_per_kwh,ALL_51,2044,42,0.434008532720885,0.86801706544177,1.012724691457556
V33_POLICY_CONDITIONAL,REAL_CAPACITY_FHWA_MV1_2024_REGISTERED_AUTOMOBILES_AND_STI_V2_INTERSECTIONS,grid_intensity_kg_per_kwh,ALL_51,2045,38,0.556695906451562,1.113391812903124,1.0263117987852728
V33_POLICY_CONDITIONAL,REAL_CAPACITY_FHWA_MV1_2024_REGISTERED_AUTOMOBILES_AND_STI_V2_INTERSECTIONS,grid_intensity_kg_per_kwh,ALL_51,2046,38,0.5316138716863086,1.0632277433726172,1.023214708583844
V33_POLICY_CONDITIONAL,REAL_CAPACITY_FHWA_MV1_2024_REGISTERED_AUTOMOBILES_AND_STI_V2_INTERSECTIONS,grid_intensity_kg_per_kwh,ALL_51,2047,38,0.5049309954378252,1.0098619908756503,1.0061973353122773
V33_POLICY_CONDITIONAL,REAL_CAPACITY_FHWA_MV1_2024_REGISTERED_AUTOMOBILES_AND_STI_V2_INTERSECTIONS,grid_intensity_kg_per_kwh,ALL_51,2048,38,0.5005760519475329,1.0011521038950657,1.010732395944275
V33_POLICY_CONDITIONAL,REAL_CAPACITY_FHWA_MV1_2024_REGISTERED_AUTOMOBILES_AND_STI_V2_INTERSECTIONS,grid_intensity_kg_per_kwh,ALL_51,2049,38,0.499637692062719,0.999275384125438,1.007511026158747
V33_POLICY_CONDITIONAL,REAL_CAPACITY_FHWA_MV1_2024_REGISTERED_AUTOMOBILES_AND_STI_V2_INTERSECTIONS,grid_intensity_kg_per_kwh,ALL_51,2050,34,0.546739964135328,1.093479928270656,1.011754725433311
V33_POLICY_CONDITIONAL,REAL_CAPACITY_FHWA_MV1_2024_REGISTERED_AUTOMOBILES_AND_STI_V2_INTERSECTIONS,grid_intensity_kg_per_kwh,ALL_51,2051,34,0.5539985651076829,1.1079971302153657,1.0059290159893597
V33_POLICY_CONDITIONAL,REAL_CAPACITY_FHWA_MV1_2024_REGISTERED_AUTOMOBILES_AND_STI_V2_INTERSECTIONS,grid_intensity_kg_per_kwh,ALL_51,2052,34,0.5612640895330037,1.1225281790660073,1.007381868284402
V33_POLICY_CONDITIONAL,REAL_CAPACITY_FHWA_MV1_2024_REGISTERED_AUTOMOBILES_AND_STI_V2_INTERSECTIONS,grid_intensity_kg_per_kwh,ALL_51,2053,34,0.568595648434161,1.137191296868322,1.0086040258100666
V33_POLICY_CONDITIONAL,REAL_CAPACITY_FHWA_MV1_2024_REGISTERED_AUTOMOBILES_AND_STI_V2_INTERSECTIONS,grid_intensity_kg_per_kwh,ALL_51,2054,34,0.5748944909171739,1.1497889818343479,1.0066139749212264
V33_POLICY_CONDITIONAL,REAL_CAPACITY_FHWA_MV1_2024_REGISTERED_AUTOMOBILES_AND_STI_V2_INTERSECTIONS,grid_intensity_kg_per_kwh,ALL_51,2055,34,0.5617506450493844,1.1235012900987689,1.0066985303409246
V33_POLICY_CONDITIONAL,REAL_CAPACITY_FHWA_MV1_2024_REGISTERED_AUTOMOBILES_AND_STI_V2_INTERSECTIONS,grid_intensity_kg_per_kwh,ALL_51,2056,34,0.5522447467145466,1.1044894934290932,1.0043520484509385
V33_POLICY_CONDITIONAL,REAL_CAPACITY_FHWA_MV1_2024_REGISTERED_AUTOMOBILES_AND_STI_V2_INTERSECTIONS,grid_intensity_kg_per_kwh,ALL_51,2057,34,0.5672573534806806,1.1345147069613613,1.0025760515401467
V33_POLICY_CONDITIONAL,REAL_CAPACITY_FHWA_MV1_2024_REGISTERED_AUTOMOBILES_AND_STI_V2_INTERSECTIONS,grid_intensity_kg_per_kwh,ALL_51,2058,34,0.583126516350646,1.166253032701292,1.0006334658938543
V33_POLICY_CONDITIONAL,REAL_CAPACITY_FHWA_MV1_2024_REGISTERED_AUTOMOBILES_AND_STI_V2_INTERSECTIONS,grid_intensity_kg_per_kwh,ALL_51,2059,34,0.5909247784345681,1.1818495568691363,0.9998818199986541
V33_POLICY_CONDITIONAL,REAL_CAPACITY_FHWA_MV1_2024_REGISTERED_AUTOMOBILES_AND_STI_V2_INTERSECTIONS,grid_intensity_kg_per_kwh,ALL_51,2060,34,0.5866345176183552,1.1732690352367103,0.9998946120807806
V33_POLICY_CONDITIONAL,REAL_CAPACITY_FHWA_MV1_2024_REGISTERED_AUTOMOBILES_AND_STI_V2_INTERSECTIONS,grid_intensity_kg_per_kwh,ALL_51,2061,34,0.5727437674875876,1.1454875349751752,0.9996723132273598
V33_POLICY_CONDITIONAL,REAL_CAPACITY_FHWA_MV1_2024_REGISTERED_AUTOMOBILES_AND_STI_V2_INTERSECTIONS,grid_intensity_kg_per_kwh,ALL_51,2062,34,0.5736447705665961,1.1472895411331923,0.9996723132273598
V33_POLICY_CONDITIONAL,REAL_CAPACITY_FHWA_MV1_2024_REGISTERED_AUTOMOBILES_AND_STI_V2_INTERSECTIONS,grid_intensity_kg_per_kwh,ALL_51,2063,34,0.585520044293113,1.171040088586226,0.9996723132273598
V33_POLICY_CONDITIONAL,REAL_CAPACITY_FHWA_MV1_2024_REGISTERED_AUTOMOBILES_AND_STI_V2_INTERSECTIONS,grid_intensity_kg_per_kwh,ALL_51,2064,34,0.5974035393561958,1.1948070787123917,0.9996723132273598
V33_POLICY_CONDITIONAL,REAL_CAPACITY_FHWA_MV1_2024_REGISTERED_AUTOMOBILES_AND_STI_V2_INTERSECTIONS,grid_intensity_kg_per_kwh,ALL_51,2065,34,0.6092978031335914,1.2185956062671828,0.9996723132273598
V33_POLICY_CONDITIONAL,REAL_CAPACITY_FHWA_MV1_2024_REGISTERED_AUTOMOBILES_AND_STI_V2_INTERSECTIONS,grid_intensity_kg_per_kwh,ALL_51,2066,34,0.6174680697878098,1.2349361395756195,0.9996723132273598
V33_POLICY_CONDITIONAL,REAL_CAPACITY_FHWA_MV1_2024_REGISTERED_AUTOMOBILES_AND_STI_V2_INTERSECTIONS,grid_intensity_kg_per_kwh,ALL_51,2067,34,0.6277934771159119,1.2555869542318239,0.9996723132273598
V33_POLICY_CONDITIONAL,REAL_CAPACITY_FHWA_MV1_2024_REGISTERED_AUTOMOBILES_AND_STI_V2_INTERSECTIONS,grid_intensity_kg_per_kwh,ALL_51,2068,34,0.6393952450528604,1.2787904901057208,0.9996723132273598
V33_POLICY_CONDITIONAL,REAL_CAPACITY_FHWA_MV1_2024_REGISTERED_AUTOMOBILES_AND_STI_V2_INTERSECTIONS,grid_intensity_kg_per_kwh,ALL_51,2069,34,0.6515805008571978,1.3031610017143955,0.9996723132273598
V33_POLICY_CONDITIONAL,REAL_CAPACITY_FHWA_MV1_2024_REGISTERED_AUTOMOBILES_AND_STI_V2_INTERSECTIONS,grid_intensity_kg_per_kwh,ALL_51,2070,34,0.6591406693650763,1.3182813387301526,0.9996723132273598
V33_POLICY_CONDITIONAL,REAL_CAPACITY_FHWA_MV1_2024_REGISTERED_AUTOMOBILES_AND_STI_V2_INTERSECTIONS,grid_intensity_kg_per_kwh,ALL_51,2071,34,0.6663299182609046,1.3326598365218092,0.9996723132273598
V33_POLICY_CONDITIONAL,REAL_CAPACITY_FHWA_MV1_2024_REGISTERED_AUTOMOBILES_AND_STI_V2_INTERSECTIONS,grid_intensity_kg_per_kwh,ALL_51,2072,34,0.6733329000142881,1.3466658000285763,0.9996723132273598
V33_POLICY_CONDITIONAL,REAL_CAPACITY_FHWA_MV1_2024_REGISTERED_AUTOMOBILES_AND_STI_V2_INTERSECTIONS,grid_intensity_kg_per_kwh,ALL_51,2073,34,0.6807254935012494,1.361450987002499,0.9996723132273598
V33_POLICY_CONDITIONAL,REAL_CAPACITY_FHWA_MV1_2024_REGISTERED_AUTOMOBILES_AND_STI_V2_INTERSECTIONS,grid_intensity_kg_per_kwh,ALL_51,2074,34,0.6865901072970597,1.3731802145941194,0.9996723132273598
V33_POLICY_CONDITIONAL,REAL_CAPACITY_FHWA_MV1_2024_REGISTERED_AUTOMOBILES_AND_STI_V2_INTERSECTIONS,grid_intensity_kg_per_kwh,ALL_51,2075,34,0.688707653199216,1.377415306398432,0.9996723132273598
V33_POLICY_CONDITIONAL,EQUAL_SIZE_COMPARISON_1000000_VEHICLES_AT_THE_MEASURED_NATIONAL_RATIO_2988_STI_UNITS_PER_MILLION_VEHICLES,energy_kwh_eq,FULL_SCHEDULE_10,2025,10,0.23856168560911584,0.4771233712182317,0.964356396786772
V33_POLICY_CONDITIONAL,EQUAL_SIZE_COMPARISON_1000000_VEHICLES_AT_THE_MEASURED_NATIONAL_RATIO_2988_STI_UNITS_PER_MILLION_VEHICLES,energy_kwh_eq,FULL_SCHEDULE_10,2026,10,0.23339190408420551,0.46678380816841103,0.972463464756838
V33_POLICY_CONDITIONAL,EQUAL_SIZE_COMPARISON_1000000_VEHICLES_AT_THE_MEASURED_NATIONAL_RATIO_2988_STI_UNITS_PER_MILLION_VEHICLES,energy_kwh_eq,FULL_SCHEDULE_10,2027,10,0.23496496869219208,0.46992993738438416,0.9772692308451204
V33_POLICY_CONDITIONAL,EQUAL_SIZE_COMPARISON_1000000_VEHICLES_AT_THE_MEASURED_NATIONAL_RATIO_2988_STI_UNITS_PER_MILLION_VEHICLES,energy_kwh_eq,FULL_SCHEDULE_10,2028,10,0.23348844762193954,0.4669768952438791,0.9797179000835378
V33_POLICY_CONDITIONAL,EQUAL_SIZE_COMPARISON_1000000_VEHICLES_AT_THE_MEASURED_NATIONAL_RATIO_2988_STI_UNITS_PER_MILLION_VEHICLES,energy_kwh_eq,FULL_SCHEDULE_10,2029,10,0.23145799272130593,0.46291598544261187,0.9828075592973258
V33_POLICY_CONDITIONAL,EQUAL_SIZE_COMPARISON_1000000_VEHICLES_AT_THE_MEASURED_NATIONAL_RATIO_2988_STI_UNITS_PER_MILLION_VEHICLES,energy_kwh_eq,FULL_SCHEDULE_10,2030,10,0.22966953755927189,0.45933907511854377,0.9858512388212163
V33_POLICY_CONDITIONAL,EQUAL_SIZE_COMPARISON_1000000_VEHICLES_AT_THE_MEASURED_NATIONAL_RATIO_2988_STI_UNITS_PER_MILLION_VEHICLES,energy_kwh_eq,FULL_SCHEDULE_10,2031,10,0.22755920079144856,0.4551184015828971,0.9871783711659567
V33_POLICY_CONDITIONAL,EQUAL_SIZE_COMPARISON_1000000_VEHICLES_AT_THE_MEASURED_NATIONAL_RATIO_2988_STI_UNITS_PER_MILLION_VEHICLES,energy_kwh_eq,FULL_SCHEDULE_10,2032,10,0.22454076279558574,0.4490815255911715,0.988484043261259
V33_POLICY_CONDITIONAL,EQUAL_SIZE_COMPARISON_1000000_VEHICLES_AT_THE_MEASURED_NATIONAL_RATIO_2988_STI_UNITS_PER_MILLION_VEHICLES,energy_kwh_eq,FULL_SCHEDULE_10,2033,10,0.22394082208832997,0.44788164417665993,0.9893719885023914
V33_POLICY_CONDITIONAL,EQUAL_SIZE_COMPARISON_1000000_VEHICLES_AT_THE_MEASURED_NATIONAL_RATIO_2988_STI_UNITS_PER_MILLION_VEHICLES,energy_kwh_eq,FULL_SCHEDULE_10,2034,10,0.2217871039800851,0.4435742079601702,0.9909768858597607
V33_POLICY_CONDITIONAL,EQUAL_SIZE_COMPARISON_1000000_VEHICLES_AT_THE_MEASURED_NATIONAL_RATIO_2988_STI_UNITS_PER_MILLION_VEHICLES,energy_kwh_eq,FULL_SCHEDULE_10,2035,10,0.2213567066618462,0.4427134133236924,0.9914789089007874
V33_POLICY_CONDITIONAL,EQUAL_SIZE_COMPARISON_1000000_VEHICLES_AT_THE_MEASURED_NATIONAL_RATIO_2988_STI_UNITS_PER_MILLION_VEHICLES,energy_kwh_eq,FULL_SCHEDULE_10,2036,10,0.22275599912996308,0.44551199825992616,0.9930440779527144
V33_POLICY_CONDITIONAL,EQUAL_SIZE_COMPARISON_1000000_VEHICLES_AT_THE_MEASURED_NATIONAL_RATIO_2988_STI_UNITS_PER_MILLION_VEHICLES,energy_kwh_eq,FULL_SCHEDULE_10,2037,10,0.2255379750911113,0.4510759501822226,0.9938706586738498
V33_POLICY_CONDITIONAL,EQUAL_SIZE_COMPARISON_1000000_VEHICLES_AT_THE_MEASURED_NATIONAL_RATIO_2988_STI_UNITS_PER_MILLION_VEHICLES,energy_kwh_eq,FULL_SCHEDULE_10,2038,10,0.22664361334065017,0.45328722668130034,0.9919826652697297
V33_POLICY_CONDITIONAL,EQUAL_SIZE_COMPARISON_1000000_VEHICLES_AT_THE_MEASURED_NATIONAL_RATIO_2988_STI_UNITS_PER_MILLION_VEHICLES,energy_kwh_eq,FULL_SCHEDULE_10,2039,10,0.22963681931733423,0.45927363863466847,0.9929135308614576
V33_POLICY_CONDITIONAL,EQUAL_SIZE_COMPARISON_1000000_VEHICLES_AT_THE_MEASURED_NATIONAL_RATIO_2988_STI_UNITS_PER_MILLION_VEHICLES,energy_kwh_eq,FULL_SCHEDULE_10,2040,10,0.23186990911959487,0.46373981823918975,0.9958409552173707
V33_POLICY_CONDITIONAL,EQUAL_SIZE_COMPARISON_1000000_VEHICLES_AT_THE_MEASURED_NATIONAL_RATIO_2988_STI_UNITS_PER_MILLION_VEHICLES,energy_kwh_eq,FULL_SCHEDULE_10,2041,10,0.23621421843653773,0.47242843687307545,1.001007357557251
V33_POLICY_CONDITIONAL,EQUAL_SIZE_COMPARISON_1000000_VEHICLES_AT_THE_MEASURED_NATIONAL_RATIO_2988_STI_UNITS_PER_MILLION_VEHICLES,energy_kwh_eq,FULL_SCHEDULE_10,2042,10,0.2428662274816166,0.4857324549632332,1.009258566989013
V33_POLICY_CONDITIONAL,EQUAL_SIZE_COMPARISON_1000000_VEHICLES_AT_THE_MEASURED_NATIONAL_RATIO_2988_STI_UNITS_PER_MILLION_VEHICLES,energy_kwh_eq,FULL_SCHEDULE_10,2043,10,0.2489474541708998,0.4978949083417996,1.0205621357929004
V33_POLICY_CONDITIONAL,EQUAL_SIZE_COMPARISON_1000000_VEHICLES_AT_THE_MEASURED_NATIONAL_RATIO_2988_STI_UNITS_PER_MILLION_VEHICLES,energy_kwh_eq,FULL_SCHEDULE_10,2044,10,0.2537757826385419,0.5075515652770838,1.0331732610047255
V33_POLICY_CONDITIONAL,EQUAL_SIZE_COMPARISON_1000000_VEHICLES_AT_THE_MEASURED_NATIONAL_RATIO_2988_STI_UNITS_PER_MILLION_VEHICLES,energy_kwh_eq,FULL_SCHEDULE_10,2045,10,0.2572750427187641,0.5145500854375282,1.0440424800953187
V33_POLICY_CONDITIONAL,EQUAL_SIZE_COMPARISON_1000000_VEHICLES_AT_THE_MEASURED_NATIONAL_RATIO_2988_STI_UNITS_PER_MILLION_VEHICLES,energy_kwh_eq,FULL_SCHEDULE_10,2046,10,0.2606525693803957,0.5213051387607914,1.052858407354463
V33_POLICY_CONDITIONAL,EQUAL_SIZE_COMPARISON_1000000_VEHICLES_AT_THE_MEASURED_NATIONAL_RATIO_2988_STI_UNITS_PER_MILLION_VEHICLES,energy_kwh_eq,FULL_SCHEDULE_10,2047,10,0.26316228354241833,0.5263245670848367,1.060967673648463
V33_POLICY_CONDITIONAL,EQUAL_SIZE_COMPARISON_1000000_VEHICLES_AT_THE_MEASURED_NATIONAL_RATIO_2988_STI_UNITS_PER_MILLION_VEHICLES,energy_kwh_eq,FULL_SCHEDULE_10,2048,10,0.26593978327880463,0.5318795665576093,1.0666627645304332
V33_POLICY_CONDITIONAL,EQUAL_SIZE_COMPARISON_1000000_VEHICLES_AT_THE_MEASURED_NATIONAL_RATIO_2988_STI_UNITS_PER_MILLION_VEHICLES,energy_kwh_eq,FULL_SCHEDULE_10,2049,10,0.2675821612692654,0.5351643225385307,1.0711743295619007
V33_POLICY_CONDITIONAL,EQUAL_SIZE_COMPARISON_1000000_VEHICLES_AT_THE_MEASURED_NATIONAL_RATIO_2988_STI_UNITS_PER_MILLION_VEHICLES,energy_kwh_eq,FULL_SCHEDULE_10,2050,10,0.26862395925804505,0.5372479185160901,1.072389526315976
V33_POLICY_CONDITIONAL,EQUAL_SIZE_COMPARISON_1000000_VEHICLES_AT_THE_MEASURED_NATIONAL_RATIO_2988_STI_UNITS_PER_MILLION_VEHICLES,energy_kwh_eq,FULL_SCHEDULE_10,2051,10,0.26964411796025156,0.5392882359205031,1.0744186091348342
V33_POLICY_CONDITIONAL,EQUAL_SIZE_COMPARISON_1000000_VEHICLES_AT_THE_MEASURED_NATIONAL_RATIO_2988_STI_UNITS_PER_MILLION_VEHICLES,energy_kwh_eq,FULL_SCHEDULE_10,2052,10,0.27296049886592355,0.5459209977318471,1.0734256441150343
V33_POLICY_CONDITIONAL,EQUAL_SIZE_COMPARISON_1000000_VEHICLES_AT_THE_MEASURED_NATIONAL_RATIO_2988_STI_UNITS_PER_MILLION_VEHICLES,energy_kwh_eq,FULL_SCHEDULE_10,2053,10,0.2756264168210225,0.551252833642045,1.0735254960552811
V33_POLICY_CONDITIONAL,EQUAL_SIZE_COMPARISON_1000000_VEHICLES_AT_THE_MEASURED_NATIONAL_RATIO_2988_STI_UNITS_PER_MILLION_VEHICLES,energy_kwh_eq,FULL_SCHEDULE_10,2054,10,0.2750415240044628,0.5500830480089256,1.071466946545312
V33_POLICY_CONDITIONAL,EQUAL_SIZE_COMPARISON_1000000_VEHICLES_AT_THE_MEASURED_NATIONAL_RATIO_2988_STI_UNITS_PER_MILLION_VEHICLES,energy_kwh_eq,FULL_SCHEDULE_10,2055,10,0.2753621449228729,0.5507242898457458,1.0711407735486707
V33_POLICY_CONDITIONAL,EQUAL_SIZE_COMPARISON_1000000_VEHICLES_AT_THE_MEASURED_NATIONAL_RATIO_2988_STI_UNITS_PER_MILLION_VEHICLES,energy_kwh_eq,FULL_SCHEDULE_10,2056,10,0.27554289836205703,0.5510857967241141,1.0705633067136824
V33_POLICY_CONDITIONAL,EQUAL_SIZE_COMPARISON_1000000_VEHICLES_AT_THE_MEASURED_NATIONAL_RATIO_2988_STI_UNITS_PER_MILLION_VEHICLES,energy_kwh_eq,FULL_SCHEDULE_10,2057,10,0.2758598020798289,0.5517196041596578,1.0703681217813026
V33_POLICY_CONDITIONAL,EQUAL_SIZE_COMPARISON_1000000_VEHICLES_AT_THE_MEASURED_NATIONAL_RATIO_2988_STI_UNITS_PER_MILLION_VEHICLES,energy_kwh_eq,FULL_SCHEDULE_10,2058,10,0.2763291476153076,0.5526582952306152,1.0699698816149499
V33_POLICY_CONDITIONAL,EQUAL_SIZE_COMPARISON_1000000_VEHICLES_AT_THE_MEASURED_NATIONAL_RATIO_2988_STI_UNITS_PER_MILLION_VEHICLES,energy_kwh_eq,FULL_SCHEDULE_10,2059,10,0.2755112583720408,0.5510225167440816,1.0683774229507492
V33_POLICY_CONDITIONAL,EQUAL_SIZE_COMPARISON_1000000_VEHICLES_AT_THE_MEASURED_NATIONAL_RATIO_2988_STI_UNITS_PER_MILLION_VEHICLES,energy_kwh_eq,FULL_SCHEDULE_10,2060,10,0.2747482060830453,0.5494964121660906,1.0675376301533799
V33_POLICY_CONDITIONAL,EQUAL_SIZE_COMPARISON_1000000_VEHICLES_AT_THE_MEASURED_NATIONAL_RATIO_2988_STI_UNITS_PER_MILLION_VEHICLES,energy_kwh_eq,FULL_SCHEDULE_10,2061,10,0.27469402896104766,0.5493880579220953,1.0665437619212736
V33_POLICY_CONDITIONAL,EQUAL_SIZE_COMPARISON_1000000_VEHICLES_AT_THE_MEASURED_NATIONAL_RATIO_2988_STI_UNITS_PER_MILLION_VEHICLES,energy_kwh_eq,FULL_SCHEDULE_10,2062,10,0.274129718874624,0.548259437749248,1.065961947199499
V33_POLICY_CONDITIONAL,EQUAL_SIZE_COMPARISON_1000000_VEHICLES_AT_THE_MEASURED_NATIONAL_RATIO_2988_STI_UNITS_PER_MILLION_VEHICLES,energy_kwh_eq,FULL_SCHEDULE_10,2063,10,0.2737298588293194,0.5474597176586388,1.065960442562679
V33_POLICY_CONDITIONAL,EQUAL_SIZE_COMPARISON_1000000_VEHICLES_AT_THE_MEASURED_NATIONAL_RATIO_2988_STI_UNITS_PER_MILLION_VEHICLES,energy_kwh_eq,FULL_SCHEDULE_10,2064,10,0.27345568920247787,0.5469113784049557,1.0653692600684184
V33_POLICY_CONDITIONAL,EQUAL_SIZE_COMPARISON_1000000_VEHICLES_AT_THE_MEASURED_NATIONAL_RATIO_2988_STI_UNITS_PER_MILLION_VEHICLES,energy_kwh_eq,FULL_SCHEDULE_10,2065,10,0.27291193388866825,0.5458238677773365,1.0645570773413264
V33_POLICY_CONDITIONAL,EQUAL_SIZE_COMPARISON_1000000_VEHICLES_AT_THE_MEASURED_NATIONAL_RATIO_2988_STI_UNITS_PER_MILLION_VEHICLES,energy_kwh_eq,FULL_SCHEDULE_10,2066,10,0.2728341973491609,0.5456683946983218,1.0642805853927308
V33_POLICY_CONDITIONAL,EQUAL_SIZE_COMPARISON_1000000_VEHICLES_AT_THE_MEASURED_NATIONAL_RATIO_2988_STI_UNITS_PER_MILLION_VEHICLES,energy_kwh_eq,FULL_SCHEDULE_10,2067,10,0.2730866435242665,0.546173287048533,1.063922505569664
V33_POLICY_CONDITIONAL,EQUAL_SIZE_COMPARISON_1000000_VEHICLES_AT_THE_MEASURED_NATIONAL_RATIO_2988_STI_UNITS_PER_MILLION_VEHICLES,energy_kwh_eq,FULL_SCHEDULE_10,2068,10,0.27306445272874535,0.5461289054574907,1.0634344234826982
V33_POLICY_CONDITIONAL,EQUAL_SIZE_COMPARISON_1000000_VEHICLES_AT_THE_MEASURED_NATIONAL_RATIO_2988_STI_UNITS_PER_MILLION_VEHICLES,energy_kwh_eq,FULL_SCHEDULE_10,2069,10,0.2730219463230835,0.546043892646167,1.0627283146296194
V33_POLICY_CONDITIONAL,EQUAL_SIZE_COMPARISON_1000000_VEHICLES_AT_THE_MEASURED_NATIONAL_RATIO_2988_STI_UNITS_PER_MILLION_VEHICLES,energy_kwh_eq,FULL_SCHEDULE_10,2070,10,0.2725900818599464,0.5451801637198928,1.062301320533328
V33_POLICY_CONDITIONAL,EQUAL_SIZE_COMPARISON_1000000_VEHICLES_AT_THE_MEASURED_NATIONAL_RATIO_2988_STI_UNITS_PER_MILLION_VEHICLES,energy_kwh_eq,FULL_SCHEDULE_10,2071,10,0.27187246966624856,0.5437449393324971,1.0619094980264419
V33_POLICY_CONDITIONAL,EQUAL_SIZE_COMPARISON_1000000_VEHICLES_AT_THE_MEASURED_NATIONAL_RATIO_2988_STI_UNITS_PER_MILLION_VEHICLES,energy_kwh_eq,FULL_SCHEDULE_10,2072,10,0.2719097335369588,0.5438194670739176,1.061802017115324
V33_POLICY_CONDITIONAL,EQUAL_SIZE_COMPARISON_1000000_VEHICLES_AT_THE_MEASURED_NATIONAL_RATIO_2988_STI_UNITS_PER_MILLION_VEHICLES,energy_kwh_eq,FULL_SCHEDULE_10,2073,10,0.2720303861825292,0.5440607723650585,1.0614135532463496
V33_POLICY_CONDITIONAL,EQUAL_SIZE_COMPARISON_1000000_VEHICLES_AT_THE_MEASURED_NATIONAL_RATIO_2988_STI_UNITS_PER_MILLION_VEHICLES,energy_kwh_eq,FULL_SCHEDULE_10,2074,10,0.2719491398941148,0.5438982797882296,1.061513795208477
V33_POLICY_CONDITIONAL,EQUAL_SIZE_COMPARISON_1000000_VEHICLES_AT_THE_MEASURED_NATIONAL_RATIO_2988_STI_UNITS_PER_MILLION_VEHICLES,energy_kwh_eq,FULL_SCHEDULE_10,2075,10,0.2726330116166165,0.545266023233233,1.0619422592093508
V33_POLICY_CONDITIONAL,EQUAL_SIZE_COMPARISON_1000000_VEHICLES_AT_THE_MEASURED_NATIONAL_RATIO_2988_STI_UNITS_PER_MILLION_VEHICLES,energy_kwh_eq,CAPPED_82_MY2032_3,2025,3,0.23869458805780924,0.4773891761156185,0.9643304707408065
V33_POLICY_CONDITIONAL,EQUAL_SIZE_COMPARISON_1000000_VEHICLES_AT_THE_MEASURED_NATIONAL_RATIO_2988_STI_UNITS_PER_MILLION_VEHICLES,energy_kwh_eq,CAPPED_82_MY2032_3,2026,3,0.23840866309412703,0.47681732618825406,0.9641922063719783
V33_POLICY_CONDITIONAL,EQUAL_SIZE_COMPARISON_1000000_VEHICLES_AT_THE_MEASURED_NATIONAL_RATIO_2988_STI_UNITS_PER_MILLION_VEHICLES,energy_kwh_eq,CAPPED_82_MY2032_3,2027,3,0.2337557999921681,0.4675115999843362,0.9709697955175981
V33_POLICY_CONDITIONAL,EQUAL_SIZE_COMPARISON_1000000_VEHICLES_AT_THE_MEASURED_NATIONAL_RATIO_2988_STI_UNITS_PER_MILLION_VEHICLES,energy_kwh_eq,CAPPED_82_MY2032_3,2028,3,0.23525627770030036,0.4705125554006007,0.9761444101174033
V33_POLICY_CONDITIONAL,EQUAL_SIZE_COMPARISON_1000000_VEHICLES_AT_THE_MEASURED_NATIONAL_RATIO_2988_STI_UNITS_PER_MILLION_VEHICLES,energy_kwh_eq,CAPPED_82_MY2032_3,2029,3,0.2330932316804399,0.4661864633608798,0.9787400941056899
V33_POLICY_CONDITIONAL,EQUAL_SIZE_COMPARISON_1000000_VEHICLES_AT_THE_MEASURED_NATIONAL_RATIO_2988_STI_UNITS_PER_MILLION_VEHICLES,energy_kwh_eq,CAPPED_82_MY2032_3,2030,3,0.23050744944239887,0.46101489888479774,0.9823851321396442
V33_POLICY_CONDITIONAL,EQUAL_SIZE_COMPARISON_1000000_VEHICLES_AT_THE_MEASURED_NATIONAL_RATIO_2988_STI_UNITS_PER_MILLION_VEHICLES,energy_kwh_eq,CAPPED_82_MY2032_3,2031,3,0.22781416819961475,0.4556283363992295,0.9840044744273289
V33_POLICY_CONDITIONAL,EQUAL_SIZE_COMPARISON_1000000_VEHICLES_AT_THE_MEASURED_NATIONAL_RATIO_2988_STI_UNITS_PER_MILLION_VEHICLES,energy_kwh_eq,CAPPED_82_MY2032_3,2032,3,0.22618373370228087,0.45236746740456174,0.9855697763201993
V33_POLICY_CONDITIONAL,EQUAL_SIZE_COMPARISON_1000000_VEHICLES_AT_THE_MEASURED_NATIONAL_RATIO_2988_STI_UNITS_PER_MILLION_VEHICLES,energy_kwh_eq,CAPPED_82_MY2032_3,2033,3,0.22468464195803875,0.4493692839160775,0.986100110455835
V33_POLICY_CONDITIONAL,EQUAL_SIZE_COMPARISON_1000000_VEHICLES_AT_THE_MEASURED_NATIONAL_RATIO_2988_STI_UNITS_PER_MILLION_VEHICLES,energy_kwh_eq,CAPPED_82_MY2032_3,2034,3,0.2234056614529304,0.4468113229058608,0.9869063170257502
V33_POLICY_CONDITIONAL,EQUAL_SIZE_COMPARISON_1000000_VEHICLES_AT_THE_MEASURED_NATIONAL_RATIO_2988_STI_UNITS_PER_MILLION_VEHICLES,energy_kwh_eq,CAPPED_82_MY2032_3,2035,3,0.22210828604219726,0.4442165720843945,0.9872004195280607
V33_POLICY_CONDITIONAL,EQUAL_SIZE_COMPARISON_1000000_VEHICLES_AT_THE_MEASURED_NATIONAL_RATIO_2988_STI_UNITS_PER_MILLION_VEHICLES,energy_kwh_eq,CAPPED_82_MY2032_3,2036,3,0.22199656633121867,0.44399313266243734,0.9875959268729029
V33_POLICY_CONDITIONAL,EQUAL_SIZE_COMPARISON_1000000_VEHICLES_AT_THE_MEASURED_NATIONAL_RATIO_2988_STI_UNITS_PER_MILLION_VEHICLES,energy_kwh_eq,CAPPED_82_MY2032_3,2037,3,0.22170993513949125,0.4434198702789825,0.9875550907606006
V33_POLICY_CONDITIONAL,EQUAL_SIZE_COMPARISON_1000000_VEHICLES_AT_THE_MEASURED_NATIONAL_RATIO_2988_STI_UNITS_PER_MILLION_VEHICLES,energy_kwh_eq,CAPPED_82_MY2032_3,2038,3,0.22339874075188698,0.44679748150377396,0.9867345883669006
V33_POLICY_CONDITIONAL,EQUAL_SIZE_COMPARISON_1000000_VEHICLES_AT_THE_MEASURED_NATIONAL_RATIO_2988_STI_UNITS_PER_MILLION_VEHICLES,energy_kwh_eq,CAPPED_82_MY2032_3,2039,3,0.22385816224290567,0.44771632448581133,0.9868671495421123
V33_POLICY_CONDITIONAL,EQUAL_SIZE_COMPARISON_1000000_VEHICLES_AT_THE_MEASURED_NATIONAL_RATIO_2988_STI_UNITS_PER_MILLION_VEHICLES,energy_kwh_eq,CAPPED_82_MY2032_3,2040,3,0.22554060709190724,0.45108121418381447,0.9887061801756393
V33_POLICY_CONDITIONAL,EQUAL_SIZE_COMPARISON_1000000_VEHICLES_AT_THE_MEASURED_NATIONAL_RATIO_2988_STI_UNITS_PER_MILLION_VEHICLES,energy_kwh_eq,CAPPED_82_MY2032_3,2041,3,0.22824395752652699,0.45648791505305397,0.992900850474653
V33_POLICY_CONDITIONAL,EQUAL_SIZE_COMPARISON_1000000_VEHICLES_AT_THE_MEASURED_NATIONAL_RATIO_2988_STI_UNITS_PER_MILLION_VEHICLES,energy_kwh_eq,CAPPED_82_MY2032_3,2042,3,0.22911378380341635,0.4582275676068327,0.9996284037413833
V33_POLICY_CONDITIONAL,EQUAL_SIZE_COMPARISON_1000000_VEHICLES_AT_THE_MEASURED_NATIONAL_RATIO_2988_STI_UNITS_PER_MILLION_VEHICLES,energy_kwh_eq,CAPPED_82_MY2032_3,2043,3,0.23030405775742116,0.4606081155148423,1.008324992909025
V33_POLICY_CONDITIONAL,EQUAL_SIZE_COMPARISON_1000000_VEHICLES_AT_THE_MEASURED_NATIONAL_RATIO_2988_STI_UNITS_PER_MILLION_VEHICLES,energy_kwh_eq,CAPPED_82_MY2032_3,2044,3,0.2311817019502166,0.4623634039004332,1.015550497424066
V33_POLICY_CONDITIONAL,EQUAL_SIZE_COMPARISON_1000000_VEHICLES_AT_THE_MEASURED_NATIONAL_RATIO_2988_STI_UNITS_PER_MILLION_VEHICLES,energy_kwh_eq,CAPPED_82_MY2032_3,2045,3,0.2335295610055648,0.4670591220111296,1.0225170533193784
V33_POLICY_CONDITIONAL,EQUAL_SIZE_COMPARISON_1000000_VEHICLES_AT_THE_MEASURED_NATIONAL_RATIO_2988_STI_UNITS_PER_MILLION_VEHICLES,energy_kwh_eq,CAPPED_82_MY2032_3,2046,3,0.2368983558078375,0.473796711615675,1.0275652830451014
V33_POLICY_CONDITIONAL,EQUAL_SIZE_COMPARISON_1000000_VEHICLES_AT_THE_MEASURED_NATIONAL_RATIO_2988_STI_UNITS_PER_MILLION_VEHICLES,energy_kwh_eq,CAPPED_82_MY2032_3,2047,3,0.23813941157589028,0.47627882315178055,1.0312969296395136
V33_POLICY_CONDITIONAL,EQUAL_SIZE_COMPARISON_1000000_VEHICLES_AT_THE_MEASURED_NATIONAL_RATIO_2988_STI_UNITS_PER_MILLION_VEHICLES,energy_kwh_eq,CAPPED_82_MY2032_3,2048,3,0.23809463633052688,0.47618927266105376,1.0353923843312756
V33_POLICY_CONDITIONAL,EQUAL_SIZE_COMPARISON_1000000_VEHICLES_AT_THE_MEASURED_NATIONAL_RATIO_2988_STI_UNITS_PER_MILLION_VEHICLES,energy_kwh_eq,CAPPED_82_MY2032_3,2049,3,0.23881539762878898,0.47763079525757796,1.0381136951051377
V33_POLICY_CONDITIONAL,EQUAL_SIZE_COMPARISON_1000000_VEHICLES_AT_THE_MEASURED_NATIONAL_RATIO_2988_STI_UNITS_PER_MILLION_VEHICLES,energy_kwh_eq,CAPPED_82_MY2032_3,2050,3,0.23928898809479354,0.4785779761895871,1.0395456286868512
V33_POLICY_CONDITIONAL,EQUAL_SIZE_COMPARISON_1000000_VEHICLES_AT_THE_MEASURED_NATIONAL_RATIO_2988_STI_UNITS_PER_MILLION_VEHICLES,energy_kwh_eq,CAPPED_82_MY2032_3,2051,3,0.2403019304690815,0.480603860938163,1.0399390353015985
V33_POLICY_CONDITIONAL,EQUAL_SIZE_COMPARISON_1000000_VEHICLES_AT_THE_MEASURED_NATIONAL_RATIO_2988_STI_UNITS_PER_MILLION_VEHICLES,energy_kwh_eq,CAPPED_82_MY2032_3,2052,3,0.24026183282723904,0.48052366565447807,1.0401058444437579
V33_POLICY_CONDITIONAL,EQUAL_SIZE_COMPARISON_1000000_VEHICLES_AT_THE_MEASURED_NATIONAL_RATIO_2988_STI_UNITS_PER_MILLION_VEHICLES,energy_kwh_eq,CAPPED_82_MY2032_3,2053,3,0.24094530318064394,0.4818906063612879,1.0401743356543407
V33_POLICY_CONDITIONAL,EQUAL_SIZE_COMPARISON_1000000_VEHICLES_AT_THE_MEASURED_NATIONAL_RATIO_2988_STI_UNITS_PER_MILLION_VEHICLES,energy_kwh_eq,CAPPED_82_MY2032_3,2054,3,0.24098576573118285,0.4819715314623657,1.0406005208216396
V33_POLICY_CONDITIONAL,EQUAL_SIZE_COMPARISON_1000000_VEHICLES_AT_THE_MEASURED_NATIONAL_RATIO_2988_STI_UNITS_PER_MILLION_VEHICLES,energy_kwh_eq,CAPPED_82_MY2032_3,2055,3,0.2403862840474905,0.480772568094981,1.0404421152779952
V33_POLICY_CONDITIONAL,EQUAL_SIZE_COMPARISON_1000000_VEHICLES_AT_THE_MEASURED_NATIONAL_RATIO_2988_STI_UNITS_PER_MILLION_VEHICLES,energy_kwh_eq,CAPPED_82_MY2032_3,2056,3,0.24168293012874928,0.48336586025749856,1.0398747823744279
V33_POLICY_CONDITIONAL,EQUAL_SIZE_COMPARISON_1000000_VEHICLES_AT_THE_MEASURED_NATIONAL_RATIO_2988_STI_UNITS_PER_MILLION_VEHICLES,energy_kwh_eq,CAPPED_82_MY2032_3,2057,3,0.24236610600892328,0.48473221201784655,1.0404513241161106
V33_POLICY_CONDITIONAL,EQUAL_SIZE_COMPARISON_1000000_VEHICLES_AT_THE_MEASURED_NATIONAL_RATIO_2988_STI_UNITS_PER_MILLION_VEHICLES,energy_kwh_eq,CAPPED_82_MY2032_3,2058,3,0.24196115475882038,0.48392230951764076,1.0411527318368745
V33_POLICY_CONDITIONAL,EQUAL_SIZE_COMPARISON_1000000_VEHICLES_AT_THE_MEASURED_NATIONAL_RATIO_2988_STI_UNITS_PER_MILLION_VEHICLES,energy_kwh_eq,CAPPED_82_MY2032_3,2059,3,0.24262838831490974,0.4852567766298195,1.0417683146301469
V33_POLICY_CONDITIONAL,EQUAL_SIZE_COMPARISON_1000000_VEHICLES_AT_THE_MEASURED_NATIONAL_RATIO_2988_STI_UNITS_PER_MILLION_VEHICLES,energy_kwh_eq,CAPPED_82_MY2032_3,2060,3,0.24320673012917107,0.48641346025834215,1.0422878942835354
V33_POLICY_CONDITIONAL,EQUAL_SIZE_COMPARISON_1000000_VEHICLES_AT_THE_MEASURED_NATIONAL_RATIO_2988_STI_UNITS_PER_MILLION_VEHICLES,energy_kwh_eq,CAPPED_82_MY2032_3,2061,3,0.24408121187164317,0.48816242374328633,1.0430340605323518
V33_POLICY_CONDITIONAL,EQUAL_SIZE_COMPARISON_1000000_VEHICLES_AT_THE_MEASURED_NATIONAL_RATIO_2988_STI_UNITS_PER_MILLION_VEHICLES,energy_kwh_eq,CAPPED_82_MY2032_3,2062,3,0.24435807067400223,0.48871614134800445,1.0436244803233519
V33_POLICY_CONDITIONAL,EQUAL_SIZE_COMPARISON_1000000_VEHICLES_AT_THE_MEASURED_NATIONAL_RATIO_2988_STI_UNITS_PER_MILLION_VEHICLES,energy_kwh_eq,CAPPED_82_MY2032_3,2063,3,0.24510600878536062,0.49021201757072125,1.0442338811334217
V33_POLICY_CONDITIONAL,EQUAL_SIZE_COMPARISON_1000000_VEHICLES_AT_THE_MEASURED_NATIONAL_RATIO_2988_STI_UNITS_PER_MILLION_VEHICLES,energy_kwh_eq,CAPPED_82_MY2032_3,2064,3,0.2452118205102704,0.4904236410205408,1.0451762960202613
V33_POLICY_CONDITIONAL,EQUAL_SIZE_COMPARISON_1000000_VEHICLES_AT_THE_MEASURED_NATIONAL_RATIO_2988_STI_UNITS_PER_MILLION_VEHICLES,energy_kwh_eq,CAPPED_82_MY2032_3,2065,3,0.24580974337030254,0.49161948674060507,1.0453293152752543
V33_POLICY_CONDITIONAL,EQUAL_SIZE_COMPARISON_1000000_VEHICLES_AT_THE_MEASURED_NATIONAL_RATIO_2988_STI_UNITS_PER_MILLION_VEHICLES,energy_kwh_eq,CAPPED_82_MY2032_3,2066,3,0.24694683124617106,0.4938936624923421,1.0460363774701744
V33_POLICY_CONDITIONAL,EQUAL_SIZE_COMPARISON_1000000_VEHICLES_AT_THE_MEASURED_NATIONAL_RATIO_2988_STI_UNITS_PER_MILLION_VEHICLES,energy_kwh_eq,CAPPED_82_MY2032_3,2067,3,0.2482405125438721,0.4964810250877442,1.0468818923447323
V33_POLICY_CONDITIONAL,EQUAL_SIZE_COMPARISON_1000000_VEHICLES_AT_THE_MEASURED_NATIONAL_RATIO_2988_STI_UNITS_PER_MILLION_VEHICLES,energy_kwh_eq,CAPPED_82_MY2032_3,2068,3,0.2496448895074848,0.4992897790149696,1.0469438147019734
V33_POLICY_CONDITIONAL,EQUAL_SIZE_COMPARISON_1000000_VEHICLES_AT_THE_MEASURED_NATIONAL_RATIO_2988_STI_UNITS_PER_MILLION_VEHICLES,energy_kwh_eq,CAPPED_82_MY2032_3,2069,3,0.25043867183504936,0.5008773436700987,1.0480623425601163
V33_POLICY_CONDITIONAL,EQUAL_SIZE_COMPARISON_1000000_VEHICLES_AT_THE_MEASURED_NATIONAL_RATIO_2988_STI_UNITS_PER_MILLION_VEHICLES,energy_kwh_eq,CAPPED_82_MY2032_3,2070,3,0.25103881512357573,0.5020776302471515,1.0493416820793746
V33_POLICY_CONDITIONAL,EQUAL_SIZE_COMPARISON_1000000_VEHICLES_AT_THE_MEASURED_NATIONAL_RATIO_2988_STI_UNITS_PER_MILLION_VEHICLES,energy_kwh_eq,CAPPED_82_MY2032_3,2071,3,0.25244801706201403,0.5048960341240281,1.0504267935736469
V33_POLICY_CONDITIONAL,EQUAL_SIZE_COMPARISON_1000000_VEHICLES_AT_THE_MEASURED_NATIONAL_RATIO_2988_STI_UNITS_PER_MILLION_VEHICLES,energy_kwh_eq,CAPPED_82_MY2032_3,2072,3,0.2537684230406241,0.5075368460812482,1.0511791784669853
V33_POLICY_CONDITIONAL,EQUAL_SIZE_COMPARISON_1000000_VEHICLES_AT_THE_MEASURED_NATIONAL_RATIO_2988_STI_UNITS_PER_MILLION_VEHICLES,energy_kwh_eq,CAPPED_82_MY2032_3,2073,3,0.25444464083306423,0.5088892816661285,1.0515402664185576
V33_POLICY_CONDITIONAL,EQUAL_SIZE_COMPARISON_1000000_VEHICLES_AT_THE_MEASURED_NATIONAL_RATIO_2988_STI_UNITS_PER_MILLION_VEHICLES,energy_kwh_eq,CAPPED_82_MY2032_3,2074,3,0.2558613244520604,0.5117226489041208,1.0533607490031807
V33_POLICY_CONDITIONAL,EQUAL_SIZE_COMPARISON_1000000_VEHICLES_AT_THE_MEASURED_NATIONAL_RATIO_2988_STI_UNITS_PER_MILLION_VEHICLES,energy_kwh_eq,CAPPED_82_MY2032_3,2075,3,0.2565285842855552,0.5130571685711104,1.055211735489655
V33_POLICY_CONDITIONAL,EQUAL_SIZE_COMPARISON_1000000_VEHICLES_AT_THE_MEASURED_NATIONAL_RATIO_2988_STI_UNITS_PER_MILLION_VEHICLES,energy_kwh_eq,ADOPTING_13,2025,13,0.23857951121357832,0.47715902242715663,0.964347214711528
V33_POLICY_CONDITIONAL,EQUAL_SIZE_COMPARISON_1000000_VEHICLES_AT_THE_MEASURED_NATIONAL_RATIO_2988_STI_UNITS_PER_MILLION_VEHICLES,energy_kwh_eq,ADOPTING_13,2026,13,0.23772330035681732,0.47544660071363465,0.9643020596441849
V33_POLICY_CONDITIONAL,EQUAL_SIZE_COMPARISON_1000000_VEHICLES_AT_THE_MEASURED_NATIONAL_RATIO_2988_STI_UNITS_PER_MILLION_VEHICLES,energy_kwh_eq,ADOPTING_13,2027,13,0.23381883669585315,0.4676376733917063,0.9710552131917597
V33_POLICY_CONDITIONAL,EQUAL_SIZE_COMPARISON_1000000_VEHICLES_AT_THE_MEASURED_NATIONAL_RATIO_2988_STI_UNITS_PER_MILLION_VEHICLES,energy_kwh_eq,ADOPTING_13,2028,13,0.23519634381046672,0.47039268762093345,0.9761894902487758
V33_POLICY_CONDITIONAL,EQUAL_SIZE_COMPARISON_1000000_VEHICLES_AT_THE_MEASURED_NATIONAL_RATIO_2988_STI_UNITS_PER_MILLION_VEHICLES,energy_kwh_eq,ADOPTING_13,2029,13,0.23295902028204038,0.46591804056408076,0.9789685807448717
V33_POLICY_CONDITIONAL,EQUAL_SIZE_COMPARISON_1000000_VEHICLES_AT_THE_MEASURED_NATIONAL_RATIO_2988_STI_UNITS_PER_MILLION_VEHICLES,energy_kwh_eq,ADOPTING_13,2030,13,0.23047456682819073,0.46094913365638146,0.9825034019023356
V33_POLICY_CONDITIONAL,EQUAL_SIZE_COMPARISON_1000000_VEHICLES_AT_THE_MEASURED_NATIONAL_RATIO_2988_STI_UNITS_PER_MILLION_VEHICLES,energy_kwh_eq,ADOPTING_13,2031,13,0.22780026226477543,0.45560052452955085,0.9840686003026556
V33_POLICY_CONDITIONAL,EQUAL_SIZE_COMPARISON_1000000_VEHICLES_AT_THE_MEASURED_NATIONAL_RATIO_2988_STI_UNITS_PER_MILLION_VEHICLES,energy_kwh_eq,ADOPTING_13,2032,13,0.226034545581073,0.452069091162146,0.9858453878040675
V33_POLICY_CONDITIONAL,EQUAL_SIZE_COMPARISON_1000000_VEHICLES_AT_THE_MEASURED_NATIONAL_RATIO_2988_STI_UNITS_PER_MILLION_VEHICLES,energy_kwh_eq,ADOPTING_13,2033,13,0.22452367719848818,0.44904735439697635,0.9868282882097611
V33_POLICY_CONDITIONAL,EQUAL_SIZE_COMPARISON_1000000_VEHICLES_AT_THE_MEASURED_NATIONAL_RATIO_2988_STI_UNITS_PER_MILLION_VEHICLES,energy_kwh_eq,ADOPTING_13,2034,13,0.22185522394899856,0.44371044789799713,0.9878184716883956
V33_POLICY_CONDITIONAL,EQUAL_SIZE_COMPARISON_1000000_VEHICLES_AT_THE_MEASURED_NATIONAL_RATIO_2988_STI_UNITS_PER_MILLION_VEHICLES,energy_kwh_eq,ADOPTING_13,2035,13,0.22163742412198095,0.4432748482439619,0.9892598680764086
V33_POLICY_CONDITIONAL,EQUAL_SIZE_COMPARISON_1000000_VEHICLES_AT_THE_MEASURED_NATIONAL_RATIO_2988_STI_UNITS_PER_MILLION_VEHICLES,energy_kwh_eq,ADOPTING_13,2036,13,0.22201434947775,0.4440286989555,0.9906086855192693
V33_POLICY_CONDITIONAL,EQUAL_SIZE_COMPARISON_1000000_VEHICLES_AT_THE_MEASURED_NATIONAL_RATIO_2988_STI_UNITS_PER_MILLION_VEHICLES,energy_kwh_eq,ADOPTING_13,2037,13,0.22454402047126368,0.44908804094252736,0.9909918085643307
V33_POLICY_CONDITIONAL,EQUAL_SIZE_COMPARISON_1000000_VEHICLES_AT_THE_MEASURED_NATIONAL_RATIO_2988_STI_UNITS_PER_MILLION_VEHICLES,energy_kwh_eq,ADOPTING_13,2038,13,0.22490441562720875,0.4498088312544175,0.9893059816492096
V33_POLICY_CONDITIONAL,EQUAL_SIZE_COMPARISON_1000000_VEHICLES_AT_THE_MEASURED_NATIONAL_RATIO_2988_STI_UNITS_PER_MILLION_VEHICLES,energy_kwh_eq,ADOPTING_13,2039,13,0.22879391181795025,0.4575878236359005,0.9893620120908309
V33_POLICY_CONDITIONAL,EQUAL_SIZE_COMPARISON_1000000_VEHICLES_AT_THE_MEASURED_NATIONAL_RATIO_2988_STI_UNITS_PER_MILLION_VEHICLES,energy_kwh_eq,ADOPTING_13,2040,13,0.23110976101292752,0.46221952202585503,0.9935241667464945
V33_POLICY_CONDITIONAL,EQUAL_SIZE_COMPARISON_1000000_VEHICLES_AT_THE_MEASURED_NATIONAL_RATIO_2988_STI_UNITS_PER_MILLION_VEHICLES,energy_kwh_eq,ADOPTING_13,2041,13,0.23511441729886653,0.47022883459773307,0.9995406702390783
V33_POLICY_CONDITIONAL,EQUAL_SIZE_COMPARISON_1000000_VEHICLES_AT_THE_MEASURED_NATIONAL_RATIO_2988_STI_UNITS_PER_MILLION_VEHICLES,energy_kwh_eq,ADOPTING_13,2042,13,0.2428612479852587,0.4857224959705174,1.0092283618381328
V33_POLICY_CONDITIONAL,EQUAL_SIZE_COMPARISON_1000000_VEHICLES_AT_THE_MEASURED_NATIONAL_RATIO_2988_STI_UNITS_PER_MILLION_VEHICLES,energy_kwh_eq,ADOPTING_13,2043,13,0.24893860219234829,0.49787720438469657,1.0205612667101016
V33_POLICY_CONDITIONAL,EQUAL_SIZE_COMPARISON_1000000_VEHICLES_AT_THE_MEASURED_NATIONAL_RATIO_2988_STI_UNITS_PER_MILLION_VEHICLES,energy_kwh_eq,ADOPTING_13,2044,13,0.2534399086934989,0.5068798173869978,1.0331670349583753
V33_POLICY_CONDITIONAL,EQUAL_SIZE_COMPARISON_1000000_VEHICLES_AT_THE_MEASURED_NATIONAL_RATIO_2988_STI_UNITS_PER_MILLION_VEHICLES,energy_kwh_eq,ADOPTING_13,2045,13,0.25726849590761314,0.5145369918152263,1.0434204473978408
V33_POLICY_CONDITIONAL,EQUAL_SIZE_COMPARISON_1000000_VEHICLES_AT_THE_MEASURED_NATIONAL_RATIO_2988_STI_UNITS_PER_MILLION_VEHICLES,energy_kwh_eq,ADOPTING_13,2046,13,0.2606497907089722,0.5212995814179444,1.052858305215647
V33_POLICY_CONDITIONAL,EQUAL_SIZE_COMPARISON_1000000_VEHICLES_AT_THE_MEASURED_NATIONAL_RATIO_2988_STI_UNITS_PER_MILLION_VEHICLES,energy_kwh_eq,ADOPTING_13,2047,13,0.2631577405852123,0.5263154811704246,1.0609623466033236
V33_POLICY_CONDITIONAL,EQUAL_SIZE_COMPARISON_1000000_VEHICLES_AT_THE_MEASURED_NATIONAL_RATIO_2988_STI_UNITS_PER_MILLION_VEHICLES,energy_kwh_eq,ADOPTING_13,2048,13,0.26593669832489647,0.5318733966497929,1.0666547173235712
V33_POLICY_CONDITIONAL,EQUAL_SIZE_COMPARISON_1000000_VEHICLES_AT_THE_MEASURED_NATIONAL_RATIO_2988_STI_UNITS_PER_MILLION_VEHICLES,energy_kwh_eq,ADOPTING_13,2049,13,0.2675735730722557,0.5351471461445114,1.0711680458096495
V33_POLICY_CONDITIONAL,EQUAL_SIZE_COMPARISON_1000000_VEHICLES_AT_THE_MEASURED_NATIONAL_RATIO_2988_STI_UNITS_PER_MILLION_VEHICLES,energy_kwh_eq,ADOPTING_13,2050,13,0.268615485176746,0.537230970353492,1.0723839918004356
V33_POLICY_CONDITIONAL,EQUAL_SIZE_COMPARISON_1000000_VEHICLES_AT_THE_MEASURED_NATIONAL_RATIO_2988_STI_UNITS_PER_MILLION_VEHICLES,energy_kwh_eq,ADOPTING_13,2051,13,0.2696383861958775,0.539276772391755,1.0744137118489832
V33_POLICY_CONDITIONAL,EQUAL_SIZE_COMPARISON_1000000_VEHICLES_AT_THE_MEASURED_NATIONAL_RATIO_2988_STI_UNITS_PER_MILLION_VEHICLES,energy_kwh_eq,ADOPTING_13,2052,13,0.2729490336747799,0.5458980673495598,1.073423488884351
V33_POLICY_CONDITIONAL,EQUAL_SIZE_COMPARISON_1000000_VEHICLES_AT_THE_MEASURED_NATIONAL_RATIO_2988_STI_UNITS_PER_MILLION_VEHICLES,energy_kwh_eq,ADOPTING_13,2053,13,0.27496971645601187,0.5499394329120237,1.0735250687578908
V33_POLICY_CONDITIONAL,EQUAL_SIZE_COMPARISON_1000000_VEHICLES_AT_THE_MEASURED_NATIONAL_RATIO_2988_STI_UNITS_PER_MILLION_VEHICLES,energy_kwh_eq,ADOPTING_13,2054,13,0.275030780416856,0.550061560833712,1.0714576873777708
V33_POLICY_CONDITIONAL,EQUAL_SIZE_COMPARISON_1000000_VEHICLES_AT_THE_MEASURED_NATIONAL_RATIO_2988_STI_UNITS_PER_MILLION_VEHICLES,energy_kwh_eq,ADOPTING_13,2055,13,0.27532859892921036,0.5506571978584207,1.0711248244384253
V33_POLICY_CONDITIONAL,EQUAL_SIZE_COMPARISON_1000000_VEHICLES_AT_THE_MEASURED_NATIONAL_RATIO_2988_STI_UNITS_PER_MILLION_VEHICLES,energy_kwh_eq,ADOPTING_13,2056,13,0.27554006714320245,0.5510801342864049,1.070562579870925
V33_POLICY_CONDITIONAL,EQUAL_SIZE_COMPARISON_1000000_VEHICLES_AT_THE_MEASURED_NATIONAL_RATIO_2988_STI_UNITS_PER_MILLION_VEHICLES,energy_kwh_eq,ADOPTING_13,2057,13,0.2758526267251479,0.5517052534502958,1.0703382999723858
V33_POLICY_CONDITIONAL,EQUAL_SIZE_COMPARISON_1000000_VEHICLES_AT_THE_MEASURED_NATIONAL_RATIO_2988_STI_UNITS_PER_MILLION_VEHICLES,energy_kwh_eq,ADOPTING_13,2058,13,0.2763259688837364,0.5526519377674728,1.0699678744833256
V33_POLICY_CONDITIONAL,EQUAL_SIZE_COMPARISON_1000000_VEHICLES_AT_THE_MEASURED_NATIONAL_RATIO_2988_STI_UNITS_PER_MILLION_VEHICLES,energy_kwh_eq,ADOPTING_13,2059,13,0.2755057855734938,0.5510115711469876,1.0683671629624465
V33_POLICY_CONDITIONAL,EQUAL_SIZE_COMPARISON_1000000_VEHICLES_AT_THE_MEASURED_NATIONAL_RATIO_2988_STI_UNITS_PER_MILLION_VEHICLES,energy_kwh_eq,ADOPTING_13,2060,13,0.2747469743207458,0.5494939486414916,1.0675343738613357
V33_POLICY_CONDITIONAL,EQUAL_SIZE_COMPARISON_1000000_VEHICLES_AT_THE_MEASURED_NATIONAL_RATIO_2988_STI_UNITS_PER_MILLION_VEHICLES,energy_kwh_eq,ADOPTING_13,2061,13,0.27468261521463977,0.5493652304292795,1.0665411004205758
V33_POLICY_CONDITIONAL,EQUAL_SIZE_COMPARISON_1000000_VEHICLES_AT_THE_MEASURED_NATIONAL_RATIO_2988_STI_UNITS_PER_MILLION_VEHICLES,energy_kwh_eq,ADOPTING_13,2062,13,0.2741258076376328,0.5482516152752656,1.0659595481539736
V33_POLICY_CONDITIONAL,EQUAL_SIZE_COMPARISON_1000000_VEHICLES_AT_THE_MEASURED_NATIONAL_RATIO_2988_STI_UNITS_PER_MILLION_VEHICLES,energy_kwh_eq,ADOPTING_13,2063,13,0.2737199110492763,0.5474398220985526,1.0659555884920262
V33_POLICY_CONDITIONAL,EQUAL_SIZE_COMPARISON_1000000_VEHICLES_AT_THE_MEASURED_NATIONAL_RATIO_2988_STI_UNITS_PER_MILLION_VEHICLES,energy_kwh_eq,ADOPTING_13,2064,13,0.27344209462112284,0.5468841892422457,1.065366184599134
V33_POLICY_CONDITIONAL,EQUAL_SIZE_COMPARISON_1000000_VEHICLES_AT_THE_MEASURED_NATIONAL_RATIO_2988_STI_UNITS_PER_MILLION_VEHICLES,energy_kwh_eq,ADOPTING_13,2065,13,0.2729081373853355,0.545816274770671,1.0645523451619612
V33_POLICY_CONDITIONAL,EQUAL_SIZE_COMPARISON_1000000_VEHICLES_AT_THE_MEASURED_NATIONAL_RATIO_2988_STI_UNITS_PER_MILLION_VEHICLES,energy_kwh_eq,ADOPTING_13,2066,13,0.27274380002621007,0.5454876000524201,1.0642805323499858
V33_POLICY_CONDITIONAL,EQUAL_SIZE_COMPARISON_1000000_VEHICLES_AT_THE_MEASURED_NATIONAL_RATIO_2988_STI_UNITS_PER_MILLION_VEHICLES,energy_kwh_eq,ADOPTING_13,2067,13,0.2730815415994879,0.5461630831989758,1.063921605595801
V33_POLICY_CONDITIONAL,EQUAL_SIZE_COMPARISON_1000000_VEHICLES_AT_THE_MEASURED_NATIONAL_RATIO_2988_STI_UNITS_PER_MILLION_VEHICLES,energy_kwh_eq,ADOPTING_13,2068,13,0.2730597473520331,0.5461194947040662,1.0634316276916893
V33_POLICY_CONDITIONAL,EQUAL_SIZE_COMPARISON_1000000_VEHICLES_AT_THE_MEASURED_NATIONAL_RATIO_2988_STI_UNITS_PER_MILLION_VEHICLES,energy_kwh_eq,ADOPTING_13,2069,13,0.2730179647520267,0.5460359295040534,1.0627250079493715
V33_POLICY_CONDITIONAL,EQUAL_SIZE_COMPARISON_1000000_VEHICLES_AT_THE_MEASURED_NATIONAL_RATIO_2988_STI_UNITS_PER_MILLION_VEHICLES,energy_kwh_eq,ADOPTING_13,2070,13,0.27256049233717217,0.5451209846743443,1.0622973132148525
V33_POLICY_CONDITIONAL,EQUAL_SIZE_COMPARISON_1000000_VEHICLES_AT_THE_MEASURED_NATIONAL_RATIO_2988_STI_UNITS_PER_MILLION_VEHICLES,energy_kwh_eq,ADOPTING_13,2071,13,0.2718681219972858,0.5437362439945717,1.0619090007825078
V33_POLICY_CONDITIONAL,EQUAL_SIZE_COMPARISON_1000000_VEHICLES_AT_THE_MEASURED_NATIONAL_RATIO_2988_STI_UNITS_PER_MILLION_VEHICLES,energy_kwh_eq,ADOPTING_13,2072,13,0.27190394527110706,0.5438078905422141,1.0618012157036085
V33_POLICY_CONDITIONAL,EQUAL_SIZE_COMPARISON_1000000_VEHICLES_AT_THE_MEASURED_NATIONAL_RATIO_2988_STI_UNITS_PER_MILLION_VEHICLES,energy_kwh_eq,ADOPTING_13,2073,13,0.2720250175214953,0.5440500350429907,1.0614124285439572
V33_POLICY_CONDITIONAL,EQUAL_SIZE_COMPARISON_1000000_VEHICLES_AT_THE_MEASURED_NATIONAL_RATIO_2988_STI_UNITS_PER_MILLION_VEHICLES,energy_kwh_eq,ADOPTING_13,2074,13,0.271936790054865,0.54387358010973,1.061513412275164
V33_POLICY_CONDITIONAL,EQUAL_SIZE_COMPARISON_1000000_VEHICLES_AT_THE_MEASURED_NATIONAL_RATIO_2988_STI_UNITS_PER_MILLION_VEHICLES,energy_kwh_eq,ADOPTING_13,2075,13,0.27262820592480935,0.5452564118496187,1.061942176544844
V33_POLICY_CONDITIONAL,EQUAL_SIZE_COMPARISON_1000000_VEHICLES_AT_THE_MEASURED_NATIONAL_RATIO_2988_STI_UNITS_PER_MILLION_VEHICLES,energy_kwh_eq,NO_VEHICLE_RULE_38,2025,38,0.2387388225286768,0.4774776450573536,0.9642006279648687
V33_POLICY_CONDITIONAL,EQUAL_SIZE_COMPARISON_1000000_VEHICLES_AT_THE_MEASURED_NATIONAL_RATIO_2988_STI_UNITS_PER_MILLION_VEHICLES,energy_kwh_eq,NO_VEHICLE_RULE_38,2026,38,0.2386800994704336,0.4773601989408672,0.9640323614409494
V33_POLICY_CONDITIONAL,EQUAL_SIZE_COMPARISON_1000000_VEHICLES_AT_THE_MEASURED_NATIONAL_RATIO_2988_STI_UNITS_PER_MILLION_VEHICLES,energy_kwh_eq,NO_VEHICLE_RULE_38,2027,38,0.23818916577785323,0.47637833155570647,0.9639291182325632
V33_POLICY_CONDITIONAL,EQUAL_SIZE_COMPARISON_1000000_VEHICLES_AT_THE_MEASURED_NATIONAL_RATIO_2988_STI_UNITS_PER_MILLION_VEHICLES,energy_kwh_eq,NO_VEHICLE_RULE_38,2028,38,0.2378548413532598,0.4757096827065196,0.9641140889618363
V33_POLICY_CONDITIONAL,EQUAL_SIZE_COMPARISON_1000000_VEHICLES_AT_THE_MEASURED_NATIONAL_RATIO_2988_STI_UNITS_PER_MILLION_VEHICLES,energy_kwh_eq,NO_VEHICLE_RULE_38,2029,38,0.23738748400472742,0.47477496800945485,0.9638694665745668
V33_POLICY_CONDITIONAL,EQUAL_SIZE_COMPARISON_1000000_VEHICLES_AT_THE_MEASURED_NATIONAL_RATIO_2988_STI_UNITS_PER_MILLION_VEHICLES,energy_kwh_eq,NO_VEHICLE_RULE_38,2030,38,0.2367174181789936,0.4734348363579872,0.9639828336918341
V33_POLICY_CONDITIONAL,EQUAL_SIZE_COMPARISON_1000000_VEHICLES_AT_THE_MEASURED_NATIONAL_RATIO_2988_STI_UNITS_PER_MILLION_VEHICLES,energy_kwh_eq,NO_VEHICLE_RULE_38,2031,38,0.2355975019930627,0.4711950039861254,0.9627754511637756
V33_POLICY_CONDITIONAL,EQUAL_SIZE_COMPARISON_1000000_VEHICLES_AT_THE_MEASURED_NATIONAL_RATIO_2988_STI_UNITS_PER_MILLION_VEHICLES,energy_kwh_eq,NO_VEHICLE_RULE_38,2032,38,0.2359854009524151,0.4719708019048302,0.9622704694092918
V33_POLICY_CONDITIONAL,EQUAL_SIZE_COMPARISON_1000000_VEHICLES_AT_THE_MEASURED_NATIONAL_RATIO_2988_STI_UNITS_PER_MILLION_VEHICLES,energy_kwh_eq,NO_VEHICLE_RULE_38,2033,38,0.23636337265873664,0.4727267453174733,0.9605447451554286
V33_POLICY_CONDITIONAL,EQUAL_SIZE_COMPARISON_1000000_VEHICLES_AT_THE_MEASURED_NATIONAL_RATIO_2988_STI_UNITS_PER_MILLION_VEHICLES,energy_kwh_eq,NO_VEHICLE_RULE_38,2034,38,0.23563651714517078,0.47127303429034156,0.9599048764493741
V33_POLICY_CONDITIONAL,EQUAL_SIZE_COMPARISON_1000000_VEHICLES_AT_THE_MEASURED_NATIONAL_RATIO_2988_STI_UNITS_PER_MILLION_VEHICLES,energy_kwh_eq,NO_VEHICLE_RULE_38,2035,38,0.2353005146157185,0.470601029231437,0.9572834255623744
V33_POLICY_CONDITIONAL,EQUAL_SIZE_COMPARISON_1000000_VEHICLES_AT_THE_MEASURED_NATIONAL_RATIO_2988_STI_UNITS_PER_MILLION_VEHICLES,energy_kwh_eq,NO_VEHICLE_RULE_38,2036,38,0.23528452489257923,0.47056904978515846,0.956415061358
V33_POLICY_CONDITIONAL,EQUAL_SIZE_COMPARISON_1000000_VEHICLES_AT_THE_MEASURED_NATIONAL_RATIO_2988_STI_UNITS_PER_MILLION_VEHICLES,energy_kwh_eq,NO_VEHICLE_RULE_38,2037,38,0.23538253793036668,0.47076507586073335,0.9551720873024515
V33_POLICY_CONDITIONAL,EQUAL_SIZE_COMPARISON_1000000_VEHICLES_AT_THE_MEASURED_NATIONAL_RATIO_2988_STI_UNITS_PER_MILLION_VEHICLES,energy_kwh_eq,NO_VEHICLE_RULE_38,2038,38,0.23516800850318523,0.47033601700637045,0.9538747682100177
V33_POLICY_CONDITIONAL,EQUAL_SIZE_COMPARISON_1000000_VEHICLES_AT_THE_MEASURED_NATIONAL_RATIO_2988_STI_UNITS_PER_MILLION_VEHICLES,energy_kwh_eq,NO_VEHICLE_RULE_38,2039,38,0.2360871527119449,0.4721743054238898,0.9528380641803669
V33_POLICY_CONDITIONAL,EQUAL_SIZE_COMPARISON_1000000_VEHICLES_AT_THE_MEASURED_NATIONAL_RATIO_2988_STI_UNITS_PER_MILLION_VEHICLES,energy_kwh_eq,NO_VEHICLE_RULE_38,2040,38,0.237659191225816,0.475318382451632,0.9528449343037446
V33_POLICY_CONDITIONAL,EQUAL_SIZE_COMPARISON_1000000_VEHICLES_AT_THE_MEASURED_NATIONAL_RATIO_2988_STI_UNITS_PER_MILLION_VEHICLES,energy_kwh_eq,NO_VEHICLE_RULE_38,2041,38,0.2386759716121976,0.4773519432243952,0.9537150098909897
V33_POLICY_CONDITIONAL,EQUAL_SIZE_COMPARISON_1000000_VEHICLES_AT_THE_MEASURED_NATIONAL_RATIO_2988_STI_UNITS_PER_MILLION_VEHICLES,energy_kwh_eq,NO_VEHICLE_RULE_38,2042,38,0.23858964173235114,0.4771792834647023,0.9547192278394989
V33_POLICY_CONDITIONAL,EQUAL_SIZE_COMPARISON_1000000_VEHICLES_AT_THE_MEASURED_NATIONAL_RATIO_2988_STI_UNITS_PER_MILLION_VEHICLES,energy_kwh_eq,NO_VEHICLE_RULE_38,2043,38,0.2389189460071912,0.4778378920143824,0.9583753410561502
V33_POLICY_CONDITIONAL,EQUAL_SIZE_COMPARISON_1000000_VEHICLES_AT_THE_MEASURED_NATIONAL_RATIO_2988_STI_UNITS_PER_MILLION_VEHICLES,energy_kwh_eq,NO_VEHICLE_RULE_38,2044,38,0.23853685440074535,0.4770737088014907,0.9618956289616265
V33_POLICY_CONDITIONAL,EQUAL_SIZE_COMPARISON_1000000_VEHICLES_AT_THE_MEASURED_NATIONAL_RATIO_2988_STI_UNITS_PER_MILLION_VEHICLES,energy_kwh_eq,NO_VEHICLE_RULE_38,2045,38,0.2386123953407194,0.4772247906814388,0.9655854103865816
V33_POLICY_CONDITIONAL,EQUAL_SIZE_COMPARISON_1000000_VEHICLES_AT_THE_MEASURED_NATIONAL_RATIO_2988_STI_UNITS_PER_MILLION_VEHICLES,energy_kwh_eq,NO_VEHICLE_RULE_38,2046,38,0.23800047240908848,0.47600094481817695,0.9673272438462727
V33_POLICY_CONDITIONAL,EQUAL_SIZE_COMPARISON_1000000_VEHICLES_AT_THE_MEASURED_NATIONAL_RATIO_2988_STI_UNITS_PER_MILLION_VEHICLES,energy_kwh_eq,NO_VEHICLE_RULE_38,2047,38,0.2375315942413117,0.4750631884826234,0.9687387695056744
V33_POLICY_CONDITIONAL,EQUAL_SIZE_COMPARISON_1000000_VEHICLES_AT_THE_MEASURED_NATIONAL_RATIO_2988_STI_UNITS_PER_MILLION_VEHICLES,energy_kwh_eq,NO_VEHICLE_RULE_38,2048,38,0.23746070354369228,0.47492140708738456,0.9691028508357546
V33_POLICY_CONDITIONAL,EQUAL_SIZE_COMPARISON_1000000_VEHICLES_AT_THE_MEASURED_NATIONAL_RATIO_2988_STI_UNITS_PER_MILLION_VEHICLES,energy_kwh_eq,NO_VEHICLE_RULE_38,2049,38,0.23713303338100766,0.4742660667620153,0.9699836950500249
V33_POLICY_CONDITIONAL,EQUAL_SIZE_COMPARISON_1000000_VEHICLES_AT_THE_MEASURED_NATIONAL_RATIO_2988_STI_UNITS_PER_MILLION_VEHICLES,energy_kwh_eq,NO_VEHICLE_RULE_38,2050,38,0.23695667866339384,0.4739133573267877,0.970511223735275
V33_POLICY_CONDITIONAL,EQUAL_SIZE_COMPARISON_1000000_VEHICLES_AT_THE_MEASURED_NATIONAL_RATIO_2988_STI_UNITS_PER_MILLION_VEHICLES,energy_kwh_eq,NO_VEHICLE_RULE_38,2051,38,0.23679303145758884,0.4735860629151777,0.9704000390193659
V33_POLICY_CONDITIONAL,EQUAL_SIZE_COMPARISON_1000000_VEHICLES_AT_THE_MEASURED_NATIONAL_RATIO_2988_STI_UNITS_PER_MILLION_VEHICLES,energy_kwh_eq,NO_VEHICLE_RULE_38,2052,38,0.236509187861486,0.473018375722972,0.9703814875333289
V33_POLICY_CONDITIONAL,EQUAL_SIZE_COMPARISON_1000000_VEHICLES_AT_THE_MEASURED_NATIONAL_RATIO_2988_STI_UNITS_PER_MILLION_VEHICLES,energy_kwh_eq,NO_VEHICLE_RULE_38,2053,38,0.23673028942337931,0.47346057884675863,0.9706663963264528
V33_POLICY_CONDITIONAL,EQUAL_SIZE_COMPARISON_1000000_VEHICLES_AT_THE_MEASURED_NATIONAL_RATIO_2988_STI_UNITS_PER_MILLION_VEHICLES,energy_kwh_eq,NO_VEHICLE_RULE_38,2054,38,0.23587355522204762,0.47174711044409523,0.9703920431180442
V33_POLICY_CONDITIONAL,EQUAL_SIZE_COMPARISON_1000000_VEHICLES_AT_THE_MEASURED_NATIONAL_RATIO_2988_STI_UNITS_PER_MILLION_VEHICLES,energy_kwh_eq,NO_VEHICLE_RULE_38,2055,38,0.23578937646138123,0.47157875292276247,0.9704201854023327
V33_POLICY_CONDITIONAL,EQUAL_SIZE_COMPARISON_1000000_VEHICLES_AT_THE_MEASURED_NATIONAL_RATIO_2988_STI_UNITS_PER_MILLION_VEHICLES,energy_kwh_eq,NO_VEHICLE_RULE_38,2056,38,0.23506874591180954,0.4701374918236191,0.9703879677849252
V33_POLICY_CONDITIONAL,EQUAL_SIZE_COMPARISON_1000000_VEHICLES_AT_THE_MEASURED_NATIONAL_RATIO_2988_STI_UNITS_PER_MILLION_VEHICLES,energy_kwh_eq,NO_VEHICLE_RULE_38,2057,38,0.23486220791845963,0.46972441583691926,0.9705642853339306
V33_POLICY_CONDITIONAL,EQUAL_SIZE_COMPARISON_1000000_VEHICLES_AT_THE_MEASURED_NATIONAL_RATIO_2988_STI_UNITS_PER_MILLION_VEHICLES,energy_kwh_eq,NO_VEHICLE_RULE_38,2058,38,0.23492330156675964,0.4698466031335193,0.9703411361890445
V33_POLICY_CONDITIONAL,EQUAL_SIZE_COMPARISON_1000000_VEHICLES_AT_THE_MEASURED_NATIONAL_RATIO_2988_STI_UNITS_PER_MILLION_VEHICLES,energy_kwh_eq,NO_VEHICLE_RULE_38,2059,38,0.2349321546216097,0.4698643092432194,0.9702248251960426
V33_POLICY_CONDITIONAL,EQUAL_SIZE_COMPARISON_1000000_VEHICLES_AT_THE_MEASURED_NATIONAL_RATIO_2988_STI_UNITS_PER_MILLION_VEHICLES,energy_kwh_eq,NO_VEHICLE_RULE_38,2060,38,0.23522696688611322,0.47045393377222644,0.9701347205439725
V33_POLICY_CONDITIONAL,EQUAL_SIZE_COMPARISON_1000000_VEHICLES_AT_THE_MEASURED_NATIONAL_RATIO_2988_STI_UNITS_PER_MILLION_VEHICLES,energy_kwh_eq,NO_VEHICLE_RULE_38,2061,38,0.23545042196990978,0.47090084393981957,0.9701655134374796
V33_POLICY_CONDITIONAL,EQUAL_SIZE_COMPARISON_1000000_VEHICLES_AT_THE_MEASURED_NATIONAL_RATIO_2988_STI_UNITS_PER_MILLION_VEHICLES,energy_kwh_eq,NO_VEHICLE_RULE_38,2062,38,0.2355811301359001,0.4711622602718002,0.9704726700433745
V33_POLICY_CONDITIONAL,EQUAL_SIZE_COMPARISON_1000000_VEHICLES_AT_THE_MEASURED_NATIONAL_RATIO_2988_STI_UNITS_PER_MILLION_VEHICLES,energy_kwh_eq,NO_VEHICLE_RULE_38,2063,38,0.23487562117626248,0.46975124235252497,0.9699040725799966
V33_POLICY_CONDITIONAL,EQUAL_SIZE_COMPARISON_1000000_VEHICLES_AT_THE_MEASURED_NATIONAL_RATIO_2988_STI_UNITS_PER_MILLION_VEHICLES,energy_kwh_eq,NO_VEHICLE_RULE_38,2064,38,0.23482131458968508,0.46964262917937016,0.9700379886046806
V33_POLICY_CONDITIONAL,EQUAL_SIZE_COMPARISON_1000000_VEHICLES_AT_THE_MEASURED_NATIONAL_RATIO_2988_STI_UNITS_PER_MILLION_VEHICLES,energy_kwh_eq,NO_VEHICLE_RULE_38,2065,38,0.2346229208710838,0.4692458417421676,0.9706114045887118
V33_POLICY_CONDITIONAL,EQUAL_SIZE_COMPARISON_1000000_VEHICLES_AT_THE_MEASURED_NATIONAL_RATIO_2988_STI_UNITS_PER_MILLION_VEHICLES,energy_kwh_eq,NO_VEHICLE_RULE_38,2066,38,0.23384898734169668,0.46769797468339336,0.9709587382717355
V33_POLICY_CONDITIONAL,EQUAL_SIZE_COMPARISON_1000000_VEHICLES_AT_THE_MEASURED_NATIONAL_RATIO_2988_STI_UNITS_PER_MILLION_VEHICLES,energy_kwh_eq,NO_VEHICLE_RULE_38,2067,38,0.23307318437212288,0.46614636874424575,0.9710677723350898
V33_POLICY_CONDITIONAL,EQUAL_SIZE_COMPARISON_1000000_VEHICLES_AT_THE_MEASURED_NATIONAL_RATIO_2988_STI_UNITS_PER_MILLION_VEHICLES,energy_kwh_eq,NO_VEHICLE_RULE_38,2068,38,0.23247734744695264,0.4649546948939053,0.9709116963824779
V33_POLICY_CONDITIONAL,EQUAL_SIZE_COMPARISON_1000000_VEHICLES_AT_THE_MEASURED_NATIONAL_RATIO_2988_STI_UNITS_PER_MILLION_VEHICLES,energy_kwh_eq,NO_VEHICLE_RULE_38,2069,38,0.23273803579960856,0.4654760715992171,0.9704887464174847
V33_POLICY_CONDITIONAL,EQUAL_SIZE_COMPARISON_1000000_VEHICLES_AT_THE_MEASURED_NATIONAL_RATIO_2988_STI_UNITS_PER_MILLION_VEHICLES,energy_kwh_eq,NO_VEHICLE_RULE_38,2070,38,0.23263382859978948,0.46526765719957897,0.9704767874194885
V33_POLICY_CONDITIONAL,EQUAL_SIZE_COMPARISON_1000000_VEHICLES_AT_THE_MEASURED_NATIONAL_RATIO_2988_STI_UNITS_PER_MILLION_VEHICLES,energy_kwh_eq,NO_VEHICLE_RULE_38,2071,38,0.23231491020749354,0.46462982041498707,0.9706292729367083
V33_POLICY_CONDITIONAL,EQUAL_SIZE_COMPARISON_1000000_VEHICLES_AT_THE_MEASURED_NATIONAL_RATIO_2988_STI_UNITS_PER_MILLION_VEHICLES,energy_kwh_eq,NO_VEHICLE_RULE_38,2072,38,0.23151687657058367,0.46303375314116735,0.9705944509123929
V33_POLICY_CONDITIONAL,EQUAL_SIZE_COMPARISON_1000000_VEHICLES_AT_THE_MEASURED_NATIONAL_RATIO_2988_STI_UNITS_PER_MILLION_VEHICLES,energy_kwh_eq,NO_VEHICLE_RULE_38,2073,38,0.230912253523299,0.461824507046598,0.9709957972878684
V33_POLICY_CONDITIONAL,EQUAL_SIZE_COMPARISON_1000000_VEHICLES_AT_THE_MEASURED_NATIONAL_RATIO_2988_STI_UNITS_PER_MILLION_VEHICLES,energy_kwh_eq,NO_VEHICLE_RULE_38,2074,38,0.230985039968293,0.461970079936586,0.9715931535642808
V33_POLICY_CONDITIONAL,EQUAL_SIZE_COMPARISON_1000000_VEHICLES_AT_THE_MEASURED_NATIONAL_RATIO_2988_STI_UNITS_PER_MILLION_VEHICLES,energy_kwh_eq,NO_VEHICLE_RULE_38,2075,38,0.23063332505906614,0.4612666501181323,0.9715789300737886
V33_POLICY_CONDITIONAL,EQUAL_SIZE_COMPARISON_1000000_VEHICLES_AT_THE_MEASURED_NATIONAL_RATIO_2988_STI_UNITS_PER_MILLION_VEHICLES,energy_kwh_eq,ALL_51,2025,51,0.23871232586424862,0.47742465172849724,0.9642300685397872
V33_POLICY_CONDITIONAL,EQUAL_SIZE_COMPARISON_1000000_VEHICLES_AT_THE_MEASURED_NATIONAL_RATIO_2988_STI_UNITS_PER_MILLION_VEHICLES,energy_kwh_eq,ALL_51,2026,51,0.23860116133193554,0.4772023226638711,0.9640950315363457
V33_POLICY_CONDITIONAL,EQUAL_SIZE_COMPARISON_1000000_VEHICLES_AT_THE_MEASURED_NATIONAL_RATIO_2988_STI_UNITS_PER_MILLION_VEHICLES,energy_kwh_eq,ALL_51,2027,51,0.2380903614086213,0.4761807228172426,0.9639342141046895
V33_POLICY_CONDITIONAL,EQUAL_SIZE_COMPARISON_1000000_VEHICLES_AT_THE_MEASURED_NATIONAL_RATIO_2988_STI_UNITS_PER_MILLION_VEHICLES,energy_kwh_eq,ALL_51,2028,51,0.23783136702417035,0.4756627340483407,0.9641227736470088
V33_POLICY_CONDITIONAL,EQUAL_SIZE_COMPARISON_1000000_VEHICLES_AT_THE_MEASURED_NATIONAL_RATIO_2988_STI_UNITS_PER_MILLION_VEHICLES,energy_kwh_eq,ALL_51,2029,51,0.23723750210664302,0.47447500421328603,0.9639037924951406
V33_POLICY_CONDITIONAL,EQUAL_SIZE_COMPARISON_1000000_VEHICLES_AT_THE_MEASURED_NATIONAL_RATIO_2988_STI_UNITS_PER_MILLION_VEHICLES,energy_kwh_eq,ALL_51,2030,51,0.23666093114384018,0.47332186228768036,0.9639950645312053
V33_POLICY_CONDITIONAL,EQUAL_SIZE_COMPARISON_1000000_VEHICLES_AT_THE_MEASURED_NATIONAL_RATIO_2988_STI_UNITS_PER_MILLION_VEHICLES,energy_kwh_eq,ALL_51,2031,51,0.2355259449111775,0.471051889822355,0.9627815454144167
V33_POLICY_CONDITIONAL,EQUAL_SIZE_COMPARISON_1000000_VEHICLES_AT_THE_MEASURED_NATIONAL_RATIO_2988_STI_UNITS_PER_MILLION_VEHICLES,energy_kwh_eq,ALL_51,2032,51,0.23593948587334077,0.47187897174668153,0.9624186197776076
V33_POLICY_CONDITIONAL,EQUAL_SIZE_COMPARISON_1000000_VEHICLES_AT_THE_MEASURED_NATIONAL_RATIO_2988_STI_UNITS_PER_MILLION_VEHICLES,energy_kwh_eq,ALL_51,2033,51,0.23630306539539525,0.4726061307907905,0.9605621537199286
V33_POLICY_CONDITIONAL,EQUAL_SIZE_COMPARISON_1000000_VEHICLES_AT_THE_MEASURED_NATIONAL_RATIO_2988_STI_UNITS_PER_MILLION_VEHICLES,energy_kwh_eq,ALL_51,2034,51,0.23553430347841742,0.47106860695683483,0.9599346943392028
V33_POLICY_CONDITIONAL,EQUAL_SIZE_COMPARISON_1000000_VEHICLES_AT_THE_MEASURED_NATIONAL_RATIO_2988_STI_UNITS_PER_MILLION_VEHICLES,energy_kwh_eq,ALL_51,2035,51,0.23518218315068773,0.47036436630137546,0.9572927218266896
V33_POLICY_CONDITIONAL,EQUAL_SIZE_COMPARISON_1000000_VEHICLES_AT_THE_MEASURED_NATIONAL_RATIO_2988_STI_UNITS_PER_MILLION_VEHICLES,energy_kwh_eq,ALL_51,2036,51,0.23526840647781985,0.4705368129556397,0.9564551855547465
V33_POLICY_CONDITIONAL,EQUAL_SIZE_COMPARISON_1000000_VEHICLES_AT_THE_MEASURED_NATIONAL_RATIO_2988_STI_UNITS_PER_MILLION_VEHICLES,energy_kwh_eq,ALL_51,2037,51,0.23518945849975506,0.4703789169995101,0.9551739267554731
V33_POLICY_CONDITIONAL,EQUAL_SIZE_COMPARISON_1000000_VEHICLES_AT_THE_MEASURED_NATIONAL_RATIO_2988_STI_UNITS_PER_MILLION_VEHICLES,energy_kwh_eq,ALL_51,2038,51,0.23511297268531606,0.4702259453706321,0.9538878080030133
V33_POLICY_CONDITIONAL,EQUAL_SIZE_COMPARISON_1000000_VEHICLES_AT_THE_MEASURED_NATIONAL_RATIO_2988_STI_UNITS_PER_MILLION_VEHICLES,energy_kwh_eq,ALL_51,2039,51,0.2360006601345877,0.4720013202691754,0.9528555043914619
V33_POLICY_CONDITIONAL,EQUAL_SIZE_COMPARISON_1000000_VEHICLES_AT_THE_MEASURED_NATIONAL_RATIO_2988_STI_UNITS_PER_MILLION_VEHICLES,energy_kwh_eq,ALL_51,2040,51,0.2376134404665035,0.475226880933007,0.9528557910819904
V33_POLICY_CONDITIONAL,EQUAL_SIZE_COMPARISON_1000000_VEHICLES_AT_THE_MEASURED_NATIONAL_RATIO_2988_STI_UNITS_PER_MILLION_VEHICLES,energy_kwh_eq,ALL_51,2041,51,0.23857256670961602,0.47714513341923204,0.9538185518189473
V33_POLICY_CONDITIONAL,EQUAL_SIZE_COMPARISON_1000000_VEHICLES_AT_THE_MEASURED_NATIONAL_RATIO_2988_STI_UNITS_PER_MILLION_VEHICLES,energy_kwh_eq,ALL_51,2042,51,0.23860452042189806,0.4772090408437961,0.9547496903193912
V33_POLICY_CONDITIONAL,EQUAL_SIZE_COMPARISON_1000000_VEHICLES_AT_THE_MEASURED_NATIONAL_RATIO_2988_STI_UNITS_PER_MILLION_VEHICLES,energy_kwh_eq,ALL_51,2043,51,0.2389329837037531,0.4778659674075062,0.958439519393177
V33_POLICY_CONDITIONAL,EQUAL_SIZE_COMPARISON_1000000_VEHICLES_AT_THE_MEASURED_NATIONAL_RATIO_2988_STI_UNITS_PER_MILLION_VEHICLES,energy_kwh_eq,ALL_51,2044,51,0.23854553632729977,0.47709107265459955,0.96203792569824
V33_POLICY_CONDITIONAL,EQUAL_SIZE_COMPARISON_1000000_VEHICLES_AT_THE_MEASURED_NATIONAL_RATIO_2988_STI_UNITS_PER_MILLION_VEHICLES,energy_kwh_eq,ALL_51,2045,51,0.23863100540165363,0.47726201080330727,0.9655999862136875
V33_POLICY_CONDITIONAL,EQUAL_SIZE_COMPARISON_1000000_VEHICLES_AT_THE_MEASURED_NATIONAL_RATIO_2988_STI_UNITS_PER_MILLION_VEHICLES,energy_kwh_eq,ALL_51,2046,51,0.23801090119882307,0.47602180239764613,0.9674880077935221
V33_POLICY_CONDITIONAL,EQUAL_SIZE_COMPARISON_1000000_VEHICLES_AT_THE_MEASURED_NATIONAL_RATIO_2988_STI_UNITS_PER_MILLION_VEHICLES,energy_kwh_eq,ALL_51,2047,51,0.23756681826568202,0.47513363653136403,0.9688411214440562
V33_POLICY_CONDITIONAL,EQUAL_SIZE_COMPARISON_1000000_VEHICLES_AT_THE_MEASURED_NATIONAL_RATIO_2988_STI_UNITS_PER_MILLION_VEHICLES,energy_kwh_eq,ALL_51,2048,51,0.23749171965936644,0.4749834393187329,0.9692000435845112
V33_POLICY_CONDITIONAL,EQUAL_SIZE_COMPARISON_1000000_VEHICLES_AT_THE_MEASURED_NATIONAL_RATIO_2988_STI_UNITS_PER_MILLION_VEHICLES,energy_kwh_eq,ALL_51,2049,51,0.2371663223761777,0.4743326447523554,0.9699991118841416
V33_POLICY_CONDITIONAL,EQUAL_SIZE_COMPARISON_1000000_VEHICLES_AT_THE_MEASURED_NATIONAL_RATIO_2988_STI_UNITS_PER_MILLION_VEHICLES,energy_kwh_eq,ALL_51,2050,51,0.236993877932747,0.473987755865494,0.9706354995785327
V33_POLICY_CONDITIONAL,EQUAL_SIZE_COMPARISON_1000000_VEHICLES_AT_THE_MEASURED_NATIONAL_RATIO_2988_STI_UNITS_PER_MILLION_VEHICLES,energy_kwh_eq,ALL_51,2051,51,0.23683901867073892,0.47367803734147784,0.9704527855043249
V33_POLICY_CONDITIONAL,EQUAL_SIZE_COMPARISON_1000000_VEHICLES_AT_THE_MEASURED_NATIONAL_RATIO_2988_STI_UNITS_PER_MILLION_VEHICLES,energy_kwh_eq,ALL_51,2052,51,0.23654744419139312,0.47309488838278624,0.9704105195052296
V33_POLICY_CONDITIONAL,EQUAL_SIZE_COMPARISON_1000000_VEHICLES_AT_THE_MEASURED_NATIONAL_RATIO_2988_STI_UNITS_PER_MILLION_VEHICLES,energy_kwh_eq,ALL_51,2053,51,0.23677147040844687,0.47354294081689374,0.9706732757433927
V33_POLICY_CONDITIONAL,EQUAL_SIZE_COMPARISON_1000000_VEHICLES_AT_THE_MEASURED_NATIONAL_RATIO_2988_STI_UNITS_PER_MILLION_VEHICLES,energy_kwh_eq,ALL_51,2054,51,0.23590796802882316,0.4718159360576463,0.9704017813825719
V33_POLICY_CONDITIONAL,EQUAL_SIZE_COMPARISON_1000000_VEHICLES_AT_THE_MEASURED_NATIONAL_RATIO_2988_STI_UNITS_PER_MILLION_VEHICLES,energy_kwh_eq,ALL_51,2055,51,0.23582375662107397,0.47164751324214793,0.9704242789902675
V33_POLICY_CONDITIONAL,EQUAL_SIZE_COMPARISON_1000000_VEHICLES_AT_THE_MEASURED_NATIONAL_RATIO_2988_STI_UNITS_PER_MILLION_VEHICLES,energy_kwh_eq,ALL_51,2056,51,0.2350911142630713,0.4701822285261426,0.9704217905349339
V33_POLICY_CONDITIONAL,EQUAL_SIZE_COMPARISON_1000000_VEHICLES_AT_THE_MEASURED_NATIONAL_RATIO_2988_STI_UNITS_PER_MILLION_VEHICLES,energy_kwh_eq,ALL_51,2057,51,0.23486809771075473,0.46973619542150946,0.9706485162312352
V33_POLICY_CONDITIONAL,EQUAL_SIZE_COMPARISON_1000000_VEHICLES_AT_THE_MEASURED_NATIONAL_RATIO_2988_STI_UNITS_PER_MILLION_VEHICLES,energy_kwh_eq,ALL_51,2058,51,0.23493270180182166,0.4698654036036433,0.9704230002856368
V33_POLICY_CONDITIONAL,EQUAL_SIZE_COMPARISON_1000000_VEHICLES_AT_THE_MEASURED_NATIONAL_RATIO_2988_STI_UNITS_PER_MILLION_VEHICLES,energy_kwh_eq,ALL_51,2059,51,0.2349465523472072,0.4698931046944144,0.9703344371355256
V33_POLICY_CONDITIONAL,EQUAL_SIZE_COMPARISON_1000000_VEHICLES_AT_THE_MEASURED_NATIONAL_RATIO_2988_STI_UNITS_PER_MILLION_VEHICLES,energy_kwh_eq,ALL_51,2060,51,0.23524873582208744,0.4704974716441749,0.9701614318050237
V33_POLICY_CONDITIONAL,EQUAL_SIZE_COMPARISON_1000000_VEHICLES_AT_THE_MEASURED_NATIONAL_RATIO_2988_STI_UNITS_PER_MILLION_VEHICLES,energy_kwh_eq,ALL_51,2061,51,0.2354681578012931,0.4709363156025862,0.9702693831640654
V33_POLICY_CONDITIONAL,EQUAL_SIZE_COMPARISON_1000000_VEHICLES_AT_THE_MEASURED_NATIONAL_RATIO_2988_STI_UNITS_PER_MILLION_VEHICLES,energy_kwh_eq,ALL_51,2062,51,0.23559912363964725,0.4711982472792945,0.9704964598059079
V33_POLICY_CONDITIONAL,EQUAL_SIZE_COMPARISON_1000000_VEHICLES_AT_THE_MEASURED_NATIONAL_RATIO_2988_STI_UNITS_PER_MILLION_VEHICLES,energy_kwh_eq,ALL_51,2063,51,0.2348843618985457,0.4697687237970914,0.9699160323143454
V33_POLICY_CONDITIONAL,EQUAL_SIZE_COMPARISON_1000000_VEHICLES_AT_THE_MEASURED_NATIONAL_RATIO_2988_STI_UNITS_PER_MILLION_VEHICLES,energy_kwh_eq,ALL_51,2064,51,0.23482804194301227,0.46965608388602453,0.9700541131586036
V33_POLICY_CONDITIONAL,EQUAL_SIZE_COMPARISON_1000000_VEHICLES_AT_THE_MEASURED_NATIONAL_RATIO_2988_STI_UNITS_PER_MILLION_VEHICLES,energy_kwh_eq,ALL_51,2065,51,0.23464843517056835,0.4692968703411367,0.970620009781543
V33_POLICY_CONDITIONAL,EQUAL_SIZE_COMPARISON_1000000_VEHICLES_AT_THE_MEASURED_NATIONAL_RATIO_2988_STI_UNITS_PER_MILLION_VEHICLES,energy_kwh_eq,ALL_51,2066,51,0.23390094519298105,0.4678018903859621,0.9710491927891447
V33_POLICY_CONDITIONAL,EQUAL_SIZE_COMPARISON_1000000_VEHICLES_AT_THE_MEASURED_NATIONAL_RATIO_2988_STI_UNITS_PER_MILLION_VEHICLES,energy_kwh_eq,ALL_51,2067,51,0.23312305225438282,0.46624610450876564,0.9710802392603768
V33_POLICY_CONDITIONAL,EQUAL_SIZE_COMPARISON_1000000_VEHICLES_AT_THE_MEASURED_NATIONAL_RATIO_2988_STI_UNITS_PER_MILLION_VEHICLES,energy_kwh_eq,ALL_51,2068,51,0.23250500107950559,0.46501000215901117,0.970940505177448
V33_POLICY_CONDITIONAL,EQUAL_SIZE_COMPARISON_1000000_VEHICLES_AT_THE_MEASURED_NATIONAL_RATIO_2988_STI_UNITS_PER_MILLION_VEHICLES,energy_kwh_eq,ALL_51,2069,51,0.23275956000570885,0.4655191200114177,0.9705843179759909
V33_POLICY_CONDITIONAL,EQUAL_SIZE_COMPARISON_1000000_VEHICLES_AT_THE_MEASURED_NATIONAL_RATIO_2988_STI_UNITS_PER_MILLION_VEHICLES,energy_kwh_eq,ALL_51,2070,51,0.23264997153337677,0.46529994306675354,0.970501500598809
V33_POLICY_CONDITIONAL,EQUAL_SIZE_COMPARISON_1000000_VEHICLES_AT_THE_MEASURED_NATIONAL_RATIO_2988_STI_UNITS_PER_MILLION_VEHICLES,energy_kwh_eq,ALL_51,2071,51,0.23238131925963296,0.4647626385192659,0.9706914247253943
V33_POLICY_CONDITIONAL,EQUAL_SIZE_COMPARISON_1000000_VEHICLES_AT_THE_MEASURED_NATIONAL_RATIO_2988_STI_UNITS_PER_MILLION_VEHICLES,energy_kwh_eq,ALL_51,2072,51,0.23153229762535346,0.4630645952507069,0.9706096365700161
V33_POLICY_CONDITIONAL,EQUAL_SIZE_COMPARISON_1000000_VEHICLES_AT_THE_MEASURED_NATIONAL_RATIO_2988_STI_UNITS_PER_MILLION_VEHICLES,energy_kwh_eq,ALL_51,2073,51,0.2309935750642169,0.4619871501284338,0.9710913983791425
V33_POLICY_CONDITIONAL,EQUAL_SIZE_COMPARISON_1000000_VEHICLES_AT_THE_MEASURED_NATIONAL_RATIO_2988_STI_UNITS_PER_MILLION_VEHICLES,energy_kwh_eq,ALL_51,2074,51,0.2311046632790443,0.4622093265580886,0.971641370646757
V33_POLICY_CONDITIONAL,EQUAL_SIZE_COMPARISON_1000000_VEHICLES_AT_THE_MEASURED_NATIONAL_RATIO_2988_STI_UNITS_PER_MILLION_VEHICLES,energy_kwh_eq,ALL_51,2075,51,0.2307389934484322,0.4614779868968644,0.9716080967929116
V33_POLICY_CONDITIONAL,EQUAL_SIZE_COMPARISON_1000000_VEHICLES_AT_THE_MEASURED_NATIONAL_RATIO_2988_STI_UNITS_PER_MILLION_VEHICLES,direct_co2_kg,FULL_SCHEDULE_10,2025,10,0.23867325575056303,0.47734651150112606,0.9639299562985668
V33_POLICY_CONDITIONAL,EQUAL_SIZE_COMPARISON_1000000_VEHICLES_AT_THE_MEASURED_NATIONAL_RATIO_2988_STI_UNITS_PER_MILLION_VEHICLES,direct_co2_kg,FULL_SCHEDULE_10,2026,10,0.238082967052743,0.476165934105486,0.9720281123981709
V33_POLICY_CONDITIONAL,EQUAL_SIZE_COMPARISON_1000000_VEHICLES_AT_THE_MEASURED_NATIONAL_RATIO_2988_STI_UNITS_PER_MILLION_VEHICLES,direct_co2_kg,FULL_SCHEDULE_10,2027,10,0.23632416467679018,0.47264832935358037,0.9772246009520168
V33_POLICY_CONDITIONAL,EQUAL_SIZE_COMPARISON_1000000_VEHICLES_AT_THE_MEASURED_NATIONAL_RATIO_2988_STI_UNITS_PER_MILLION_VEHICLES,direct_co2_kg,FULL_SCHEDULE_10,2028,10,0.23636818382078595,0.4727363676415719,0.9787614795542083
V33_POLICY_CONDITIONAL,EQUAL_SIZE_COMPARISON_1000000_VEHICLES_AT_THE_MEASURED_NATIONAL_RATIO_2988_STI_UNITS_PER_MILLION_VEHICLES,direct_co2_kg,FULL_SCHEDULE_10,2029,10,0.23762052642156137,0.47524105284312274,0.9803071620882502
V33_POLICY_CONDITIONAL,EQUAL_SIZE_COMPARISON_1000000_VEHICLES_AT_THE_MEASURED_NATIONAL_RATIO_2988_STI_UNITS_PER_MILLION_VEHICLES,direct_co2_kg,FULL_SCHEDULE_10,2030,10,0.23652467265057975,0.4730493453011595,0.9805109137354586
V33_POLICY_CONDITIONAL,EQUAL_SIZE_COMPARISON_1000000_VEHICLES_AT_THE_MEASURED_NATIONAL_RATIO_2988_STI_UNITS_PER_MILLION_VEHICLES,direct_co2_kg,FULL_SCHEDULE_10,2031,10,0.23773550439861404,0.4754710087972281,0.9846070152516557
V33_POLICY_CONDITIONAL,EQUAL_SIZE_COMPARISON_1000000_VEHICLES_AT_THE_MEASURED_NATIONAL_RATIO_2988_STI_UNITS_PER_MILLION_VEHICLES,direct_co2_kg,FULL_SCHEDULE_10,2032,10,0.239266567920412,0.478533135840824,0.9859835588134993
V33_POLICY_CONDITIONAL,EQUAL_SIZE_COMPARISON_1000000_VEHICLES_AT_THE_MEASURED_NATIONAL_RATIO_2988_STI_UNITS_PER_MILLION_VEHICLES,direct_co2_kg,FULL_SCHEDULE_10,2033,10,0.2434844295649163,0.4869688591298326,0.9868255111922315
V33_POLICY_CONDITIONAL,EQUAL_SIZE_COMPARISON_1000000_VEHICLES_AT_THE_MEASURED_NATIONAL_RATIO_2988_STI_UNITS_PER_MILLION_VEHICLES,direct_co2_kg,FULL_SCHEDULE_10,2034,10,0.2477893469723179,0.4955786939446358,0.9873560975790279
V33_POLICY_CONDITIONAL,EQUAL_SIZE_COMPARISON_1000000_VEHICLES_AT_THE_MEASURED_NATIONAL_RATIO_2988_STI_UNITS_PER_MILLION_VEHICLES,direct_co2_kg,FULL_SCHEDULE_10,2035,10,0.2523842930139016,0.5047685860278032,0.987793965728951
V33_POLICY_CONDITIONAL,EQUAL_SIZE_COMPARISON_1000000_VEHICLES_AT_THE_MEASURED_NATIONAL_RATIO_2988_STI_UNITS_PER_MILLION_VEHICLES,direct_co2_kg,FULL_SCHEDULE_10,2036,10,0.2622515148653619,0.5245030297307238,0.9888123691885158
V33_POLICY_CONDITIONAL,EQUAL_SIZE_COMPARISON_1000000_VEHICLES_AT_THE_MEASURED_NATIONAL_RATIO_2988_STI_UNITS_PER_MILLION_VEHICLES,direct_co2_kg,FULL_SCHEDULE_10,2037,10,0.2796109880652634,0.5592219761305268,0.9902312318069708
V33_POLICY_CONDITIONAL,EQUAL_SIZE_COMPARISON_1000000_VEHICLES_AT_THE_MEASURED_NATIONAL_RATIO_2988_STI_UNITS_PER_MILLION_VEHICLES,direct_co2_kg,FULL_SCHEDULE_10,2038,10,0.2972350494548457,0.5944700989096914,0.9886381361838746
V33_POLICY_CONDITIONAL,EQUAL_SIZE_COMPARISON_1000000_VEHICLES_AT_THE_MEASURED_NATIONAL_RATIO_2988_STI_UNITS_PER_MILLION_VEHICLES,direct_co2_kg,FULL_SCHEDULE_10,2039,10,0.31596732826420326,0.6319346565284065,0.9876048835180888
V33_POLICY_CONDITIONAL,EQUAL_SIZE_COMPARISON_1000000_VEHICLES_AT_THE_MEASURED_NATIONAL_RATIO_2988_STI_UNITS_PER_MILLION_VEHICLES,direct_co2_kg,FULL_SCHEDULE_10,2040,10,0.40896447753967746,0.8179289550793549,0.988014596160025
V33_POLICY_CONDITIONAL,EQUAL_SIZE_COMPARISON_1000000_VEHICLES_AT_THE_MEASURED_NATIONAL_RATIO_2988_STI_UNITS_PER_MILLION_VEHICLES,direct_co2_kg,FULL_SCHEDULE_10,2041,10,0.46691828727955115,0.9338365745591023,0.9979969363764396
V33_POLICY_CONDITIONAL,EQUAL_SIZE_COMPARISON_1000000_VEHICLES_AT_THE_MEASURED_NATIONAL_RATIO_2988_STI_UNITS_PER_MILLION_VEHICLES,direct_co2_kg,FULL_SCHEDULE_10,2042,10,0.5447546253742697,1.0895092507485393,1.0204707428681945
V33_POLICY_CONDITIONAL,EQUAL_SIZE_COMPARISON_1000000_VEHICLES_AT_THE_MEASURED_NATIONAL_RATIO_2988_STI_UNITS_PER_MILLION_VEHICLES,direct_co2_kg,FULL_SCHEDULE_10,2043,10,0.6524814035446054,1.3049628070892108,1.0591720512858442
V33_POLICY_CONDITIONAL,EQUAL_SIZE_COMPARISON_1000000_VEHICLES_AT_THE_MEASURED_NATIONAL_RATIO_2988_STI_UNITS_PER_MILLION_VEHICLES,direct_co2_kg,FULL_SCHEDULE_10,2044,10,0.782889782390004,1.565779564780008,1.1017890582550205
V33_POLICY_CONDITIONAL,EQUAL_SIZE_COMPARISON_1000000_VEHICLES_AT_THE_MEASURED_NATIONAL_RATIO_2988_STI_UNITS_PER_MILLION_VEHICLES,direct_co2_kg,FULL_SCHEDULE_10,2045,10,1.0908082647366466,2.181616529473293,1.1807400476158942
V33_POLICY_CONDITIONAL,EQUAL_SIZE_COMPARISON_1000000_VEHICLES_AT_THE_MEASURED_NATIONAL_RATIO_2988_STI_UNITS_PER_MILLION_VEHICLES,direct_co2_kg,FULL_SCHEDULE_10,2046,10,1.395376340959117,2.790752681918234,1.2731534879872912
V33_POLICY_CONDITIONAL,EQUAL_SIZE_COMPARISON_1000000_VEHICLES_AT_THE_MEASURED_NATIONAL_RATIO_2988_STI_UNITS_PER_MILLION_VEHICLES,direct_co2_kg,FULL_SCHEDULE_10,2047,10,1.8138850777908955,3.627770155581791,1.4148657514422032
V33_POLICY_CONDITIONAL,EQUAL_SIZE_COMPARISON_1000000_VEHICLES_AT_THE_MEASURED_NATIONAL_RATIO_2988_STI_UNITS_PER_MILLION_VEHICLES,direct_co2_kg,FULL_SCHEDULE_10,2048,10,2.394610801698147,4.789221603396294,1.6116662703792302
V33_POLICY_CONDITIONAL,EQUAL_SIZE_COMPARISON_1000000_VEHICLES_AT_THE_MEASURED_NATIONAL_RATIO_2988_STI_UNITS_PER_MILLION_VEHICLES,direct_co2_kg,FULL_SCHEDULE_10,2049,10,3.1996105579504093,6.3992211159008185,1.8421761166683268
V33_POLICY_CONDITIONAL,EQUAL_SIZE_COMPARISON_1000000_VEHICLES_AT_THE_MEASURED_NATIONAL_RATIO_2988_STI_UNITS_PER_MILLION_VEHICLES,direct_co2_kg,FULL_SCHEDULE_10,2050,10,4.299972618434085,8.59994523686817,2.13608585356765
V33_POLICY_CONDITIONAL,EQUAL_SIZE_COMPARISON_1000000_VEHICLES_AT_THE_MEASURED_NATIONAL_RATIO_2988_STI_UNITS_PER_MILLION_VEHICLES,direct_co2_kg,FULL_SCHEDULE_10,2051,10,5.81092606453382,11.62185212906764,2.487572175871245
V33_POLICY_CONDITIONAL,EQUAL_SIZE_COMPARISON_1000000_VEHICLES_AT_THE_MEASURED_NATIONAL_RATIO_2988_STI_UNITS_PER_MILLION_VEHICLES,direct_co2_kg,FULL_SCHEDULE_10,2052,10,7.875371251174764,15.750742502349528,2.909371108801678
V33_POLICY_CONDITIONAL,EQUAL_SIZE_COMPARISON_1000000_VEHICLES_AT_THE_MEASURED_NATIONAL_RATIO_2988_STI_UNITS_PER_MILLION_VEHICLES,direct_co2_kg,FULL_SCHEDULE_10,2053,10,10.655243502373354,21.310487004746708,3.4185650000415047
V33_POLICY_CONDITIONAL,EQUAL_SIZE_COMPARISON_1000000_VEHICLES_AT_THE_MEASURED_NATIONAL_RATIO_2988_STI_UNITS_PER_MILLION_VEHICLES,direct_co2_kg,FULL_SCHEDULE_10,2054,10,14.44619077961488,28.89238155922976,4.024113414789454
V33_POLICY_CONDITIONAL,EQUAL_SIZE_COMPARISON_1000000_VEHICLES_AT_THE_MEASURED_NATIONAL_RATIO_2988_STI_UNITS_PER_MILLION_VEHICLES,direct_co2_kg,FULL_SCHEDULE_10,2055,10,19.593386201992274,39.18677240398455,4.763569999942675
V33_POLICY_CONDITIONAL,EQUAL_SIZE_COMPARISON_1000000_VEHICLES_AT_THE_MEASURED_NATIONAL_RATIO_2988_STI_UNITS_PER_MILLION_VEHICLES,direct_co2_kg,FULL_SCHEDULE_10,2056,10,26.66491365339446,53.32982730678892,5.58627961955548
V33_POLICY_CONDITIONAL,EQUAL_SIZE_COMPARISON_1000000_VEHICLES_AT_THE_MEASURED_NATIONAL_RATIO_2988_STI_UNITS_PER_MILLION_VEHICLES,direct_co2_kg,FULL_SCHEDULE_10,2057,10,36.52193240603487,73.04386481206974,6.616898320932128
V33_POLICY_CONDITIONAL,EQUAL_SIZE_COMPARISON_1000000_VEHICLES_AT_THE_MEASURED_NATIONAL_RATIO_2988_STI_UNITS_PER_MILLION_VEHICLES,direct_co2_kg,FULL_SCHEDULE_10,2058,10,49.95774314946845,99.9154862989369,7.738079813045028
V33_POLICY_CONDITIONAL,EQUAL_SIZE_COMPARISON_1000000_VEHICLES_AT_THE_MEASURED_NATIONAL_RATIO_2988_STI_UNITS_PER_MILLION_VEHICLES,direct_co2_kg,FULL_SCHEDULE_10,2059,10,68.359038016488,136.718076032976,9.111613948578047
V33_POLICY_CONDITIONAL,EQUAL_SIZE_COMPARISON_1000000_VEHICLES_AT_THE_MEASURED_NATIONAL_RATIO_2988_STI_UNITS_PER_MILLION_VEHICLES,direct_co2_kg,FULL_SCHEDULE_10,2060,10,93.433975552158,186.867951104316,10.723759017477468
V33_POLICY_CONDITIONAL,EQUAL_SIZE_COMPARISON_1000000_VEHICLES_AT_THE_MEASURED_NATIONAL_RATIO_2988_STI_UNITS_PER_MILLION_VEHICLES,direct_co2_kg,FULL_SCHEDULE_10,2061,10,127.99470690408955,255.9894138081791,12.609330102666245
V33_POLICY_CONDITIONAL,EQUAL_SIZE_COMPARISON_1000000_VEHICLES_AT_THE_MEASURED_NATIONAL_RATIO_2988_STI_UNITS_PER_MILLION_VEHICLES,direct_co2_kg,FULL_SCHEDULE_10,2062,10,175.02666049899403,350.05332099798807,14.763572523473037
V33_POLICY_CONDITIONAL,EQUAL_SIZE_COMPARISON_1000000_VEHICLES_AT_THE_MEASURED_NATIONAL_RATIO_2988_STI_UNITS_PER_MILLION_VEHICLES,direct_co2_kg,FULL_SCHEDULE_10,2063,10,238.69120062343586,477.3824012468717,17.18278240520256
V33_POLICY_CONDITIONAL,EQUAL_SIZE_COMPARISON_1000000_VEHICLES_AT_THE_MEASURED_NATIONAL_RATIO_2988_STI_UNITS_PER_MILLION_VEHICLES,direct_co2_kg,FULL_SCHEDULE_10,2064,10,325.74357353889707,651.4871470777941,20.171387683866215
V33_POLICY_CONDITIONAL,EQUAL_SIZE_COMPARISON_1000000_VEHICLES_AT_THE_MEASURED_NATIONAL_RATIO_2988_STI_UNITS_PER_MILLION_VEHICLES,direct_co2_kg,FULL_SCHEDULE_10,2065,10,443.41925415173614,886.8385083034723,23.684896541420706
V33_POLICY_CONDITIONAL,EQUAL_SIZE_COMPARISON_1000000_VEHICLES_AT_THE_MEASURED_NATIONAL_RATIO_2988_STI_UNITS_PER_MILLION_VEHICLES,direct_co2_kg,FULL_SCHEDULE_10,2066,10,601.8028080138631,1203.6056160277262,27.722840426236758
V33_POLICY_CONDITIONAL,EQUAL_SIZE_COMPARISON_1000000_VEHICLES_AT_THE_MEASURED_NATIONAL_RATIO_2988_STI_UNITS_PER_MILLION_VEHICLES,direct_co2_kg,FULL_SCHEDULE_10,2067,10,816.3556089156484,1632.7112178312968,32.46024509507396
V33_POLICY_CONDITIONAL,EQUAL_SIZE_COMPARISON_1000000_VEHICLES_AT_THE_MEASURED_NATIONAL_RATIO_2988_STI_UNITS_PER_MILLION_VEHICLES,direct_co2_kg,FULL_SCHEDULE_10,2068,10,1107.8867011305597,2215.7734022611194,37.73797835112164
V33_POLICY_CONDITIONAL,EQUAL_SIZE_COMPARISON_1000000_VEHICLES_AT_THE_MEASURED_NATIONAL_RATIO_2988_STI_UNITS_PER_MILLION_VEHICLES,direct_co2_kg,FULL_SCHEDULE_10,2069,10,1504.6746344228302,3009.3492688456604,43.949946350082264
V33_POLICY_CONDITIONAL,EQUAL_SIZE_COMPARISON_1000000_VEHICLES_AT_THE_MEASURED_NATIONAL_RATIO_2988_STI_UNITS_PER_MILLION_VEHICLES,direct_co2_kg,FULL_SCHEDULE_10,2070,10,2041.1981111084233,4082.3962222168466,51.099094719073015
V33_POLICY_CONDITIONAL,EQUAL_SIZE_COMPARISON_1000000_VEHICLES_AT_THE_MEASURED_NATIONAL_RATIO_2988_STI_UNITS_PER_MILLION_VEHICLES,direct_co2_kg,FULL_SCHEDULE_10,2071,10,2765.2909011366974,5530.581802273395,59.211948675700086
V33_POLICY_CONDITIONAL,EQUAL_SIZE_COMPARISON_1000000_VEHICLES_AT_THE_MEASURED_NATIONAL_RATIO_2988_STI_UNITS_PER_MILLION_VEHICLES,direct_co2_kg,FULL_SCHEDULE_10,2072,10,3740.3675674817887,7480.735134963577,68.62148245083084
V33_POLICY_CONDITIONAL,EQUAL_SIZE_COMPARISON_1000000_VEHICLES_AT_THE_MEASURED_NATIONAL_RATIO_2988_STI_UNITS_PER_MILLION_VEHICLES,direct_co2_kg,FULL_SCHEDULE_10,2073,10,5050.8855028213875,10101.771005642775,79.62184048657559
V33_POLICY_CONDITIONAL,EQUAL_SIZE_COMPARISON_1000000_VEHICLES_AT_THE_MEASURED_NATIONAL_RATIO_2988_STI_UNITS_PER_MILLION_VEHICLES,direct_co2_kg,FULL_SCHEDULE_10,2074,10,6799.684927599084,13599.369855198169,92.37255251238703
V33_POLICY_CONDITIONAL,EQUAL_SIZE_COMPARISON_1000000_VEHICLES_AT_THE_MEASURED_NATIONAL_RATIO_2988_STI_UNITS_PER_MILLION_VEHICLES,direct_co2_kg,FULL_SCHEDULE_10,2075,10,9134.701971829823,18269.403943659647,107.08976219874711
V33_POLICY_CONDITIONAL,EQUAL_SIZE_COMPARISON_1000000_VEHICLES_AT_THE_MEASURED_NATIONAL_RATIO_2988_STI_UNITS_PER_MILLION_VEHICLES,direct_co2_kg,CAPPED_82_MY2032_3,2025,3,0.23828164436508853,0.47656328873017706,0.96416278754004
V33_POLICY_CONDITIONAL,EQUAL_SIZE_COMPARISON_1000000_VEHICLES_AT_THE_MEASURED_NATIONAL_RATIO_2988_STI_UNITS_PER_MILLION_VEHICLES,direct_co2_kg,CAPPED_82_MY2032_3,2026,3,0.23815714705466143,0.47631429410932286,0.9646735713950076
V33_POLICY_CONDITIONAL,EQUAL_SIZE_COMPARISON_1000000_VEHICLES_AT_THE_MEASURED_NATIONAL_RATIO_2988_STI_UNITS_PER_MILLION_VEHICLES,direct_co2_kg,CAPPED_82_MY2032_3,2027,3,0.233173451488389,0.466346902976778,0.971220483609338
V33_POLICY_CONDITIONAL,EQUAL_SIZE_COMPARISON_1000000_VEHICLES_AT_THE_MEASURED_NATIONAL_RATIO_2988_STI_UNITS_PER_MILLION_VEHICLES,direct_co2_kg,CAPPED_82_MY2032_3,2028,3,0.23229732351475027,0.46459464702950054,0.9781289187516509
V33_POLICY_CONDITIONAL,EQUAL_SIZE_COMPARISON_1000000_VEHICLES_AT_THE_MEASURED_NATIONAL_RATIO_2988_STI_UNITS_PER_MILLION_VEHICLES,direct_co2_kg,CAPPED_82_MY2032_3,2029,3,0.2359770929994034,0.4719541859988068,0.9810626140348893
V33_POLICY_CONDITIONAL,EQUAL_SIZE_COMPARISON_1000000_VEHICLES_AT_THE_MEASURED_NATIONAL_RATIO_2988_STI_UNITS_PER_MILLION_VEHICLES,direct_co2_kg,CAPPED_82_MY2032_3,2030,3,0.23301540911621077,0.46603081823242154,0.9800106082613196
V33_POLICY_CONDITIONAL,EQUAL_SIZE_COMPARISON_1000000_VEHICLES_AT_THE_MEASURED_NATIONAL_RATIO_2988_STI_UNITS_PER_MILLION_VEHICLES,direct_co2_kg,CAPPED_82_MY2032_3,2031,3,0.2366241155430011,0.4732482310860022,0.9857394846726734
V33_POLICY_CONDITIONAL,EQUAL_SIZE_COMPARISON_1000000_VEHICLES_AT_THE_MEASURED_NATIONAL_RATIO_2988_STI_UNITS_PER_MILLION_VEHICLES,direct_co2_kg,CAPPED_82_MY2032_3,2032,3,0.24135687971302539,0.48271375942605077,0.9920887860042942
V33_POLICY_CONDITIONAL,EQUAL_SIZE_COMPARISON_1000000_VEHICLES_AT_THE_MEASURED_NATIONAL_RATIO_2988_STI_UNITS_PER_MILLION_VEHICLES,direct_co2_kg,CAPPED_82_MY2032_3,2033,3,0.2484976087984668,0.4969952175969336,0.9999731571617725
V33_POLICY_CONDITIONAL,EQUAL_SIZE_COMPARISON_1000000_VEHICLES_AT_THE_MEASURED_NATIONAL_RATIO_2988_STI_UNITS_PER_MILLION_VEHICLES,direct_co2_kg,CAPPED_82_MY2032_3,2034,3,0.25992877396827535,0.5198575479365507,1.0011475430011674
V33_POLICY_CONDITIONAL,EQUAL_SIZE_COMPARISON_1000000_VEHICLES_AT_THE_MEASURED_NATIONAL_RATIO_2988_STI_UNITS_PER_MILLION_VEHICLES,direct_co2_kg,CAPPED_82_MY2032_3,2035,3,0.26794978845348233,0.5358995769069647,1.0023271423710278
V33_POLICY_CONDITIONAL,EQUAL_SIZE_COMPARISON_1000000_VEHICLES_AT_THE_MEASURED_NATIONAL_RATIO_2988_STI_UNITS_PER_MILLION_VEHICLES,direct_co2_kg,CAPPED_82_MY2032_3,2036,3,0.27368212071612685,0.5473642414322537,1.0037351669915149
V33_POLICY_CONDITIONAL,EQUAL_SIZE_COMPARISON_1000000_VEHICLES_AT_THE_MEASURED_NATIONAL_RATIO_2988_STI_UNITS_PER_MILLION_VEHICLES,direct_co2_kg,CAPPED_82_MY2032_3,2037,3,0.2789216227276221,0.5578432454552442,1.0036688604355117
V33_POLICY_CONDITIONAL,EQUAL_SIZE_COMPARISON_1000000_VEHICLES_AT_THE_MEASURED_NATIONAL_RATIO_2988_STI_UNITS_PER_MILLION_VEHICLES,direct_co2_kg,CAPPED_82_MY2032_3,2038,3,0.28705450159960905,0.5741090031992181,1.0012952118185814
V33_POLICY_CONDITIONAL,EQUAL_SIZE_COMPARISON_1000000_VEHICLES_AT_THE_MEASURED_NATIONAL_RATIO_2988_STI_UNITS_PER_MILLION_VEHICLES,direct_co2_kg,CAPPED_82_MY2032_3,2039,3,0.2967066825932481,0.5934133651864962,1.0020371182696821
V33_POLICY_CONDITIONAL,EQUAL_SIZE_COMPARISON_1000000_VEHICLES_AT_THE_MEASURED_NATIONAL_RATIO_2988_STI_UNITS_PER_MILLION_VEHICLES,direct_co2_kg,CAPPED_82_MY2032_3,2040,3,0.2566545550457184,0.5133091100914368,0.9899827266925517
V33_POLICY_CONDITIONAL,EQUAL_SIZE_COMPARISON_1000000_VEHICLES_AT_THE_MEASURED_NATIONAL_RATIO_2988_STI_UNITS_PER_MILLION_VEHICLES,direct_co2_kg,CAPPED_82_MY2032_3,2041,3,0.26008495246441704,0.5201699049288341,0.9948849090557143
V33_POLICY_CONDITIONAL,EQUAL_SIZE_COMPARISON_1000000_VEHICLES_AT_THE_MEASURED_NATIONAL_RATIO_2988_STI_UNITS_PER_MILLION_VEHICLES,direct_co2_kg,CAPPED_82_MY2032_3,2042,3,0.2654608836485298,0.5309217672970596,1.000303918535605
V33_POLICY_CONDITIONAL,EQUAL_SIZE_COMPARISON_1000000_VEHICLES_AT_THE_MEASURED_NATIONAL_RATIO_2988_STI_UNITS_PER_MILLION_VEHICLES,direct_co2_kg,CAPPED_82_MY2032_3,2043,3,0.2721714673058273,0.5443429346116546,1.008273817836735
V33_POLICY_CONDITIONAL,EQUAL_SIZE_COMPARISON_1000000_VEHICLES_AT_THE_MEASURED_NATIONAL_RATIO_2988_STI_UNITS_PER_MILLION_VEHICLES,direct_co2_kg,CAPPED_82_MY2032_3,2044,3,0.2783600321970507,0.5567200643941014,1.0185984786306175
V33_POLICY_CONDITIONAL,EQUAL_SIZE_COMPARISON_1000000_VEHICLES_AT_THE_MEASURED_NATIONAL_RATIO_2988_STI_UNITS_PER_MILLION_VEHICLES,direct_co2_kg,CAPPED_82_MY2032_3,2045,3,0.3311599811113886,0.6623199622227772,1.0477850051182227
V33_POLICY_CONDITIONAL,EQUAL_SIZE_COMPARISON_1000000_VEHICLES_AT_THE_MEASURED_NATIONAL_RATIO_2988_STI_UNITS_PER_MILLION_VEHICLES,direct_co2_kg,CAPPED_82_MY2032_3,2046,3,0.3364717545129888,0.6729435090259775,1.0615847666078344
V33_POLICY_CONDITIONAL,EQUAL_SIZE_COMPARISON_1000000_VEHICLES_AT_THE_MEASURED_NATIONAL_RATIO_2988_STI_UNITS_PER_MILLION_VEHICLES,direct_co2_kg,CAPPED_82_MY2032_3,2047,3,0.3416553100686172,0.6833106201372344,1.0708424986209666
V33_POLICY_CONDITIONAL,EQUAL_SIZE_COMPARISON_1000000_VEHICLES_AT_THE_MEASURED_NATIONAL_RATIO_2988_STI_UNITS_PER_MILLION_VEHICLES,direct_co2_kg,CAPPED_82_MY2032_3,2048,3,0.34538066406594237,0.6907613281318847,1.0767722943112574
V33_POLICY_CONDITIONAL,EQUAL_SIZE_COMPARISON_1000000_VEHICLES_AT_THE_MEASURED_NATIONAL_RATIO_2988_STI_UNITS_PER_MILLION_VEHICLES,direct_co2_kg,CAPPED_82_MY2032_3,2049,3,0.3472398804177097,0.6944797608354194,1.082663529458566
V33_POLICY_CONDITIONAL,EQUAL_SIZE_COMPARISON_1000000_VEHICLES_AT_THE_MEASURED_NATIONAL_RATIO_2988_STI_UNITS_PER_MILLION_VEHICLES,direct_co2_kg,CAPPED_82_MY2032_3,2050,3,0.4514479120062491,0.9028958240124982,1.085255473586334
V33_POLICY_CONDITIONAL,EQUAL_SIZE_COMPARISON_1000000_VEHICLES_AT_THE_MEASURED_NATIONAL_RATIO_2988_STI_UNITS_PER_MILLION_VEHICLES,direct_co2_kg,CAPPED_82_MY2032_3,2051,3,0.46426042993385047,0.9285208598677009,1.0892042488562366
V33_POLICY_CONDITIONAL,EQUAL_SIZE_COMPARISON_1000000_VEHICLES_AT_THE_MEASURED_NATIONAL_RATIO_2988_STI_UNITS_PER_MILLION_VEHICLES,direct_co2_kg,CAPPED_82_MY2032_3,2052,3,0.4778103995313313,0.9556207990626626,1.09278295489699
V33_POLICY_CONDITIONAL,EQUAL_SIZE_COMPARISON_1000000_VEHICLES_AT_THE_MEASURED_NATIONAL_RATIO_2988_STI_UNITS_PER_MILLION_VEHICLES,direct_co2_kg,CAPPED_82_MY2032_3,2053,3,0.49022300907804817,0.9804460181560963,1.0937238229858537
V33_POLICY_CONDITIONAL,EQUAL_SIZE_COMPARISON_1000000_VEHICLES_AT_THE_MEASURED_NATIONAL_RATIO_2988_STI_UNITS_PER_MILLION_VEHICLES,direct_co2_kg,CAPPED_82_MY2032_3,2054,3,0.5041259867335653,1.0082519734671307,1.0950582735697076
V33_POLICY_CONDITIONAL,EQUAL_SIZE_COMPARISON_1000000_VEHICLES_AT_THE_MEASURED_NATIONAL_RATIO_2988_STI_UNITS_PER_MILLION_VEHICLES,direct_co2_kg,CAPPED_82_MY2032_3,2055,3,0.519094527086841,1.038189054173682,1.0976052595452994
V33_POLICY_CONDITIONAL,EQUAL_SIZE_COMPARISON_1000000_VEHICLES_AT_THE_MEASURED_NATIONAL_RATIO_2988_STI_UNITS_PER_MILLION_VEHICLES,direct_co2_kg,CAPPED_82_MY2032_3,2056,3,0.5338066251595999,1.0676132503191997,1.1004136590436604
V33_POLICY_CONDITIONAL,EQUAL_SIZE_COMPARISON_1000000_VEHICLES_AT_THE_MEASURED_NATIONAL_RATIO_2988_STI_UNITS_PER_MILLION_VEHICLES,direct_co2_kg,CAPPED_82_MY2032_3,2057,3,0.5497326557753737,1.0994653115507473,1.1024652606118988
V33_POLICY_CONDITIONAL,EQUAL_SIZE_COMPARISON_1000000_VEHICLES_AT_THE_MEASURED_NATIONAL_RATIO_2988_STI_UNITS_PER_MILLION_VEHICLES,direct_co2_kg,CAPPED_82_MY2032_3,2058,3,0.566508572129595,1.13301714425919,1.105030711583734
V33_POLICY_CONDITIONAL,EQUAL_SIZE_COMPARISON_1000000_VEHICLES_AT_THE_MEASURED_NATIONAL_RATIO_2988_STI_UNITS_PER_MILLION_VEHICLES,direct_co2_kg,CAPPED_82_MY2032_3,2059,3,0.5894163568342954,1.1788327136685908,1.1072122586215893
V33_POLICY_CONDITIONAL,EQUAL_SIZE_COMPARISON_1000000_VEHICLES_AT_THE_MEASURED_NATIONAL_RATIO_2988_STI_UNITS_PER_MILLION_VEHICLES,direct_co2_kg,CAPPED_82_MY2032_3,2060,3,0.6090996948414662,1.2181993896829324,1.1105801564374753
V33_POLICY_CONDITIONAL,EQUAL_SIZE_COMPARISON_1000000_VEHICLES_AT_THE_MEASURED_NATIONAL_RATIO_2988_STI_UNITS_PER_MILLION_VEHICLES,direct_co2_kg,CAPPED_82_MY2032_3,2061,3,0.6348182515763076,1.2696365031526151,1.1129758066884494
V33_POLICY_CONDITIONAL,EQUAL_SIZE_COMPARISON_1000000_VEHICLES_AT_THE_MEASURED_NATIONAL_RATIO_2988_STI_UNITS_PER_MILLION_VEHICLES,direct_co2_kg,CAPPED_82_MY2032_3,2062,3,0.6597148553325102,1.3194297106650203,1.1176739516698457
V33_POLICY_CONDITIONAL,EQUAL_SIZE_COMPARISON_1000000_VEHICLES_AT_THE_MEASURED_NATIONAL_RATIO_2988_STI_UNITS_PER_MILLION_VEHICLES,direct_co2_kg,CAPPED_82_MY2032_3,2063,3,0.6857188450732233,1.3714376901464467,1.1202733730001107
V33_POLICY_CONDITIONAL,EQUAL_SIZE_COMPARISON_1000000_VEHICLES_AT_THE_MEASURED_NATIONAL_RATIO_2988_STI_UNITS_PER_MILLION_VEHICLES,direct_co2_kg,CAPPED_82_MY2032_3,2064,3,0.714093481500265,1.42818696300053,1.1251281399183208
V33_POLICY_CONDITIONAL,EQUAL_SIZE_COMPARISON_1000000_VEHICLES_AT_THE_MEASURED_NATIONAL_RATIO_2988_STI_UNITS_PER_MILLION_VEHICLES,direct_co2_kg,CAPPED_82_MY2032_3,2065,3,0.750810125025081,1.501620250050162,1.1299560270506095
V33_POLICY_CONDITIONAL,EQUAL_SIZE_COMPARISON_1000000_VEHICLES_AT_THE_MEASURED_NATIONAL_RATIO_2988_STI_UNITS_PER_MILLION_VEHICLES,direct_co2_kg,CAPPED_82_MY2032_3,2066,3,0.792469021735194,1.584938043470388,1.134364620888712
V33_POLICY_CONDITIONAL,EQUAL_SIZE_COMPARISON_1000000_VEHICLES_AT_THE_MEASURED_NATIONAL_RATIO_2988_STI_UNITS_PER_MILLION_VEHICLES,direct_co2_kg,CAPPED_82_MY2032_3,2067,3,0.8309870693625782,1.6619741387251563,1.140406103221616
V33_POLICY_CONDITIONAL,EQUAL_SIZE_COMPARISON_1000000_VEHICLES_AT_THE_MEASURED_NATIONAL_RATIO_2988_STI_UNITS_PER_MILLION_VEHICLES,direct_co2_kg,CAPPED_82_MY2032_3,2068,3,0.8792290441897754,1.7584580883795509,1.1469882833396348
V33_POLICY_CONDITIONAL,EQUAL_SIZE_COMPARISON_1000000_VEHICLES_AT_THE_MEASURED_NATIONAL_RATIO_2988_STI_UNITS_PER_MILLION_VEHICLES,direct_co2_kg,CAPPED_82_MY2032_3,2069,3,0.9351717788565566,1.8703435577131131,1.1570830853032976
V33_POLICY_CONDITIONAL,EQUAL_SIZE_COMPARISON_1000000_VEHICLES_AT_THE_MEASURED_NATIONAL_RATIO_2988_STI_UNITS_PER_MILLION_VEHICLES,direct_co2_kg,CAPPED_82_MY2032_3,2070,3,1.0010273334323483,2.0020546668646966,1.1644143615994396
V33_POLICY_CONDITIONAL,EQUAL_SIZE_COMPARISON_1000000_VEHICLES_AT_THE_MEASURED_NATIONAL_RATIO_2988_STI_UNITS_PER_MILLION_VEHICLES,direct_co2_kg,CAPPED_82_MY2032_3,2071,3,1.073269192883855,2.14653838576771,1.175304644120527
V33_POLICY_CONDITIONAL,EQUAL_SIZE_COMPARISON_1000000_VEHICLES_AT_THE_MEASURED_NATIONAL_RATIO_2988_STI_UNITS_PER_MILLION_VEHICLES,direct_co2_kg,CAPPED_82_MY2032_3,2072,3,1.1603808595248137,2.3207617190496275,1.1890884866389146
V33_POLICY_CONDITIONAL,EQUAL_SIZE_COMPARISON_1000000_VEHICLES_AT_THE_MEASURED_NATIONAL_RATIO_2988_STI_UNITS_PER_MILLION_VEHICLES,direct_co2_kg,CAPPED_82_MY2032_3,2073,3,1.2626853398918363,2.5253706797836726,1.2008056642642055
V33_POLICY_CONDITIONAL,EQUAL_SIZE_COMPARISON_1000000_VEHICLES_AT_THE_MEASURED_NATIONAL_RATIO_2988_STI_UNITS_PER_MILLION_VEHICLES,direct_co2_kg,CAPPED_82_MY2032_3,2074,3,1.3859594170656828,2.7719188341313656,1.2197293960699414
V33_POLICY_CONDITIONAL,EQUAL_SIZE_COMPARISON_1000000_VEHICLES_AT_THE_MEASURED_NATIONAL_RATIO_2988_STI_UNITS_PER_MILLION_VEHICLES,direct_co2_kg,CAPPED_82_MY2032_3,2075,3,1.539459285108697,3.078918570217394,1.2421461562102591
V33_POLICY_CONDITIONAL,EQUAL_SIZE_COMPARISON_1000000_VEHICLES_AT_THE_MEASURED_NATIONAL_RATIO_2988_STI_UNITS_PER_MILLION_VEHICLES,direct_co2_kg,ADOPTING_13,2025,13,0.2385750704693936,0.4771501409387872,0.9639773712987869
V33_POLICY_CONDITIONAL,EQUAL_SIZE_COMPARISON_1000000_VEHICLES_AT_THE_MEASURED_NATIONAL_RATIO_2988_STI_UNITS_PER_MILLION_VEHICLES,direct_co2_kg,ADOPTING_13,2026,13,0.23815714705466143,0.47631429410932286,0.9649882951969658
V33_POLICY_CONDITIONAL,EQUAL_SIZE_COMPARISON_1000000_VEHICLES_AT_THE_MEASURED_NATIONAL_RATIO_2988_STI_UNITS_PER_MILLION_VEHICLES,direct_co2_kg,ADOPTING_13,2027,13,0.23547805981118886,0.4709561196223777,0.974663845595691
V33_POLICY_CONDITIONAL,EQUAL_SIZE_COMPARISON_1000000_VEHICLES_AT_THE_MEASURED_NATIONAL_RATIO_2988_STI_UNITS_PER_MILLION_VEHICLES,direct_co2_kg,ADOPTING_13,2028,13,0.2362266264313647,0.4724532528627294,0.9785820430636611
V33_POLICY_CONDITIONAL,EQUAL_SIZE_COMPARISON_1000000_VEHICLES_AT_THE_MEASURED_NATIONAL_RATIO_2988_STI_UNITS_PER_MILLION_VEHICLES,direct_co2_kg,ADOPTING_13,2029,13,0.23729266708909416,0.4745853341781883,0.9810626140348893
V33_POLICY_CONDITIONAL,EQUAL_SIZE_COMPARISON_1000000_VEHICLES_AT_THE_MEASURED_NATIONAL_RATIO_2988_STI_UNITS_PER_MILLION_VEHICLES,direct_co2_kg,ADOPTING_13,2030,13,0.23532474314416968,0.47064948628833936,0.9800106082613196
V33_POLICY_CONDITIONAL,EQUAL_SIZE_COMPARISON_1000000_VEHICLES_AT_THE_MEASURED_NATIONAL_RATIO_2988_STI_UNITS_PER_MILLION_VEHICLES,direct_co2_kg,ADOPTING_13,2031,13,0.23720371823209552,0.47440743646419103,0.9849753213019076
V33_POLICY_CONDITIONAL,EQUAL_SIZE_COMPARISON_1000000_VEHICLES_AT_THE_MEASURED_NATIONAL_RATIO_2988_STI_UNITS_PER_MILLION_VEHICLES,direct_co2_kg,ADOPTING_13,2032,13,0.23964211897097545,0.4792842379419509,0.9862341504356997
V33_POLICY_CONDITIONAL,EQUAL_SIZE_COMPARISON_1000000_VEHICLES_AT_THE_MEASURED_NATIONAL_RATIO_2988_STI_UNITS_PER_MILLION_VEHICLES,direct_co2_kg,ADOPTING_13,2033,13,0.24367443780121886,0.4873488756024377,0.9875501725893152
V33_POLICY_CONDITIONAL,EQUAL_SIZE_COMPARISON_1000000_VEHICLES_AT_THE_MEASURED_NATIONAL_RATIO_2988_STI_UNITS_PER_MILLION_VEHICLES,direct_co2_kg,ADOPTING_13,2034,13,0.24840565804694403,0.49681131609388807,0.987464669749733
V33_POLICY_CONDITIONAL,EQUAL_SIZE_COMPARISON_1000000_VEHICLES_AT_THE_MEASURED_NATIONAL_RATIO_2988_STI_UNITS_PER_MILLION_VEHICLES,direct_co2_kg,ADOPTING_13,2035,13,0.2542177780654436,0.5084355561308872,0.9886002566057078
V33_POLICY_CONDITIONAL,EQUAL_SIZE_COMPARISON_1000000_VEHICLES_AT_THE_MEASURED_NATIONAL_RATIO_2988_STI_UNITS_PER_MILLION_VEHICLES,direct_co2_kg,ADOPTING_13,2036,13,0.26426944025622917,0.5285388805124583,0.9903795463616049
V33_POLICY_CONDITIONAL,EQUAL_SIZE_COMPARISON_1000000_VEHICLES_AT_THE_MEASURED_NATIONAL_RATIO_2988_STI_UNITS_PER_MILLION_VEHICLES,direct_co2_kg,ADOPTING_13,2037,13,0.2789216227276221,0.5578432454552442,0.9906587214183579
V33_POLICY_CONDITIONAL,EQUAL_SIZE_COMPARISON_1000000_VEHICLES_AT_THE_MEASURED_NATIONAL_RATIO_2988_STI_UNITS_PER_MILLION_VEHICLES,direct_co2_kg,ADOPTING_13,2038,13,0.28705450159960905,0.5741090031992181,0.9888952931938253
V33_POLICY_CONDITIONAL,EQUAL_SIZE_COMPARISON_1000000_VEHICLES_AT_THE_MEASURED_NATIONAL_RATIO_2988_STI_UNITS_PER_MILLION_VEHICLES,direct_co2_kg,ADOPTING_13,2039,13,0.2967066825932481,0.5934133651864962,0.990353991893122
V33_POLICY_CONDITIONAL,EQUAL_SIZE_COMPARISON_1000000_VEHICLES_AT_THE_MEASURED_NATIONAL_RATIO_2988_STI_UNITS_PER_MILLION_VEHICLES,direct_co2_kg,ADOPTING_13,2040,13,0.3169396911196169,0.6338793822392338,0.988029771481199
V33_POLICY_CONDITIONAL,EQUAL_SIZE_COMPARISON_1000000_VEHICLES_AT_THE_MEASURED_NATIONAL_RATIO_2988_STI_UNITS_PER_MILLION_VEHICLES,direct_co2_kg,ADOPTING_13,2041,13,0.3351515425153882,0.6703030850307764,0.9979944835110874
V33_POLICY_CONDITIONAL,EQUAL_SIZE_COMPARISON_1000000_VEHICLES_AT_THE_MEASURED_NATIONAL_RATIO_2988_STI_UNITS_PER_MILLION_VEHICLES,direct_co2_kg,ADOPTING_13,2042,13,0.35893151177460164,0.7178630235492033,1.0203759549734563
V33_POLICY_CONDITIONAL,EQUAL_SIZE_COMPARISON_1000000_VEHICLES_AT_THE_MEASURED_NATIONAL_RATIO_2988_STI_UNITS_PER_MILLION_VEHICLES,direct_co2_kg,ADOPTING_13,2043,13,0.3891341713788947,0.7782683427577894,1.0585605847298203
V33_POLICY_CONDITIONAL,EQUAL_SIZE_COMPARISON_1000000_VEHICLES_AT_THE_MEASURED_NATIONAL_RATIO_2988_STI_UNITS_PER_MILLION_VEHICLES,direct_co2_kg,ADOPTING_13,2044,13,0.42140931255229275,0.8428186251045855,1.0921185893511407
V33_POLICY_CONDITIONAL,EQUAL_SIZE_COMPARISON_1000000_VEHICLES_AT_THE_MEASURED_NATIONAL_RATIO_2988_STI_UNITS_PER_MILLION_VEHICLES,direct_co2_kg,ADOPTING_13,2045,13,1.0808590147438895,2.161718029487779,1.1805466571570786
V33_POLICY_CONDITIONAL,EQUAL_SIZE_COMPARISON_1000000_VEHICLES_AT_THE_MEASURED_NATIONAL_RATIO_2988_STI_UNITS_PER_MILLION_VEHICLES,direct_co2_kg,ADOPTING_13,2046,13,1.3810434811179475,2.762086962235895,1.2730447727116474
V33_POLICY_CONDITIONAL,EQUAL_SIZE_COMPARISON_1000000_VEHICLES_AT_THE_MEASURED_NATIONAL_RATIO_2988_STI_UNITS_PER_MILLION_VEHICLES,direct_co2_kg,ADOPTING_13,2047,13,1.7934482461544863,3.5868964923089726,1.414504643435777
V33_POLICY_CONDITIONAL,EQUAL_SIZE_COMPARISON_1000000_VEHICLES_AT_THE_MEASURED_NATIONAL_RATIO_2988_STI_UNITS_PER_MILLION_VEHICLES,direct_co2_kg,ADOPTING_13,2048,13,2.3688282071538103,4.7376564143076205,1.6110726699617317
V33_POLICY_CONDITIONAL,EQUAL_SIZE_COMPARISON_1000000_VEHICLES_AT_THE_MEASURED_NATIONAL_RATIO_2988_STI_UNITS_PER_MILLION_VEHICLES,direct_co2_kg,ADOPTING_13,2049,13,3.1545633726757023,6.309126745351405,1.8415077147747965
V33_POLICY_CONDITIONAL,EQUAL_SIZE_COMPARISON_1000000_VEHICLES_AT_THE_MEASURED_NATIONAL_RATIO_2988_STI_UNITS_PER_MILLION_VEHICLES,direct_co2_kg,ADOPTING_13,2050,13,4.244409302310923,8.488818604621846,2.1353192562902907
V33_POLICY_CONDITIONAL,EQUAL_SIZE_COMPARISON_1000000_VEHICLES_AT_THE_MEASURED_NATIONAL_RATIO_2988_STI_UNITS_PER_MILLION_VEHICLES,direct_co2_kg,ADOPTING_13,2051,13,5.738328618942484,11.476657237884968,2.486641529353767
V33_POLICY_CONDITIONAL,EQUAL_SIZE_COMPARISON_1000000_VEHICLES_AT_THE_MEASURED_NATIONAL_RATIO_2988_STI_UNITS_PER_MILLION_VEHICLES,direct_co2_kg,ADOPTING_13,2052,13,7.785021946726226,15.570043893452452,2.9083300658893685
V33_POLICY_CONDITIONAL,EQUAL_SIZE_COMPARISON_1000000_VEHICLES_AT_THE_MEASURED_NATIONAL_RATIO_2988_STI_UNITS_PER_MILLION_VEHICLES,direct_co2_kg,ADOPTING_13,2053,13,10.534961867298309,21.069923734596617,3.4174184737900926
V33_POLICY_CONDITIONAL,EQUAL_SIZE_COMPARISON_1000000_VEHICLES_AT_THE_MEASURED_NATIONAL_RATIO_2988_STI_UNITS_PER_MILLION_VEHICLES,direct_co2_kg,ADOPTING_13,2054,13,14.279652232919853,28.559304465839706,4.022693033112825
V33_POLICY_CONDITIONAL,EQUAL_SIZE_COMPARISON_1000000_VEHICLES_AT_THE_MEASURED_NATIONAL_RATIO_2988_STI_UNITS_PER_MILLION_VEHICLES,direct_co2_kg,ADOPTING_13,2055,13,19.37970029532593,38.75940059065186,4.761998735433534
V33_POLICY_CONDITIONAL,EQUAL_SIZE_COMPARISON_1000000_VEHICLES_AT_THE_MEASURED_NATIONAL_RATIO_2988_STI_UNITS_PER_MILLION_VEHICLES,direct_co2_kg,ADOPTING_13,2056,13,26.34387625432866,52.68775250865732,5.584263550835735
V33_POLICY_CONDITIONAL,EQUAL_SIZE_COMPARISON_1000000_VEHICLES_AT_THE_MEASURED_NATIONAL_RATIO_2988_STI_UNITS_PER_MILLION_VEHICLES,direct_co2_kg,ADOPTING_13,2057,13,36.0190523612428,72.0381047224856,6.6146101504433545
V33_POLICY_CONDITIONAL,EQUAL_SIZE_COMPARISON_1000000_VEHICLES_AT_THE_MEASURED_NATIONAL_RATIO_2988_STI_UNITS_PER_MILLION_VEHICLES,direct_co2_kg,ADOPTING_13,2058,13,49.32106139089422,98.64212278178844,7.735331603737366
V33_POLICY_CONDITIONAL,EQUAL_SIZE_COMPARISON_1000000_VEHICLES_AT_THE_MEASURED_NATIONAL_RATIO_2988_STI_UNITS_PER_MILLION_VEHICLES,direct_co2_kg,ADOPTING_13,2059,13,67.42037044048624,134.84074088097248,9.111582844748892
V33_POLICY_CONDITIONAL,EQUAL_SIZE_COMPARISON_1000000_VEHICLES_AT_THE_MEASURED_NATIONAL_RATIO_2988_STI_UNITS_PER_MILLION_VEHICLES,direct_co2_kg,ADOPTING_13,2060,13,92.14433335294574,184.28866670589147,10.719854909649746
V33_POLICY_CONDITIONAL,EQUAL_SIZE_COMPARISON_1000000_VEHICLES_AT_THE_MEASURED_NATIONAL_RATIO_2988_STI_UNITS_PER_MILLION_VEHICLES,direct_co2_kg,ADOPTING_13,2061,13,126.23198603154633,252.46397206309265,12.604822422885501
V33_POLICY_CONDITIONAL,EQUAL_SIZE_COMPARISON_1000000_VEHICLES_AT_THE_MEASURED_NATIONAL_RATIO_2988_STI_UNITS_PER_MILLION_VEHICLES,direct_co2_kg,ADOPTING_13,2062,13,172.71683726594762,345.43367453189524,14.758279307181079
V33_POLICY_CONDITIONAL,EQUAL_SIZE_COMPARISON_1000000_VEHICLES_AT_THE_MEASURED_NATIONAL_RATIO_2988_STI_UNITS_PER_MILLION_VEHICLES,direct_co2_kg,ADOPTING_13,2063,13,235.42901160637814,470.8580232127563,17.17863121408885
V33_POLICY_CONDITIONAL,EQUAL_SIZE_COMPARISON_1000000_VEHICLES_AT_THE_MEASURED_NATIONAL_RATIO_2988_STI_UNITS_PER_MILLION_VEHICLES,direct_co2_kg,ADOPTING_13,2064,13,321.2989877087174,642.5979754174348,20.16416647079338
V33_POLICY_CONDITIONAL,EQUAL_SIZE_COMPARISON_1000000_VEHICLES_AT_THE_MEASURED_NATIONAL_RATIO_2988_STI_UNITS_PER_MILLION_VEHICLES,direct_co2_kg,ADOPTING_13,2065,13,437.58637079122525,875.1727415824505,23.676730689044174
V33_POLICY_CONDITIONAL,EQUAL_SIZE_COMPARISON_1000000_VEHICLES_AT_THE_MEASURED_NATIONAL_RATIO_2988_STI_UNITS_PER_MILLION_VEHICLES,direct_co2_kg,ADOPTING_13,2066,13,593.8654115285261,1187.7308230570522,27.712966540211994
V33_POLICY_CONDITIONAL,EQUAL_SIZE_COMPARISON_1000000_VEHICLES_AT_THE_MEASURED_NATIONAL_RATIO_2988_STI_UNITS_PER_MILLION_VEHICLES,direct_co2_kg,ADOPTING_13,2067,13,805.5871363685923,1611.1742727371845,32.44916816566245
V33_POLICY_CONDITIONAL,EQUAL_SIZE_COMPARISON_1000000_VEHICLES_AT_THE_MEASURED_NATIONAL_RATIO_2988_STI_UNITS_PER_MILLION_VEHICLES,direct_co2_kg,ADOPTING_13,2068,13,1092.9064769867089,2185.8129539734177,37.72524331855285
V33_POLICY_CONDITIONAL,EQUAL_SIZE_COMPARISON_1000000_VEHICLES_AT_THE_MEASURED_NATIONAL_RATIO_2988_STI_UNITS_PER_MILLION_VEHICLES,direct_co2_kg,ADOPTING_13,2069,13,1484.343380103446,2968.686760206892,43.93473981307009
V33_POLICY_CONDITIONAL,EQUAL_SIZE_COMPARISON_1000000_VEHICLES_AT_THE_MEASURED_NATIONAL_RATIO_2988_STI_UNITS_PER_MILLION_VEHICLES,direct_co2_kg,ADOPTING_13,2070,13,2013.616164491353,4027.232328982706,51.081591705600175
V33_POLICY_CONDITIONAL,EQUAL_SIZE_COMPARISON_1000000_VEHICLES_AT_THE_MEASURED_NATIONAL_RATIO_2988_STI_UNITS_PER_MILLION_VEHICLES,direct_co2_kg,ADOPTING_13,2071,13,2727.9012965542684,5455.802593108537,59.19166256883674
V33_POLICY_CONDITIONAL,EQUAL_SIZE_COMPARISON_1000000_VEHICLES_AT_THE_MEASURED_NATIONAL_RATIO_2988_STI_UNITS_PER_MILLION_VEHICLES,direct_co2_kg,ADOPTING_13,2072,13,3689.740280968471,7379.480561936942,68.5979628679054
V33_POLICY_CONDITIONAL,EQUAL_SIZE_COMPARISON_1000000_VEHICLES_AT_THE_MEASURED_NATIONAL_RATIO_2988_STI_UNITS_PER_MILLION_VEHICLES,direct_co2_kg,ADOPTING_13,2073,13,4982.4216839026185,9964.843367805237,79.5948844208311
V33_POLICY_CONDITIONAL,EQUAL_SIZE_COMPARISON_1000000_VEHICLES_AT_THE_MEASURED_NATIONAL_RATIO_2988_STI_UNITS_PER_MILLION_VEHICLES,direct_co2_kg,ADOPTING_13,2074,13,6708.18916932106,13416.37833864212,92.34080792065407
V33_POLICY_CONDITIONAL,EQUAL_SIZE_COMPARISON_1000000_VEHICLES_AT_THE_MEASURED_NATIONAL_RATIO_2988_STI_UNITS_PER_MILLION_VEHICLES,direct_co2_kg,ADOPTING_13,2075,13,9011.423493121896,18022.846986243792,107.05243482760207
V33_POLICY_CONDITIONAL,EQUAL_SIZE_COMPARISON_1000000_VEHICLES_AT_THE_MEASURED_NATIONAL_RATIO_2988_STI_UNITS_PER_MILLION_VEHICLES,direct_co2_kg,NO_VEHICLE_RULE_38,2025,38,0.23833375012650862,0.47666750025301724,0.9641421615739802
V33_POLICY_CONDITIONAL,EQUAL_SIZE_COMPARISON_1000000_VEHICLES_AT_THE_MEASURED_NATIONAL_RATIO_2988_STI_UNITS_PER_MILLION_VEHICLES,direct_co2_kg,NO_VEHICLE_RULE_38,2026,38,0.23814910702687925,0.4762982140537585,0.9643120716235224
V33_POLICY_CONDITIONAL,EQUAL_SIZE_COMPARISON_1000000_VEHICLES_AT_THE_MEASURED_NATIONAL_RATIO_2988_STI_UNITS_PER_MILLION_VEHICLES,direct_co2_kg,NO_VEHICLE_RULE_38,2027,38,0.23806340660088537,0.47612681320177075,0.9642264160342181
V33_POLICY_CONDITIONAL,EQUAL_SIZE_COMPARISON_1000000_VEHICLES_AT_THE_MEASURED_NATIONAL_RATIO_2988_STI_UNITS_PER_MILLION_VEHICLES,direct_co2_kg,NO_VEHICLE_RULE_38,2028,38,0.2374609773129177,0.4749219546258354,0.9647565778651749
V33_POLICY_CONDITIONAL,EQUAL_SIZE_COMPARISON_1000000_VEHICLES_AT_THE_MEASURED_NATIONAL_RATIO_2988_STI_UNITS_PER_MILLION_VEHICLES,direct_co2_kg,NO_VEHICLE_RULE_38,2029,38,0.23698577746092392,0.47397155492184784,0.9644658831315952
V33_POLICY_CONDITIONAL,EQUAL_SIZE_COMPARISON_1000000_VEHICLES_AT_THE_MEASURED_NATIONAL_RATIO_2988_STI_UNITS_PER_MILLION_VEHICLES,direct_co2_kg,NO_VEHICLE_RULE_38,2030,38,0.2370809865463046,0.4741619730926092,0.964377558336814
V33_POLICY_CONDITIONAL,EQUAL_SIZE_COMPARISON_1000000_VEHICLES_AT_THE_MEASURED_NATIONAL_RATIO_2988_STI_UNITS_PER_MILLION_VEHICLES,direct_co2_kg,NO_VEHICLE_RULE_38,2031,38,0.23668918064117514,0.4733783612823503,0.9639811684013181
V33_POLICY_CONDITIONAL,EQUAL_SIZE_COMPARISON_1000000_VEHICLES_AT_THE_MEASURED_NATIONAL_RATIO_2988_STI_UNITS_PER_MILLION_VEHICLES,direct_co2_kg,NO_VEHICLE_RULE_38,2032,38,0.23682748509527835,0.4736549701905567,0.9624665148426248
V33_POLICY_CONDITIONAL,EQUAL_SIZE_COMPARISON_1000000_VEHICLES_AT_THE_MEASURED_NATIONAL_RATIO_2988_STI_UNITS_PER_MILLION_VEHICLES,direct_co2_kg,NO_VEHICLE_RULE_38,2033,38,0.23798318945511565,0.4759663789102313,0.9612233813694431
V33_POLICY_CONDITIONAL,EQUAL_SIZE_COMPARISON_1000000_VEHICLES_AT_THE_MEASURED_NATIONAL_RATIO_2988_STI_UNITS_PER_MILLION_VEHICLES,direct_co2_kg,NO_VEHICLE_RULE_38,2034,38,0.23814634132320237,0.47629268264640473,0.9601402595031894
V33_POLICY_CONDITIONAL,EQUAL_SIZE_COMPARISON_1000000_VEHICLES_AT_THE_MEASURED_NATIONAL_RATIO_2988_STI_UNITS_PER_MILLION_VEHICLES,direct_co2_kg,NO_VEHICLE_RULE_38,2035,38,0.23801229588268974,0.4760245917653795,0.9588354162769763
V33_POLICY_CONDITIONAL,EQUAL_SIZE_COMPARISON_1000000_VEHICLES_AT_THE_MEASURED_NATIONAL_RATIO_2988_STI_UNITS_PER_MILLION_VEHICLES,direct_co2_kg,NO_VEHICLE_RULE_38,2036,38,0.23816649382278543,0.47633298764557086,0.9576880628010787
V33_POLICY_CONDITIONAL,EQUAL_SIZE_COMPARISON_1000000_VEHICLES_AT_THE_MEASURED_NATIONAL_RATIO_2988_STI_UNITS_PER_MILLION_VEHICLES,direct_co2_kg,NO_VEHICLE_RULE_38,2037,38,0.2387601325894077,0.4775202651788154,0.9569701114466056
V33_POLICY_CONDITIONAL,EQUAL_SIZE_COMPARISON_1000000_VEHICLES_AT_THE_MEASURED_NATIONAL_RATIO_2988_STI_UNITS_PER_MILLION_VEHICLES,direct_co2_kg,NO_VEHICLE_RULE_38,2038,38,0.23899756386867668,0.47799512773735336,0.9559759782032082
V33_POLICY_CONDITIONAL,EQUAL_SIZE_COMPARISON_1000000_VEHICLES_AT_THE_MEASURED_NATIONAL_RATIO_2988_STI_UNITS_PER_MILLION_VEHICLES,direct_co2_kg,NO_VEHICLE_RULE_38,2039,38,0.23951676704926306,0.4790335340985261,0.9552572230554645
V33_POLICY_CONDITIONAL,EQUAL_SIZE_COMPARISON_1000000_VEHICLES_AT_THE_MEASURED_NATIONAL_RATIO_2988_STI_UNITS_PER_MILLION_VEHICLES,direct_co2_kg,NO_VEHICLE_RULE_38,2040,38,0.24105169336649002,0.48210338673298003,0.9552381302611295
V33_POLICY_CONDITIONAL,EQUAL_SIZE_COMPARISON_1000000_VEHICLES_AT_THE_MEASURED_NATIONAL_RATIO_2988_STI_UNITS_PER_MILLION_VEHICLES,direct_co2_kg,NO_VEHICLE_RULE_38,2041,38,0.2421386574447667,0.4842773148895334,0.9566581021155602
V33_POLICY_CONDITIONAL,EQUAL_SIZE_COMPARISON_1000000_VEHICLES_AT_THE_MEASURED_NATIONAL_RATIO_2988_STI_UNITS_PER_MILLION_VEHICLES,direct_co2_kg,NO_VEHICLE_RULE_38,2042,38,0.24229751299414687,0.48459502598829374,0.9577875849134505
V33_POLICY_CONDITIONAL,EQUAL_SIZE_COMPARISON_1000000_VEHICLES_AT_THE_MEASURED_NATIONAL_RATIO_2988_STI_UNITS_PER_MILLION_VEHICLES,direct_co2_kg,NO_VEHICLE_RULE_38,2043,38,0.24228468366441389,0.48456936732882777,0.9600135984800047
V33_POLICY_CONDITIONAL,EQUAL_SIZE_COMPARISON_1000000_VEHICLES_AT_THE_MEASURED_NATIONAL_RATIO_2988_STI_UNITS_PER_MILLION_VEHICLES,direct_co2_kg,NO_VEHICLE_RULE_38,2044,38,0.24264130966133046,0.4852826193226609,0.9628000438218811
V33_POLICY_CONDITIONAL,EQUAL_SIZE_COMPARISON_1000000_VEHICLES_AT_THE_MEASURED_NATIONAL_RATIO_2988_STI_UNITS_PER_MILLION_VEHICLES,direct_co2_kg,NO_VEHICLE_RULE_38,2045,38,0.24342233099324742,0.48684466198649484,0.964977810201151
V33_POLICY_CONDITIONAL,EQUAL_SIZE_COMPARISON_1000000_VEHICLES_AT_THE_MEASURED_NATIONAL_RATIO_2988_STI_UNITS_PER_MILLION_VEHICLES,direct_co2_kg,NO_VEHICLE_RULE_38,2046,38,0.24360280500328385,0.4872056100065677,0.9663018717912839
V33_POLICY_CONDITIONAL,EQUAL_SIZE_COMPARISON_1000000_VEHICLES_AT_THE_MEASURED_NATIONAL_RATIO_2988_STI_UNITS_PER_MILLION_VEHICLES,direct_co2_kg,NO_VEHICLE_RULE_38,2047,38,0.2436217414680849,0.4872434829361698,0.9675370312780325
V33_POLICY_CONDITIONAL,EQUAL_SIZE_COMPARISON_1000000_VEHICLES_AT_THE_MEASURED_NATIONAL_RATIO_2988_STI_UNITS_PER_MILLION_VEHICLES,direct_co2_kg,NO_VEHICLE_RULE_38,2048,38,0.2440551783085705,0.488110356617141,0.9687694751884366
V33_POLICY_CONDITIONAL,EQUAL_SIZE_COMPARISON_1000000_VEHICLES_AT_THE_MEASURED_NATIONAL_RATIO_2988_STI_UNITS_PER_MILLION_VEHICLES,direct_co2_kg,NO_VEHICLE_RULE_38,2049,38,0.24363073819764147,0.48726147639528294,0.9695453056892577
V33_POLICY_CONDITIONAL,EQUAL_SIZE_COMPARISON_1000000_VEHICLES_AT_THE_MEASURED_NATIONAL_RATIO_2988_STI_UNITS_PER_MILLION_VEHICLES,direct_co2_kg,NO_VEHICLE_RULE_38,2050,38,0.24262091691172946,0.4852418338234589,0.9693752346704577
V33_POLICY_CONDITIONAL,EQUAL_SIZE_COMPARISON_1000000_VEHICLES_AT_THE_MEASURED_NATIONAL_RATIO_2988_STI_UNITS_PER_MILLION_VEHICLES,direct_co2_kg,NO_VEHICLE_RULE_38,2051,38,0.24320122436253336,0.4864024487250667,0.969558337698885
V33_POLICY_CONDITIONAL,EQUAL_SIZE_COMPARISON_1000000_VEHICLES_AT_THE_MEASURED_NATIONAL_RATIO_2988_STI_UNITS_PER_MILLION_VEHICLES,direct_co2_kg,NO_VEHICLE_RULE_38,2052,38,0.24257314026888205,0.4851462805377641,0.9698585397502537
V33_POLICY_CONDITIONAL,EQUAL_SIZE_COMPARISON_1000000_VEHICLES_AT_THE_MEASURED_NATIONAL_RATIO_2988_STI_UNITS_PER_MILLION_VEHICLES,direct_co2_kg,NO_VEHICLE_RULE_38,2053,38,0.243052299561976,0.486104599123952,0.9695946601719435
V33_POLICY_CONDITIONAL,EQUAL_SIZE_COMPARISON_1000000_VEHICLES_AT_THE_MEASURED_NATIONAL_RATIO_2988_STI_UNITS_PER_MILLION_VEHICLES,direct_co2_kg,NO_VEHICLE_RULE_38,2054,38,0.2426773725352099,0.4853547450704198,0.9693143411332013
V33_POLICY_CONDITIONAL,EQUAL_SIZE_COMPARISON_1000000_VEHICLES_AT_THE_MEASURED_NATIONAL_RATIO_2988_STI_UNITS_PER_MILLION_VEHICLES,direct_co2_kg,NO_VEHICLE_RULE_38,2055,38,0.24268357335438162,0.48536714670876324,0.9692345124675643
V33_POLICY_CONDITIONAL,EQUAL_SIZE_COMPARISON_1000000_VEHICLES_AT_THE_MEASURED_NATIONAL_RATIO_2988_STI_UNITS_PER_MILLION_VEHICLES,direct_co2_kg,NO_VEHICLE_RULE_38,2056,38,0.2416972263686113,0.4833944527372226,0.9686972503900939
V33_POLICY_CONDITIONAL,EQUAL_SIZE_COMPARISON_1000000_VEHICLES_AT_THE_MEASURED_NATIONAL_RATIO_2988_STI_UNITS_PER_MILLION_VEHICLES,direct_co2_kg,NO_VEHICLE_RULE_38,2057,38,0.24096405374136246,0.4819281074827249,0.9685260012636432
V33_POLICY_CONDITIONAL,EQUAL_SIZE_COMPARISON_1000000_VEHICLES_AT_THE_MEASURED_NATIONAL_RATIO_2988_STI_UNITS_PER_MILLION_VEHICLES,direct_co2_kg,NO_VEHICLE_RULE_38,2058,38,0.241438569623793,0.482877139247586,0.9684007029213962
V33_POLICY_CONDITIONAL,EQUAL_SIZE_COMPARISON_1000000_VEHICLES_AT_THE_MEASURED_NATIONAL_RATIO_2988_STI_UNITS_PER_MILLION_VEHICLES,direct_co2_kg,NO_VEHICLE_RULE_38,2059,38,0.2419268468126521,0.4838536936253042,0.968440363642195
V33_POLICY_CONDITIONAL,EQUAL_SIZE_COMPARISON_1000000_VEHICLES_AT_THE_MEASURED_NATIONAL_RATIO_2988_STI_UNITS_PER_MILLION_VEHICLES,direct_co2_kg,NO_VEHICLE_RULE_38,2060,38,0.2419788042368276,0.4839576084736552,0.9681513412863689
V33_POLICY_CONDITIONAL,EQUAL_SIZE_COMPARISON_1000000_VEHICLES_AT_THE_MEASURED_NATIONAL_RATIO_2988_STI_UNITS_PER_MILLION_VEHICLES,direct_co2_kg,NO_VEHICLE_RULE_38,2061,38,0.24151048522972776,0.4830209704594555,0.968040446471721
V33_POLICY_CONDITIONAL,EQUAL_SIZE_COMPARISON_1000000_VEHICLES_AT_THE_MEASURED_NATIONAL_RATIO_2988_STI_UNITS_PER_MILLION_VEHICLES,direct_co2_kg,NO_VEHICLE_RULE_38,2062,38,0.24139678359500447,0.48279356719000893,0.9678983300294635
V33_POLICY_CONDITIONAL,EQUAL_SIZE_COMPARISON_1000000_VEHICLES_AT_THE_MEASURED_NATIONAL_RATIO_2988_STI_UNITS_PER_MILLION_VEHICLES,direct_co2_kg,NO_VEHICLE_RULE_38,2063,38,0.24138469111302324,0.4827693822260465,0.9678902260500344
V33_POLICY_CONDITIONAL,EQUAL_SIZE_COMPARISON_1000000_VEHICLES_AT_THE_MEASURED_NATIONAL_RATIO_2988_STI_UNITS_PER_MILLION_VEHICLES,direct_co2_kg,NO_VEHICLE_RULE_38,2064,38,0.24048429171630648,0.48096858343261295,0.9679480648061138
V33_POLICY_CONDITIONAL,EQUAL_SIZE_COMPARISON_1000000_VEHICLES_AT_THE_MEASURED_NATIONAL_RATIO_2988_STI_UNITS_PER_MILLION_VEHICLES,direct_co2_kg,NO_VEHICLE_RULE_38,2065,38,0.23976112775159392,0.47952225550318783,0.9678426558632962
V33_POLICY_CONDITIONAL,EQUAL_SIZE_COMPARISON_1000000_VEHICLES_AT_THE_MEASURED_NATIONAL_RATIO_2988_STI_UNITS_PER_MILLION_VEHICLES,direct_co2_kg,NO_VEHICLE_RULE_38,2066,38,0.23899793155419202,0.47799586310838404,0.9679153437218343
V33_POLICY_CONDITIONAL,EQUAL_SIZE_COMPARISON_1000000_VEHICLES_AT_THE_MEASURED_NATIONAL_RATIO_2988_STI_UNITS_PER_MILLION_VEHICLES,direct_co2_kg,NO_VEHICLE_RULE_38,2067,38,0.23902899424503313,0.47805798849006625,0.9683214911003785
V33_POLICY_CONDITIONAL,EQUAL_SIZE_COMPARISON_1000000_VEHICLES_AT_THE_MEASURED_NATIONAL_RATIO_2988_STI_UNITS_PER_MILLION_VEHICLES,direct_co2_kg,NO_VEHICLE_RULE_38,2068,38,0.23976139147206446,0.4795227829441289,0.968143730956103
V33_POLICY_CONDITIONAL,EQUAL_SIZE_COMPARISON_1000000_VEHICLES_AT_THE_MEASURED_NATIONAL_RATIO_2988_STI_UNITS_PER_MILLION_VEHICLES,direct_co2_kg,NO_VEHICLE_RULE_38,2069,38,0.23993782145451895,0.4798756429090379,0.9684129604407536
V33_POLICY_CONDITIONAL,EQUAL_SIZE_COMPARISON_1000000_VEHICLES_AT_THE_MEASURED_NATIONAL_RATIO_2988_STI_UNITS_PER_MILLION_VEHICLES,direct_co2_kg,NO_VEHICLE_RULE_38,2070,38,0.23888607858825028,0.47777215717650057,0.9684424246698145
V33_POLICY_CONDITIONAL,EQUAL_SIZE_COMPARISON_1000000_VEHICLES_AT_THE_MEASURED_NATIONAL_RATIO_2988_STI_UNITS_PER_MILLION_VEHICLES,direct_co2_kg,NO_VEHICLE_RULE_38,2071,38,0.2380988222999602,0.4761976445999204,0.9684253020447724
V33_POLICY_CONDITIONAL,EQUAL_SIZE_COMPARISON_1000000_VEHICLES_AT_THE_MEASURED_NATIONAL_RATIO_2988_STI_UNITS_PER_MILLION_VEHICLES,direct_co2_kg,NO_VEHICLE_RULE_38,2072,38,0.23802091940667772,0.47604183881335543,0.9687379256490178
V33_POLICY_CONDITIONAL,EQUAL_SIZE_COMPARISON_1000000_VEHICLES_AT_THE_MEASURED_NATIONAL_RATIO_2988_STI_UNITS_PER_MILLION_VEHICLES,direct_co2_kg,NO_VEHICLE_RULE_38,2073,38,0.2384042021125644,0.4768084042251288,0.9685386375694411
V33_POLICY_CONDITIONAL,EQUAL_SIZE_COMPARISON_1000000_VEHICLES_AT_THE_MEASURED_NATIONAL_RATIO_2988_STI_UNITS_PER_MILLION_VEHICLES,direct_co2_kg,NO_VEHICLE_RULE_38,2074,38,0.2386739269690641,0.4773478539381282,0.9685255904082778
V33_POLICY_CONDITIONAL,EQUAL_SIZE_COMPARISON_1000000_VEHICLES_AT_THE_MEASURED_NATIONAL_RATIO_2988_STI_UNITS_PER_MILLION_VEHICLES,direct_co2_kg,NO_VEHICLE_RULE_38,2075,38,0.2384727408961001,0.4769454817922002,0.9687499572774168
V33_POLICY_CONDITIONAL,EQUAL_SIZE_COMPARISON_1000000_VEHICLES_AT_THE_MEASURED_NATIONAL_RATIO_2988_STI_UNITS_PER_MILLION_VEHICLES,direct_co2_kg,ALL_51,2025,51,0.2385024006150366,0.4770048012300732,0.9640959717196942
V33_POLICY_CONDITIONAL,EQUAL_SIZE_COMPARISON_1000000_VEHICLES_AT_THE_MEASURED_NATIONAL_RATIO_2988_STI_UNITS_PER_MILLION_VEHICLES,direct_co2_kg,ALL_51,2026,51,0.23815714705466143,0.47631429410932286,0.964351082207251
V33_POLICY_CONDITIONAL,EQUAL_SIZE_COMPARISON_1000000_VEHICLES_AT_THE_MEASURED_NATIONAL_RATIO_2988_STI_UNITS_PER_MILLION_VEHICLES,direct_co2_kg,ALL_51,2027,51,0.23785177994540885,0.4757035598908177,0.9646018777045885
V33_POLICY_CONDITIONAL,EQUAL_SIZE_COMPARISON_1000000_VEHICLES_AT_THE_MEASURED_NATIONAL_RATIO_2988_STI_UNITS_PER_MILLION_VEHICLES,direct_co2_kg,ALL_51,2028,51,0.2373544507213098,0.4747089014426196,0.9653266699529752
V33_POLICY_CONDITIONAL,EQUAL_SIZE_COMPARISON_1000000_VEHICLES_AT_THE_MEASURED_NATIONAL_RATIO_2988_STI_UNITS_PER_MILLION_VEHICLES,direct_co2_kg,ALL_51,2029,51,0.2370046725478496,0.4740093450956992,0.9648665136228218
V33_POLICY_CONDITIONAL,EQUAL_SIZE_COMPARISON_1000000_VEHICLES_AT_THE_MEASURED_NATIONAL_RATIO_2988_STI_UNITS_PER_MILLION_VEHICLES,direct_co2_kg,ALL_51,2030,51,0.23705711401175839,0.47411422802351677,0.9647800451386257
V33_POLICY_CONDITIONAL,EQUAL_SIZE_COMPARISON_1000000_VEHICLES_AT_THE_MEASURED_NATIONAL_RATIO_2988_STI_UNITS_PER_MILLION_VEHICLES,direct_co2_kg,ALL_51,2031,51,0.23680439211794943,0.47360878423589886,0.9643121765913738
V33_POLICY_CONDITIONAL,EQUAL_SIZE_COMPARISON_1000000_VEHICLES_AT_THE_MEASURED_NATIONAL_RATIO_2988_STI_UNITS_PER_MILLION_VEHICLES,direct_co2_kg,ALL_51,2032,51,0.2369525709074367,0.4739051418148734,0.9627037939646079
V33_POLICY_CONDITIONAL,EQUAL_SIZE_COMPARISON_1000000_VEHICLES_AT_THE_MEASURED_NATIONAL_RATIO_2988_STI_UNITS_PER_MILLION_VEHICLES,direct_co2_kg,ALL_51,2033,51,0.2382878617470871,0.4765757234941742,0.9619810385778212
V33_POLICY_CONDITIONAL,EQUAL_SIZE_COMPARISON_1000000_VEHICLES_AT_THE_MEASURED_NATIONAL_RATIO_2988_STI_UNITS_PER_MILLION_VEHICLES,direct_co2_kg,ALL_51,2034,51,0.23870798937355558,0.47741597874711117,0.9610793752372156
V33_POLICY_CONDITIONAL,EQUAL_SIZE_COMPARISON_1000000_VEHICLES_AT_THE_MEASURED_NATIONAL_RATIO_2988_STI_UNITS_PER_MILLION_VEHICLES,direct_co2_kg,ALL_51,2035,51,0.23854897627881913,0.47709795255763826,0.9602847324669186
V33_POLICY_CONDITIONAL,EQUAL_SIZE_COMPARISON_1000000_VEHICLES_AT_THE_MEASURED_NATIONAL_RATIO_2988_STI_UNITS_PER_MILLION_VEHICLES,direct_co2_kg,ALL_51,2036,51,0.2387234345412662,0.4774468690825324,0.9590715413392894
V33_POLICY_CONDITIONAL,EQUAL_SIZE_COMPARISON_1000000_VEHICLES_AT_THE_MEASURED_NATIONAL_RATIO_2988_STI_UNITS_PER_MILLION_VEHICLES,direct_co2_kg,ALL_51,2037,51,0.23930357019802848,0.47860714039605695,0.9581303962448336
V33_POLICY_CONDITIONAL,EQUAL_SIZE_COMPARISON_1000000_VEHICLES_AT_THE_MEASURED_NATIONAL_RATIO_2988_STI_UNITS_PER_MILLION_VEHICLES,direct_co2_kg,ALL_51,2038,51,0.24008061038398348,0.48016122076796697,0.9575474971447495
V33_POLICY_CONDITIONAL,EQUAL_SIZE_COMPARISON_1000000_VEHICLES_AT_THE_MEASURED_NATIONAL_RATIO_2988_STI_UNITS_PER_MILLION_VEHICLES,direct_co2_kg,ALL_51,2039,51,0.2402491590857681,0.4804983181715362,0.9567541038390733
V33_POLICY_CONDITIONAL,EQUAL_SIZE_COMPARISON_1000000_VEHICLES_AT_THE_MEASURED_NATIONAL_RATIO_2988_STI_UNITS_PER_MILLION_VEHICLES,direct_co2_kg,ALL_51,2040,51,0.24143677486008625,0.4828735497201725,0.9572832565025005
V33_POLICY_CONDITIONAL,EQUAL_SIZE_COMPARISON_1000000_VEHICLES_AT_THE_MEASURED_NATIONAL_RATIO_2988_STI_UNITS_PER_MILLION_VEHICLES,direct_co2_kg,ALL_51,2041,51,0.24327053072694518,0.48654106145389037,0.9579695682336157
V33_POLICY_CONDITIONAL,EQUAL_SIZE_COMPARISON_1000000_VEHICLES_AT_THE_MEASURED_NATIONAL_RATIO_2988_STI_UNITS_PER_MILLION_VEHICLES,direct_co2_kg,ALL_51,2042,51,0.24386788884569596,0.4877357776913919,0.959906535816269
V33_POLICY_CONDITIONAL,EQUAL_SIZE_COMPARISON_1000000_VEHICLES_AT_THE_MEASURED_NATIONAL_RATIO_2988_STI_UNITS_PER_MILLION_VEHICLES,direct_co2_kg,ALL_51,2043,51,0.24379150511484882,0.48758301022969763,0.9619395835771648
V33_POLICY_CONDITIONAL,EQUAL_SIZE_COMPARISON_1000000_VEHICLES_AT_THE_MEASURED_NATIONAL_RATIO_2988_STI_UNITS_PER_MILLION_VEHICLES,direct_co2_kg,ALL_51,2044,51,0.24355313413862795,0.4871062682772559,0.9643810148430787
V33_POLICY_CONDITIONAL,EQUAL_SIZE_COMPARISON_1000000_VEHICLES_AT_THE_MEASURED_NATIONAL_RATIO_2988_STI_UNITS_PER_MILLION_VEHICLES,direct_co2_kg,ALL_51,2045,51,0.24425700843517642,0.48851401687035284,0.9667379726668985
V33_POLICY_CONDITIONAL,EQUAL_SIZE_COMPARISON_1000000_VEHICLES_AT_THE_MEASURED_NATIONAL_RATIO_2988_STI_UNITS_PER_MILLION_VEHICLES,direct_co2_kg,ALL_51,2046,51,0.2445720352473166,0.4891440704946332,0.9690385631772483
V33_POLICY_CONDITIONAL,EQUAL_SIZE_COMPARISON_1000000_VEHICLES_AT_THE_MEASURED_NATIONAL_RATIO_2988_STI_UNITS_PER_MILLION_VEHICLES,direct_co2_kg,ALL_51,2047,51,0.24451946314203016,0.4890389262840603,0.9706050449915217
V33_POLICY_CONDITIONAL,EQUAL_SIZE_COMPARISON_1000000_VEHICLES_AT_THE_MEASURED_NATIONAL_RATIO_2988_STI_UNITS_PER_MILLION_VEHICLES,direct_co2_kg,ALL_51,2048,51,0.2452082762549857,0.4904165525099714,0.9715925680850607
V33_POLICY_CONDITIONAL,EQUAL_SIZE_COMPARISON_1000000_VEHICLES_AT_THE_MEASURED_NATIONAL_RATIO_2988_STI_UNITS_PER_MILLION_VEHICLES,direct_co2_kg,ALL_51,2049,51,0.24536041655390442,0.49072083310780884,0.9721801032408162
V33_POLICY_CONDITIONAL,EQUAL_SIZE_COMPARISON_1000000_VEHICLES_AT_THE_MEASURED_NATIONAL_RATIO_2988_STI_UNITS_PER_MILLION_VEHICLES,direct_co2_kg,ALL_51,2050,51,0.24509923185623647,0.49019846371247294,0.9725545775727089
V33_POLICY_CONDITIONAL,EQUAL_SIZE_COMPARISON_1000000_VEHICLES_AT_THE_MEASURED_NATIONAL_RATIO_2988_STI_UNITS_PER_MILLION_VEHICLES,direct_co2_kg,ALL_51,2051,51,0.2448521363710404,0.4897042727420808,0.9729496099610901
V33_POLICY_CONDITIONAL,EQUAL_SIZE_COMPARISON_1000000_VEHICLES_AT_THE_MEASURED_NATIONAL_RATIO_2988_STI_UNITS_PER_MILLION_VEHICLES,direct_co2_kg,ALL_51,2052,51,0.24455255264439005,0.4891051052887801,0.9728898367053557
V33_POLICY_CONDITIONAL,EQUAL_SIZE_COMPARISON_1000000_VEHICLES_AT_THE_MEASURED_NATIONAL_RATIO_2988_STI_UNITS_PER_MILLION_VEHICLES,direct_co2_kg,ALL_51,2053,51,0.2446071278099811,0.4892142556199622,0.9733494378200616
V33_POLICY_CONDITIONAL,EQUAL_SIZE_COMPARISON_1000000_VEHICLES_AT_THE_MEASURED_NATIONAL_RATIO_2988_STI_UNITS_PER_MILLION_VEHICLES,direct_co2_kg,ALL_51,2054,51,0.24383866934753143,0.48767733869506286,0.9737790276618483
V33_POLICY_CONDITIONAL,EQUAL_SIZE_COMPARISON_1000000_VEHICLES_AT_THE_MEASURED_NATIONAL_RATIO_2988_STI_UNITS_PER_MILLION_VEHICLES,direct_co2_kg,ALL_51,2055,51,0.24389373887557592,0.48778747775115183,0.9735490587495941
V33_POLICY_CONDITIONAL,EQUAL_SIZE_COMPARISON_1000000_VEHICLES_AT_THE_MEASURED_NATIONAL_RATIO_2988_STI_UNITS_PER_MILLION_VEHICLES,direct_co2_kg,ALL_51,2056,51,0.24402468081197914,0.4880493616239583,0.9733977658402059
V33_POLICY_CONDITIONAL,EQUAL_SIZE_COMPARISON_1000000_VEHICLES_AT_THE_MEASURED_NATIONAL_RATIO_2988_STI_UNITS_PER_MILLION_VEHICLES,direct_co2_kg,ALL_51,2057,51,0.24386447702813202,0.48772895405626404,0.973036097202277
V33_POLICY_CONDITIONAL,EQUAL_SIZE_COMPARISON_1000000_VEHICLES_AT_THE_MEASURED_NATIONAL_RATIO_2988_STI_UNITS_PER_MILLION_VEHICLES,direct_co2_kg,ALL_51,2058,51,0.2438277171531466,0.4876554343062932,0.9727548031098411
V33_POLICY_CONDITIONAL,EQUAL_SIZE_COMPARISON_1000000_VEHICLES_AT_THE_MEASURED_NATIONAL_RATIO_2988_STI_UNITS_PER_MILLION_VEHICLES,direct_co2_kg,ALL_51,2059,51,0.2438320926130372,0.4876641852260744,0.9725389281300012
V33_POLICY_CONDITIONAL,EQUAL_SIZE_COMPARISON_1000000_VEHICLES_AT_THE_MEASURED_NATIONAL_RATIO_2988_STI_UNITS_PER_MILLION_VEHICLES,direct_co2_kg,ALL_51,2060,51,0.24373113874638494,0.4874622774927699,0.9721446656731402
V33_POLICY_CONDITIONAL,EQUAL_SIZE_COMPARISON_1000000_VEHICLES_AT_THE_MEASURED_NATIONAL_RATIO_2988_STI_UNITS_PER_MILLION_VEHICLES,direct_co2_kg,ALL_51,2061,51,0.24341025601789168,0.48682051203578336,0.9721639958562952
V33_POLICY_CONDITIONAL,EQUAL_SIZE_COMPARISON_1000000_VEHICLES_AT_THE_MEASURED_NATIONAL_RATIO_2988_STI_UNITS_PER_MILLION_VEHICLES,direct_co2_kg,ALL_51,2062,51,0.24299781986208407,0.48599563972416815,0.9720546239566754
V33_POLICY_CONDITIONAL,EQUAL_SIZE_COMPARISON_1000000_VEHICLES_AT_THE_MEASURED_NATIONAL_RATIO_2988_STI_UNITS_PER_MILLION_VEHICLES,direct_co2_kg,ALL_51,2063,51,0.24248174229548106,0.4849634845909621,0.9717950269578708
V33_POLICY_CONDITIONAL,EQUAL_SIZE_COMPARISON_1000000_VEHICLES_AT_THE_MEASURED_NATIONAL_RATIO_2988_STI_UNITS_PER_MILLION_VEHICLES,direct_co2_kg,ALL_51,2064,51,0.24223039738488905,0.4844607947697781,0.9715758306678617
V33_POLICY_CONDITIONAL,EQUAL_SIZE_COMPARISON_1000000_VEHICLES_AT_THE_MEASURED_NATIONAL_RATIO_2988_STI_UNITS_PER_MILLION_VEHICLES,direct_co2_kg,ALL_51,2065,51,0.24261471756217048,0.48522943512434097,0.9715761945715597
V33_POLICY_CONDITIONAL,EQUAL_SIZE_COMPARISON_1000000_VEHICLES_AT_THE_MEASURED_NATIONAL_RATIO_2988_STI_UNITS_PER_MILLION_VEHICLES,direct_co2_kg,ALL_51,2066,51,0.2424285787826545,0.484857157565309,0.9715033782857221
V33_POLICY_CONDITIONAL,EQUAL_SIZE_COMPARISON_1000000_VEHICLES_AT_THE_MEASURED_NATIONAL_RATIO_2988_STI_UNITS_PER_MILLION_VEHICLES,direct_co2_kg,ALL_51,2067,51,0.24316240509428957,0.48632481018857915,0.9715040397041289
V33_POLICY_CONDITIONAL,EQUAL_SIZE_COMPARISON_1000000_VEHICLES_AT_THE_MEASURED_NATIONAL_RATIO_2988_STI_UNITS_PER_MILLION_VEHICLES,direct_co2_kg,ALL_51,2068,51,0.24352466652328703,0.48704933304657405,0.9718481389089305
V33_POLICY_CONDITIONAL,EQUAL_SIZE_COMPARISON_1000000_VEHICLES_AT_THE_MEASURED_NATIONAL_RATIO_2988_STI_UNITS_PER_MILLION_VEHICLES,direct_co2_kg,ALL_51,2069,51,0.24282959812745977,0.48565919625491955,0.9718219071246365
V33_POLICY_CONDITIONAL,EQUAL_SIZE_COMPARISON_1000000_VEHICLES_AT_THE_MEASURED_NATIONAL_RATIO_2988_STI_UNITS_PER_MILLION_VEHICLES,direct_co2_kg,ALL_51,2070,51,0.24283793694567082,0.48567587389134165,0.9715630225210459
V33_POLICY_CONDITIONAL,EQUAL_SIZE_COMPARISON_1000000_VEHICLES_AT_THE_MEASURED_NATIONAL_RATIO_2988_STI_UNITS_PER_MILLION_VEHICLES,direct_co2_kg,ALL_51,2071,51,0.2427665935840628,0.4855331871681256,0.9720856267222693
V33_POLICY_CONDITIONAL,EQUAL_SIZE_COMPARISON_1000000_VEHICLES_AT_THE_MEASURED_NATIONAL_RATIO_2988_STI_UNITS_PER_MILLION_VEHICLES,direct_co2_kg,ALL_51,2072,51,0.24326340904034313,0.48652681808068626,0.9719002999518214
V33_POLICY_CONDITIONAL,EQUAL_SIZE_COMPARISON_1000000_VEHICLES_AT_THE_MEASURED_NATIONAL_RATIO_2988_STI_UNITS_PER_MILLION_VEHICLES,direct_co2_kg,ALL_51,2073,51,0.24328433271927197,0.48656866543854393,0.9716440903714749
V33_POLICY_CONDITIONAL,EQUAL_SIZE_COMPARISON_1000000_VEHICLES_AT_THE_MEASURED_NATIONAL_RATIO_2988_STI_UNITS_PER_MILLION_VEHICLES,direct_co2_kg,ALL_51,2074,51,0.24371791329013937,0.48743582658027873,0.972003431357431
V33_POLICY_CONDITIONAL,EQUAL_SIZE_COMPARISON_1000000_VEHICLES_AT_THE_MEASURED_NATIONAL_RATIO_2988_STI_UNITS_PER_MILLION_VEHICLES,direct_co2_kg,ALL_51,2075,51,0.24312099941570062,0.48624199883140123,0.9715811349158281
V33_POLICY_CONDITIONAL,EQUAL_SIZE_COMPARISON_1000000_VEHICLES_AT_THE_MEASURED_NATIONAL_RATIO_2988_STI_UNITS_PER_MILLION_VEHICLES,grid_intensity_kg_per_kwh,FULL_SCHEDULE_10,2025,10,0.09975728889485731,0.19951457778971463,0.9996723132273598
V33_POLICY_CONDITIONAL,EQUAL_SIZE_COMPARISON_1000000_VEHICLES_AT_THE_MEASURED_NATIONAL_RATIO_2988_STI_UNITS_PER_MILLION_VEHICLES,grid_intensity_kg_per_kwh,FULL_SCHEDULE_10,2026,10,0.10367701708351351,0.20735403416702702,1.0001158733354725
V33_POLICY_CONDITIONAL,EQUAL_SIZE_COMPARISON_1000000_VEHICLES_AT_THE_MEASURED_NATIONAL_RATIO_2988_STI_UNITS_PER_MILLION_VEHICLES,grid_intensity_kg_per_kwh,FULL_SCHEDULE_10,2027,10,0.11982949792252351,0.23965899584504702,0.9971050422422763
V33_POLICY_CONDITIONAL,EQUAL_SIZE_COMPARISON_1000000_VEHICLES_AT_THE_MEASURED_NATIONAL_RATIO_2988_STI_UNITS_PER_MILLION_VEHICLES,grid_intensity_kg_per_kwh,FULL_SCHEDULE_10,2028,10,0.14521965739850395,0.2904393147970079,0.9944679663597483
V33_POLICY_CONDITIONAL,EQUAL_SIZE_COMPARISON_1000000_VEHICLES_AT_THE_MEASURED_NATIONAL_RATIO_2988_STI_UNITS_PER_MILLION_VEHICLES,grid_intensity_kg_per_kwh,FULL_SCHEDULE_10,2029,10,0.18322409606497875,0.3664481921299575,0.9890433284063207
V33_POLICY_CONDITIONAL,EQUAL_SIZE_COMPARISON_1000000_VEHICLES_AT_THE_MEASURED_NATIONAL_RATIO_2988_STI_UNITS_PER_MILLION_VEHICLES,grid_intensity_kg_per_kwh,FULL_SCHEDULE_10,2030,10,0.1713558178730526,0.3427116357461052,0.9880275305576931
V33_POLICY_CONDITIONAL,EQUAL_SIZE_COMPARISON_1000000_VEHICLES_AT_THE_MEASURED_NATIONAL_RATIO_2988_STI_UNITS_PER_MILLION_VEHICLES,grid_intensity_kg_per_kwh,FULL_SCHEDULE_10,2031,10,0.1801533400448756,0.3603066800897512,0.9930293625046902
V33_POLICY_CONDITIONAL,EQUAL_SIZE_COMPARISON_1000000_VEHICLES_AT_THE_MEASURED_NATIONAL_RATIO_2988_STI_UNITS_PER_MILLION_VEHICLES,grid_intensity_kg_per_kwh,FULL_SCHEDULE_10,2032,9,0.18729476875986154,0.37458953751972307,0.9917520919888225
V33_POLICY_CONDITIONAL,EQUAL_SIZE_COMPARISON_1000000_VEHICLES_AT_THE_MEASURED_NATIONAL_RATIO_2988_STI_UNITS_PER_MILLION_VEHICLES,grid_intensity_kg_per_kwh,FULL_SCHEDULE_10,2033,8,0.18840162984145906,0.3768032596829181,0.985364811207126
V33_POLICY_CONDITIONAL,EQUAL_SIZE_COMPARISON_1000000_VEHICLES_AT_THE_MEASURED_NATIONAL_RATIO_2988_STI_UNITS_PER_MILLION_VEHICLES,grid_intensity_kg_per_kwh,FULL_SCHEDULE_10,2034,8,0.18876787113310417,0.37753574226620834,0.9880865399935483
V33_POLICY_CONDITIONAL,EQUAL_SIZE_COMPARISON_1000000_VEHICLES_AT_THE_MEASURED_NATIONAL_RATIO_2988_STI_UNITS_PER_MILLION_VEHICLES,grid_intensity_kg_per_kwh,FULL_SCHEDULE_10,2035,7,0.16739829225739586,0.3347965845147917,0.9996723132273597
V33_POLICY_CONDITIONAL,EQUAL_SIZE_COMPARISON_1000000_VEHICLES_AT_THE_MEASURED_NATIONAL_RATIO_2988_STI_UNITS_PER_MILLION_VEHICLES,grid_intensity_kg_per_kwh,FULL_SCHEDULE_10,2036,7,0.2234611762580775,0.446922352516155,0.9996723132273597
V33_POLICY_CONDITIONAL,EQUAL_SIZE_COMPARISON_1000000_VEHICLES_AT_THE_MEASURED_NATIONAL_RATIO_2988_STI_UNITS_PER_MILLION_VEHICLES,grid_intensity_kg_per_kwh,FULL_SCHEDULE_10,2037,7,0.2747210602432219,0.5494421204864438,0.9996723132273597
V33_POLICY_CONDITIONAL,EQUAL_SIZE_COMPARISON_1000000_VEHICLES_AT_THE_MEASURED_NATIONAL_RATIO_2988_STI_UNITS_PER_MILLION_VEHICLES,grid_intensity_kg_per_kwh,FULL_SCHEDULE_10,2038,7,0.30971755890721886,0.6194351178144377,0.9996723132273597
V33_POLICY_CONDITIONAL,EQUAL_SIZE_COMPARISON_1000000_VEHICLES_AT_THE_MEASURED_NATIONAL_RATIO_2988_STI_UNITS_PER_MILLION_VEHICLES,grid_intensity_kg_per_kwh,FULL_SCHEDULE_10,2039,7,0.34844523454752857,0.6968904690950571,0.9996723132273597
V33_POLICY_CONDITIONAL,EQUAL_SIZE_COMPARISON_1000000_VEHICLES_AT_THE_MEASURED_NATIONAL_RATIO_2988_STI_UNITS_PER_MILLION_VEHICLES,grid_intensity_kg_per_kwh,FULL_SCHEDULE_10,2040,5,0.27619679031502453,0.5523935806300491,0.9996723132273597
V33_POLICY_CONDITIONAL,EQUAL_SIZE_COMPARISON_1000000_VEHICLES_AT_THE_MEASURED_NATIONAL_RATIO_2988_STI_UNITS_PER_MILLION_VEHICLES,grid_intensity_kg_per_kwh,FULL_SCHEDULE_10,2041,5,0.2769833001787288,0.5539666003574576,0.9996723132273597
V33_POLICY_CONDITIONAL,EQUAL_SIZE_COMPARISON_1000000_VEHICLES_AT_THE_MEASURED_NATIONAL_RATIO_2988_STI_UNITS_PER_MILLION_VEHICLES,grid_intensity_kg_per_kwh,FULL_SCHEDULE_10,2042,5,0.2777698100424331,0.5555396200848662,0.9996723132273597
V33_POLICY_CONDITIONAL,EQUAL_SIZE_COMPARISON_1000000_VEHICLES_AT_THE_MEASURED_NATIONAL_RATIO_2988_STI_UNITS_PER_MILLION_VEHICLES,grid_intensity_kg_per_kwh,FULL_SCHEDULE_10,2043,5,0.2794928589594085,0.558985717918817,0.9996723132273597
V33_POLICY_CONDITIONAL,EQUAL_SIZE_COMPARISON_1000000_VEHICLES_AT_THE_MEASURED_NATIONAL_RATIO_2988_STI_UNITS_PER_MILLION_VEHICLES,grid_intensity_kg_per_kwh,FULL_SCHEDULE_10,2044,5,0.28038895540710895,0.5607779108142179,0.9996723132273597
V33_POLICY_CONDITIONAL,EQUAL_SIZE_COMPARISON_1000000_VEHICLES_AT_THE_MEASURED_NATIONAL_RATIO_2988_STI_UNITS_PER_MILLION_VEHICLES,grid_intensity_kg_per_kwh,FULL_SCHEDULE_10,2045,3,0.325099449821051,0.650198899642102,0.9996723132273598
V33_POLICY_CONDITIONAL,EQUAL_SIZE_COMPARISON_1000000_VEHICLES_AT_THE_MEASURED_NATIONAL_RATIO_2988_STI_UNITS_PER_MILLION_VEHICLES,grid_intensity_kg_per_kwh,FULL_SCHEDULE_10,2046,3,0.30719543901223556,0.6143908780244711,0.9996723132273598
V33_POLICY_CONDITIONAL,EQUAL_SIZE_COMPARISON_1000000_VEHICLES_AT_THE_MEASURED_NATIONAL_RATIO_2988_STI_UNITS_PER_MILLION_VEHICLES,grid_intensity_kg_per_kwh,FULL_SCHEDULE_10,2047,3,0.29666627333598633,0.5933325466719727,0.9996723132273598
V33_POLICY_CONDITIONAL,EQUAL_SIZE_COMPARISON_1000000_VEHICLES_AT_THE_MEASURED_NATIONAL_RATIO_2988_STI_UNITS_PER_MILLION_VEHICLES,grid_intensity_kg_per_kwh,FULL_SCHEDULE_10,2048,3,0.29068914227358505,0.5813782845471701,0.9996723132273598
V33_POLICY_CONDITIONAL,EQUAL_SIZE_COMPARISON_1000000_VEHICLES_AT_THE_MEASURED_NATIONAL_RATIO_2988_STI_UNITS_PER_MILLION_VEHICLES,grid_intensity_kg_per_kwh,FULL_SCHEDULE_10,2049,3,0.2891735237358917,0.5783470474717834,0.9996723132273598
V33_POLICY_CONDITIONAL,EQUAL_SIZE_COMPARISON_1000000_VEHICLES_AT_THE_MEASURED_NATIONAL_RATIO_2988_STI_UNITS_PER_MILLION_VEHICLES,grid_intensity_kg_per_kwh,FULL_SCHEDULE_10,2050,3,0.28783392782309125,0.5756678556461825,0.9996723132273598
V33_POLICY_CONDITIONAL,EQUAL_SIZE_COMPARISON_1000000_VEHICLES_AT_THE_MEASURED_NATIONAL_RATIO_2988_STI_UNITS_PER_MILLION_VEHICLES,grid_intensity_kg_per_kwh,FULL_SCHEDULE_10,2051,3,0.296479326898464,0.592958653796928,0.9996723132273598
V33_POLICY_CONDITIONAL,EQUAL_SIZE_COMPARISON_1000000_VEHICLES_AT_THE_MEASURED_NATIONAL_RATIO_2988_STI_UNITS_PER_MILLION_VEHICLES,grid_intensity_kg_per_kwh,FULL_SCHEDULE_10,2052,3,0.3062872011747531,0.6125744023495062,0.9996723132273598
V33_POLICY_CONDITIONAL,EQUAL_SIZE_COMPARISON_1000000_VEHICLES_AT_THE_MEASURED_NATIONAL_RATIO_2988_STI_UNITS_PER_MILLION_VEHICLES,grid_intensity_kg_per_kwh,FULL_SCHEDULE_10,2053,3,0.31804027026978887,0.6360805405395777,0.9996723132273598
V33_POLICY_CONDITIONAL,EQUAL_SIZE_COMPARISON_1000000_VEHICLES_AT_THE_MEASURED_NATIONAL_RATIO_2988_STI_UNITS_PER_MILLION_VEHICLES,grid_intensity_kg_per_kwh,FULL_SCHEDULE_10,2054,3,0.32959004596955493,0.6591800919391099,0.9996723132273598
V33_POLICY_CONDITIONAL,EQUAL_SIZE_COMPARISON_1000000_VEHICLES_AT_THE_MEASURED_NATIONAL_RATIO_2988_STI_UNITS_PER_MILLION_VEHICLES,grid_intensity_kg_per_kwh,FULL_SCHEDULE_10,2055,3,0.3407051313484319,0.6814102626968638,0.9996723132273598
V33_POLICY_CONDITIONAL,EQUAL_SIZE_COMPARISON_1000000_VEHICLES_AT_THE_MEASURED_NATIONAL_RATIO_2988_STI_UNITS_PER_MILLION_VEHICLES,grid_intensity_kg_per_kwh,FULL_SCHEDULE_10,2056,3,0.3514018865228399,0.7028037730456798,0.9996723132273598
V33_POLICY_CONDITIONAL,EQUAL_SIZE_COMPARISON_1000000_VEHICLES_AT_THE_MEASURED_NATIONAL_RATIO_2988_STI_UNITS_PER_MILLION_VEHICLES,grid_intensity_kg_per_kwh,FULL_SCHEDULE_10,2057,3,0.3616960558756609,0.7233921117513218,0.9996723132273598
V33_POLICY_CONDITIONAL,EQUAL_SIZE_COMPARISON_1000000_VEHICLES_AT_THE_MEASURED_NATIONAL_RATIO_2988_STI_UNITS_PER_MILLION_VEHICLES,grid_intensity_kg_per_kwh,FULL_SCHEDULE_10,2058,3,0.3716027912301442,0.7432055824602884,0.9996723132273598
V33_POLICY_CONDITIONAL,EQUAL_SIZE_COMPARISON_1000000_VEHICLES_AT_THE_MEASURED_NATIONAL_RATIO_2988_STI_UNITS_PER_MILLION_VEHICLES,grid_intensity_kg_per_kwh,FULL_SCHEDULE_10,2059,3,0.37725505804973736,0.7545101160994747,0.9996723132273598
V33_POLICY_CONDITIONAL,EQUAL_SIZE_COMPARISON_1000000_VEHICLES_AT_THE_MEASURED_NATIONAL_RATIO_2988_STI_UNITS_PER_MILLION_VEHICLES,grid_intensity_kg_per_kwh,FULL_SCHEDULE_10,2060,3,0.38138664002821737,0.7627732800564347,0.9996723132273598
V33_POLICY_CONDITIONAL,EQUAL_SIZE_COMPARISON_1000000_VEHICLES_AT_THE_MEASURED_NATIONAL_RATIO_2988_STI_UNITS_PER_MILLION_VEHICLES,grid_intensity_kg_per_kwh,FULL_SCHEDULE_10,2061,3,0.3851421566807717,0.7702843133615433,0.9996723132273598
V33_POLICY_CONDITIONAL,EQUAL_SIZE_COMPARISON_1000000_VEHICLES_AT_THE_MEASURED_NATIONAL_RATIO_2988_STI_UNITS_PER_MILLION_VEHICLES,grid_intensity_kg_per_kwh,FULL_SCHEDULE_10,2062,3,0.38966105049748784,0.7793221009949757,0.9996723132273598
V33_POLICY_CONDITIONAL,EQUAL_SIZE_COMPARISON_1000000_VEHICLES_AT_THE_MEASURED_NATIONAL_RATIO_2988_STI_UNITS_PER_MILLION_VEHICLES,grid_intensity_kg_per_kwh,FULL_SCHEDULE_10,2063,3,0.39491374139402546,0.7898274827880509,0.9996723132273598
V33_POLICY_CONDITIONAL,EQUAL_SIZE_COMPARISON_1000000_VEHICLES_AT_THE_MEASURED_NATIONAL_RATIO_2988_STI_UNITS_PER_MILLION_VEHICLES,grid_intensity_kg_per_kwh,FULL_SCHEDULE_10,2064,3,0.40009695272912715,0.8001939054582543,0.9996723132273598
V33_POLICY_CONDITIONAL,EQUAL_SIZE_COMPARISON_1000000_VEHICLES_AT_THE_MEASURED_NATIONAL_RATIO_2988_STI_UNITS_PER_MILLION_VEHICLES,grid_intensity_kg_per_kwh,FULL_SCHEDULE_10,2065,3,0.4052116035383023,0.8104232070766046,0.9996723132273598
V33_POLICY_CONDITIONAL,EQUAL_SIZE_COMPARISON_1000000_VEHICLES_AT_THE_MEASURED_NATIONAL_RATIO_2988_STI_UNITS_PER_MILLION_VEHICLES,grid_intensity_kg_per_kwh,FULL_SCHEDULE_10,2066,3,0.41025860070059067,0.8205172014011813,0.9996723132273598
V33_POLICY_CONDITIONAL,EQUAL_SIZE_COMPARISON_1000000_VEHICLES_AT_THE_MEASURED_NATIONAL_RATIO_2988_STI_UNITS_PER_MILLION_VEHICLES,grid_intensity_kg_per_kwh,FULL_SCHEDULE_10,2067,3,0.41523883909935877,0.8304776781987175,0.9996723132273598
V33_POLICY_CONDITIONAL,EQUAL_SIZE_COMPARISON_1000000_VEHICLES_AT_THE_MEASURED_NATIONAL_RATIO_2988_STI_UNITS_PER_MILLION_VEHICLES,grid_intensity_kg_per_kwh,FULL_SCHEDULE_10,2068,3,0.42015320178097354,0.8403064035619471,0.9996723132273598
V33_POLICY_CONDITIONAL,EQUAL_SIZE_COMPARISON_1000000_VEHICLES_AT_THE_MEASURED_NATIONAL_RATIO_2988_STI_UNITS_PER_MILLION_VEHICLES,grid_intensity_kg_per_kwh,FULL_SCHEDULE_10,2069,3,0.4250025601113744,0.8500051202227488,0.9996723132273598
V33_POLICY_CONDITIONAL,EQUAL_SIZE_COMPARISON_1000000_VEHICLES_AT_THE_MEASURED_NATIONAL_RATIO_2988_STI_UNITS_PER_MILLION_VEHICLES,grid_intensity_kg_per_kwh,FULL_SCHEDULE_10,2070,3,0.42978777393057493,0.8595755478611499,0.9996723132273598
V33_POLICY_CONDITIONAL,EQUAL_SIZE_COMPARISON_1000000_VEHICLES_AT_THE_MEASURED_NATIONAL_RATIO_2988_STI_UNITS_PER_MILLION_VEHICLES,grid_intensity_kg_per_kwh,FULL_SCHEDULE_10,2071,3,0.4345096917051221,0.8690193834102442,0.9996723132273598
V33_POLICY_CONDITIONAL,EQUAL_SIZE_COMPARISON_1000000_VEHICLES_AT_THE_MEASURED_NATIONAL_RATIO_2988_STI_UNITS_PER_MILLION_VEHICLES,grid_intensity_kg_per_kwh,FULL_SCHEDULE_10,2072,3,0.4391691506785378,0.8783383013570756,0.9996723132273598
V33_POLICY_CONDITIONAL,EQUAL_SIZE_COMPARISON_1000000_VEHICLES_AT_THE_MEASURED_NATIONAL_RATIO_2988_STI_UNITS_PER_MILLION_VEHICLES,grid_intensity_kg_per_kwh,FULL_SCHEDULE_10,2073,3,0.4437669770197692,0.8875339540395384,0.9996723132273598
V33_POLICY_CONDITIONAL,EQUAL_SIZE_COMPARISON_1000000_VEHICLES_AT_THE_MEASURED_NATIONAL_RATIO_2988_STI_UNITS_PER_MILLION_VEHICLES,grid_intensity_kg_per_kwh,FULL_SCHEDULE_10,2074,3,0.44830398596967835,0.8966079719393567,0.9996723132273598
V33_POLICY_CONDITIONAL,EQUAL_SIZE_COMPARISON_1000000_VEHICLES_AT_THE_MEASURED_NATIONAL_RATIO_2988_STI_UNITS_PER_MILLION_VEHICLES,grid_intensity_kg_per_kwh,FULL_SCHEDULE_10,2075,3,0.45278098198559213,0.9055619639711843,0.9996723132273598
V33_POLICY_CONDITIONAL,EQUAL_SIZE_COMPARISON_1000000_VEHICLES_AT_THE_MEASURED_NATIONAL_RATIO_2988_STI_UNITS_PER_MILLION_VEHICLES,grid_intensity_kg_per_kwh,CAPPED_82_MY2032_3,2025,3,0.0997572888948573,0.1995145777897146,0.9996723132273598
V33_POLICY_CONDITIONAL,EQUAL_SIZE_COMPARISON_1000000_VEHICLES_AT_THE_MEASURED_NATIONAL_RATIO_2988_STI_UNITS_PER_MILLION_VEHICLES,grid_intensity_kg_per_kwh,CAPPED_82_MY2032_3,2026,3,0.1148879649085406,0.2297759298170812,1.0113943638730225
V33_POLICY_CONDITIONAL,EQUAL_SIZE_COMPARISON_1000000_VEHICLES_AT_THE_MEASURED_NATIONAL_RATIO_2988_STI_UNITS_PER_MILLION_VEHICLES,grid_intensity_kg_per_kwh,CAPPED_82_MY2032_3,2027,3,0.1417590231299732,0.2835180462599464,1.0119646646691887
V33_POLICY_CONDITIONAL,EQUAL_SIZE_COMPARISON_1000000_VEHICLES_AT_THE_MEASURED_NATIONAL_RATIO_2988_STI_UNITS_PER_MILLION_VEHICLES,grid_intensity_kg_per_kwh,CAPPED_82_MY2032_3,2028,3,0.1871131539009522,0.3742263078019044,1.0093675245780636
V33_POLICY_CONDITIONAL,EQUAL_SIZE_COMPARISON_1000000_VEHICLES_AT_THE_MEASURED_NATIONAL_RATIO_2988_STI_UNITS_PER_MILLION_VEHICLES,grid_intensity_kg_per_kwh,CAPPED_82_MY2032_3,2029,3,0.19969268552907726,0.3993853710581545,1.011997430837521
V33_POLICY_CONDITIONAL,EQUAL_SIZE_COMPARISON_1000000_VEHICLES_AT_THE_MEASURED_NATIONAL_RATIO_2988_STI_UNITS_PER_MILLION_VEHICLES,grid_intensity_kg_per_kwh,CAPPED_82_MY2032_3,2030,3,0.22084947238429972,0.44169894476859944,1.0107556275597673
V33_POLICY_CONDITIONAL,EQUAL_SIZE_COMPARISON_1000000_VEHICLES_AT_THE_MEASURED_NATIONAL_RATIO_2988_STI_UNITS_PER_MILLION_VEHICLES,grid_intensity_kg_per_kwh,CAPPED_82_MY2032_3,2031,3,0.2493873747222135,0.498774749444427,1.0116678655474056
V33_POLICY_CONDITIONAL,EQUAL_SIZE_COMPARISON_1000000_VEHICLES_AT_THE_MEASURED_NATIONAL_RATIO_2988_STI_UNITS_PER_MILLION_VEHICLES,grid_intensity_kg_per_kwh,CAPPED_82_MY2032_3,2032,3,0.2938937305390904,0.5877874610781808,1.017621167655124
V33_POLICY_CONDITIONAL,EQUAL_SIZE_COMPARISON_1000000_VEHICLES_AT_THE_MEASURED_NATIONAL_RATIO_2988_STI_UNITS_PER_MILLION_VEHICLES,grid_intensity_kg_per_kwh,CAPPED_82_MY2032_3,2033,3,0.3552183062972176,0.7104366125944352,1.0258000830269014
V33_POLICY_CONDITIONAL,EQUAL_SIZE_COMPARISON_1000000_VEHICLES_AT_THE_MEASURED_NATIONAL_RATIO_2988_STI_UNITS_PER_MILLION_VEHICLES,grid_intensity_kg_per_kwh,CAPPED_82_MY2032_3,2034,3,0.4310724991661243,0.8621449983322486,1.0189161182741302
V33_POLICY_CONDITIONAL,EQUAL_SIZE_COMPARISON_1000000_VEHICLES_AT_THE_MEASURED_NATIONAL_RATIO_2988_STI_UNITS_PER_MILLION_VEHICLES,grid_intensity_kg_per_kwh,CAPPED_82_MY2032_3,2035,3,0.528670280356743,1.057340560713486,1.0120782699970239
V33_POLICY_CONDITIONAL,EQUAL_SIZE_COMPARISON_1000000_VEHICLES_AT_THE_MEASURED_NATIONAL_RATIO_2988_STI_UNITS_PER_MILLION_VEHICLES,grid_intensity_kg_per_kwh,CAPPED_82_MY2032_3,2036,3,0.5079572828009,1.0159145656018,1.009330523422332
V33_POLICY_CONDITIONAL,EQUAL_SIZE_COMPARISON_1000000_VEHICLES_AT_THE_MEASURED_NATIONAL_RATIO_2988_STI_UNITS_PER_MILLION_VEHICLES,grid_intensity_kg_per_kwh,CAPPED_82_MY2032_3,2037,3,0.48931902940024286,0.9786380588004857,1.0066187456125544
V33_POLICY_CONDITIONAL,EQUAL_SIZE_COMPARISON_1000000_VEHICLES_AT_THE_MEASURED_NATIONAL_RATIO_2988_STI_UNITS_PER_MILLION_VEHICLES,grid_intensity_kg_per_kwh,CAPPED_82_MY2032_3,2038,3,0.48202884738093854,0.9640576947618771,1.0019710005533333
V33_POLICY_CONDITIONAL,EQUAL_SIZE_COMPARISON_1000000_VEHICLES_AT_THE_MEASURED_NATIONAL_RATIO_2988_STI_UNITS_PER_MILLION_VEHICLES,grid_intensity_kg_per_kwh,CAPPED_82_MY2032_3,2039,3,0.46623445531704133,0.9324689106340827,1.0021799101175406
V33_POLICY_CONDITIONAL,EQUAL_SIZE_COMPARISON_1000000_VEHICLES_AT_THE_MEASURED_NATIONAL_RATIO_2988_STI_UNITS_PER_MILLION_VEHICLES,grid_intensity_kg_per_kwh,CAPPED_82_MY2032_3,2040,3,0.10621189082922322,0.21242378165844644,0.9996723132273598
V33_POLICY_CONDITIONAL,EQUAL_SIZE_COMPARISON_1000000_VEHICLES_AT_THE_MEASURED_NATIONAL_RATIO_2988_STI_UNITS_PER_MILLION_VEHICLES,grid_intensity_kg_per_kwh,CAPPED_82_MY2032_3,2041,3,0.10691412068588982,0.21382824137177964,0.9996723132273598
V33_POLICY_CONDITIONAL,EQUAL_SIZE_COMPARISON_1000000_VEHICLES_AT_THE_MEASURED_NATIONAL_RATIO_2988_STI_UNITS_PER_MILLION_VEHICLES,grid_intensity_kg_per_kwh,CAPPED_82_MY2032_3,2042,3,0.10725827731849605,0.2145165546369921,0.9996723132273598
V33_POLICY_CONDITIONAL,EQUAL_SIZE_COMPARISON_1000000_VEHICLES_AT_THE_MEASURED_NATIONAL_RATIO_2988_STI_UNITS_PER_MILLION_VEHICLES,grid_intensity_kg_per_kwh,CAPPED_82_MY2032_3,2043,3,0.10760759872121749,0.21521519744243497,0.9996723132273598
V33_POLICY_CONDITIONAL,EQUAL_SIZE_COMPARISON_1000000_VEHICLES_AT_THE_MEASURED_NATIONAL_RATIO_2988_STI_UNITS_PER_MILLION_VEHICLES,grid_intensity_kg_per_kwh,CAPPED_82_MY2032_3,2044,3,0.10835360089433038,0.21670720178866076,0.9996723132273598
V33_POLICY_CONDITIONAL,EQUAL_SIZE_COMPARISON_1000000_VEHICLES_AT_THE_MEASURED_NATIONAL_RATIO_2988_STI_UNITS_PER_MILLION_VEHICLES,grid_intensity_kg_per_kwh,CAPPED_82_MY2032_3,2045,2,0.2534160525000416,0.5068321050000832,1.072263728396844
V33_POLICY_CONDITIONAL,EQUAL_SIZE_COMPARISON_1000000_VEHICLES_AT_THE_MEASURED_NATIONAL_RATIO_2988_STI_UNITS_PER_MILLION_VEHICLES,grid_intensity_kg_per_kwh,CAPPED_82_MY2032_3,2046,2,0.2508656795396186,0.5017313590792372,1.0747924535844589
V33_POLICY_CONDITIONAL,EQUAL_SIZE_COMPARISON_1000000_VEHICLES_AT_THE_MEASURED_NATIONAL_RATIO_2988_STI_UNITS_PER_MILLION_VEHICLES,grid_intensity_kg_per_kwh,CAPPED_82_MY2032_3,2047,2,0.24866916859930333,0.49733833719860665,1.0775918035263714
V33_POLICY_CONDITIONAL,EQUAL_SIZE_COMPARISON_1000000_VEHICLES_AT_THE_MEASURED_NATIONAL_RATIO_2988_STI_UNITS_PER_MILLION_VEHICLES,grid_intensity_kg_per_kwh,CAPPED_82_MY2032_3,2048,2,0.2433650790498889,0.4867301580997778,1.0773476287216897
V33_POLICY_CONDITIONAL,EQUAL_SIZE_COMPARISON_1000000_VEHICLES_AT_THE_MEASURED_NATIONAL_RATIO_2988_STI_UNITS_PER_MILLION_VEHICLES,grid_intensity_kg_per_kwh,CAPPED_82_MY2032_3,2049,2,0.23986018146605986,0.4797203629321197,1.0776295972596217
V33_POLICY_CONDITIONAL,EQUAL_SIZE_COMPARISON_1000000_VEHICLES_AT_THE_MEASURED_NATIONAL_RATIO_2988_STI_UNITS_PER_MILLION_VEHICLES,grid_intensity_kg_per_kwh,CAPPED_82_MY2032_3,2050,1,0.09975728889485734,0.19951457778971468,0.9996723132273598
V33_POLICY_CONDITIONAL,EQUAL_SIZE_COMPARISON_1000000_VEHICLES_AT_THE_MEASURED_NATIONAL_RATIO_2988_STI_UNITS_PER_MILLION_VEHICLES,grid_intensity_kg_per_kwh,CAPPED_82_MY2032_3,2051,1,0.09975728889485734,0.19951457778971468,0.9996723132273598
V33_POLICY_CONDITIONAL,EQUAL_SIZE_COMPARISON_1000000_VEHICLES_AT_THE_MEASURED_NATIONAL_RATIO_2988_STI_UNITS_PER_MILLION_VEHICLES,grid_intensity_kg_per_kwh,CAPPED_82_MY2032_3,2052,1,0.09975728889485734,0.19951457778971468,0.9996723132273598
V33_POLICY_CONDITIONAL,EQUAL_SIZE_COMPARISON_1000000_VEHICLES_AT_THE_MEASURED_NATIONAL_RATIO_2988_STI_UNITS_PER_MILLION_VEHICLES,grid_intensity_kg_per_kwh,CAPPED_82_MY2032_3,2053,1,0.09975728889485734,0.19951457778971468,0.9996723132273598
V33_POLICY_CONDITIONAL,EQUAL_SIZE_COMPARISON_1000000_VEHICLES_AT_THE_MEASURED_NATIONAL_RATIO_2988_STI_UNITS_PER_MILLION_VEHICLES,grid_intensity_kg_per_kwh,CAPPED_82_MY2032_3,2054,1,0.09975728889485734,0.19951457778971468,0.9996723132273598
V33_POLICY_CONDITIONAL,EQUAL_SIZE_COMPARISON_1000000_VEHICLES_AT_THE_MEASURED_NATIONAL_RATIO_2988_STI_UNITS_PER_MILLION_VEHICLES,grid_intensity_kg_per_kwh,CAPPED_82_MY2032_3,2055,1,0.09975728889485734,0.19951457778971468,0.9996723132273598
V33_POLICY_CONDITIONAL,EQUAL_SIZE_COMPARISON_1000000_VEHICLES_AT_THE_MEASURED_NATIONAL_RATIO_2988_STI_UNITS_PER_MILLION_VEHICLES,grid_intensity_kg_per_kwh,CAPPED_82_MY2032_3,2056,1,0.09975728889485734,0.19951457778971468,0.9996723132273598
V33_POLICY_CONDITIONAL,EQUAL_SIZE_COMPARISON_1000000_VEHICLES_AT_THE_MEASURED_NATIONAL_RATIO_2988_STI_UNITS_PER_MILLION_VEHICLES,grid_intensity_kg_per_kwh,CAPPED_82_MY2032_3,2057,1,0.09975728889485734,0.19951457778971468,0.9996723132273598
V33_POLICY_CONDITIONAL,EQUAL_SIZE_COMPARISON_1000000_VEHICLES_AT_THE_MEASURED_NATIONAL_RATIO_2988_STI_UNITS_PER_MILLION_VEHICLES,grid_intensity_kg_per_kwh,CAPPED_82_MY2032_3,2058,1,0.09975728889485734,0.19951457778971468,0.9996723132273598
V33_POLICY_CONDITIONAL,EQUAL_SIZE_COMPARISON_1000000_VEHICLES_AT_THE_MEASURED_NATIONAL_RATIO_2988_STI_UNITS_PER_MILLION_VEHICLES,grid_intensity_kg_per_kwh,CAPPED_82_MY2032_3,2059,1,0.09975728889485734,0.19951457778971468,0.9996723132273598
V33_POLICY_CONDITIONAL,EQUAL_SIZE_COMPARISON_1000000_VEHICLES_AT_THE_MEASURED_NATIONAL_RATIO_2988_STI_UNITS_PER_MILLION_VEHICLES,grid_intensity_kg_per_kwh,CAPPED_82_MY2032_3,2060,1,0.09975728889485734,0.19951457778971468,0.9996723132273598
V33_POLICY_CONDITIONAL,EQUAL_SIZE_COMPARISON_1000000_VEHICLES_AT_THE_MEASURED_NATIONAL_RATIO_2988_STI_UNITS_PER_MILLION_VEHICLES,grid_intensity_kg_per_kwh,CAPPED_82_MY2032_3,2061,1,0.09975728889485734,0.19951457778971468,0.9996723132273598
V33_POLICY_CONDITIONAL,EQUAL_SIZE_COMPARISON_1000000_VEHICLES_AT_THE_MEASURED_NATIONAL_RATIO_2988_STI_UNITS_PER_MILLION_VEHICLES,grid_intensity_kg_per_kwh,CAPPED_82_MY2032_3,2062,1,0.09975728889485734,0.19951457778971468,0.9996723132273598
V33_POLICY_CONDITIONAL,EQUAL_SIZE_COMPARISON_1000000_VEHICLES_AT_THE_MEASURED_NATIONAL_RATIO_2988_STI_UNITS_PER_MILLION_VEHICLES,grid_intensity_kg_per_kwh,CAPPED_82_MY2032_3,2063,1,0.09975728889485734,0.19951457778971468,0.9996723132273598
V33_POLICY_CONDITIONAL,EQUAL_SIZE_COMPARISON_1000000_VEHICLES_AT_THE_MEASURED_NATIONAL_RATIO_2988_STI_UNITS_PER_MILLION_VEHICLES,grid_intensity_kg_per_kwh,CAPPED_82_MY2032_3,2064,1,0.09975728889485734,0.19951457778971468,0.9996723132273598
V33_POLICY_CONDITIONAL,EQUAL_SIZE_COMPARISON_1000000_VEHICLES_AT_THE_MEASURED_NATIONAL_RATIO_2988_STI_UNITS_PER_MILLION_VEHICLES,grid_intensity_kg_per_kwh,CAPPED_82_MY2032_3,2065,1,0.09975728889485734,0.19951457778971468,0.9996723132273598
V33_POLICY_CONDITIONAL,EQUAL_SIZE_COMPARISON_1000000_VEHICLES_AT_THE_MEASURED_NATIONAL_RATIO_2988_STI_UNITS_PER_MILLION_VEHICLES,grid_intensity_kg_per_kwh,CAPPED_82_MY2032_3,2066,1,0.09975728889485734,0.19951457778971468,0.9996723132273598
V33_POLICY_CONDITIONAL,EQUAL_SIZE_COMPARISON_1000000_VEHICLES_AT_THE_MEASURED_NATIONAL_RATIO_2988_STI_UNITS_PER_MILLION_VEHICLES,grid_intensity_kg_per_kwh,CAPPED_82_MY2032_3,2067,1,0.09975728889485734,0.19951457778971468,0.9996723132273598
V33_POLICY_CONDITIONAL,EQUAL_SIZE_COMPARISON_1000000_VEHICLES_AT_THE_MEASURED_NATIONAL_RATIO_2988_STI_UNITS_PER_MILLION_VEHICLES,grid_intensity_kg_per_kwh,CAPPED_82_MY2032_3,2068,1,0.09975728889485734,0.19951457778971468,0.9996723132273598
V33_POLICY_CONDITIONAL,EQUAL_SIZE_COMPARISON_1000000_VEHICLES_AT_THE_MEASURED_NATIONAL_RATIO_2988_STI_UNITS_PER_MILLION_VEHICLES,grid_intensity_kg_per_kwh,CAPPED_82_MY2032_3,2069,1,0.09975728889485734,0.19951457778971468,0.9996723132273598
V33_POLICY_CONDITIONAL,EQUAL_SIZE_COMPARISON_1000000_VEHICLES_AT_THE_MEASURED_NATIONAL_RATIO_2988_STI_UNITS_PER_MILLION_VEHICLES,grid_intensity_kg_per_kwh,CAPPED_82_MY2032_3,2070,1,0.09975728889485734,0.19951457778971468,0.9996723132273598
V33_POLICY_CONDITIONAL,EQUAL_SIZE_COMPARISON_1000000_VEHICLES_AT_THE_MEASURED_NATIONAL_RATIO_2988_STI_UNITS_PER_MILLION_VEHICLES,grid_intensity_kg_per_kwh,CAPPED_82_MY2032_3,2071,1,0.09975728889485734,0.19951457778971468,0.9996723132273598
V33_POLICY_CONDITIONAL,EQUAL_SIZE_COMPARISON_1000000_VEHICLES_AT_THE_MEASURED_NATIONAL_RATIO_2988_STI_UNITS_PER_MILLION_VEHICLES,grid_intensity_kg_per_kwh,CAPPED_82_MY2032_3,2072,1,0.09975728889485734,0.19951457778971468,0.9996723132273598
V33_POLICY_CONDITIONAL,EQUAL_SIZE_COMPARISON_1000000_VEHICLES_AT_THE_MEASURED_NATIONAL_RATIO_2988_STI_UNITS_PER_MILLION_VEHICLES,grid_intensity_kg_per_kwh,CAPPED_82_MY2032_3,2073,1,0.09975728889485734,0.19951457778971468,0.9996723132273598
V33_POLICY_CONDITIONAL,EQUAL_SIZE_COMPARISON_1000000_VEHICLES_AT_THE_MEASURED_NATIONAL_RATIO_2988_STI_UNITS_PER_MILLION_VEHICLES,grid_intensity_kg_per_kwh,CAPPED_82_MY2032_3,2074,1,0.09975728889485734,0.19951457778971468,0.9996723132273598
V33_POLICY_CONDITIONAL,EQUAL_SIZE_COMPARISON_1000000_VEHICLES_AT_THE_MEASURED_NATIONAL_RATIO_2988_STI_UNITS_PER_MILLION_VEHICLES,grid_intensity_kg_per_kwh,CAPPED_82_MY2032_3,2075,1,0.09975728889485734,0.19951457778971468,0.9996723132273598
V33_POLICY_CONDITIONAL,EQUAL_SIZE_COMPARISON_1000000_VEHICLES_AT_THE_MEASURED_NATIONAL_RATIO_2988_STI_UNITS_PER_MILLION_VEHICLES,grid_intensity_kg_per_kwh,ADOPTING_13,2025,13,0.09975728889485731,0.19951457778971463,0.9996723132273598
V33_POLICY_CONDITIONAL,EQUAL_SIZE_COMPARISON_1000000_VEHICLES_AT_THE_MEASURED_NATIONAL_RATIO_2988_STI_UNITS_PER_MILLION_VEHICLES,grid_intensity_kg_per_kwh,ADOPTING_13,2026,13,0.10398610922397074,0.20797221844794148,1.0003563101871353
V33_POLICY_CONDITIONAL,EQUAL_SIZE_COMPARISON_1000000_VEHICLES_AT_THE_MEASURED_NATIONAL_RATIO_2988_STI_UNITS_PER_MILLION_VEHICLES,grid_intensity_kg_per_kwh,ADOPTING_13,2027,13,0.12150765861241059,0.24301531722482117,0.9985111858999626
V33_POLICY_CONDITIONAL,EQUAL_SIZE_COMPARISON_1000000_VEHICLES_AT_THE_MEASURED_NATIONAL_RATIO_2988_STI_UNITS_PER_MILLION_VEHICLES,grid_intensity_kg_per_kwh,ADOPTING_13,2028,13,0.1488864827139302,0.2977729654278604,0.9960619612263999
V33_POLICY_CONDITIONAL,EQUAL_SIZE_COMPARISON_1000000_VEHICLES_AT_THE_MEASURED_NATIONAL_RATIO_2988_STI_UNITS_PER_MILLION_VEHICLES,grid_intensity_kg_per_kwh,ADOPTING_13,2029,13,0.1849984944750601,0.3699969889501202,0.9933270985776849
V33_POLICY_CONDITIONAL,EQUAL_SIZE_COMPARISON_1000000_VEHICLES_AT_THE_MEASURED_NATIONAL_RATIO_2988_STI_UNITS_PER_MILLION_VEHICLES,grid_intensity_kg_per_kwh,ADOPTING_13,2030,13,0.17141487155172042,0.34282974310344083,0.9899420788294513
V33_POLICY_CONDITIONAL,EQUAL_SIZE_COMPARISON_1000000_VEHICLES_AT_THE_MEASURED_NATIONAL_RATIO_2988_STI_UNITS_PER_MILLION_VEHICLES,grid_intensity_kg_per_kwh,ADOPTING_13,2031,13,0.18015395575581206,0.3603079115116241,0.994306633020558
V33_POLICY_CONDITIONAL,EQUAL_SIZE_COMPARISON_1000000_VEHICLES_AT_THE_MEASURED_NATIONAL_RATIO_2988_STI_UNITS_PER_MILLION_VEHICLES,grid_intensity_kg_per_kwh,ADOPTING_13,2032,12,0.1886168522414489,0.3772337044828978,0.9957122026080911
V33_POLICY_CONDITIONAL,EQUAL_SIZE_COMPARISON_1000000_VEHICLES_AT_THE_MEASURED_NATIONAL_RATIO_2988_STI_UNITS_PER_MILLION_VEHICLES,grid_intensity_kg_per_kwh,ADOPTING_13,2033,11,0.19392919193841918,0.38785838387683835,0.9881133755656679
V33_POLICY_CONDITIONAL,EQUAL_SIZE_COMPARISON_1000000_VEHICLES_AT_THE_MEASURED_NATIONAL_RATIO_2988_STI_UNITS_PER_MILLION_VEHICLES,grid_intensity_kg_per_kwh,ADOPTING_13,2034,11,0.19651318663865622,0.39302637327731244,0.9914936701131483
V33_POLICY_CONDITIONAL,EQUAL_SIZE_COMPARISON_1000000_VEHICLES_AT_THE_MEASURED_NATIONAL_RATIO_2988_STI_UNITS_PER_MILLION_VEHICLES,grid_intensity_kg_per_kwh,ADOPTING_13,2035,10,0.1778667630147998,0.3557335260295996,0.9996723132273598
V33_POLICY_CONDITIONAL,EQUAL_SIZE_COMPARISON_1000000_VEHICLES_AT_THE_MEASURED_NATIONAL_RATIO_2988_STI_UNITS_PER_MILLION_VEHICLES,grid_intensity_kg_per_kwh,ADOPTING_13,2036,10,0.23343827309998733,0.46687654619997465,0.9996723132273598
V33_POLICY_CONDITIONAL,EQUAL_SIZE_COMPARISON_1000000_VEHICLES_AT_THE_MEASURED_NATIONAL_RATIO_2988_STI_UNITS_PER_MILLION_VEHICLES,grid_intensity_kg_per_kwh,ADOPTING_13,2037,10,0.3065427694337325,0.613085538867465,0.9996723132273598
V33_POLICY_CONDITIONAL,EQUAL_SIZE_COMPARISON_1000000_VEHICLES_AT_THE_MEASURED_NATIONAL_RATIO_2988_STI_UNITS_PER_MILLION_VEHICLES,grid_intensity_kg_per_kwh,ADOPTING_13,2038,10,0.3284081140619955,0.656816228123991,0.9996723132273598
V33_POLICY_CONDITIONAL,EQUAL_SIZE_COMPARISON_1000000_VEHICLES_AT_THE_MEASURED_NATIONAL_RATIO_2988_STI_UNITS_PER_MILLION_VEHICLES,grid_intensity_kg_per_kwh,ADOPTING_13,2039,10,0.35161360169120376,0.7032272033824075,0.9996723132273598
V33_POLICY_CONDITIONAL,EQUAL_SIZE_COMPARISON_1000000_VEHICLES_AT_THE_MEASURED_NATIONAL_RATIO_2988_STI_UNITS_PER_MILLION_VEHICLES,grid_intensity_kg_per_kwh,ADOPTING_13,2040,8,0.19120434057212388,0.38240868114424775,0.9996723132273597
V33_POLICY_CONDITIONAL,EQUAL_SIZE_COMPARISON_1000000_VEHICLES_AT_THE_MEASURED_NATIONAL_RATIO_2988_STI_UNITS_PER_MILLION_VEHICLES,grid_intensity_kg_per_kwh,ADOPTING_13,2041,8,0.19194871043230932,0.38389742086461864,0.9996723132273597
V33_POLICY_CONDITIONAL,EQUAL_SIZE_COMPARISON_1000000_VEHICLES_AT_THE_MEASURED_NATIONAL_RATIO_2988_STI_UNITS_PER_MILLION_VEHICLES,grid_intensity_kg_per_kwh,ADOPTING_13,2042,8,0.1925140436804646,0.3850280873609292,0.9996723132273597
V33_POLICY_CONDITIONAL,EQUAL_SIZE_COMPARISON_1000000_VEHICLES_AT_THE_MEASURED_NATIONAL_RATIO_2988_STI_UNITS_PER_MILLION_VEHICLES,grid_intensity_kg_per_kwh,ADOPTING_13,2043,8,0.193550228840313,0.387100457680626,0.9996723132273597
V33_POLICY_CONDITIONAL,EQUAL_SIZE_COMPARISON_1000000_VEHICLES_AT_THE_MEASURED_NATIONAL_RATIO_2988_STI_UNITS_PER_MILLION_VEHICLES,grid_intensity_kg_per_kwh,ADOPTING_13,2044,8,0.19437127815071967,0.38874255630143933,0.9996723132273597
V33_POLICY_CONDITIONAL,EQUAL_SIZE_COMPARISON_1000000_VEHICLES_AT_THE_MEASURED_NATIONAL_RATIO_2988_STI_UNITS_PER_MILLION_VEHICLES,grid_intensity_kg_per_kwh,ADOPTING_13,2045,5,0.325099449821051,0.650198899642102,0.9996723132273598
V33_POLICY_CONDITIONAL,EQUAL_SIZE_COMPARISON_1000000_VEHICLES_AT_THE_MEASURED_NATIONAL_RATIO_2988_STI_UNITS_PER_MILLION_VEHICLES,grid_intensity_kg_per_kwh,ADOPTING_13,2046,5,0.30719543901223556,0.6143908780244711,0.9996723132273598
V33_POLICY_CONDITIONAL,EQUAL_SIZE_COMPARISON_1000000_VEHICLES_AT_THE_MEASURED_NATIONAL_RATIO_2988_STI_UNITS_PER_MILLION_VEHICLES,grid_intensity_kg_per_kwh,ADOPTING_13,2047,5,0.29666627333598633,0.5933325466719727,0.9996723132273598
V33_POLICY_CONDITIONAL,EQUAL_SIZE_COMPARISON_1000000_VEHICLES_AT_THE_MEASURED_NATIONAL_RATIO_2988_STI_UNITS_PER_MILLION_VEHICLES,grid_intensity_kg_per_kwh,ADOPTING_13,2048,5,0.29068914227358505,0.5813782845471701,0.9996723132273598
V33_POLICY_CONDITIONAL,EQUAL_SIZE_COMPARISON_1000000_VEHICLES_AT_THE_MEASURED_NATIONAL_RATIO_2988_STI_UNITS_PER_MILLION_VEHICLES,grid_intensity_kg_per_kwh,ADOPTING_13,2049,5,0.2891735237358917,0.5783470474717834,0.9996723132273598
V33_POLICY_CONDITIONAL,EQUAL_SIZE_COMPARISON_1000000_VEHICLES_AT_THE_MEASURED_NATIONAL_RATIO_2988_STI_UNITS_PER_MILLION_VEHICLES,grid_intensity_kg_per_kwh,ADOPTING_13,2050,4,0.1937956083589743,0.3875912167179486,0.9996723132273598
V33_POLICY_CONDITIONAL,EQUAL_SIZE_COMPARISON_1000000_VEHICLES_AT_THE_MEASURED_NATIONAL_RATIO_2988_STI_UNITS_PER_MILLION_VEHICLES,grid_intensity_kg_per_kwh,ADOPTING_13,2051,4,0.19811830789666068,0.39623661579332137,0.9996723132273598
V33_POLICY_CONDITIONAL,EQUAL_SIZE_COMPARISON_1000000_VEHICLES_AT_THE_MEASURED_NATIONAL_RATIO_2988_STI_UNITS_PER_MILLION_VEHICLES,grid_intensity_kg_per_kwh,ADOPTING_13,2052,4,0.20302224503480523,0.40604449006961046,0.9996723132273598
V33_POLICY_CONDITIONAL,EQUAL_SIZE_COMPARISON_1000000_VEHICLES_AT_THE_MEASURED_NATIONAL_RATIO_2988_STI_UNITS_PER_MILLION_VEHICLES,grid_intensity_kg_per_kwh,ADOPTING_13,2053,4,0.2088987795823231,0.4177975591646462,0.9996723132273598
V33_POLICY_CONDITIONAL,EQUAL_SIZE_COMPARISON_1000000_VEHICLES_AT_THE_MEASURED_NATIONAL_RATIO_2988_STI_UNITS_PER_MILLION_VEHICLES,grid_intensity_kg_per_kwh,ADOPTING_13,2054,4,0.21467366743220614,0.4293473348644123,0.9996723132273598
V33_POLICY_CONDITIONAL,EQUAL_SIZE_COMPARISON_1000000_VEHICLES_AT_THE_MEASURED_NATIONAL_RATIO_2988_STI_UNITS_PER_MILLION_VEHICLES,grid_intensity_kg_per_kwh,ADOPTING_13,2055,4,0.22023121012164462,0.44046242024328924,0.9996723132273598
V33_POLICY_CONDITIONAL,EQUAL_SIZE_COMPARISON_1000000_VEHICLES_AT_THE_MEASURED_NATIONAL_RATIO_2988_STI_UNITS_PER_MILLION_VEHICLES,grid_intensity_kg_per_kwh,ADOPTING_13,2056,4,0.22557958770884862,0.45115917541769723,0.9996723132273598
V33_POLICY_CONDITIONAL,EQUAL_SIZE_COMPARISON_1000000_VEHICLES_AT_THE_MEASURED_NATIONAL_RATIO_2988_STI_UNITS_PER_MILLION_VEHICLES,grid_intensity_kg_per_kwh,ADOPTING_13,2057,4,0.23072667238525912,0.46145334477051825,0.9996723132273598
V33_POLICY_CONDITIONAL,EQUAL_SIZE_COMPARISON_1000000_VEHICLES_AT_THE_MEASURED_NATIONAL_RATIO_2988_STI_UNITS_PER_MILLION_VEHICLES,grid_intensity_kg_per_kwh,ADOPTING_13,2058,4,0.2356800400625008,0.4713600801250016,0.9996723132273598
V33_POLICY_CONDITIONAL,EQUAL_SIZE_COMPARISON_1000000_VEHICLES_AT_THE_MEASURED_NATIONAL_RATIO_2988_STI_UNITS_PER_MILLION_VEHICLES,grid_intensity_kg_per_kwh,ADOPTING_13,2059,4,0.23850617347229736,0.4770123469445947,0.9996723132273598
V33_POLICY_CONDITIONAL,EQUAL_SIZE_COMPARISON_1000000_VEHICLES_AT_THE_MEASURED_NATIONAL_RATIO_2988_STI_UNITS_PER_MILLION_VEHICLES,grid_intensity_kg_per_kwh,ADOPTING_13,2060,4,0.24057196446153736,0.4811439289230747,0.9996723132273598
V33_POLICY_CONDITIONAL,EQUAL_SIZE_COMPARISON_1000000_VEHICLES_AT_THE_MEASURED_NATIONAL_RATIO_2988_STI_UNITS_PER_MILLION_VEHICLES,grid_intensity_kg_per_kwh,ADOPTING_13,2061,4,0.24244972278781451,0.48489944557562903,0.9996723132273598
V33_POLICY_CONDITIONAL,EQUAL_SIZE_COMPARISON_1000000_VEHICLES_AT_THE_MEASURED_NATIONAL_RATIO_2988_STI_UNITS_PER_MILLION_VEHICLES,grid_intensity_kg_per_kwh,ADOPTING_13,2062,4,0.2447091696961726,0.4894183393923452,0.9996723132273598
V33_POLICY_CONDITIONAL,EQUAL_SIZE_COMPARISON_1000000_VEHICLES_AT_THE_MEASURED_NATIONAL_RATIO_2988_STI_UNITS_PER_MILLION_VEHICLES,grid_intensity_kg_per_kwh,ADOPTING_13,2063,4,0.2473355151444414,0.4946710302888828,0.9996723132273598
V33_POLICY_CONDITIONAL,EQUAL_SIZE_COMPARISON_1000000_VEHICLES_AT_THE_MEASURED_NATIONAL_RATIO_2988_STI_UNITS_PER_MILLION_VEHICLES,grid_intensity_kg_per_kwh,ADOPTING_13,2064,4,0.24992712081199225,0.4998542416239845,0.9996723132273598
V33_POLICY_CONDITIONAL,EQUAL_SIZE_COMPARISON_1000000_VEHICLES_AT_THE_MEASURED_NATIONAL_RATIO_2988_STI_UNITS_PER_MILLION_VEHICLES,grid_intensity_kg_per_kwh,ADOPTING_13,2065,4,0.25248444621657984,0.5049688924331597,0.9996723132273598
V33_POLICY_CONDITIONAL,EQUAL_SIZE_COMPARISON_1000000_VEHICLES_AT_THE_MEASURED_NATIONAL_RATIO_2988_STI_UNITS_PER_MILLION_VEHICLES,grid_intensity_kg_per_kwh,ADOPTING_13,2066,4,0.255007944797724,0.510015889595448,0.9996723132273598
V33_POLICY_CONDITIONAL,EQUAL_SIZE_COMPARISON_1000000_VEHICLES_AT_THE_MEASURED_NATIONAL_RATIO_2988_STI_UNITS_PER_MILLION_VEHICLES,grid_intensity_kg_per_kwh,ADOPTING_13,2067,4,0.25749806399710806,0.5149961279942161,0.9996723132273598
V33_POLICY_CONDITIONAL,EQUAL_SIZE_COMPARISON_1000000_VEHICLES_AT_THE_MEASURED_NATIONAL_RATIO_2988_STI_UNITS_PER_MILLION_VEHICLES,grid_intensity_kg_per_kwh,ADOPTING_13,2068,4,0.2599552453379154,0.5199104906758308,0.9996723132273598
V33_POLICY_CONDITIONAL,EQUAL_SIZE_COMPARISON_1000000_VEHICLES_AT_THE_MEASURED_NATIONAL_RATIO_2988_STI_UNITS_PER_MILLION_VEHICLES,grid_intensity_kg_per_kwh,ADOPTING_13,2069,4,0.26237992450311587,0.5247598490062317,0.9996723132273598
V33_POLICY_CONDITIONAL,EQUAL_SIZE_COMPARISON_1000000_VEHICLES_AT_THE_MEASURED_NATIONAL_RATIO_2988_STI_UNITS_PER_MILLION_VEHICLES,grid_intensity_kg_per_kwh,ADOPTING_13,2070,4,0.2647725314127161,0.5295450628254322,0.9996723132273598
V33_POLICY_CONDITIONAL,EQUAL_SIZE_COMPARISON_1000000_VEHICLES_AT_THE_MEASURED_NATIONAL_RATIO_2988_STI_UNITS_PER_MILLION_VEHICLES,grid_intensity_kg_per_kwh,ADOPTING_13,2071,4,0.26713349029998973,0.5342669805999795,0.9996723132273598
V33_POLICY_CONDITIONAL,EQUAL_SIZE_COMPARISON_1000000_VEHICLES_AT_THE_MEASURED_NATIONAL_RATIO_2988_STI_UNITS_PER_MILLION_VEHICLES,grid_intensity_kg_per_kwh,ADOPTING_13,2072,4,0.26946321978669757,0.5389264395733951,0.9996723132273598
V33_POLICY_CONDITIONAL,EQUAL_SIZE_COMPARISON_1000000_VEHICLES_AT_THE_MEASURED_NATIONAL_RATIO_2988_STI_UNITS_PER_MILLION_VEHICLES,grid_intensity_kg_per_kwh,ADOPTING_13,2073,4,0.2717621329573133,0.5435242659146265,0.9996723132273598
V33_POLICY_CONDITIONAL,EQUAL_SIZE_COMPARISON_1000000_VEHICLES_AT_THE_MEASURED_NATIONAL_RATIO_2988_STI_UNITS_PER_MILLION_VEHICLES,grid_intensity_kg_per_kwh,ADOPTING_13,2074,4,0.27403063743226785,0.5480612748645357,0.9996723132273598
V33_POLICY_CONDITIONAL,EQUAL_SIZE_COMPARISON_1000000_VEHICLES_AT_THE_MEASURED_NATIONAL_RATIO_2988_STI_UNITS_PER_MILLION_VEHICLES,grid_intensity_kg_per_kwh,ADOPTING_13,2075,4,0.27626913544022474,0.5525382708804495,0.9996723132273598
V33_POLICY_CONDITIONAL,EQUAL_SIZE_COMPARISON_1000000_VEHICLES_AT_THE_MEASURED_NATIONAL_RATIO_2988_STI_UNITS_PER_MILLION_VEHICLES,grid_intensity_kg_per_kwh,NO_VEHICLE_RULE_38,2025,38,0.09975728889485733,0.19951457778971465,0.9996723132273598
V33_POLICY_CONDITIONAL,EQUAL_SIZE_COMPARISON_1000000_VEHICLES_AT_THE_MEASURED_NATIONAL_RATIO_2988_STI_UNITS_PER_MILLION_VEHICLES,grid_intensity_kg_per_kwh,NO_VEHICLE_RULE_38,2026,38,0.10630519566757088,0.21261039133514176,1.0077949042057
V33_POLICY_CONDITIONAL,EQUAL_SIZE_COMPARISON_1000000_VEHICLES_AT_THE_MEASURED_NATIONAL_RATIO_2988_STI_UNITS_PER_MILLION_VEHICLES,grid_intensity_kg_per_kwh,NO_VEHICLE_RULE_38,2027,38,0.12373004302703255,0.2474600860540651,1.0088612131203796
V33_POLICY_CONDITIONAL,EQUAL_SIZE_COMPARISON_1000000_VEHICLES_AT_THE_MEASURED_NATIONAL_RATIO_2988_STI_UNITS_PER_MILLION_VEHICLES,grid_intensity_kg_per_kwh,NO_VEHICLE_RULE_38,2028,38,0.1625362754344785,0.325072550868957,1.0125782477012013
V33_POLICY_CONDITIONAL,EQUAL_SIZE_COMPARISON_1000000_VEHICLES_AT_THE_MEASURED_NATIONAL_RATIO_2988_STI_UNITS_PER_MILLION_VEHICLES,grid_intensity_kg_per_kwh,NO_VEHICLE_RULE_38,2029,38,0.21961630163531373,0.43923260327062746,1.0148059612925597
V33_POLICY_CONDITIONAL,EQUAL_SIZE_COMPARISON_1000000_VEHICLES_AT_THE_MEASURED_NATIONAL_RATIO_2988_STI_UNITS_PER_MILLION_VEHICLES,grid_intensity_kg_per_kwh,NO_VEHICLE_RULE_38,2030,38,0.2528941060120823,0.5057882120241646,1.0128291574013664
V33_POLICY_CONDITIONAL,EQUAL_SIZE_COMPARISON_1000000_VEHICLES_AT_THE_MEASURED_NATIONAL_RATIO_2988_STI_UNITS_PER_MILLION_VEHICLES,grid_intensity_kg_per_kwh,NO_VEHICLE_RULE_38,2031,38,0.27566447482421996,0.5513289496484399,1.0196365325774877
V33_POLICY_CONDITIONAL,EQUAL_SIZE_COMPARISON_1000000_VEHICLES_AT_THE_MEASURED_NATIONAL_RATIO_2988_STI_UNITS_PER_MILLION_VEHICLES,grid_intensity_kg_per_kwh,NO_VEHICLE_RULE_38,2032,38,0.3398863342573951,0.6797726685147902,1.0241212944699405
V33_POLICY_CONDITIONAL,EQUAL_SIZE_COMPARISON_1000000_VEHICLES_AT_THE_MEASURED_NATIONAL_RATIO_2988_STI_UNITS_PER_MILLION_VEHICLES,grid_intensity_kg_per_kwh,NO_VEHICLE_RULE_38,2033,38,0.3661630880288907,0.7323261760577814,1.023116370053824
V33_POLICY_CONDITIONAL,EQUAL_SIZE_COMPARISON_1000000_VEHICLES_AT_THE_MEASURED_NATIONAL_RATIO_2988_STI_UNITS_PER_MILLION_VEHICLES,grid_intensity_kg_per_kwh,NO_VEHICLE_RULE_38,2034,38,0.43496638192458026,0.8699327638491605,1.0261921357262538
V33_POLICY_CONDITIONAL,EQUAL_SIZE_COMPARISON_1000000_VEHICLES_AT_THE_MEASURED_NATIONAL_RATIO_2988_STI_UNITS_PER_MILLION_VEHICLES,grid_intensity_kg_per_kwh,NO_VEHICLE_RULE_38,2035,38,0.5289801100472762,1.0579602200945524,1.0272167843726676
V33_POLICY_CONDITIONAL,EQUAL_SIZE_COMPARISON_1000000_VEHICLES_AT_THE_MEASURED_NATIONAL_RATIO_2988_STI_UNITS_PER_MILLION_VEHICLES,grid_intensity_kg_per_kwh,NO_VEHICLE_RULE_38,2036,38,0.5436380373888764,1.0872760747777528,1.0197198638621874
V33_POLICY_CONDITIONAL,EQUAL_SIZE_COMPARISON_1000000_VEHICLES_AT_THE_MEASURED_NATIONAL_RATIO_2988_STI_UNITS_PER_MILLION_VEHICLES,grid_intensity_kg_per_kwh,NO_VEHICLE_RULE_38,2037,38,0.5641807977639544,1.1283615955279087,1.0086554465436555
V33_POLICY_CONDITIONAL,EQUAL_SIZE_COMPARISON_1000000_VEHICLES_AT_THE_MEASURED_NATIONAL_RATIO_2988_STI_UNITS_PER_MILLION_VEHICLES,grid_intensity_kg_per_kwh,NO_VEHICLE_RULE_38,2038,38,0.5888141535562518,1.1776283071125035,1.0059427553832416
V33_POLICY_CONDITIONAL,EQUAL_SIZE_COMPARISON_1000000_VEHICLES_AT_THE_MEASURED_NATIONAL_RATIO_2988_STI_UNITS_PER_MILLION_VEHICLES,grid_intensity_kg_per_kwh,NO_VEHICLE_RULE_38,2039,38,0.5856776658215672,1.1713553316431344,1.0091189872539652
V33_POLICY_CONDITIONAL,EQUAL_SIZE_COMPARISON_1000000_VEHICLES_AT_THE_MEASURED_NATIONAL_RATIO_2988_STI_UNITS_PER_MILLION_VEHICLES,grid_intensity_kg_per_kwh,NO_VEHICLE_RULE_38,2040,34,0.6795485332842361,1.3590970665684723,1.0323741645195827
V33_POLICY_CONDITIONAL,EQUAL_SIZE_COMPARISON_1000000_VEHICLES_AT_THE_MEASURED_NATIONAL_RATIO_2988_STI_UNITS_PER_MILLION_VEHICLES,grid_intensity_kg_per_kwh,NO_VEHICLE_RULE_38,2041,34,0.6191670535344334,1.2383341070688667,1.0307354945651332
V33_POLICY_CONDITIONAL,EQUAL_SIZE_COMPARISON_1000000_VEHICLES_AT_THE_MEASURED_NATIONAL_RATIO_2988_STI_UNITS_PER_MILLION_VEHICLES,grid_intensity_kg_per_kwh,NO_VEHICLE_RULE_38,2042,34,0.6242804705672704,1.2485609411345409,1.032693071169447
V33_POLICY_CONDITIONAL,EQUAL_SIZE_COMPARISON_1000000_VEHICLES_AT_THE_MEASURED_NATIONAL_RATIO_2988_STI_UNITS_PER_MILLION_VEHICLES,grid_intensity_kg_per_kwh,NO_VEHICLE_RULE_38,2043,34,0.633906417305878,1.267812834611756,1.0350938973540653
V33_POLICY_CONDITIONAL,EQUAL_SIZE_COMPARISON_1000000_VEHICLES_AT_THE_MEASURED_NATIONAL_RATIO_2988_STI_UNITS_PER_MILLION_VEHICLES,grid_intensity_kg_per_kwh,NO_VEHICLE_RULE_38,2044,34,0.636421303068518,1.272842606137036,1.0227253628702555
V33_POLICY_CONDITIONAL,EQUAL_SIZE_COMPARISON_1000000_VEHICLES_AT_THE_MEASURED_NATIONAL_RATIO_2988_STI_UNITS_PER_MILLION_VEHICLES,grid_intensity_kg_per_kwh,NO_VEHICLE_RULE_38,2045,33,0.6316285213319056,1.2632570426638112,1.032046874547832
V33_POLICY_CONDITIONAL,EQUAL_SIZE_COMPARISON_1000000_VEHICLES_AT_THE_MEASURED_NATIONAL_RATIO_2988_STI_UNITS_PER_MILLION_VEHICLES,grid_intensity_kg_per_kwh,NO_VEHICLE_RULE_38,2046,33,0.6338605181896295,1.267721036379259,1.0258526941449744
V33_POLICY_CONDITIONAL,EQUAL_SIZE_COMPARISON_1000000_VEHICLES_AT_THE_MEASURED_NATIONAL_RATIO_2988_STI_UNITS_PER_MILLION_VEHICLES,grid_intensity_kg_per_kwh,NO_VEHICLE_RULE_38,2047,33,0.6390069888659357,1.2780139777318713,1.0107668382400747
V33_POLICY_CONDITIONAL,EQUAL_SIZE_COMPARISON_1000000_VEHICLES_AT_THE_MEASURED_NATIONAL_RATIO_2988_STI_UNITS_PER_MILLION_VEHICLES,grid_intensity_kg_per_kwh,NO_VEHICLE_RULE_38,2048,33,0.6557300228780462,1.3114600457560923,1.011607841011179
V33_POLICY_CONDITIONAL,EQUAL_SIZE_COMPARISON_1000000_VEHICLES_AT_THE_MEASURED_NATIONAL_RATIO_2988_STI_UNITS_PER_MILLION_VEHICLES,grid_intensity_kg_per_kwh,NO_VEHICLE_RULE_38,2049,33,0.6757723487086679,1.3515446974173357,1.008257772371572
V33_POLICY_CONDITIONAL,EQUAL_SIZE_COMPARISON_1000000_VEHICLES_AT_THE_MEASURED_NATIONAL_RATIO_2988_STI_UNITS_PER_MILLION_VEHICLES,grid_intensity_kg_per_kwh,NO_VEHICLE_RULE_38,2050,30,0.7088182072461343,1.4176364144922686,1.0204314935428571
V33_POLICY_CONDITIONAL,EQUAL_SIZE_COMPARISON_1000000_VEHICLES_AT_THE_MEASURED_NATIONAL_RATIO_2988_STI_UNITS_PER_MILLION_VEHICLES,grid_intensity_kg_per_kwh,NO_VEHICLE_RULE_38,2051,30,0.7053367656399228,1.4106735312798455,1.0188780443011398
V33_POLICY_CONDITIONAL,EQUAL_SIZE_COMPARISON_1000000_VEHICLES_AT_THE_MEASURED_NATIONAL_RATIO_2988_STI_UNITS_PER_MILLION_VEHICLES,grid_intensity_kg_per_kwh,NO_VEHICLE_RULE_38,2052,30,0.6795617108494174,1.3591234216988348,1.0180744832357473
V33_POLICY_CONDITIONAL,EQUAL_SIZE_COMPARISON_1000000_VEHICLES_AT_THE_MEASURED_NATIONAL_RATIO_2988_STI_UNITS_PER_MILLION_VEHICLES,grid_intensity_kg_per_kwh,NO_VEHICLE_RULE_38,2053,30,0.6524626805989706,1.3049253611979412,1.019522639253558
V33_POLICY_CONDITIONAL,EQUAL_SIZE_COMPARISON_1000000_VEHICLES_AT_THE_MEASURED_NATIONAL_RATIO_2988_STI_UNITS_PER_MILLION_VEHICLES,grid_intensity_kg_per_kwh,NO_VEHICLE_RULE_38,2054,30,0.6272258270624245,1.254451654124849,1.019298099019066
V33_POLICY_CONDITIONAL,EQUAL_SIZE_COMPARISON_1000000_VEHICLES_AT_THE_MEASURED_NATIONAL_RATIO_2988_STI_UNITS_PER_MILLION_VEHICLES,grid_intensity_kg_per_kwh,NO_VEHICLE_RULE_38,2055,30,0.6223537450403026,1.2447074900806052,1.01853930907417
V33_POLICY_CONDITIONAL,EQUAL_SIZE_COMPARISON_1000000_VEHICLES_AT_THE_MEASURED_NATIONAL_RATIO_2988_STI_UNITS_PER_MILLION_VEHICLES,grid_intensity_kg_per_kwh,NO_VEHICLE_RULE_38,2056,30,0.6197304693472927,1.2394609386945854,1.0144758209701394
V33_POLICY_CONDITIONAL,EQUAL_SIZE_COMPARISON_1000000_VEHICLES_AT_THE_MEASURED_NATIONAL_RATIO_2988_STI_UNITS_PER_MILLION_VEHICLES,grid_intensity_kg_per_kwh,NO_VEHICLE_RULE_38,2057,30,0.6212183449351696,1.2424366898703392,1.0112075013124515
V33_POLICY_CONDITIONAL,EQUAL_SIZE_COMPARISON_1000000_VEHICLES_AT_THE_MEASURED_NATIONAL_RATIO_2988_STI_UNITS_PER_MILLION_VEHICLES,grid_intensity_kg_per_kwh,NO_VEHICLE_RULE_38,2058,30,0.6266907877935289,1.2533815755870579,1.008053072256978
V33_POLICY_CONDITIONAL,EQUAL_SIZE_COMPARISON_1000000_VEHICLES_AT_THE_MEASURED_NATIONAL_RATIO_2988_STI_UNITS_PER_MILLION_VEHICLES,grid_intensity_kg_per_kwh,NO_VEHICLE_RULE_38,2059,30,0.6263047678869245,1.252609535773849,1.0057260318163117
V33_POLICY_CONDITIONAL,EQUAL_SIZE_COMPARISON_1000000_VEHICLES_AT_THE_MEASURED_NATIONAL_RATIO_2988_STI_UNITS_PER_MILLION_VEHICLES,grid_intensity_kg_per_kwh,NO_VEHICLE_RULE_38,2060,30,0.635364319630607,1.270728639261214,1.0003964277323718
V33_POLICY_CONDITIONAL,EQUAL_SIZE_COMPARISON_1000000_VEHICLES_AT_THE_MEASURED_NATIONAL_RATIO_2988_STI_UNITS_PER_MILLION_VEHICLES,grid_intensity_kg_per_kwh,NO_VEHICLE_RULE_38,2061,30,0.6388542583116332,1.2777085166232665,0.999897148584256
V33_POLICY_CONDITIONAL,EQUAL_SIZE_COMPARISON_1000000_VEHICLES_AT_THE_MEASURED_NATIONAL_RATIO_2988_STI_UNITS_PER_MILLION_VEHICLES,grid_intensity_kg_per_kwh,NO_VEHICLE_RULE_38,2062,30,0.6397272139706262,1.2794544279412523,0.9999180374511336
V33_POLICY_CONDITIONAL,EQUAL_SIZE_COMPARISON_1000000_VEHICLES_AT_THE_MEASURED_NATIONAL_RATIO_2988_STI_UNITS_PER_MILLION_VEHICLES,grid_intensity_kg_per_kwh,NO_VEHICLE_RULE_38,2063,30,0.6425874780751581,1.2851749561503163,0.9996723132273597
V33_POLICY_CONDITIONAL,EQUAL_SIZE_COMPARISON_1000000_VEHICLES_AT_THE_MEASURED_NATIONAL_RATIO_2988_STI_UNITS_PER_MILLION_VEHICLES,grid_intensity_kg_per_kwh,NO_VEHICLE_RULE_38,2064,30,0.6453514441988841,1.2907028883977683,0.9996723132273597
V33_POLICY_CONDITIONAL,EQUAL_SIZE_COMPARISON_1000000_VEHICLES_AT_THE_MEASURED_NATIONAL_RATIO_2988_STI_UNITS_PER_MILLION_VEHICLES,grid_intensity_kg_per_kwh,NO_VEHICLE_RULE_38,2065,30,0.6469541092894875,1.293908218578975,0.9996723132273597
V33_POLICY_CONDITIONAL,EQUAL_SIZE_COMPARISON_1000000_VEHICLES_AT_THE_MEASURED_NATIONAL_RATIO_2988_STI_UNITS_PER_MILLION_VEHICLES,grid_intensity_kg_per_kwh,NO_VEHICLE_RULE_38,2066,30,0.6529125610245776,1.3058251220491552,0.9996723132273597
V33_POLICY_CONDITIONAL,EQUAL_SIZE_COMPARISON_1000000_VEHICLES_AT_THE_MEASURED_NATIONAL_RATIO_2988_STI_UNITS_PER_MILLION_VEHICLES,grid_intensity_kg_per_kwh,NO_VEHICLE_RULE_38,2067,30,0.6596122192293371,1.3192244384586742,0.9996723132273597
V33_POLICY_CONDITIONAL,EQUAL_SIZE_COMPARISON_1000000_VEHICLES_AT_THE_MEASURED_NATIONAL_RATIO_2988_STI_UNITS_PER_MILLION_VEHICLES,grid_intensity_kg_per_kwh,NO_VEHICLE_RULE_38,2068,30,0.6659279139849406,1.3318558279698811,0.9996723132273597
V33_POLICY_CONDITIONAL,EQUAL_SIZE_COMPARISON_1000000_VEHICLES_AT_THE_MEASURED_NATIONAL_RATIO_2988_STI_UNITS_PER_MILLION_VEHICLES,grid_intensity_kg_per_kwh,NO_VEHICLE_RULE_38,2069,30,0.6718980683005209,1.3437961366010418,0.9996723132273597
V33_POLICY_CONDITIONAL,EQUAL_SIZE_COMPARISON_1000000_VEHICLES_AT_THE_MEASURED_NATIONAL_RATIO_2988_STI_UNITS_PER_MILLION_VEHICLES,grid_intensity_kg_per_kwh,NO_VEHICLE_RULE_38,2070,30,0.682232133318136,1.364464266636272,0.9996723132273597
V33_POLICY_CONDITIONAL,EQUAL_SIZE_COMPARISON_1000000_VEHICLES_AT_THE_MEASURED_NATIONAL_RATIO_2988_STI_UNITS_PER_MILLION_VEHICLES,grid_intensity_kg_per_kwh,NO_VEHICLE_RULE_38,2071,30,0.6928981332911519,1.3857962665823038,0.9996723132273597
V33_POLICY_CONDITIONAL,EQUAL_SIZE_COMPARISON_1000000_VEHICLES_AT_THE_MEASURED_NATIONAL_RATIO_2988_STI_UNITS_PER_MILLION_VEHICLES,grid_intensity_kg_per_kwh,NO_VEHICLE_RULE_38,2072,30,0.6962366528358346,1.3924733056716692,0.9996723132273597
V33_POLICY_CONDITIONAL,EQUAL_SIZE_COMPARISON_1000000_VEHICLES_AT_THE_MEASURED_NATIONAL_RATIO_2988_STI_UNITS_PER_MILLION_VEHICLES,grid_intensity_kg_per_kwh,NO_VEHICLE_RULE_38,2073,30,0.6966160550596487,1.3932321101192975,0.9996723132273597
V33_POLICY_CONDITIONAL,EQUAL_SIZE_COMPARISON_1000000_VEHICLES_AT_THE_MEASURED_NATIONAL_RATIO_2988_STI_UNITS_PER_MILLION_VEHICLES,grid_intensity_kg_per_kwh,NO_VEHICLE_RULE_38,2074,30,0.6976489867590159,1.3952979735180318,0.9996723132273597
V33_POLICY_CONDITIONAL,EQUAL_SIZE_COMPARISON_1000000_VEHICLES_AT_THE_MEASURED_NATIONAL_RATIO_2988_STI_UNITS_PER_MILLION_VEHICLES,grid_intensity_kg_per_kwh,NO_VEHICLE_RULE_38,2075,30,0.7021531027298998,1.4043062054597997,0.9996723132273597
V33_POLICY_CONDITIONAL,EQUAL_SIZE_COMPARISON_1000000_VEHICLES_AT_THE_MEASURED_NATIONAL_RATIO_2988_STI_UNITS_PER_MILLION_VEHICLES,grid_intensity_kg_per_kwh,ALL_51,2025,51,0.09975728889485731,0.19951457778971463,0.9996723132273598
V33_POLICY_CONDITIONAL,EQUAL_SIZE_COMPARISON_1000000_VEHICLES_AT_THE_MEASURED_NATIONAL_RATIO_2988_STI_UNITS_PER_MILLION_VEHICLES,grid_intensity_kg_per_kwh,ALL_51,2026,51,0.10554255359375674,0.21108510718751347,1.00558371380958
V33_POLICY_CONDITIONAL,EQUAL_SIZE_COMPARISON_1000000_VEHICLES_AT_THE_MEASURED_NATIONAL_RATIO_2988_STI_UNITS_PER_MILLION_VEHICLES,grid_intensity_kg_per_kwh,ALL_51,2027,51,0.1233415980192565,0.246683196038513,1.0067138863353338
V33_POLICY_CONDITIONAL,EQUAL_SIZE_COMPARISON_1000000_VEHICLES_AT_THE_MEASURED_NATIONAL_RATIO_2988_STI_UNITS_PER_MILLION_VEHICLES,grid_intensity_kg_per_kwh,ALL_51,2028,51,0.1527811354863355,0.305562270972671,1.0093675245780636
V33_POLICY_CONDITIONAL,EQUAL_SIZE_COMPARISON_1000000_VEHICLES_AT_THE_MEASURED_NATIONAL_RATIO_2988_STI_UNITS_PER_MILLION_VEHICLES,grid_intensity_kg_per_kwh,ALL_51,2029,51,0.19969268552907726,0.3993853710581545,1.0111168777538533
V33_POLICY_CONDITIONAL,EQUAL_SIZE_COMPARISON_1000000_VEHICLES_AT_THE_MEASURED_NATIONAL_RATIO_2988_STI_UNITS_PER_MILLION_VEHICLES,grid_intensity_kg_per_kwh,ALL_51,2030,51,0.22084947238429972,0.44169894476859944,1.0030999633065343
V33_POLICY_CONDITIONAL,EQUAL_SIZE_COMPARISON_1000000_VEHICLES_AT_THE_MEASURED_NATIONAL_RATIO_2988_STI_UNITS_PER_MILLION_VEHICLES,grid_intensity_kg_per_kwh,ALL_51,2031,51,0.2493873747222135,0.498774749444427,1.0083251134844693
V33_POLICY_CONDITIONAL,EQUAL_SIZE_COMPARISON_1000000_VEHICLES_AT_THE_MEASURED_NATIONAL_RATIO_2988_STI_UNITS_PER_MILLION_VEHICLES,grid_intensity_kg_per_kwh,ALL_51,2032,50,0.2939688687708205,0.587937737541641,1.0164817204506598
V33_POLICY_CONDITIONAL,EQUAL_SIZE_COMPARISON_1000000_VEHICLES_AT_THE_MEASURED_NATIONAL_RATIO_2988_STI_UNITS_PER_MILLION_VEHICLES,grid_intensity_kg_per_kwh,ALL_51,2033,49,0.35349720023037445,0.7069944004607489,1.0197763209062036
V33_POLICY_CONDITIONAL,EQUAL_SIZE_COMPARISON_1000000_VEHICLES_AT_THE_MEASURED_NATIONAL_RATIO_2988_STI_UNITS_PER_MILLION_VEHICLES,grid_intensity_kg_per_kwh,ALL_51,2034,49,0.3761240144926655,0.752248028985331,1.0134136710894908
V33_POLICY_CONDITIONAL,EQUAL_SIZE_COMPARISON_1000000_VEHICLES_AT_THE_MEASURED_NATIONAL_RATIO_2988_STI_UNITS_PER_MILLION_VEHICLES,grid_intensity_kg_per_kwh,ALL_51,2035,48,0.4343345290675473,0.8686690581350947,1.0131667350452056
V33_POLICY_CONDITIONAL,EQUAL_SIZE_COMPARISON_1000000_VEHICLES_AT_THE_MEASURED_NATIONAL_RATIO_2988_STI_UNITS_PER_MILLION_VEHICLES,grid_intensity_kg_per_kwh,ALL_51,2036,48,0.4270181744777536,0.8540363489555072,1.0098702741693102
V33_POLICY_CONDITIONAL,EQUAL_SIZE_COMPARISON_1000000_VEHICLES_AT_THE_MEASURED_NATIONAL_RATIO_2988_STI_UNITS_PER_MILLION_VEHICLES,grid_intensity_kg_per_kwh,ALL_51,2037,48,0.42089759587659037,0.8417951917531807,1.0021412456686338
V33_POLICY_CONDITIONAL,EQUAL_SIZE_COMPARISON_1000000_VEHICLES_AT_THE_MEASURED_NATIONAL_RATIO_2988_STI_UNITS_PER_MILLION_VEHICLES,grid_intensity_kg_per_kwh,ALL_51,2038,48,0.4630214978896244,0.9260429957792488,1.000854308992123
V33_POLICY_CONDITIONAL,EQUAL_SIZE_COMPARISON_1000000_VEHICLES_AT_THE_MEASURED_NATIONAL_RATIO_2988_STI_UNITS_PER_MILLION_VEHICLES,grid_intensity_kg_per_kwh,ALL_51,2039,48,0.4585673346359836,0.9171346692719672,1.0033962344891543
V33_POLICY_CONDITIONAL,EQUAL_SIZE_COMPARISON_1000000_VEHICLES_AT_THE_MEASURED_NATIONAL_RATIO_2988_STI_UNITS_PER_MILLION_VEHICLES,grid_intensity_kg_per_kwh,ALL_51,2040,42,0.49973647799459464,0.9994729559891893,1.0223623919449634
V33_POLICY_CONDITIONAL,EQUAL_SIZE_COMPARISON_1000000_VEHICLES_AT_THE_MEASURED_NATIONAL_RATIO_2988_STI_UNITS_PER_MILLION_VEHICLES,grid_intensity_kg_per_kwh,ALL_51,2041,42,0.4772236901243502,0.9544473802487003,1.0199125973101066
V33_POLICY_CONDITIONAL,EQUAL_SIZE_COMPARISON_1000000_VEHICLES_AT_THE_MEASURED_NATIONAL_RATIO_2988_STI_UNITS_PER_MILLION_VEHICLES,grid_intensity_kg_per_kwh,ALL_51,2042,42,0.4637564079180834,0.9275128158361668,1.0140418929506172
V33_POLICY_CONDITIONAL,EQUAL_SIZE_COMPARISON_1000000_VEHICLES_AT_THE_MEASURED_NATIONAL_RATIO_2988_STI_UNITS_PER_MILLION_VEHICLES,grid_intensity_kg_per_kwh,ALL_51,2043,42,0.4531796609319996,0.9063593218639991,1.0117185105567221
V33_POLICY_CONDITIONAL,EQUAL_SIZE_COMPARISON_1000000_VEHICLES_AT_THE_MEASURED_NATIONAL_RATIO_2988_STI_UNITS_PER_MILLION_VEHICLES,grid_intensity_kg_per_kwh,ALL_51,2044,42,0.434008532720885,0.86801706544177,1.012724691457556
V33_POLICY_CONDITIONAL,EQUAL_SIZE_COMPARISON_1000000_VEHICLES_AT_THE_MEASURED_NATIONAL_RATIO_2988_STI_UNITS_PER_MILLION_VEHICLES,grid_intensity_kg_per_kwh,ALL_51,2045,38,0.556695906451562,1.113391812903124,1.0263117987852728
V33_POLICY_CONDITIONAL,EQUAL_SIZE_COMPARISON_1000000_VEHICLES_AT_THE_MEASURED_NATIONAL_RATIO_2988_STI_UNITS_PER_MILLION_VEHICLES,grid_intensity_kg_per_kwh,ALL_51,2046,38,0.5316138716863086,1.0632277433726172,1.023214708583844
V33_POLICY_CONDITIONAL,EQUAL_SIZE_COMPARISON_1000000_VEHICLES_AT_THE_MEASURED_NATIONAL_RATIO_2988_STI_UNITS_PER_MILLION_VEHICLES,grid_intensity_kg_per_kwh,ALL_51,2047,38,0.5049309954378252,1.0098619908756503,1.0061973353122773
V33_POLICY_CONDITIONAL,EQUAL_SIZE_COMPARISON_1000000_VEHICLES_AT_THE_MEASURED_NATIONAL_RATIO_2988_STI_UNITS_PER_MILLION_VEHICLES,grid_intensity_kg_per_kwh,ALL_51,2048,38,0.5005760519475329,1.0011521038950657,1.010732395944275
V33_POLICY_CONDITIONAL,EQUAL_SIZE_COMPARISON_1000000_VEHICLES_AT_THE_MEASURED_NATIONAL_RATIO_2988_STI_UNITS_PER_MILLION_VEHICLES,grid_intensity_kg_per_kwh,ALL_51,2049,38,0.499637692062719,0.999275384125438,1.007511026158747
V33_POLICY_CONDITIONAL,EQUAL_SIZE_COMPARISON_1000000_VEHICLES_AT_THE_MEASURED_NATIONAL_RATIO_2988_STI_UNITS_PER_MILLION_VEHICLES,grid_intensity_kg_per_kwh,ALL_51,2050,34,0.546739964135328,1.093479928270656,1.011754725433311
V33_POLICY_CONDITIONAL,EQUAL_SIZE_COMPARISON_1000000_VEHICLES_AT_THE_MEASURED_NATIONAL_RATIO_2988_STI_UNITS_PER_MILLION_VEHICLES,grid_intensity_kg_per_kwh,ALL_51,2051,34,0.5539985651076829,1.1079971302153657,1.0059290159893597
V33_POLICY_CONDITIONAL,EQUAL_SIZE_COMPARISON_1000000_VEHICLES_AT_THE_MEASURED_NATIONAL_RATIO_2988_STI_UNITS_PER_MILLION_VEHICLES,grid_intensity_kg_per_kwh,ALL_51,2052,34,0.5612640895330037,1.1225281790660073,1.007381868284402
V33_POLICY_CONDITIONAL,EQUAL_SIZE_COMPARISON_1000000_VEHICLES_AT_THE_MEASURED_NATIONAL_RATIO_2988_STI_UNITS_PER_MILLION_VEHICLES,grid_intensity_kg_per_kwh,ALL_51,2053,34,0.568595648434161,1.137191296868322,1.0086040258100666
V33_POLICY_CONDITIONAL,EQUAL_SIZE_COMPARISON_1000000_VEHICLES_AT_THE_MEASURED_NATIONAL_RATIO_2988_STI_UNITS_PER_MILLION_VEHICLES,grid_intensity_kg_per_kwh,ALL_51,2054,34,0.5748944909171739,1.1497889818343479,1.0066139749212264
V33_POLICY_CONDITIONAL,EQUAL_SIZE_COMPARISON_1000000_VEHICLES_AT_THE_MEASURED_NATIONAL_RATIO_2988_STI_UNITS_PER_MILLION_VEHICLES,grid_intensity_kg_per_kwh,ALL_51,2055,34,0.5617506450493844,1.1235012900987689,1.0066985303409246
V33_POLICY_CONDITIONAL,EQUAL_SIZE_COMPARISON_1000000_VEHICLES_AT_THE_MEASURED_NATIONAL_RATIO_2988_STI_UNITS_PER_MILLION_VEHICLES,grid_intensity_kg_per_kwh,ALL_51,2056,34,0.5522447467145466,1.1044894934290932,1.0043520484509385
V33_POLICY_CONDITIONAL,EQUAL_SIZE_COMPARISON_1000000_VEHICLES_AT_THE_MEASURED_NATIONAL_RATIO_2988_STI_UNITS_PER_MILLION_VEHICLES,grid_intensity_kg_per_kwh,ALL_51,2057,34,0.5672573534806806,1.1345147069613613,1.0025760515401467
V33_POLICY_CONDITIONAL,EQUAL_SIZE_COMPARISON_1000000_VEHICLES_AT_THE_MEASURED_NATIONAL_RATIO_2988_STI_UNITS_PER_MILLION_VEHICLES,grid_intensity_kg_per_kwh,ALL_51,2058,34,0.583126516350646,1.166253032701292,1.0006334658938543
V33_POLICY_CONDITIONAL,EQUAL_SIZE_COMPARISON_1000000_VEHICLES_AT_THE_MEASURED_NATIONAL_RATIO_2988_STI_UNITS_PER_MILLION_VEHICLES,grid_intensity_kg_per_kwh,ALL_51,2059,34,0.5909247784345681,1.1818495568691363,0.9998818199986541
V33_POLICY_CONDITIONAL,EQUAL_SIZE_COMPARISON_1000000_VEHICLES_AT_THE_MEASURED_NATIONAL_RATIO_2988_STI_UNITS_PER_MILLION_VEHICLES,grid_intensity_kg_per_kwh,ALL_51,2060,34,0.5866345176183552,1.1732690352367103,0.9998946120807806
V33_POLICY_CONDITIONAL,EQUAL_SIZE_COMPARISON_1000000_VEHICLES_AT_THE_MEASURED_NATIONAL_RATIO_2988_STI_UNITS_PER_MILLION_VEHICLES,grid_intensity_kg_per_kwh,ALL_51,2061,34,0.5727437674875876,1.1454875349751752,0.9996723132273598
V33_POLICY_CONDITIONAL,EQUAL_SIZE_COMPARISON_1000000_VEHICLES_AT_THE_MEASURED_NATIONAL_RATIO_2988_STI_UNITS_PER_MILLION_VEHICLES,grid_intensity_kg_per_kwh,ALL_51,2062,34,0.5736447705665961,1.1472895411331923,0.9996723132273598
V33_POLICY_CONDITIONAL,EQUAL_SIZE_COMPARISON_1000000_VEHICLES_AT_THE_MEASURED_NATIONAL_RATIO_2988_STI_UNITS_PER_MILLION_VEHICLES,grid_intensity_kg_per_kwh,ALL_51,2063,34,0.585520044293113,1.171040088586226,0.9996723132273598
V33_POLICY_CONDITIONAL,EQUAL_SIZE_COMPARISON_1000000_VEHICLES_AT_THE_MEASURED_NATIONAL_RATIO_2988_STI_UNITS_PER_MILLION_VEHICLES,grid_intensity_kg_per_kwh,ALL_51,2064,34,0.5974035393561958,1.1948070787123917,0.9996723132273598
V33_POLICY_CONDITIONAL,EQUAL_SIZE_COMPARISON_1000000_VEHICLES_AT_THE_MEASURED_NATIONAL_RATIO_2988_STI_UNITS_PER_MILLION_VEHICLES,grid_intensity_kg_per_kwh,ALL_51,2065,34,0.6092978031335914,1.2185956062671828,0.9996723132273598
V33_POLICY_CONDITIONAL,EQUAL_SIZE_COMPARISON_1000000_VEHICLES_AT_THE_MEASURED_NATIONAL_RATIO_2988_STI_UNITS_PER_MILLION_VEHICLES,grid_intensity_kg_per_kwh,ALL_51,2066,34,0.6174680697878098,1.2349361395756195,0.9996723132273598
V33_POLICY_CONDITIONAL,EQUAL_SIZE_COMPARISON_1000000_VEHICLES_AT_THE_MEASURED_NATIONAL_RATIO_2988_STI_UNITS_PER_MILLION_VEHICLES,grid_intensity_kg_per_kwh,ALL_51,2067,34,0.6277934771159119,1.2555869542318239,0.9996723132273598
V33_POLICY_CONDITIONAL,EQUAL_SIZE_COMPARISON_1000000_VEHICLES_AT_THE_MEASURED_NATIONAL_RATIO_2988_STI_UNITS_PER_MILLION_VEHICLES,grid_intensity_kg_per_kwh,ALL_51,2068,34,0.6393952450528604,1.2787904901057208,0.9996723132273598
V33_POLICY_CONDITIONAL,EQUAL_SIZE_COMPARISON_1000000_VEHICLES_AT_THE_MEASURED_NATIONAL_RATIO_2988_STI_UNITS_PER_MILLION_VEHICLES,grid_intensity_kg_per_kwh,ALL_51,2069,34,0.6515805008571978,1.3031610017143955,0.9996723132273598
V33_POLICY_CONDITIONAL,EQUAL_SIZE_COMPARISON_1000000_VEHICLES_AT_THE_MEASURED_NATIONAL_RATIO_2988_STI_UNITS_PER_MILLION_VEHICLES,grid_intensity_kg_per_kwh,ALL_51,2070,34,0.6591406693650763,1.3182813387301526,0.9996723132273598
V33_POLICY_CONDITIONAL,EQUAL_SIZE_COMPARISON_1000000_VEHICLES_AT_THE_MEASURED_NATIONAL_RATIO_2988_STI_UNITS_PER_MILLION_VEHICLES,grid_intensity_kg_per_kwh,ALL_51,2071,34,0.6663299182609046,1.3326598365218092,0.9996723132273598
V33_POLICY_CONDITIONAL,EQUAL_SIZE_COMPARISON_1000000_VEHICLES_AT_THE_MEASURED_NATIONAL_RATIO_2988_STI_UNITS_PER_MILLION_VEHICLES,grid_intensity_kg_per_kwh,ALL_51,2072,34,0.6733329000142881,1.3466658000285763,0.9996723132273598
V33_POLICY_CONDITIONAL,EQUAL_SIZE_COMPARISON_1000000_VEHICLES_AT_THE_MEASURED_NATIONAL_RATIO_2988_STI_UNITS_PER_MILLION_VEHICLES,grid_intensity_kg_per_kwh,ALL_51,2073,34,0.6807254935012494,1.361450987002499,0.9996723132273598
V33_POLICY_CONDITIONAL,EQUAL_SIZE_COMPARISON_1000000_VEHICLES_AT_THE_MEASURED_NATIONAL_RATIO_2988_STI_UNITS_PER_MILLION_VEHICLES,grid_intensity_kg_per_kwh,ALL_51,2074,34,0.6865901072970597,1.3731802145941194,0.9996723132273598
V33_POLICY_CONDITIONAL,EQUAL_SIZE_COMPARISON_1000000_VEHICLES_AT_THE_MEASURED_NATIONAL_RATIO_2988_STI_UNITS_PER_MILLION_VEHICLES,grid_intensity_kg_per_kwh,ALL_51,2075,34,0.688707653199216,1.377415306398432,0.9996723132273598
