state,tail_rule,year,projection_low_carbon_share,statutory_floor_level,delivered_low_carbon_share,lift
CA,FROZEN,2035,0.7050758835997163,0.9,0.9,0.19492411640028373
CA,FROZEN,2036,0.7096316271448129,0.9,0.9,0.19036837285518715
CA,FROZEN,2037,0.7141873706899096,0.9,0.9,0.18581262931009046
CA,FROZEN,2038,0.7187431142350061,0.9,0.9,0.18125688576499388
CA,FROZEN,2039,0.7232988577801028,0.9,0.9,0.1767011422198972
CA,FROZEN,2040,0.7278546013251994,0.95,0.95,0.22214539867480054
CA,FROZEN,2041,0.7364602328073754,0.95,0.95,0.21353976719262457
CA,FROZEN,2042,0.7450658642895513,0.95,0.95,0.2049341357104486
CA,FROZEN,2043,0.7536714957717273,0.95,0.95,0.19632850422827264
CA,FROZEN,2044,0.7622771272539033,0.95,0.95,0.18772287274609667
CA,FROZEN,2045,0.7708827587360793,1.0,1.0,0.22911724126392075
CA,FROZEN,2046,0.7721910760793089,1.0,1.0,0.22780892392069108
CA,FROZEN,2047,0.7734993934225387,1.0,1.0,0.2265006065774613
CA,FROZEN,2048,0.7748077107657684,1.0,1.0,0.22519228923423162
CA,FROZEN,2049,0.7761160281089982,1.0,1.0,0.22388397189100184
CA,FROZEN,2050,0.7774243454522278,1.0,1.0,0.22257565454777217
CA,FROZEN,2051,0.7774243454522278,1.0,1.0,0.22257565454777217
CA,FROZEN,2052,0.7774243454522278,1.0,1.0,0.22257565454777217
CA,FROZEN,2053,0.7774243454522278,1.0,1.0,0.22257565454777217
CA,FROZEN,2054,0.7774243454522278,1.0,1.0,0.22257565454777217
CA,FROZEN,2055,0.7774243454522278,1.0,1.0,0.22257565454777217
CA,FROZEN,2056,0.7774243454522278,1.0,1.0,0.22257565454777217
CA,FROZEN,2057,0.7774243454522278,1.0,1.0,0.22257565454777217
CA,FROZEN,2058,0.7774243454522278,1.0,1.0,0.22257565454777217
CA,FROZEN,2059,0.7774243454522278,1.0,1.0,0.22257565454777217
CA,FROZEN,2060,0.7774243454522278,1.0,1.0,0.22257565454777217
CA,FROZEN,2061,0.7774243454522278,1.0,1.0,0.22257565454777217
CA,FROZEN,2062,0.7774243454522278,1.0,1.0,0.22257565454777217
CA,FROZEN,2063,0.7774243454522278,1.0,1.0,0.22257565454777217
CA,FROZEN,2064,0.7774243454522278,1.0,1.0,0.22257565454777217
CA,FROZEN,2065,0.7774243454522278,1.0,1.0,0.22257565454777217
CA,FROZEN,2066,0.7774243454522278,1.0,1.0,0.22257565454777217
CA,FROZEN,2067,0.7774243454522278,1.0,1.0,0.22257565454777217
CA,FROZEN,2068,0.7774243454522278,1.0,1.0,0.22257565454777217
CA,FROZEN,2069,0.7774243454522278,1.0,1.0,0.22257565454777217
CA,FROZEN,2070,0.7774243454522278,1.0,1.0,0.22257565454777217
CA,FROZEN,2071,0.7774243454522278,1.0,1.0,0.22257565454777217
CA,FROZEN,2072,0.7774243454522278,1.0,1.0,0.22257565454777217
CA,FROZEN,2073,0.7774243454522278,1.0,1.0,0.22257565454777217
CA,FROZEN,2074,0.7774243454522278,1.0,1.0,0.22257565454777217
CA,FROZEN,2075,0.7774243454522278,1.0,1.0,0.22257565454777217
CA,TREND,2035,0.7050758835997163,0.9,0.9,0.19492411640028373
CA,TREND,2036,0.7096316271448129,0.9,0.9,0.19036837285518715
CA,TREND,2037,0.7141873706899096,0.9,0.9,0.18581262931009046
CA,TREND,2038,0.7187431142350061,0.9,0.9,0.18125688576499388
CA,TREND,2039,0.7232988577801028,0.9,0.9,0.1767011422198972
CA,TREND,2040,0.7278546013251994,0.95,0.95,0.22214539867480054
CA,TREND,2041,0.7364602328073754,0.95,0.95,0.21353976719262457
CA,TREND,2042,0.7450658642895513,0.95,0.95,0.2049341357104486
CA,TREND,2043,0.7536714957717273,0.95,0.95,0.19632850422827264
CA,TREND,2044,0.7622771272539033,0.95,0.95,0.18772287274609667
CA,TREND,2045,0.7708827587360793,1.0,1.0,0.22911724126392075
CA,TREND,2046,0.7721910760793089,1.0,1.0,0.22780892392069108
CA,TREND,2047,0.7734993934225387,1.0,1.0,0.2265006065774613
CA,TREND,2048,0.7748077107657684,1.0,1.0,0.22519228923423162
CA,TREND,2049,0.7761160281089982,1.0,1.0,0.22388397189100184
CA,TREND,2050,0.7774243454522278,1.0,1.0,0.22257565454777217
CA,TREND,2051,0.7787326627954575,1.0,1.0,0.2212673372045425
CA,TREND,2052,0.7800409801386873,1.0,1.0,0.21995901986131272
CA,TREND,2053,0.781349297481917,1.0,1.0,0.21865070251808305
CA,TREND,2054,0.7826576148251467,1.0,1.0,0.21734238517485327
CA,TREND,2055,0.7839659321683764,1.0,1.0,0.2160340678316236
CA,TREND,2056,0.7852742495116061,1.0,1.0,0.21472575048839393
CA,TREND,2057,0.7865825668548359,1.0,1.0,0.21341743314516415
CA,TREND,2058,0.7878908841980655,1.0,1.0,0.21210911580193448
CA,TREND,2059,0.7891992015412953,1.0,1.0,0.2108007984587047
CA,TREND,2060,0.790507518884525,1.0,1.0,0.20949248111547503
CA,TREND,2061,0.7918158362277546,1.0,1.0,0.20818416377224536
CA,TREND,2062,0.7931241535709844,1.0,1.0,0.20687584642901558
CA,TREND,2063,0.7944324709142141,1.0,1.0,0.2055675290857859
CA,TREND,2064,0.7957407882574439,1.0,1.0,0.20425921174255612
CA,TREND,2065,0.7970491056006735,1.0,1.0,0.20295089439932645
CA,TREND,2066,0.7983574229439032,1.0,1.0,0.20164257705609678
CA,TREND,2067,0.799665740287133,1.0,1.0,0.200334259712867
CA,TREND,2068,0.8009740576303627,1.0,1.0,0.19902594236963733
CA,TREND,2069,0.8022823749735924,1.0,1.0,0.19771762502640755
CA,TREND,2070,0.8035906923168221,1.0,1.0,0.19640930768317788
CA,TREND,2071,0.8048990096600518,1.0,1.0,0.1951009903399482
CA,TREND,2072,0.8062073270032816,1.0,1.0,0.19379267299671843
CA,TREND,2073,0.8075156443465112,1.0,1.0,0.19248435565348876
CA,TREND,2074,0.808823961689741,1.0,1.0,0.19117603831025898
CA,TREND,2075,0.8101322790329707,1.0,1.0,0.1898677209670293
CA,STATUTE,2035,0.7050758835997163,0.9,0.9,0.19492411640028373
CA,STATUTE,2036,0.7096316271448129,0.9,0.9,0.19036837285518715
CA,STATUTE,2037,0.7141873706899096,0.9,0.9,0.18581262931009046
CA,STATUTE,2038,0.7187431142350061,0.9,0.9,0.18125688576499388
CA,STATUTE,2039,0.7232988577801028,0.9,0.9,0.1767011422198972
CA,STATUTE,2040,0.7278546013251994,0.95,0.95,0.22214539867480054
CA,STATUTE,2041,0.7364602328073754,0.95,0.95,0.21353976719262457
CA,STATUTE,2042,0.7450658642895513,0.95,0.95,0.2049341357104486
CA,STATUTE,2043,0.7536714957717273,0.95,0.95,0.19632850422827264
CA,STATUTE,2044,0.7622771272539033,0.95,0.95,0.18772287274609667
CA,STATUTE,2045,0.7708827587360793,1.0,1.0,0.22911724126392075
CA,STATUTE,2046,0.7721910760793089,1.0,1.0,0.22780892392069108
CA,STATUTE,2047,0.7734993934225387,1.0,1.0,0.2265006065774613
CA,STATUTE,2048,0.7748077107657684,1.0,1.0,0.22519228923423162
CA,STATUTE,2049,0.7761160281089982,1.0,1.0,0.22388397189100184
CA,STATUTE,2050,0.7774243454522278,1.0,1.0,0.22257565454777217
CA,STATUTE,2051,0.7774243454522278,1.0,1.0,0.22257565454777217
CA,STATUTE,2052,0.7774243454522278,1.0,1.0,0.22257565454777217
CA,STATUTE,2053,0.7774243454522278,1.0,1.0,0.22257565454777217
CA,STATUTE,2054,0.7774243454522278,1.0,1.0,0.22257565454777217
CA,STATUTE,2055,0.7774243454522278,1.0,1.0,0.22257565454777217
CA,STATUTE,2056,0.7774243454522278,1.0,1.0,0.22257565454777217
CA,STATUTE,2057,0.7774243454522278,1.0,1.0,0.22257565454777217
CA,STATUTE,2058,0.7774243454522278,1.0,1.0,0.22257565454777217
CA,STATUTE,2059,0.7774243454522278,1.0,1.0,0.22257565454777217
CA,STATUTE,2060,0.7774243454522278,1.0,1.0,0.22257565454777217
CA,STATUTE,2061,0.7774243454522278,1.0,1.0,0.22257565454777217
CA,STATUTE,2062,0.7774243454522278,1.0,1.0,0.22257565454777217
CA,STATUTE,2063,0.7774243454522278,1.0,1.0,0.22257565454777217
CA,STATUTE,2064,0.7774243454522278,1.0,1.0,0.22257565454777217
CA,STATUTE,2065,0.7774243454522278,1.0,1.0,0.22257565454777217
CA,STATUTE,2066,0.7774243454522278,1.0,1.0,0.22257565454777217
CA,STATUTE,2067,0.7774243454522278,1.0,1.0,0.22257565454777217
CA,STATUTE,2068,0.7774243454522278,1.0,1.0,0.22257565454777217
CA,STATUTE,2069,0.7774243454522278,1.0,1.0,0.22257565454777217
CA,STATUTE,2070,0.7774243454522278,1.0,1.0,0.22257565454777217
CA,STATUTE,2071,0.7774243454522278,1.0,1.0,0.22257565454777217
CA,STATUTE,2072,0.7774243454522278,1.0,1.0,0.22257565454777217
CA,STATUTE,2073,0.7774243454522278,1.0,1.0,0.22257565454777217
CA,STATUTE,2074,0.7774243454522278,1.0,1.0,0.22257565454777217
CA,STATUTE,2075,0.7774243454522278,1.0,1.0,0.22257565454777217
CA,ASYMPTOTIC,2035,0.7050758835997163,0.9,0.9,0.19492411640028373
CA,ASYMPTOTIC,2036,0.7096316271448129,0.9,0.9,0.19036837285518715
CA,ASYMPTOTIC,2037,0.7141873706899096,0.9,0.9,0.18581262931009046
CA,ASYMPTOTIC,2038,0.7187431142350061,0.9,0.9,0.18125688576499388
CA,ASYMPTOTIC,2039,0.7232988577801028,0.9,0.9,0.1767011422198972
CA,ASYMPTOTIC,2040,0.7278546013251994,0.95,0.95,0.22214539867480054
CA,ASYMPTOTIC,2041,0.7364602328073754,0.95,0.95,0.21353976719262457
CA,ASYMPTOTIC,2042,0.7450658642895513,0.95,0.95,0.2049341357104486
CA,ASYMPTOTIC,2043,0.7536714957717273,0.95,0.95,0.19632850422827264
CA,ASYMPTOTIC,2044,0.7622771272539033,0.95,0.95,0.18772287274609667
CA,ASYMPTOTIC,2045,0.7708827587360793,1.0,1.0,0.22911724126392075
CA,ASYMPTOTIC,2046,0.7721910760793089,1.0,1.0,0.22780892392069108
CA,ASYMPTOTIC,2047,0.7734993934225387,1.0,1.0,0.2265006065774613
CA,ASYMPTOTIC,2048,0.7748077107657684,1.0,1.0,0.22519228923423162
CA,ASYMPTOTIC,2049,0.7761160281089982,1.0,1.0,0.22388397189100184
CA,ASYMPTOTIC,2050,0.7774243454522278,1.0,1.0,0.22257565454777217
CA,ASYMPTOTIC,2051,0.7787288251219889,1.0,1.0,0.22127117487801107
CA,ASYMPTOTIC,2052,0.7800256594488113,1.0,1.0,0.2199743405511887
CA,ASYMPTOTIC,2053,0.781314893240805,1.0,1.0,0.21868510675919495
CA,ASYMPTOTIC,2054,0.7825965710434674,1.0,1.0,0.21740342895653264
CA,ASYMPTOTIC,2055,0.7838707371412212,1.0,1.0,0.21612926285877876
CA,ASYMPTOTIC,2056,0.785137435558946,1.0,1.0,0.214862564441054
CA,ASYMPTOTIC,2057,0.7863967100634984,1.0,1.0,0.21360328993650157
CA,ASYMPTOTIC,2058,0.7876486041652249,1.0,1.0,0.21235139583477514
CA,ASYMPTOTIC,2059,0.7888931611194644,1.0,1.0,0.2111068388805356
CA,ASYMPTOTIC,2060,0.7901304239280439,1.0,1.0,0.2098695760719561
CA,ASYMPTOTIC,2061,0.7913604353407633,1.0,1.0,0.20863956465923672
CA,ASYMPTOTIC,2062,0.7925832378568729,1.0,1.0,0.2074167621431271
CA,ASYMPTOTIC,2063,0.7937988737265421,1.0,1.0,0.20620112627345788
CA,ASYMPTOTIC,2064,0.7950073849523187,1.0,1.0,0.2049926150476813
CA,ASYMPTOTIC,2065,0.7962088132905806,1.0,1.0,0.20379118670941943
CA,ASYMPTOTIC,2066,0.797403200252978,1.0,1.0,0.20259679974702205
CA,ASYMPTOTIC,2067,0.7985905871078683,1.0,1.0,0.20140941289213166
CA,ASYMPTOTIC,2068,0.799771014881742,1.0,1.0,0.20022898511825804
CA,ASYMPTOTIC,2069,0.8009445243606397,1.0,1.0,0.19905547563936032
CA,ASYMPTOTIC,2070,0.8021111560915617,1.0,1.0,0.1978888439084383
CA,ASYMPTOTIC,2071,0.8032709503838691,1.0,1.0,0.1967290496161309
CA,ASYMPTOTIC,2072,0.8044239473106761,1.0,1.0,0.19557605268932388
CA,ASYMPTOTIC,2073,0.8055701867102354,1.0,1.0,0.1944298132897646
CA,ASYMPTOTIC,2074,0.8067097081873136,1.0,1.0,0.19329029181268642
CA,ASYMPTOTIC,2075,0.8078425511145607,1.0,1.0,0.19215744888543929
CO,FROZEN,2050,0.7834339248729402,1.0,1.0,0.21656607512705983
CO,FROZEN,2051,0.7834339248729402,1.0,1.0,0.21656607512705983
CO,FROZEN,2052,0.7834339248729402,1.0,1.0,0.21656607512705983
CO,FROZEN,2053,0.7834339248729402,1.0,1.0,0.21656607512705983
CO,FROZEN,2054,0.7834339248729402,1.0,1.0,0.21656607512705983
CO,FROZEN,2055,0.7834339248729402,1.0,1.0,0.21656607512705983
CO,FROZEN,2056,0.7834339248729402,1.0,1.0,0.21656607512705983
CO,FROZEN,2057,0.7834339248729402,1.0,1.0,0.21656607512705983
CO,FROZEN,2058,0.7834339248729402,1.0,1.0,0.21656607512705983
CO,FROZEN,2059,0.7834339248729402,1.0,1.0,0.21656607512705983
CO,FROZEN,2060,0.7834339248729402,1.0,1.0,0.21656607512705983
CO,FROZEN,2061,0.7834339248729402,1.0,1.0,0.21656607512705983
CO,FROZEN,2062,0.7834339248729402,1.0,1.0,0.21656607512705983
CO,FROZEN,2063,0.7834339248729402,1.0,1.0,0.21656607512705983
CO,FROZEN,2064,0.7834339248729402,1.0,1.0,0.21656607512705983
CO,FROZEN,2065,0.7834339248729402,1.0,1.0,0.21656607512705983
CO,FROZEN,2066,0.7834339248729402,1.0,1.0,0.21656607512705983
CO,FROZEN,2067,0.7834339248729402,1.0,1.0,0.21656607512705983
CO,FROZEN,2068,0.7834339248729402,1.0,1.0,0.21656607512705983
CO,FROZEN,2069,0.7834339248729402,1.0,1.0,0.21656607512705983
CO,FROZEN,2070,0.7834339248729402,1.0,1.0,0.21656607512705983
CO,FROZEN,2071,0.7834339248729402,1.0,1.0,0.21656607512705983
CO,FROZEN,2072,0.7834339248729402,1.0,1.0,0.21656607512705983
CO,FROZEN,2073,0.7834339248729402,1.0,1.0,0.21656607512705983
CO,FROZEN,2074,0.7834339248729402,1.0,1.0,0.21656607512705983
CO,FROZEN,2075,0.7834339248729402,1.0,1.0,0.21656607512705983
CO,TREND,2050,0.7834339248729402,1.0,1.0,0.21656607512705983
CO,TREND,2051,0.7851093322263967,1.0,1.0,0.21489066777360333
CO,TREND,2052,0.7867847395798532,1.0,1.0,0.21321526042014682
CO,TREND,2053,0.7884601469333098,1.0,1.0,0.2115398530666902
CO,TREND,2054,0.7901355542867663,1.0,1.0,0.2098644457132337
CO,TREND,2055,0.7918109616402228,1.0,1.0,0.2081890383597772
CO,TREND,2056,0.7934863689936793,1.0,1.0,0.2065136310063207
CO,TREND,2057,0.7951617763471358,1.0,1.0,0.2048382236528642
CO,TREND,2058,0.7968371837005924,1.0,1.0,0.20316281629940758
CO,TREND,2059,0.7985125910540489,1.0,1.0,0.20148740894595107
CO,TREND,2060,0.8001879984075054,1.0,1.0,0.19981200159249457
CO,TREND,2061,0.8018634057609619,1.0,1.0,0.19813659423903807
CO,TREND,2062,0.8035388131144184,1.0,1.0,0.19646118688558156
CO,TREND,2063,0.805214220467875,1.0,1.0,0.19478577953212495
CO,TREND,2064,0.8068896278213316,1.0,1.0,0.19311037217866844
CO,TREND,2065,0.8085650351747881,1.0,1.0,0.19143496482521194
CO,TREND,2066,0.8102404425282446,1.0,1.0,0.18975955747175544
CO,TREND,2067,0.8119158498817011,1.0,1.0,0.18808415011829893
CO,TREND,2068,0.8135912572351577,1.0,1.0,0.18640874276484232
CO,TREND,2069,0.8152666645886142,1.0,1.0,0.1847333354113858
CO,TREND,2070,0.8169420719420707,1.0,1.0,0.1830579280579293
CO,TREND,2071,0.8186174792955272,1.0,1.0,0.1813825207044728
CO,TREND,2072,0.8202928866489837,1.0,1.0,0.1797071133510163
CO,TREND,2073,0.8219682940024403,1.0,1.0,0.17803170599755969
CO,TREND,2074,0.8236437013558968,1.0,1.0,0.17635629864410318
CO,TREND,2075,0.8253191087093533,1.0,1.0,0.17468089129064668
CO,STATUTE,2050,0.7834339248729402,1.0,1.0,0.21656607512705983
CO,STATUTE,2051,0.7834339248729402,1.0,1.0,0.21656607512705983
CO,STATUTE,2052,0.7834339248729402,1.0,1.0,0.21656607512705983
CO,STATUTE,2053,0.7834339248729402,1.0,1.0,0.21656607512705983
CO,STATUTE,2054,0.7834339248729402,1.0,1.0,0.21656607512705983
CO,STATUTE,2055,0.7834339248729402,1.0,1.0,0.21656607512705983
CO,STATUTE,2056,0.7834339248729402,1.0,1.0,0.21656607512705983
CO,STATUTE,2057,0.7834339248729402,1.0,1.0,0.21656607512705983
CO,STATUTE,2058,0.7834339248729402,1.0,1.0,0.21656607512705983
CO,STATUTE,2059,0.7834339248729402,1.0,1.0,0.21656607512705983
CO,STATUTE,2060,0.7834339248729402,1.0,1.0,0.21656607512705983
CO,STATUTE,2061,0.7834339248729402,1.0,1.0,0.21656607512705983
CO,STATUTE,2062,0.7834339248729402,1.0,1.0,0.21656607512705983
CO,STATUTE,2063,0.7834339248729402,1.0,1.0,0.21656607512705983
CO,STATUTE,2064,0.7834339248729402,1.0,1.0,0.21656607512705983
CO,STATUTE,2065,0.7834339248729402,1.0,1.0,0.21656607512705983
CO,STATUTE,2066,0.7834339248729402,1.0,1.0,0.21656607512705983
CO,STATUTE,2067,0.7834339248729402,1.0,1.0,0.21656607512705983
CO,STATUTE,2068,0.7834339248729402,1.0,1.0,0.21656607512705983
CO,STATUTE,2069,0.7834339248729402,1.0,1.0,0.21656607512705983
CO,STATUTE,2070,0.7834339248729402,1.0,1.0,0.21656607512705983
CO,STATUTE,2071,0.7834339248729402,1.0,1.0,0.21656607512705983
CO,STATUTE,2072,0.7834339248729402,1.0,1.0,0.21656607512705983
CO,STATUTE,2073,0.7834339248729402,1.0,1.0,0.21656607512705983
CO,STATUTE,2074,0.7834339248729402,1.0,1.0,0.21656607512705983
CO,STATUTE,2075,0.7834339248729402,1.0,1.0,0.21656607512705983
CO,ASYMPTOTIC,2050,0.7834339248729402,1.0,1.0,0.21656607512705983
CO,ASYMPTOTIC,2051,0.7851028682286078,1.0,1.0,0.21489713177139225
CO,ASYMPTOTIC,2052,0.7867589500503402,1.0,1.0,0.21324104994965976
CO,ASYMPTOTIC,2053,0.788402269454177,1.0,1.0,0.21159773054582298
CO,ASYMPTOTIC,2054,0.79003292479233,1.0,1.0,0.20996707520767
CO,ASYMPTOTIC,2055,0.7916510136590705,1.0,1.0,0.20834898634092947
CO,ASYMPTOTIC,2056,0.79325663289657,1.0,1.0,0.20674336710343
CO,ASYMPTOTIC,2057,0.794849878600696,1.0,1.0,0.205150121399304
CO,ASYMPTOTIC,2058,0.7964308461267635,1.0,1.0,0.20356915387323649
CO,ASYMPTOTIC,2059,0.7979996300952418,1.0,1.0,0.20200036990475823
CO,ASYMPTOTIC,2060,0.799556324397418,1.0,1.0,0.20044367560258203
CO,ASYMPTOTIC,2061,0.8011010222010155,1.0,1.0,0.19889897779898447
CO,ASYMPTOTIC,2062,0.8026338159557711,1.0,1.0,0.1973661840442289
CO,ASYMPTOTIC,2063,0.8041547973989672,1.0,1.0,0.19584520260103278
CO,ASYMPTOTIC,2064,0.8056640575609229,1.0,1.0,0.19433594243907715
CO,ASYMPTOTIC,2065,0.8071616867704415,1.0,1.0,0.19283831322955847
CO,ASYMPTOTIC,2066,0.8086477746602174,1.0,1.0,0.19135222533978258
CO,ASYMPTOTIC,2067,0.8101224101721999,1.0,1.0,0.18987758982780012
CO,ASYMPTOTIC,2068,0.8115856815629168,1.0,1.0,0.18841431843708323
CO,ASYMPTOTIC,2069,0.8130376764087565,1.0,1.0,0.18696232359124354
CO,ASYMPTOTIC,2070,0.8144784816112088,1.0,1.0,0.18552151838879116
CO,ASYMPTOTIC,2071,0.8159081834020673,1.0,1.0,0.18409181659793272
CO,ASYMPTOTIC,2072,0.8173268673485886,1.0,1.0,0.18267313265141139
CO,ASYMPTOTIC,2073,0.8187346183586149,1.0,1.0,0.18126538164138506
CO,ASYMPTOTIC,2074,0.8201315206856551,1.0,1.0,0.1798684793143449
CO,ASYMPTOTIC,2075,0.8215176579339272,1.0,1.0,0.17848234206607283
CT,FROZEN,2040,0.5800554586585467,1.0,1.0,0.4199445413414533
CT,FROZEN,2041,0.5795777505497217,1.0,1.0,0.4204222494502783
CT,FROZEN,2042,0.5791000424408966,1.0,1.0,0.42089995755910337
CT,FROZEN,2043,0.5786223343320717,1.0,1.0,0.42137766566792834
CT,FROZEN,2044,0.5781446262232466,1.0,1.0,0.4218553737767534
CT,FROZEN,2045,0.5776669181144216,1.0,1.0,0.4223330818855784
CT,FROZEN,2046,0.5868456661551983,1.0,1.0,0.4131543338448017
CT,FROZEN,2047,0.596024414195975,1.0,1.0,0.40397558580402504
CT,FROZEN,2048,0.6052031622367517,1.0,1.0,0.39479683776324825
CT,FROZEN,2049,0.6143819102775284,1.0,1.0,0.3856180897224716
CT,FROZEN,2050,0.6235606583183051,1.0,1.0,0.3764393416816949
CT,FROZEN,2051,0.6235606583183051,1.0,1.0,0.3764393416816949
CT,FROZEN,2052,0.6235606583183051,1.0,1.0,0.3764393416816949
CT,FROZEN,2053,0.6235606583183051,1.0,1.0,0.3764393416816949
CT,FROZEN,2054,0.6235606583183051,1.0,1.0,0.3764393416816949
CT,FROZEN,2055,0.6235606583183051,1.0,1.0,0.3764393416816949
CT,FROZEN,2056,0.6235606583183051,1.0,1.0,0.3764393416816949
CT,FROZEN,2057,0.6235606583183051,1.0,1.0,0.3764393416816949
CT,FROZEN,2058,0.6235606583183051,1.0,1.0,0.3764393416816949
CT,FROZEN,2059,0.6235606583183051,1.0,1.0,0.3764393416816949
CT,FROZEN,2060,0.6235606583183051,1.0,1.0,0.3764393416816949
CT,FROZEN,2061,0.6235606583183051,1.0,1.0,0.3764393416816949
CT,FROZEN,2062,0.6235606583183051,1.0,1.0,0.3764393416816949
CT,FROZEN,2063,0.6235606583183051,1.0,1.0,0.3764393416816949
CT,FROZEN,2064,0.6235606583183051,1.0,1.0,0.3764393416816949
CT,FROZEN,2065,0.6235606583183051,1.0,1.0,0.3764393416816949
CT,FROZEN,2066,0.6235606583183051,1.0,1.0,0.3764393416816949
CT,FROZEN,2067,0.6235606583183051,1.0,1.0,0.3764393416816949
CT,FROZEN,2068,0.6235606583183051,1.0,1.0,0.3764393416816949
CT,FROZEN,2069,0.6235606583183051,1.0,1.0,0.3764393416816949
CT,FROZEN,2070,0.6235606583183051,1.0,1.0,0.3764393416816949
CT,FROZEN,2071,0.6235606583183051,1.0,1.0,0.3764393416816949
CT,FROZEN,2072,0.6235606583183051,1.0,1.0,0.3764393416816949
CT,FROZEN,2073,0.6235606583183051,1.0,1.0,0.3764393416816949
CT,FROZEN,2074,0.6235606583183051,1.0,1.0,0.3764393416816949
CT,FROZEN,2075,0.6235606583183051,1.0,1.0,0.3764393416816949
CT,TREND,2040,0.5800554586585467,1.0,1.0,0.4199445413414533
CT,TREND,2041,0.5795777505497217,1.0,1.0,0.4204222494502783
CT,TREND,2042,0.5791000424408966,1.0,1.0,0.42089995755910337
CT,TREND,2043,0.5786223343320717,1.0,1.0,0.42137766566792834
CT,TREND,2044,0.5781446262232466,1.0,1.0,0.4218553737767534
CT,TREND,2045,0.5776669181144216,1.0,1.0,0.4223330818855784
CT,TREND,2046,0.5868456661551983,1.0,1.0,0.4131543338448017
CT,TREND,2047,0.596024414195975,1.0,1.0,0.40397558580402504
CT,TREND,2048,0.6052031622367517,1.0,1.0,0.39479683776324825
CT,TREND,2049,0.6143819102775284,1.0,1.0,0.3856180897224716
CT,TREND,2050,0.6235606583183051,1.0,1.0,0.3764393416816949
CT,TREND,2051,0.6327394063590818,1.0,1.0,0.36726059364091823
CT,TREND,2052,0.6419181543998584,1.0,1.0,0.35808184560014156
CT,TREND,2053,0.6510969024406352,1.0,1.0,0.34890309755936477
CT,TREND,2054,0.6602756504814119,1.0,1.0,0.3397243495185881
CT,TREND,2055,0.6694543985221886,1.0,1.0,0.3305456014778114
CT,TREND,2056,0.6786331465629653,1.0,1.0,0.32136685343703475
CT,TREND,2057,0.6878118946037419,1.0,1.0,0.3121881053962581
CT,TREND,2058,0.6969906426445187,1.0,1.0,0.3030093573554813
CT,TREND,2059,0.7061693906852954,1.0,1.0,0.2938306093147046
CT,TREND,2060,0.7153481387260721,1.0,1.0,0.28465186127392794
CT,TREND,2061,0.7245268867668487,1.0,1.0,0.27547311323315127
CT,TREND,2062,0.7337056348076254,1.0,1.0,0.2662943651923746
CT,TREND,2063,0.7428843828484022,1.0,1.0,0.2571156171515978
CT,TREND,2064,0.7520631308891789,1.0,1.0,0.24793686911082113
CT,TREND,2065,0.7612418789299555,1.0,1.0,0.23875812107004446
CT,TREND,2066,0.7704206269707322,1.0,1.0,0.22957937302926779
CT,TREND,2067,0.7795993750115089,1.0,1.0,0.2204006249884911
CT,TREND,2068,0.7887781230522857,1.0,1.0,0.21122187694771433
CT,TREND,2069,0.7979568710930623,1.0,1.0,0.20204312890693765
CT,TREND,2070,0.807135619133839,1.0,1.0,0.19286438086616098
CT,TREND,2071,0.8163143671746157,1.0,1.0,0.1836856328253843
CT,TREND,2072,0.8254931152153924,1.0,1.0,0.17450688478460763
CT,TREND,2073,0.8346718632561692,1.0,1.0,0.16532813674383084
CT,TREND,2074,0.8438506112969458,1.0,1.0,0.15614938870305417
CT,TREND,2075,0.8530293593377225,1.0,1.0,0.1469706406622775
CT,STATUTE,2040,0.5800554586585467,1.0,1.0,0.4199445413414533
CT,STATUTE,2041,0.5795777505497217,1.0,1.0,0.4204222494502783
CT,STATUTE,2042,0.5791000424408966,1.0,1.0,0.42089995755910337
CT,STATUTE,2043,0.5786223343320717,1.0,1.0,0.42137766566792834
CT,STATUTE,2044,0.5781446262232466,1.0,1.0,0.4218553737767534
CT,STATUTE,2045,0.5776669181144216,1.0,1.0,0.4223330818855784
CT,STATUTE,2046,0.5868456661551983,1.0,1.0,0.4131543338448017
CT,STATUTE,2047,0.596024414195975,1.0,1.0,0.40397558580402504
CT,STATUTE,2048,0.6052031622367517,1.0,1.0,0.39479683776324825
CT,STATUTE,2049,0.6143819102775284,1.0,1.0,0.3856180897224716
CT,STATUTE,2050,0.6235606583183051,1.0,1.0,0.3764393416816949
CT,STATUTE,2051,0.6235606583183051,1.0,1.0,0.3764393416816949
CT,STATUTE,2052,0.6235606583183051,1.0,1.0,0.3764393416816949
CT,STATUTE,2053,0.6235606583183051,1.0,1.0,0.3764393416816949
CT,STATUTE,2054,0.6235606583183051,1.0,1.0,0.3764393416816949
CT,STATUTE,2055,0.6235606583183051,1.0,1.0,0.3764393416816949
CT,STATUTE,2056,0.6235606583183051,1.0,1.0,0.3764393416816949
CT,STATUTE,2057,0.6235606583183051,1.0,1.0,0.3764393416816949
CT,STATUTE,2058,0.6235606583183051,1.0,1.0,0.3764393416816949
CT,STATUTE,2059,0.6235606583183051,1.0,1.0,0.3764393416816949
CT,STATUTE,2060,0.6235606583183051,1.0,1.0,0.3764393416816949
CT,STATUTE,2061,0.6235606583183051,1.0,1.0,0.3764393416816949
CT,STATUTE,2062,0.6235606583183051,1.0,1.0,0.3764393416816949
CT,STATUTE,2063,0.6235606583183051,1.0,1.0,0.3764393416816949
CT,STATUTE,2064,0.6235606583183051,1.0,1.0,0.3764393416816949
CT,STATUTE,2065,0.6235606583183051,1.0,1.0,0.3764393416816949
CT,STATUTE,2066,0.6235606583183051,1.0,1.0,0.3764393416816949
CT,STATUTE,2067,0.6235606583183051,1.0,1.0,0.3764393416816949
CT,STATUTE,2068,0.6235606583183051,1.0,1.0,0.3764393416816949
CT,STATUTE,2069,0.6235606583183051,1.0,1.0,0.3764393416816949
CT,STATUTE,2070,0.6235606583183051,1.0,1.0,0.3764393416816949
CT,STATUTE,2071,0.6235606583183051,1.0,1.0,0.3764393416816949
CT,STATUTE,2072,0.6235606583183051,1.0,1.0,0.3764393416816949
CT,STATUTE,2073,0.6235606583183051,1.0,1.0,0.3764393416816949
CT,STATUTE,2074,0.6235606583183051,1.0,1.0,0.3764393416816949
CT,STATUTE,2075,0.6235606583183051,1.0,1.0,0.3764393416816949
CT,ASYMPTOTIC,2040,0.5800554586585467,1.0,1.0,0.4199445413414533
CT,ASYMPTOTIC,2041,0.5795777505497217,1.0,1.0,0.4204222494502783
CT,ASYMPTOTIC,2042,0.5791000424408966,1.0,1.0,0.42089995755910337
CT,ASYMPTOTIC,2043,0.5786223343320717,1.0,1.0,0.42137766566792834
CT,ASYMPTOTIC,2044,0.5781446262232466,1.0,1.0,0.4218553737767534
CT,ASYMPTOTIC,2045,0.5776669181144216,1.0,1.0,0.4223330818855784
CT,ASYMPTOTIC,2046,0.5868456661551983,1.0,1.0,0.4131543338448017
CT,ASYMPTOTIC,2047,0.596024414195975,1.0,1.0,0.40397558580402504
CT,ASYMPTOTIC,2048,0.6052031622367517,1.0,1.0,0.39479683776324825
CT,ASYMPTOTIC,2049,0.6143819102775284,1.0,1.0,0.3856180897224716
CT,ASYMPTOTIC,2050,0.6235606583183051,1.0,1.0,0.3764393416816949
CT,ASYMPTOTIC,2051,0.6326284073122992,1.0,1.0,0.3673715926877008
CT,ASYMPTOTIC,2052,0.6414777304864767,1.0,1.0,0.3585222695135233
CT,ASYMPTOTIC,2053,0.6501138893273204,1.0,1.0,0.3498861106726796
CT,ASYMPTOTIC,2054,0.6585420185815347,1.0,1.0,0.3414579814184653
CT,ASYMPTOTIC,2055,0.6667671293089801,1.0,1.0,0.3332328706910199
CT,ASYMPTOTIC,2056,0.6747941118620664,1.0,1.0,0.3252058881379336
CT,ASYMPTOTIC,2057,0.6826277387933801,1.0,1.0,0.3173722612066199
CT,ASYMPTOTIC,2058,0.6902726676932702,1.0,1.0,0.3097273323067298
CT,ASYMPTOTIC,2059,0.6977334439590825,1.0,1.0,0.30226655604091746
CT,ASYMPTOTIC,2060,0.7050145034976887,1.0,1.0,0.2949854965023113
CT,ASYMPTOTIC,2061,0.7121201753629144,1.0,1.0,0.2878798246370856
CT,ASYMPTOTIC,2062,0.7190546843294385,1.0,1.0,0.28094531567056147
CT,ASYMPTOTIC,2063,0.7258221534046905,1.0,1.0,0.2741778465953095
CT,ASYMPTOTIC,2064,0.7324266062802413,1.0,1.0,0.26757339371975875
CT,ASYMPTOTIC,2065,0.7388719697241438,1.0,1.0,0.2611280302758562
CT,ASYMPTOTIC,2066,0.7451620759156474,1.0,1.0,0.2548379240843526
CT,ASYMPTOTIC,2067,0.7513006647236721,1.0,1.0,0.24869933527632793
CT,ASYMPTOTIC,2068,0.7572913859303992,1.0,1.0,0.24270861406960076
CT,ASYMPTOTIC,2069,0.7631378014012994,1.0,1.0,0.2368621985987006
CT,ASYMPTOTIC,2070,0.7688433872028885,1.0,1.0,0.23115661279711153
CT,ASYMPTOTIC,2071,0.7744115356694705,1.0,1.0,0.22558846433052948
CT,ASYMPTOTIC,2072,0.7798455574200971,1.0,1.0,0.2201544425799029
CT,ASYMPTOTIC,2073,0.7851486833269403,1.0,1.0,0.21485131667305968
CT,ASYMPTOTIC,2074,0.7903240664362536,1.0,1.0,0.20967593356374636
CT,ASYMPTOTIC,2075,0.7953747838430574,1.0,1.0,0.20462521615694262
DC,FROZEN,2032,0.5729255014913445,1.0,1.0,0.42707449850865553
DC,FROZEN,2033,0.6002294743119587,1.0,1.0,0.3997705256880413
DC,FROZEN,2034,0.627533447132573,1.0,1.0,0.372466552867427
DC,FROZEN,2035,0.6548374199531872,1.0,1.0,0.3451625800468128
DC,FROZEN,2036,0.6579240392091288,1.0,1.0,0.3420759607908712
DC,FROZEN,2037,0.6610106584650703,1.0,1.0,0.33898934153492966
DC,FROZEN,2038,0.6640972777210119,1.0,1.0,0.3359027222789881
DC,FROZEN,2039,0.6671838969769535,1.0,1.0,0.33281610302304654
DC,FROZEN,2040,0.670270516232895,1.0,1.0,0.329729483767105
DC,FROZEN,2041,0.670742001335484,1.0,1.0,0.329257998664516
DC,FROZEN,2042,0.671213486438073,1.0,1.0,0.328786513561927
DC,FROZEN,2043,0.6716849715406619,1.0,1.0,0.32831502845933813
DC,FROZEN,2044,0.6721564566432509,1.0,1.0,0.32784354335674915
DC,FROZEN,2045,0.6726279417458398,1.0,1.0,0.32737205825416016
DC,FROZEN,2046,0.6719720525110654,1.0,1.0,0.3280279474889346
DC,FROZEN,2047,0.6713161632762911,1.0,1.0,0.32868383672370893
DC,FROZEN,2048,0.6706602740415166,1.0,1.0,0.3293397259584834
DC,FROZEN,2049,0.6700043848067423,1.0,1.0,0.3299956151932577
DC,FROZEN,2050,0.6693484955719678,1.0,1.0,0.33065150442803215
DC,FROZEN,2051,0.6693484955719678,1.0,1.0,0.33065150442803215
DC,FROZEN,2052,0.6693484955719678,1.0,1.0,0.33065150442803215
DC,FROZEN,2053,0.6693484955719678,1.0,1.0,0.33065150442803215
DC,FROZEN,2054,0.6693484955719678,1.0,1.0,0.33065150442803215
DC,FROZEN,2055,0.6693484955719678,1.0,1.0,0.33065150442803215
DC,FROZEN,2056,0.6693484955719678,1.0,1.0,0.33065150442803215
DC,FROZEN,2057,0.6693484955719678,1.0,1.0,0.33065150442803215
DC,FROZEN,2058,0.6693484955719678,1.0,1.0,0.33065150442803215
DC,FROZEN,2059,0.6693484955719678,1.0,1.0,0.33065150442803215
DC,FROZEN,2060,0.6693484955719678,1.0,1.0,0.33065150442803215
DC,FROZEN,2061,0.6693484955719678,1.0,1.0,0.33065150442803215
DC,FROZEN,2062,0.6693484955719678,1.0,1.0,0.33065150442803215
DC,FROZEN,2063,0.6693484955719678,1.0,1.0,0.33065150442803215
DC,FROZEN,2064,0.6693484955719678,1.0,1.0,0.33065150442803215
DC,FROZEN,2065,0.6693484955719678,1.0,1.0,0.33065150442803215
DC,FROZEN,2066,0.6693484955719678,1.0,1.0,0.33065150442803215
DC,FROZEN,2067,0.6693484955719678,1.0,1.0,0.33065150442803215
DC,FROZEN,2068,0.6693484955719678,1.0,1.0,0.33065150442803215
DC,FROZEN,2069,0.6693484955719678,1.0,1.0,0.33065150442803215
DC,FROZEN,2070,0.6693484955719678,1.0,1.0,0.33065150442803215
DC,FROZEN,2071,0.6693484955719678,1.0,1.0,0.33065150442803215
DC,FROZEN,2072,0.6693484955719678,1.0,1.0,0.33065150442803215
DC,FROZEN,2073,0.6693484955719678,1.0,1.0,0.33065150442803215
DC,FROZEN,2074,0.6693484955719678,1.0,1.0,0.33065150442803215
DC,FROZEN,2075,0.6693484955719678,1.0,1.0,0.33065150442803215
DC,TREND,2032,0.5729255014913445,1.0,1.0,0.42707449850865553
DC,TREND,2033,0.6002294743119587,1.0,1.0,0.3997705256880413
DC,TREND,2034,0.627533447132573,1.0,1.0,0.372466552867427
DC,TREND,2035,0.6548374199531872,1.0,1.0,0.3451625800468128
DC,TREND,2036,0.6579240392091288,1.0,1.0,0.3420759607908712
DC,TREND,2037,0.6610106584650703,1.0,1.0,0.33898934153492966
DC,TREND,2038,0.6640972777210119,1.0,1.0,0.3359027222789881
DC,TREND,2039,0.6671838969769535,1.0,1.0,0.33281610302304654
DC,TREND,2040,0.670270516232895,1.0,1.0,0.329729483767105
DC,TREND,2041,0.670742001335484,1.0,1.0,0.329257998664516
DC,TREND,2042,0.671213486438073,1.0,1.0,0.328786513561927
DC,TREND,2043,0.6716849715406619,1.0,1.0,0.32831502845933813
DC,TREND,2044,0.6721564566432509,1.0,1.0,0.32784354335674915
DC,TREND,2045,0.6726279417458398,1.0,1.0,0.32737205825416016
DC,TREND,2046,0.6719720525110654,1.0,1.0,0.3280279474889346
DC,TREND,2047,0.6713161632762911,1.0,1.0,0.32868383672370893
DC,TREND,2048,0.6706602740415166,1.0,1.0,0.3293397259584834
DC,TREND,2049,0.6700043848067423,1.0,1.0,0.3299956151932577
DC,TREND,2050,0.6693484955719678,1.0,1.0,0.33065150442803215
DC,TREND,2051,0.6686926063371934,1.0,1.0,0.3313073936628066
DC,TREND,2052,0.6680367171024191,1.0,1.0,0.3319632828975809
DC,TREND,2053,0.6673808278676446,1.0,1.0,0.33261917213235537
DC,TREND,2054,0.6667249386328703,1.0,1.0,0.3332750613671297
DC,TREND,2055,0.6660690493980959,1.0,1.0,0.33393095060190414
DC,TREND,2056,0.6654131601633214,1.0,1.0,0.3345868398366786
DC,TREND,2057,0.6647572709285471,1.0,1.0,0.3352427290714529
DC,TREND,2058,0.6641013816937726,1.0,1.0,0.33589861830622736
DC,TREND,2059,0.6634454924589983,1.0,1.0,0.3365545075410017
DC,TREND,2060,0.6627896032242239,1.0,1.0,0.33721039677577613
DC,TREND,2061,0.6621337139894494,1.0,1.0,0.3378662860105506
DC,TREND,2062,0.6614778247546751,1.0,1.0,0.3385221752453249
DC,TREND,2063,0.6608219355199006,1.0,1.0,0.33917806448009935
DC,TREND,2064,0.6601660462851263,1.0,1.0,0.3398339537148737
DC,TREND,2065,0.6595101570503519,1.0,1.0,0.3404898429496481
DC,TREND,2066,0.6588542678155774,1.0,1.0,0.34114573218442257
DC,TREND,2067,0.6581983785808031,1.0,1.0,0.3418016214191969
DC,TREND,2068,0.6575424893460287,1.0,1.0,0.34245751065397134
DC,TREND,2069,0.6568866001112543,1.0,1.0,0.3431133998887457
DC,TREND,2070,0.6562307108764799,1.0,1.0,0.3437692891235201
DC,TREND,2071,0.6555748216417054,1.0,1.0,0.34442517835829456
DC,TREND,2072,0.6549189324069311,1.0,1.0,0.3450810675930689
DC,TREND,2073,0.6542630431721567,1.0,1.0,0.34573695682784333
DC,TREND,2074,0.6536071539373823,1.0,1.0,0.34639284606261767
DC,TREND,2075,0.6529512647026079,1.0,1.0,0.3470487352973921
DC,STATUTE,2032,0.5729255014913445,1.0,1.0,0.42707449850865553
DC,STATUTE,2033,0.6002294743119587,1.0,1.0,0.3997705256880413
DC,STATUTE,2034,0.627533447132573,1.0,1.0,0.372466552867427
DC,STATUTE,2035,0.6548374199531872,1.0,1.0,0.3451625800468128
DC,STATUTE,2036,0.6579240392091288,1.0,1.0,0.3420759607908712
DC,STATUTE,2037,0.6610106584650703,1.0,1.0,0.33898934153492966
DC,STATUTE,2038,0.6640972777210119,1.0,1.0,0.3359027222789881
DC,STATUTE,2039,0.6671838969769535,1.0,1.0,0.33281610302304654
DC,STATUTE,2040,0.670270516232895,1.0,1.0,0.329729483767105
DC,STATUTE,2041,0.670742001335484,1.0,1.0,0.329257998664516
DC,STATUTE,2042,0.671213486438073,1.0,1.0,0.328786513561927
DC,STATUTE,2043,0.6716849715406619,1.0,1.0,0.32831502845933813
DC,STATUTE,2044,0.6721564566432509,1.0,1.0,0.32784354335674915
DC,STATUTE,2045,0.6726279417458398,1.0,1.0,0.32737205825416016
DC,STATUTE,2046,0.6719720525110654,1.0,1.0,0.3280279474889346
DC,STATUTE,2047,0.6713161632762911,1.0,1.0,0.32868383672370893
DC,STATUTE,2048,0.6706602740415166,1.0,1.0,0.3293397259584834
DC,STATUTE,2049,0.6700043848067423,1.0,1.0,0.3299956151932577
DC,STATUTE,2050,0.6693484955719678,1.0,1.0,0.33065150442803215
DC,STATUTE,2051,0.6693484955719678,1.0,1.0,0.33065150442803215
DC,STATUTE,2052,0.6693484955719678,1.0,1.0,0.33065150442803215
DC,STATUTE,2053,0.6693484955719678,1.0,1.0,0.33065150442803215
DC,STATUTE,2054,0.6693484955719678,1.0,1.0,0.33065150442803215
DC,STATUTE,2055,0.6693484955719678,1.0,1.0,0.33065150442803215
DC,STATUTE,2056,0.6693484955719678,1.0,1.0,0.33065150442803215
DC,STATUTE,2057,0.6693484955719678,1.0,1.0,0.33065150442803215
DC,STATUTE,2058,0.6693484955719678,1.0,1.0,0.33065150442803215
DC,STATUTE,2059,0.6693484955719678,1.0,1.0,0.33065150442803215
DC,STATUTE,2060,0.6693484955719678,1.0,1.0,0.33065150442803215
DC,STATUTE,2061,0.6693484955719678,1.0,1.0,0.33065150442803215
DC,STATUTE,2062,0.6693484955719678,1.0,1.0,0.33065150442803215
DC,STATUTE,2063,0.6693484955719678,1.0,1.0,0.33065150442803215
DC,STATUTE,2064,0.6693484955719678,1.0,1.0,0.33065150442803215
DC,STATUTE,2065,0.6693484955719678,1.0,1.0,0.33065150442803215
DC,STATUTE,2066,0.6693484955719678,1.0,1.0,0.33065150442803215
DC,STATUTE,2067,0.6693484955719678,1.0,1.0,0.33065150442803215
DC,STATUTE,2068,0.6693484955719678,1.0,1.0,0.33065150442803215
DC,STATUTE,2069,0.6693484955719678,1.0,1.0,0.33065150442803215
DC,STATUTE,2070,0.6693484955719678,1.0,1.0,0.33065150442803215
DC,STATUTE,2071,0.6693484955719678,1.0,1.0,0.33065150442803215
DC,STATUTE,2072,0.6693484955719678,1.0,1.0,0.33065150442803215
DC,STATUTE,2073,0.6693484955719678,1.0,1.0,0.33065150442803215
DC,STATUTE,2074,0.6693484955719678,1.0,1.0,0.33065150442803215
DC,STATUTE,2075,0.6693484955719678,1.0,1.0,0.33065150442803215
DC,ASYMPTOTIC,2032,0.5729255014913445,1.0,1.0,0.42707449850865553
DC,ASYMPTOTIC,2033,0.6002294743119587,1.0,1.0,0.3997705256880413
DC,ASYMPTOTIC,2034,0.627533447132573,1.0,1.0,0.372466552867427
DC,ASYMPTOTIC,2035,0.6548374199531872,1.0,1.0,0.3451625800468128
DC,ASYMPTOTIC,2036,0.6579240392091288,1.0,1.0,0.3420759607908712
DC,ASYMPTOTIC,2037,0.6610106584650703,1.0,1.0,0.33898934153492966
DC,ASYMPTOTIC,2038,0.6640972777210119,1.0,1.0,0.3359027222789881
DC,ASYMPTOTIC,2039,0.6671838969769535,1.0,1.0,0.33281610302304654
DC,ASYMPTOTIC,2040,0.670270516232895,1.0,1.0,0.329729483767105
DC,ASYMPTOTIC,2041,0.670742001335484,1.0,1.0,0.329257998664516
DC,ASYMPTOTIC,2042,0.671213486438073,1.0,1.0,0.328786513561927
DC,ASYMPTOTIC,2043,0.6716849715406619,1.0,1.0,0.32831502845933813
DC,ASYMPTOTIC,2044,0.6721564566432509,1.0,1.0,0.32784354335674915
DC,ASYMPTOTIC,2045,0.6726279417458398,1.0,1.0,0.32737205825416016
DC,ASYMPTOTIC,2046,0.6719720525110654,1.0,1.0,0.3280279474889346
DC,ASYMPTOTIC,2047,0.6713161632762911,1.0,1.0,0.32868383672370893
DC,ASYMPTOTIC,2048,0.6706602740415166,1.0,1.0,0.3293397259584834
DC,ASYMPTOTIC,2049,0.6700043848067423,1.0,1.0,0.3299956151932577
DC,ASYMPTOTIC,2050,0.6693484955719678,1.0,1.0,0.33065150442803215
DC,ASYMPTOTIC,2051,0.6693484955719678,1.0,1.0,0.33065150442803215
DC,ASYMPTOTIC,2052,0.6693484955719678,1.0,1.0,0.33065150442803215
DC,ASYMPTOTIC,2053,0.6693484955719678,1.0,1.0,0.33065150442803215
DC,ASYMPTOTIC,2054,0.6693484955719678,1.0,1.0,0.33065150442803215
DC,ASYMPTOTIC,2055,0.6693484955719678,1.0,1.0,0.33065150442803215
DC,ASYMPTOTIC,2056,0.6693484955719678,1.0,1.0,0.33065150442803215
DC,ASYMPTOTIC,2057,0.6693484955719678,1.0,1.0,0.33065150442803215
DC,ASYMPTOTIC,2058,0.6693484955719678,1.0,1.0,0.33065150442803215
DC,ASYMPTOTIC,2059,0.6693484955719678,1.0,1.0,0.33065150442803215
DC,ASYMPTOTIC,2060,0.6693484955719678,1.0,1.0,0.33065150442803215
DC,ASYMPTOTIC,2061,0.6693484955719678,1.0,1.0,0.33065150442803215
DC,ASYMPTOTIC,2062,0.6693484955719678,1.0,1.0,0.33065150442803215
DC,ASYMPTOTIC,2063,0.6693484955719678,1.0,1.0,0.33065150442803215
DC,ASYMPTOTIC,2064,0.6693484955719678,1.0,1.0,0.33065150442803215
DC,ASYMPTOTIC,2065,0.6693484955719678,1.0,1.0,0.33065150442803215
DC,ASYMPTOTIC,2066,0.6693484955719678,1.0,1.0,0.33065150442803215
DC,ASYMPTOTIC,2067,0.6693484955719678,1.0,1.0,0.33065150442803215
DC,ASYMPTOTIC,2068,0.6693484955719678,1.0,1.0,0.33065150442803215
DC,ASYMPTOTIC,2069,0.6693484955719678,1.0,1.0,0.33065150442803215
DC,ASYMPTOTIC,2070,0.6693484955719678,1.0,1.0,0.33065150442803215
DC,ASYMPTOTIC,2071,0.6693484955719678,1.0,1.0,0.33065150442803215
DC,ASYMPTOTIC,2072,0.6693484955719678,1.0,1.0,0.33065150442803215
DC,ASYMPTOTIC,2073,0.6693484955719678,1.0,1.0,0.33065150442803215
DC,ASYMPTOTIC,2074,0.6693484955719678,1.0,1.0,0.33065150442803215
DC,ASYMPTOTIC,2075,0.6693484955719678,1.0,1.0,0.33065150442803215
DE,FROZEN,2035,0.06699998263976292,0.4,0.4,0.3330000173602371
DE,FROZEN,2036,0.07248771212258534,0.4,0.4,0.3275122878774147
DE,FROZEN,2037,0.07797544160540774,0.4,0.4,0.32202455839459226
DE,FROZEN,2038,0.08346317108823016,0.4,0.4,0.3165368289117699
DE,FROZEN,2039,0.08895090057105257,0.4,0.4,0.31104909942894743
DE,FROZEN,2040,0.09443863005387498,0.4,0.4,0.30556136994612504
DE,FROZEN,2041,0.10608838927146273,0.4,0.4,0.2939116107285373
DE,FROZEN,2042,0.11773814848905048,0.4,0.4,0.2822618515109495
DE,FROZEN,2043,0.12938790770663824,0.4,0.4,0.2706120922933618
DE,FROZEN,2044,0.14103766692422598,0.4,0.4,0.25896233307577404
DE,FROZEN,2045,0.15268742614181374,0.4,0.4,0.24731257385818628
DE,FROZEN,2046,0.15532394621563006,0.4,0.4,0.24467605378436996
DE,FROZEN,2047,0.15796046628944638,0.4,0.4,0.24203953371055364
DE,FROZEN,2048,0.1605969863632627,0.4,0.4,0.23940301363673733
DE,FROZEN,2049,0.163233506437079,0.4,0.4,0.236766493562921
DE,FROZEN,2050,0.16587002651089533,0.4,0.4,0.2341299734891047
DE,FROZEN,2051,0.16587002651089533,0.4,0.4,0.2341299734891047
DE,FROZEN,2052,0.16587002651089533,0.4,0.4,0.2341299734891047
DE,FROZEN,2053,0.16587002651089533,0.4,0.4,0.2341299734891047
DE,FROZEN,2054,0.16587002651089533,0.4,0.4,0.2341299734891047
DE,FROZEN,2055,0.16587002651089533,0.4,0.4,0.2341299734891047
DE,FROZEN,2056,0.16587002651089533,0.4,0.4,0.2341299734891047
DE,FROZEN,2057,0.16587002651089533,0.4,0.4,0.2341299734891047
DE,FROZEN,2058,0.16587002651089533,0.4,0.4,0.2341299734891047
DE,FROZEN,2059,0.16587002651089533,0.4,0.4,0.2341299734891047
DE,FROZEN,2060,0.16587002651089533,0.4,0.4,0.2341299734891047
DE,FROZEN,2061,0.16587002651089533,0.4,0.4,0.2341299734891047
DE,FROZEN,2062,0.16587002651089533,0.4,0.4,0.2341299734891047
DE,FROZEN,2063,0.16587002651089533,0.4,0.4,0.2341299734891047
DE,FROZEN,2064,0.16587002651089533,0.4,0.4,0.2341299734891047
DE,FROZEN,2065,0.16587002651089533,0.4,0.4,0.2341299734891047
DE,FROZEN,2066,0.16587002651089533,0.4,0.4,0.2341299734891047
DE,FROZEN,2067,0.16587002651089533,0.4,0.4,0.2341299734891047
DE,FROZEN,2068,0.16587002651089533,0.4,0.4,0.2341299734891047
DE,FROZEN,2069,0.16587002651089533,0.4,0.4,0.2341299734891047
DE,FROZEN,2070,0.16587002651089533,0.4,0.4,0.2341299734891047
DE,FROZEN,2071,0.16587002651089533,0.4,0.4,0.2341299734891047
DE,FROZEN,2072,0.16587002651089533,0.4,0.4,0.2341299734891047
DE,FROZEN,2073,0.16587002651089533,0.4,0.4,0.2341299734891047
DE,FROZEN,2074,0.16587002651089533,0.4,0.4,0.2341299734891047
DE,FROZEN,2075,0.16587002651089533,0.4,0.4,0.2341299734891047
DE,TREND,2035,0.06699998263976292,0.4,0.4,0.3330000173602371
DE,TREND,2036,0.07248771212258534,0.4,0.4,0.3275122878774147
DE,TREND,2037,0.07797544160540774,0.4,0.4,0.32202455839459226
DE,TREND,2038,0.08346317108823016,0.4,0.4,0.3165368289117699
DE,TREND,2039,0.08895090057105257,0.4,0.4,0.31104909942894743
DE,TREND,2040,0.09443863005387498,0.4,0.4,0.30556136994612504
DE,TREND,2041,0.10608838927146273,0.4,0.4,0.2939116107285373
DE,TREND,2042,0.11773814848905048,0.4,0.4,0.2822618515109495
DE,TREND,2043,0.12938790770663824,0.4,0.4,0.2706120922933618
DE,TREND,2044,0.14103766692422598,0.4,0.4,0.25896233307577404
DE,TREND,2045,0.15268742614181374,0.4,0.4,0.24731257385818628
DE,TREND,2046,0.15532394621563006,0.4,0.4,0.24467605378436996
DE,TREND,2047,0.15796046628944638,0.4,0.4,0.24203953371055364
DE,TREND,2048,0.1605969863632627,0.4,0.4,0.23940301363673733
DE,TREND,2049,0.163233506437079,0.4,0.4,0.236766493562921
DE,TREND,2050,0.16587002651089533,0.4,0.4,0.2341299734891047
DE,TREND,2051,0.16850654658471165,0.4,0.4,0.23149345341528837
DE,TREND,2052,0.17114306665852796,0.4,0.4,0.22885693334147206
DE,TREND,2053,0.17377958673234428,0.4,0.4,0.22622041326765574
DE,TREND,2054,0.1764161068061606,0.4,0.4,0.22358389319383942
DE,TREND,2055,0.17905262687997692,0.4,0.4,0.2209473731200231
DE,TREND,2056,0.18168914695379323,0.4,0.4,0.2183108530462068
DE,TREND,2057,0.18432566702760955,0.4,0.4,0.21567433297239047
DE,TREND,2058,0.18696218710142587,0.4,0.4,0.21303781289857415
DE,TREND,2059,0.1895987071752422,0.4,0.4,0.21040129282475784
DE,TREND,2060,0.1922352272490585,0.4,0.4,0.20776477275094152
DE,TREND,2061,0.19487174732287482,0.4,0.4,0.2051282526771252
DE,TREND,2062,0.19750826739669114,0.4,0.4,0.20249173260330888
DE,TREND,2063,0.20014478747050746,0.4,0.4,0.19985521252949257
DE,TREND,2064,0.20278130754432377,0.4,0.4,0.19721869245567625
DE,TREND,2065,0.2054178276181401,0.4,0.4,0.19458217238185993
DE,TREND,2066,0.2080543476919564,0.4,0.4,0.1919456523080436
DE,TREND,2067,0.21069086776577273,0.4,0.4,0.1893091322342273
DE,TREND,2068,0.21332738783958904,0.4,0.4,0.18667261216041098
DE,TREND,2069,0.21596390791340536,0.4,0.4,0.18403609208659466
DE,TREND,2070,0.21860042798722168,0.4,0.4,0.18139957201277834
DE,TREND,2071,0.221236948061038,0.4,0.4,0.17876305193896203
DE,TREND,2072,0.22387346813485431,0.4,0.4,0.1761265318651457
DE,TREND,2073,0.22650998820867063,0.4,0.4,0.1734900117913294
DE,TREND,2074,0.22914650828248695,0.4,0.4,0.17085349171751307
DE,TREND,2075,0.23178302835630327,0.4,0.4,0.16821697164369676
DE,STATUTE,2035,0.06699998263976292,0.4,0.4,0.3330000173602371
DE,STATUTE,2036,0.07248771212258534,0.4,0.4,0.3275122878774147
DE,STATUTE,2037,0.07797544160540774,0.4,0.4,0.32202455839459226
DE,STATUTE,2038,0.08346317108823016,0.4,0.4,0.3165368289117699
DE,STATUTE,2039,0.08895090057105257,0.4,0.4,0.31104909942894743
DE,STATUTE,2040,0.09443863005387498,0.4,0.4,0.30556136994612504
DE,STATUTE,2041,0.10608838927146273,0.4,0.4,0.2939116107285373
DE,STATUTE,2042,0.11773814848905048,0.4,0.4,0.2822618515109495
DE,STATUTE,2043,0.12938790770663824,0.4,0.4,0.2706120922933618
DE,STATUTE,2044,0.14103766692422598,0.4,0.4,0.25896233307577404
DE,STATUTE,2045,0.15268742614181374,0.4,0.4,0.24731257385818628
DE,STATUTE,2046,0.15532394621563006,0.4,0.4,0.24467605378436996
DE,STATUTE,2047,0.15796046628944638,0.4,0.4,0.24203953371055364
DE,STATUTE,2048,0.1605969863632627,0.4,0.4,0.23940301363673733
DE,STATUTE,2049,0.163233506437079,0.4,0.4,0.236766493562921
DE,STATUTE,2050,0.16587002651089533,0.4,0.4,0.2341299734891047
DE,STATUTE,2051,0.16587002651089533,0.4,0.4,0.2341299734891047
DE,STATUTE,2052,0.16587002651089533,0.4,0.4,0.2341299734891047
DE,STATUTE,2053,0.16587002651089533,0.4,0.4,0.2341299734891047
DE,STATUTE,2054,0.16587002651089533,0.4,0.4,0.2341299734891047
DE,STATUTE,2055,0.16587002651089533,0.4,0.4,0.2341299734891047
DE,STATUTE,2056,0.16587002651089533,0.4,0.4,0.2341299734891047
DE,STATUTE,2057,0.16587002651089533,0.4,0.4,0.2341299734891047
DE,STATUTE,2058,0.16587002651089533,0.4,0.4,0.2341299734891047
DE,STATUTE,2059,0.16587002651089533,0.4,0.4,0.2341299734891047
DE,STATUTE,2060,0.16587002651089533,0.4,0.4,0.2341299734891047
DE,STATUTE,2061,0.16587002651089533,0.4,0.4,0.2341299734891047
DE,STATUTE,2062,0.16587002651089533,0.4,0.4,0.2341299734891047
DE,STATUTE,2063,0.16587002651089533,0.4,0.4,0.2341299734891047
DE,STATUTE,2064,0.16587002651089533,0.4,0.4,0.2341299734891047
DE,STATUTE,2065,0.16587002651089533,0.4,0.4,0.2341299734891047
DE,STATUTE,2066,0.16587002651089533,0.4,0.4,0.2341299734891047
DE,STATUTE,2067,0.16587002651089533,0.4,0.4,0.2341299734891047
DE,STATUTE,2068,0.16587002651089533,0.4,0.4,0.2341299734891047
DE,STATUTE,2069,0.16587002651089533,0.4,0.4,0.2341299734891047
DE,STATUTE,2070,0.16587002651089533,0.4,0.4,0.2341299734891047
DE,STATUTE,2071,0.16587002651089533,0.4,0.4,0.2341299734891047
DE,STATUTE,2072,0.16587002651089533,0.4,0.4,0.2341299734891047
DE,STATUTE,2073,0.16587002651089533,0.4,0.4,0.2341299734891047
DE,STATUTE,2074,0.16587002651089533,0.4,0.4,0.2341299734891047
DE,STATUTE,2075,0.16587002651089533,0.4,0.4,0.2341299734891047
DE,ASYMPTOTIC,2035,0.06699998263976292,0.4,0.4,0.3330000173602371
DE,ASYMPTOTIC,2036,0.07248771212258534,0.4,0.4,0.3275122878774147
DE,ASYMPTOTIC,2037,0.07797544160540774,0.4,0.4,0.32202455839459226
DE,ASYMPTOTIC,2038,0.08346317108823016,0.4,0.4,0.3165368289117699
DE,ASYMPTOTIC,2039,0.08895090057105257,0.4,0.4,0.31104909942894743
DE,ASYMPTOTIC,2040,0.09443863005387498,0.4,0.4,0.30556136994612504
DE,ASYMPTOTIC,2041,0.10608838927146273,0.4,0.4,0.2939116107285373
DE,ASYMPTOTIC,2042,0.11773814848905048,0.4,0.4,0.2822618515109495
DE,ASYMPTOTIC,2043,0.12938790770663824,0.4,0.4,0.2706120922933618
DE,ASYMPTOTIC,2044,0.14103766692422598,0.4,0.4,0.25896233307577404
DE,ASYMPTOTIC,2045,0.15268742614181374,0.4,0.4,0.24731257385818628
DE,ASYMPTOTIC,2046,0.15532394621563006,0.4,0.4,0.24467605378436996
DE,ASYMPTOTIC,2047,0.15796046628944638,0.4,0.4,0.24203953371055364
DE,ASYMPTOTIC,2048,0.1605969863632627,0.4,0.4,0.23940301363673733
DE,ASYMPTOTIC,2049,0.163233506437079,0.4,0.4,0.236766493562921
DE,ASYMPTOTIC,2050,0.16587002651089533,0.4,0.4,0.2341299734891047
DE,ASYMPTOTIC,2051,0.16850238421177588,0.4,0.4,0.23149761578822414
DE,ASYMPTOTIC,2052,0.17112643468562272,0.4,0.4,0.2288735653143773
DE,ASYMPTOTIC,2053,0.17374220414848585,0.4,0.4,0.22625779585151418
DE,ASYMPTOTIC,2054,0.17634971873368233,0.4,0.4,0.2236502812663177
DE,ASYMPTOTIC,2055,0.17894900449205708,0.4,0.4,0.22105099550794294
DE,ASYMPTOTIC,2056,0.18154008739224403,0.4,0.4,0.218459912607756
DE,ASYMPTOTIC,2057,0.1841229933209244,0.4,0.4,0.2158770066790756
DE,ASYMPTOTIC,2058,0.18669774808308637,0.4,0.4,0.21330225191691365
DE,ASYMPTOTIC,2059,0.18926437740228197,0.4,0.4,0.21073562259771805
DE,ASYMPTOTIC,2060,0.19182290692088477,0.4,0.4,0.20817709307911525
DE,ASYMPTOTIC,2061,0.19437336220034596,0.4,0.4,0.20562663779965407
DE,ASYMPTOTIC,2062,0.19691576872144934,0.4,0.4,0.2030842312785507
DE,ASYMPTOTIC,2063,0.19945015188456616,0.4,0.4,0.20054984811543386
DE,ASYMPTOTIC,2064,0.2019765370099088,0.4,0.4,0.19802346299009121
DE,ASYMPTOTIC,2065,0.20449494933778423,0.4,0.4,0.1955050506622158
DE,ASYMPTOTIC,2066,0.2070054140288453,0.4,0.4,0.1929945859711547
DE,ASYMPTOTIC,2067,0.2095079561643426,0.4,0.4,0.19049204383565743
DE,ASYMPTOTIC,2068,0.21200260074637522,0.4,0.4,0.1879973992536248
DE,ASYMPTOTIC,2069,0.21448937269814017,0.4,0.4,0.18551062730185985
DE,ASYMPTOTIC,2070,0.2169682968641815,0.4,0.4,0.1830317031358185
DE,ASYMPTOTIC,2071,0.21943939801063872,0.4,0.4,0.1805606019893613
DE,ASYMPTOTIC,2072,0.22190270082549368,0.4,0.4,0.17809729917450634
DE,ASYMPTOTIC,2073,0.22435822991881804,0.4,0.4,0.17564177008118198
DE,ASYMPTOTIC,2074,0.22680600982301846,0.4,0.4,0.17319399017698156
DE,ASYMPTOTIC,2075,0.22924606499308187,0.4,0.4,0.17075393500691816
IL,FROZEN,2045,0.9106177771580719,1.0,1.0,0.0893822228419281
IL,FROZEN,2046,0.9106177771580719,1.0,1.0,0.0893822228419281
IL,FROZEN,2047,0.9106177771580719,1.0,1.0,0.0893822228419281
IL,FROZEN,2048,0.9106177771580719,1.0,1.0,0.0893822228419281
IL,FROZEN,2049,0.9106177771580719,1.0,1.0,0.0893822228419281
IL,FROZEN,2050,0.9106177771580719,1.0,1.0,0.0893822228419281
IL,FROZEN,2051,0.9106177771580719,1.0,1.0,0.0893822228419281
IL,FROZEN,2052,0.9106177771580719,1.0,1.0,0.0893822228419281
IL,FROZEN,2053,0.9106177771580719,1.0,1.0,0.0893822228419281
IL,FROZEN,2054,0.9106177771580719,1.0,1.0,0.0893822228419281
IL,FROZEN,2055,0.9106177771580719,1.0,1.0,0.0893822228419281
IL,FROZEN,2056,0.9106177771580719,1.0,1.0,0.0893822228419281
IL,FROZEN,2057,0.9106177771580719,1.0,1.0,0.0893822228419281
IL,FROZEN,2058,0.9106177771580719,1.0,1.0,0.0893822228419281
IL,FROZEN,2059,0.9106177771580719,1.0,1.0,0.0893822228419281
IL,FROZEN,2060,0.9106177771580719,1.0,1.0,0.0893822228419281
IL,FROZEN,2061,0.9106177771580719,1.0,1.0,0.0893822228419281
IL,FROZEN,2062,0.9106177771580719,1.0,1.0,0.0893822228419281
IL,FROZEN,2063,0.9106177771580719,1.0,1.0,0.0893822228419281
IL,FROZEN,2064,0.9106177771580719,1.0,1.0,0.0893822228419281
IL,FROZEN,2065,0.9106177771580719,1.0,1.0,0.0893822228419281
IL,FROZEN,2066,0.9106177771580719,1.0,1.0,0.0893822228419281
IL,FROZEN,2067,0.9106177771580719,1.0,1.0,0.0893822228419281
IL,FROZEN,2068,0.9106177771580719,1.0,1.0,0.0893822228419281
IL,FROZEN,2069,0.9106177771580719,1.0,1.0,0.0893822228419281
IL,FROZEN,2070,0.9106177771580719,1.0,1.0,0.0893822228419281
IL,FROZEN,2071,0.9106177771580719,1.0,1.0,0.0893822228419281
IL,FROZEN,2072,0.9106177771580719,1.0,1.0,0.0893822228419281
IL,FROZEN,2073,0.9106177771580719,1.0,1.0,0.0893822228419281
IL,FROZEN,2074,0.9106177771580719,1.0,1.0,0.0893822228419281
IL,FROZEN,2075,0.9106177771580719,1.0,1.0,0.0893822228419281
IL,TREND,2045,0.9106177771580719,1.0,1.0,0.0893822228419281
IL,TREND,2046,0.9106177771580719,1.0,1.0,0.0893822228419281
IL,TREND,2047,0.9106177771580719,1.0,1.0,0.0893822228419281
IL,TREND,2048,0.9106177771580719,1.0,1.0,0.0893822228419281
IL,TREND,2049,0.9106177771580719,1.0,1.0,0.0893822228419281
IL,TREND,2050,0.9106177771580719,1.0,1.0,0.0893822228419281
IL,TREND,2051,0.9106177771580719,1.0,1.0,0.0893822228419281
IL,TREND,2052,0.9106177771580719,1.0,1.0,0.0893822228419281
IL,TREND,2053,0.9106177771580719,1.0,1.0,0.0893822228419281
IL,TREND,2054,0.9106177771580719,1.0,1.0,0.0893822228419281
IL,TREND,2055,0.9106177771580719,1.0,1.0,0.0893822228419281
IL,TREND,2056,0.9106177771580719,1.0,1.0,0.0893822228419281
IL,TREND,2057,0.9106177771580719,1.0,1.0,0.0893822228419281
IL,TREND,2058,0.9106177771580719,1.0,1.0,0.0893822228419281
IL,TREND,2059,0.9106177771580719,1.0,1.0,0.0893822228419281
IL,TREND,2060,0.9106177771580719,1.0,1.0,0.0893822228419281
IL,TREND,2061,0.9106177771580719,1.0,1.0,0.0893822228419281
IL,TREND,2062,0.9106177771580719,1.0,1.0,0.0893822228419281
IL,TREND,2063,0.9106177771580719,1.0,1.0,0.0893822228419281
IL,TREND,2064,0.9106177771580719,1.0,1.0,0.0893822228419281
IL,TREND,2065,0.9106177771580719,1.0,1.0,0.0893822228419281
IL,TREND,2066,0.9106177771580719,1.0,1.0,0.0893822228419281
IL,TREND,2067,0.9106177771580719,1.0,1.0,0.0893822228419281
IL,TREND,2068,0.9106177771580719,1.0,1.0,0.0893822228419281
IL,TREND,2069,0.9106177771580719,1.0,1.0,0.0893822228419281
IL,TREND,2070,0.9106177771580719,1.0,1.0,0.0893822228419281
IL,TREND,2071,0.9106177771580719,1.0,1.0,0.0893822228419281
IL,TREND,2072,0.9106177771580719,1.0,1.0,0.0893822228419281
IL,TREND,2073,0.9106177771580719,1.0,1.0,0.0893822228419281
IL,TREND,2074,0.9106177771580719,1.0,1.0,0.0893822228419281
IL,TREND,2075,0.9106177771580719,1.0,1.0,0.0893822228419281
IL,STATUTE,2045,0.9106177771580719,1.0,1.0,0.0893822228419281
IL,STATUTE,2046,0.9106177771580719,1.0,1.0,0.0893822228419281
IL,STATUTE,2047,0.9106177771580719,1.0,1.0,0.0893822228419281
IL,STATUTE,2048,0.9106177771580719,1.0,1.0,0.0893822228419281
IL,STATUTE,2049,0.9106177771580719,1.0,1.0,0.0893822228419281
IL,STATUTE,2050,0.9106177771580719,1.0,1.0,0.0893822228419281
IL,STATUTE,2051,0.9106177771580719,1.0,1.0,0.0893822228419281
IL,STATUTE,2052,0.9106177771580719,1.0,1.0,0.0893822228419281
IL,STATUTE,2053,0.9106177771580719,1.0,1.0,0.0893822228419281
IL,STATUTE,2054,0.9106177771580719,1.0,1.0,0.0893822228419281
IL,STATUTE,2055,0.9106177771580719,1.0,1.0,0.0893822228419281
IL,STATUTE,2056,0.9106177771580719,1.0,1.0,0.0893822228419281
IL,STATUTE,2057,0.9106177771580719,1.0,1.0,0.0893822228419281
IL,STATUTE,2058,0.9106177771580719,1.0,1.0,0.0893822228419281
IL,STATUTE,2059,0.9106177771580719,1.0,1.0,0.0893822228419281
IL,STATUTE,2060,0.9106177771580719,1.0,1.0,0.0893822228419281
IL,STATUTE,2061,0.9106177771580719,1.0,1.0,0.0893822228419281
IL,STATUTE,2062,0.9106177771580719,1.0,1.0,0.0893822228419281
IL,STATUTE,2063,0.9106177771580719,1.0,1.0,0.0893822228419281
IL,STATUTE,2064,0.9106177771580719,1.0,1.0,0.0893822228419281
IL,STATUTE,2065,0.9106177771580719,1.0,1.0,0.0893822228419281
IL,STATUTE,2066,0.9106177771580719,1.0,1.0,0.0893822228419281
IL,STATUTE,2067,0.9106177771580719,1.0,1.0,0.0893822228419281
IL,STATUTE,2068,0.9106177771580719,1.0,1.0,0.0893822228419281
IL,STATUTE,2069,0.9106177771580719,1.0,1.0,0.0893822228419281
IL,STATUTE,2070,0.9106177771580719,1.0,1.0,0.0893822228419281
IL,STATUTE,2071,0.9106177771580719,1.0,1.0,0.0893822228419281
IL,STATUTE,2072,0.9106177771580719,1.0,1.0,0.0893822228419281
IL,STATUTE,2073,0.9106177771580719,1.0,1.0,0.0893822228419281
IL,STATUTE,2074,0.9106177771580719,1.0,1.0,0.0893822228419281
IL,STATUTE,2075,0.9106177771580719,1.0,1.0,0.0893822228419281
IL,ASYMPTOTIC,2045,0.9106177771580719,1.0,1.0,0.0893822228419281
IL,ASYMPTOTIC,2046,0.9106177771580719,1.0,1.0,0.0893822228419281
IL,ASYMPTOTIC,2047,0.9106177771580719,1.0,1.0,0.0893822228419281
IL,ASYMPTOTIC,2048,0.9106177771580719,1.0,1.0,0.0893822228419281
IL,ASYMPTOTIC,2049,0.9106177771580719,1.0,1.0,0.0893822228419281
IL,ASYMPTOTIC,2050,0.9106177771580719,1.0,1.0,0.0893822228419281
IL,ASYMPTOTIC,2051,0.9106177771580719,1.0,1.0,0.0893822228419281
IL,ASYMPTOTIC,2052,0.9106177771580719,1.0,1.0,0.0893822228419281
IL,ASYMPTOTIC,2053,0.9106177771580719,1.0,1.0,0.0893822228419281
IL,ASYMPTOTIC,2054,0.9106177771580719,1.0,1.0,0.0893822228419281
IL,ASYMPTOTIC,2055,0.9106177771580719,1.0,1.0,0.0893822228419281
IL,ASYMPTOTIC,2056,0.9106177771580719,1.0,1.0,0.0893822228419281
IL,ASYMPTOTIC,2057,0.9106177771580719,1.0,1.0,0.0893822228419281
IL,ASYMPTOTIC,2058,0.9106177771580719,1.0,1.0,0.0893822228419281
IL,ASYMPTOTIC,2059,0.9106177771580719,1.0,1.0,0.0893822228419281
IL,ASYMPTOTIC,2060,0.9106177771580719,1.0,1.0,0.0893822228419281
IL,ASYMPTOTIC,2061,0.9106177771580719,1.0,1.0,0.0893822228419281
IL,ASYMPTOTIC,2062,0.9106177771580719,1.0,1.0,0.0893822228419281
IL,ASYMPTOTIC,2063,0.9106177771580719,1.0,1.0,0.0893822228419281
IL,ASYMPTOTIC,2064,0.9106177771580719,1.0,1.0,0.0893822228419281
IL,ASYMPTOTIC,2065,0.9106177771580719,1.0,1.0,0.0893822228419281
IL,ASYMPTOTIC,2066,0.9106177771580719,1.0,1.0,0.0893822228419281
IL,ASYMPTOTIC,2067,0.9106177771580719,1.0,1.0,0.0893822228419281
IL,ASYMPTOTIC,2068,0.9106177771580719,1.0,1.0,0.0893822228419281
IL,ASYMPTOTIC,2069,0.9106177771580719,1.0,1.0,0.0893822228419281
IL,ASYMPTOTIC,2070,0.9106177771580719,1.0,1.0,0.0893822228419281
IL,ASYMPTOTIC,2071,0.9106177771580719,1.0,1.0,0.0893822228419281
IL,ASYMPTOTIC,2072,0.9106177771580719,1.0,1.0,0.0893822228419281
IL,ASYMPTOTIC,2073,0.9106177771580719,1.0,1.0,0.0893822228419281
IL,ASYMPTOTIC,2074,0.9106177771580719,1.0,1.0,0.0893822228419281
IL,ASYMPTOTIC,2075,0.9106177771580719,1.0,1.0,0.0893822228419281
MA,FROZEN,2030,0.43571638708596877,0.6,0.6,0.1642836129140312
MA,FROZEN,2031,0.44556645642717346,0.6,0.6,0.15443354357282651
MA,FROZEN,2032,0.4554165257683782,0.6,0.6,0.14458347423162177
MA,FROZEN,2033,0.4652665951095829,0.6,0.6,0.13473340489041707
MA,FROZEN,2034,0.47511666445078765,0.6,0.6,0.12488333554921233
MA,FROZEN,2035,0.48496673379199234,0.6,0.6,0.11503326620800763
MA,FROZEN,2036,0.48248605317139076,0.6,0.6,0.11751394682860922
MA,FROZEN,2037,0.4800053725507891,0.6,0.6,0.11999462744921086
MA,FROZEN,2038,0.47752469193018754,0.6,0.6,0.12247530806981244
MA,FROZEN,2039,0.4750440113095859,0.6,0.6,0.12495598869041408
MA,FROZEN,2040,0.4725633306889843,0.7,0.7,0.22743666931101564
MA,FROZEN,2041,0.482667124276813,0.7,0.7,0.21733287572318694
MA,FROZEN,2042,0.4927709178646417,0.7,0.7,0.20722908213535823
MA,FROZEN,2043,0.5028747114524704,0.7,0.7,0.19712528854752953
MA,FROZEN,2044,0.5129785050402991,0.7,0.7,0.18702149495970088
MA,FROZEN,2045,0.5230822986281278,0.7,0.7,0.17691770137187213
MA,FROZEN,2046,0.5307635502924898,0.7,0.7,0.16923644970751017
MA,FROZEN,2047,0.5384448019568517,0.7,0.7,0.16155519804314822
MA,FROZEN,2048,0.5461260536212136,0.7,0.7,0.15387394637878637
MA,FROZEN,2049,0.5538073052855755,0.7,0.7,0.14619269471442442
MA,FROZEN,2050,0.5614885569499375,0.8,0.8,0.23851144305006255
MA,FROZEN,2051,0.5614885569499375,0.8,0.8,0.23851144305006255
MA,FROZEN,2052,0.5614885569499375,0.8,0.8,0.23851144305006255
MA,FROZEN,2053,0.5614885569499375,0.8,0.8,0.23851144305006255
MA,FROZEN,2054,0.5614885569499375,0.8,0.8,0.23851144305006255
MA,FROZEN,2055,0.5614885569499375,0.8,0.8,0.23851144305006255
MA,FROZEN,2056,0.5614885569499375,0.8,0.8,0.23851144305006255
MA,FROZEN,2057,0.5614885569499375,0.8,0.8,0.23851144305006255
MA,FROZEN,2058,0.5614885569499375,0.8,0.8,0.23851144305006255
MA,FROZEN,2059,0.5614885569499375,0.8,0.8,0.23851144305006255
MA,FROZEN,2060,0.5614885569499375,0.8,0.8,0.23851144305006255
MA,FROZEN,2061,0.5614885569499375,0.8,0.8,0.23851144305006255
MA,FROZEN,2062,0.5614885569499375,0.8,0.8,0.23851144305006255
MA,FROZEN,2063,0.5614885569499375,0.8,0.8,0.23851144305006255
MA,FROZEN,2064,0.5614885569499375,0.8,0.8,0.23851144305006255
MA,FROZEN,2065,0.5614885569499375,0.8,0.8,0.23851144305006255
MA,FROZEN,2066,0.5614885569499375,0.8,0.8,0.23851144305006255
MA,FROZEN,2067,0.5614885569499375,0.8,0.8,0.23851144305006255
MA,FROZEN,2068,0.5614885569499375,0.8,0.8,0.23851144305006255
MA,FROZEN,2069,0.5614885569499375,0.8,0.8,0.23851144305006255
MA,FROZEN,2070,0.5614885569499375,0.8,0.8,0.23851144305006255
MA,FROZEN,2071,0.5614885569499375,0.8,0.8,0.23851144305006255
MA,FROZEN,2072,0.5614885569499375,0.8,0.8,0.23851144305006255
MA,FROZEN,2073,0.5614885569499375,0.8,0.8,0.23851144305006255
MA,FROZEN,2074,0.5614885569499375,0.8,0.8,0.23851144305006255
MA,FROZEN,2075,0.5614885569499375,0.8,0.8,0.23851144305006255
MA,TREND,2030,0.43571638708596877,0.6,0.6,0.1642836129140312
MA,TREND,2031,0.44556645642717346,0.6,0.6,0.15443354357282651
MA,TREND,2032,0.4554165257683782,0.6,0.6,0.14458347423162177
MA,TREND,2033,0.4652665951095829,0.6,0.6,0.13473340489041707
MA,TREND,2034,0.47511666445078765,0.6,0.6,0.12488333554921233
MA,TREND,2035,0.48496673379199234,0.6,0.6,0.11503326620800763
MA,TREND,2036,0.48248605317139076,0.6,0.6,0.11751394682860922
MA,TREND,2037,0.4800053725507891,0.6,0.6,0.11999462744921086
MA,TREND,2038,0.47752469193018754,0.6,0.6,0.12247530806981244
MA,TREND,2039,0.4750440113095859,0.6,0.6,0.12495598869041408
MA,TREND,2040,0.4725633306889843,0.7,0.7,0.22743666931101564
MA,TREND,2041,0.482667124276813,0.7,0.7,0.21733287572318694
MA,TREND,2042,0.4927709178646417,0.7,0.7,0.20722908213535823
MA,TREND,2043,0.5028747114524704,0.7,0.7,0.19712528854752953
MA,TREND,2044,0.5129785050402991,0.7,0.7,0.18702149495970088
MA,TREND,2045,0.5230822986281278,0.7,0.7,0.17691770137187213
MA,TREND,2046,0.5307635502924898,0.7,0.7,0.16923644970751017
MA,TREND,2047,0.5384448019568517,0.7,0.7,0.16155519804314822
MA,TREND,2048,0.5461260536212136,0.7,0.7,0.15387394637878637
MA,TREND,2049,0.5538073052855755,0.7,0.7,0.14619269471442442
MA,TREND,2050,0.5614885569499375,0.8,0.8,0.23851144305006255
MA,TREND,2051,0.5691698086142994,0.8,0.8,0.2308301913857006
MA,TREND,2052,0.5768510602786614,0.8,0.8,0.22314893972133865
MA,TREND,2053,0.5845323119430232,0.8,0.8,0.2154676880569768
MA,TREND,2054,0.5922135636073852,0.8,0.8,0.20778643639261485
MA,TREND,2055,0.5998948152717472,0.8,0.8,0.2001051847282529
MA,TREND,2056,0.6075760669361091,0.8,0.8,0.19242393306389094
MA,TREND,2057,0.6152573186004711,0.8,0.8,0.18474268139952899
MA,TREND,2058,0.6229385702648329,0.8,0.8,0.17706142973516714
MA,TREND,2059,0.6306198219291949,0.8,0.8,0.1693801780708052
MA,TREND,2060,0.6383010735935568,0.8,0.8,0.16169892640644323
MA,TREND,2061,0.6459823252579188,0.8,0.8,0.15401767474208128
MA,TREND,2062,0.6536635769222807,0.8,0.8,0.14633642307771932
MA,TREND,2063,0.6613448285866426,0.8,0.8,0.13865517141335748
MA,TREND,2064,0.6690260802510045,0.8,0.8,0.13097391974899553
MA,TREND,2065,0.6767073319153665,0.8,0.8,0.12329266808463357
MA,TREND,2066,0.6843885835797284,0.8,0.8,0.11561141642027162
MA,TREND,2067,0.6920698352440904,0.8,0.8,0.10793016475590966
MA,TREND,2068,0.6997510869084522,0.8,0.8,0.10024891309154782
MA,TREND,2069,0.7074323385728142,0.8,0.8,0.09256766142718587
MA,TREND,2070,0.7151135902371761,0.8,0.8,0.08488640976282391
MA,TREND,2071,0.7227948419015381,0.8,0.8,0.07720515809846196
MA,TREND,2072,0.7304760935659,0.8,0.8,0.0695239064341
MA,TREND,2073,0.7381573452302619,0.8,0.8,0.06184265476973816
MA,TREND,2074,0.7458385968946238,0.8,0.8,0.054161403105376205
MA,TREND,2075,0.7535198485589858,0.8,0.8,0.04648015144101425
MA,STATUTE,2030,0.43571638708596877,0.6,0.6,0.1642836129140312
MA,STATUTE,2031,0.44556645642717346,0.6,0.6,0.15443354357282651
MA,STATUTE,2032,0.4554165257683782,0.6,0.6,0.14458347423162177
MA,STATUTE,2033,0.4652665951095829,0.6,0.6,0.13473340489041707
MA,STATUTE,2034,0.47511666445078765,0.6,0.6,0.12488333554921233
MA,STATUTE,2035,0.48496673379199234,0.6,0.6,0.11503326620800763
MA,STATUTE,2036,0.48248605317139076,0.6,0.6,0.11751394682860922
MA,STATUTE,2037,0.4800053725507891,0.6,0.6,0.11999462744921086
MA,STATUTE,2038,0.47752469193018754,0.6,0.6,0.12247530806981244
MA,STATUTE,2039,0.4750440113095859,0.6,0.6,0.12495598869041408
MA,STATUTE,2040,0.4725633306889843,0.7,0.7,0.22743666931101564
MA,STATUTE,2041,0.482667124276813,0.7,0.7,0.21733287572318694
MA,STATUTE,2042,0.4927709178646417,0.7,0.7,0.20722908213535823
MA,STATUTE,2043,0.5028747114524704,0.7,0.7,0.19712528854752953
MA,STATUTE,2044,0.5129785050402991,0.7,0.7,0.18702149495970088
MA,STATUTE,2045,0.5230822986281278,0.7,0.7,0.17691770137187213
MA,STATUTE,2046,0.5307635502924898,0.7,0.7,0.16923644970751017
MA,STATUTE,2047,0.5384448019568517,0.7,0.7,0.16155519804314822
MA,STATUTE,2048,0.5461260536212136,0.7,0.7,0.15387394637878637
MA,STATUTE,2049,0.5538073052855755,0.7,0.7,0.14619269471442442
MA,STATUTE,2050,0.5614885569499375,0.8,0.8,0.23851144305006255
MA,STATUTE,2051,0.5614885569499375,0.8,0.8,0.23851144305006255
MA,STATUTE,2052,0.5614885569499375,0.8,0.8,0.23851144305006255
MA,STATUTE,2053,0.5614885569499375,0.8,0.8,0.23851144305006255
MA,STATUTE,2054,0.5614885569499375,0.8,0.8,0.23851144305006255
MA,STATUTE,2055,0.5614885569499375,0.8,0.8,0.23851144305006255
MA,STATUTE,2056,0.5614885569499375,0.8,0.8,0.23851144305006255
MA,STATUTE,2057,0.5614885569499375,0.8,0.8,0.23851144305006255
MA,STATUTE,2058,0.5614885569499375,0.8,0.8,0.23851144305006255
MA,STATUTE,2059,0.5614885569499375,0.8,0.8,0.23851144305006255
MA,STATUTE,2060,0.5614885569499375,0.8,0.8,0.23851144305006255
MA,STATUTE,2061,0.5614885569499375,0.8,0.8,0.23851144305006255
MA,STATUTE,2062,0.5614885569499375,0.8,0.8,0.23851144305006255
MA,STATUTE,2063,0.5614885569499375,0.8,0.8,0.23851144305006255
MA,STATUTE,2064,0.5614885569499375,0.8,0.8,0.23851144305006255
MA,STATUTE,2065,0.5614885569499375,0.8,0.8,0.23851144305006255
MA,STATUTE,2066,0.5614885569499375,0.8,0.8,0.23851144305006255
MA,STATUTE,2067,0.5614885569499375,0.8,0.8,0.23851144305006255
MA,STATUTE,2068,0.5614885569499375,0.8,0.8,0.23851144305006255
MA,STATUTE,2069,0.5614885569499375,0.8,0.8,0.23851144305006255
MA,STATUTE,2070,0.5614885569499375,0.8,0.8,0.23851144305006255
MA,STATUTE,2071,0.5614885569499375,0.8,0.8,0.23851144305006255
MA,STATUTE,2072,0.5614885569499375,0.8,0.8,0.23851144305006255
MA,STATUTE,2073,0.5614885569499375,0.8,0.8,0.23851144305006255
MA,STATUTE,2074,0.5614885569499375,0.8,0.8,0.23851144305006255
MA,STATUTE,2075,0.5614885569499375,0.8,0.8,0.23851144305006255
MA,ASYMPTOTIC,2030,0.43571638708596877,0.6,0.6,0.1642836129140312
MA,ASYMPTOTIC,2031,0.44556645642717346,0.6,0.6,0.15443354357282651
MA,ASYMPTOTIC,2032,0.4554165257683782,0.6,0.6,0.14458347423162177
MA,ASYMPTOTIC,2033,0.4652665951095829,0.6,0.6,0.13473340489041707
MA,ASYMPTOTIC,2034,0.47511666445078765,0.6,0.6,0.12488333554921233
MA,ASYMPTOTIC,2035,0.48496673379199234,0.6,0.6,0.11503326620800763
MA,ASYMPTOTIC,2036,0.48248605317139076,0.6,0.6,0.11751394682860922
MA,ASYMPTOTIC,2037,0.4800053725507891,0.6,0.6,0.11999462744921086
MA,ASYMPTOTIC,2038,0.47752469193018754,0.6,0.6,0.12247530806981244
MA,ASYMPTOTIC,2039,0.4750440113095859,0.6,0.6,0.12495598869041408
MA,ASYMPTOTIC,2040,0.4725633306889843,0.7,0.7,0.22743666931101564
MA,ASYMPTOTIC,2041,0.482667124276813,0.7,0.7,0.21733287572318694
MA,ASYMPTOTIC,2042,0.4927709178646417,0.7,0.7,0.20722908213535823
MA,ASYMPTOTIC,2043,0.5028747114524704,0.7,0.7,0.19712528854752953
MA,ASYMPTOTIC,2044,0.5129785050402991,0.7,0.7,0.18702149495970088
MA,ASYMPTOTIC,2045,0.5230822986281278,0.7,0.7,0.17691770137187213
MA,ASYMPTOTIC,2046,0.5307635502924898,0.7,0.7,0.16923644970751017
MA,ASYMPTOTIC,2047,0.5384448019568517,0.7,0.7,0.16155519804314822
MA,ASYMPTOTIC,2048,0.5461260536212136,0.7,0.7,0.15387394637878637
MA,ASYMPTOTIC,2049,0.5538073052855755,0.7,0.7,0.14619269471442442
MA,ASYMPTOTIC,2050,0.5614885569499375,0.8,0.8,0.23851144305006255
MA,ASYMPTOTIC,2051,0.5691029248102364,0.8,0.8,0.23089707518976366
MA,ASYMPTOTIC,2052,0.5765850758291486,0.8,0.8,0.2234149241708514
MA,ASYMPTOTIC,2053,0.5839373058365407,0.8,0.8,0.21606269416345936
MA,ASYMPTOTIC,2054,0.5911618707972,0.8,0.8,0.2088381292028001
MA,ASYMPTOTIC,2055,0.5982609875030577,0.8,0.8,0.20173901249694237
MA,ASYMPTOTIC,2056,0.6052368342533914,0.8,0.8,0.19476316574660868
MA,ASYMPTOTIC,2057,0.6120915515232157,0.8,0.8,0.18790844847678434
MA,ASYMPTOTIC,2058,0.6188272426200676,0.8,0.8,0.18117275737993244
MA,ASYMPTOTIC,2059,0.625445974329388,0.8,0.8,0.17455402567061207
MA,ASYMPTOTIC,2060,0.6319497775486949,0.8,0.8,0.1680502224513052
MA,ASYMPTOTIC,2061,0.6383406479107463,0.8,0.8,0.16165935208925375
MA,ASYMPTOTIC,2062,0.6446205463958823,0.8,0.8,0.15537945360411776
MA,ASYMPTOTIC,2063,0.6507913999337337,0.8,0.8,0.14920860006626635
MA,ASYMPTOTIC,2064,0.6568551019944824,0.8,0.8,0.14314489800551766
MA,ASYMPTOTIC,2065,0.662813513169856,0.8,0.8,0.137186486830144
MA,ASYMPTOTIC,2066,0.6686684617440337,0.8,0.8,0.13133153825596633
MA,ASYMPTOTIC,2067,0.6744217442546376,0.8,0.8,0.1255782557453624
MA,ASYMPTOTIC,2068,0.680075126043985,0.8,0.8,0.11992487395601503
MA,ASYMPTOTIC,2069,0.6856303418007669,0.8,0.8,0.11436965819923317
MA,ASYMPTOTIC,2070,0.6910890960923216,0.8,0.8,0.10891090390767844
MA,ASYMPTOTIC,2071,0.6964530638876658,0.8,0.8,0.10354693611233423
MA,ASYMPTOTIC,2072,0.7017238910714438,0.8,0.8,0.0982761089285562
MA,ASYMPTOTIC,2073,0.7069031949489513,0.8,0.8,0.09309680505104878
MA,ASYMPTOTIC,2074,0.7119925647423918,0.8,0.8,0.08800743525760824
MA,ASYMPTOTIC,2075,0.7169935620785144,0.8,0.8,0.08300643792148565
ME,FROZEN,2030,0.6885555506945987,0.8,0.8,0.11144444930540132
ME,FROZEN,2031,0.6870899310269349,0.8,0.8,0.1129100689730651
ME,FROZEN,2032,0.685624311359271,0.8,0.8,0.114375688640729
ME,FROZEN,2033,0.6841586916916073,0.8,0.8,0.11584130830839279
ME,FROZEN,2034,0.6826930720239434,0.8,0.8,0.11730692797605669
ME,FROZEN,2035,0.6812274523562796,0.9,0.9,0.21877254764372045
ME,FROZEN,2036,0.6816128914543852,0.9,0.9,0.21838710854561483
ME,FROZEN,2037,0.6819983305524909,0.9,0.9,0.2180016694475091
ME,FROZEN,2038,0.6823837696505965,0.9,0.9,0.21761623034940347
ME,FROZEN,2039,0.6827692087487023,0.9,0.9,0.21723079125129774
ME,FROZEN,2040,0.6831546478468079,1.0,1.0,0.3168453521531921
ME,FROZEN,2041,0.681608204755866,1.0,1.0,0.31839179524413397
ME,FROZEN,2042,0.6800617616649243,1.0,1.0,0.31993823833507573
ME,FROZEN,2043,0.6785153185739824,1.0,1.0,0.3214846814260176
ME,FROZEN,2044,0.6769688754830406,1.0,1.0,0.32303112451695937
ME,FROZEN,2045,0.6754224323920988,1.0,1.0,0.32457756760790124
ME,FROZEN,2046,0.6709288428079272,1.0,1.0,0.3290711571920728
ME,FROZEN,2047,0.6664352532237557,1.0,1.0,0.33356474677624426
ME,FROZEN,2048,0.6619416636395842,1.0,1.0,0.3380583363604158
ME,FROZEN,2049,0.6574480740554127,1.0,1.0,0.3425519259445873
ME,FROZEN,2050,0.6529544844712412,1.0,1.0,0.34704551552875884
ME,FROZEN,2051,0.6529544844712412,1.0,1.0,0.34704551552875884
ME,FROZEN,2052,0.6529544844712412,1.0,1.0,0.34704551552875884
ME,FROZEN,2053,0.6529544844712412,1.0,1.0,0.34704551552875884
ME,FROZEN,2054,0.6529544844712412,1.0,1.0,0.34704551552875884
ME,FROZEN,2055,0.6529544844712412,1.0,1.0,0.34704551552875884
ME,FROZEN,2056,0.6529544844712412,1.0,1.0,0.34704551552875884
ME,FROZEN,2057,0.6529544844712412,1.0,1.0,0.34704551552875884
ME,FROZEN,2058,0.6529544844712412,1.0,1.0,0.34704551552875884
ME,FROZEN,2059,0.6529544844712412,1.0,1.0,0.34704551552875884
ME,FROZEN,2060,0.6529544844712412,1.0,1.0,0.34704551552875884
ME,FROZEN,2061,0.6529544844712412,1.0,1.0,0.34704551552875884
ME,FROZEN,2062,0.6529544844712412,1.0,1.0,0.34704551552875884
ME,FROZEN,2063,0.6529544844712412,1.0,1.0,0.34704551552875884
ME,FROZEN,2064,0.6529544844712412,1.0,1.0,0.34704551552875884
ME,FROZEN,2065,0.6529544844712412,1.0,1.0,0.34704551552875884
ME,FROZEN,2066,0.6529544844712412,1.0,1.0,0.34704551552875884
ME,FROZEN,2067,0.6529544844712412,1.0,1.0,0.34704551552875884
ME,FROZEN,2068,0.6529544844712412,1.0,1.0,0.34704551552875884
ME,FROZEN,2069,0.6529544844712412,1.0,1.0,0.34704551552875884
ME,FROZEN,2070,0.6529544844712412,1.0,1.0,0.34704551552875884
ME,FROZEN,2071,0.6529544844712412,1.0,1.0,0.34704551552875884
ME,FROZEN,2072,0.6529544844712412,1.0,1.0,0.34704551552875884
ME,FROZEN,2073,0.6529544844712412,1.0,1.0,0.34704551552875884
ME,FROZEN,2074,0.6529544844712412,1.0,1.0,0.34704551552875884
ME,FROZEN,2075,0.6529544844712412,1.0,1.0,0.34704551552875884
ME,TREND,2030,0.6885555506945987,0.8,0.8,0.11144444930540132
ME,TREND,2031,0.6870899310269349,0.8,0.8,0.1129100689730651
ME,TREND,2032,0.685624311359271,0.8,0.8,0.114375688640729
ME,TREND,2033,0.6841586916916073,0.8,0.8,0.11584130830839279
ME,TREND,2034,0.6826930720239434,0.8,0.8,0.11730692797605669
ME,TREND,2035,0.6812274523562796,0.9,0.9,0.21877254764372045
ME,TREND,2036,0.6816128914543852,0.9,0.9,0.21838710854561483
ME,TREND,2037,0.6819983305524909,0.9,0.9,0.2180016694475091
ME,TREND,2038,0.6823837696505965,0.9,0.9,0.21761623034940347
ME,TREND,2039,0.6827692087487023,0.9,0.9,0.21723079125129774
ME,TREND,2040,0.6831546478468079,1.0,1.0,0.3168453521531921
ME,TREND,2041,0.681608204755866,1.0,1.0,0.31839179524413397
ME,TREND,2042,0.6800617616649243,1.0,1.0,0.31993823833507573
ME,TREND,2043,0.6785153185739824,1.0,1.0,0.3214846814260176
ME,TREND,2044,0.6769688754830406,1.0,1.0,0.32303112451695937
ME,TREND,2045,0.6754224323920988,1.0,1.0,0.32457756760790124
ME,TREND,2046,0.6709288428079272,1.0,1.0,0.3290711571920728
ME,TREND,2047,0.6664352532237557,1.0,1.0,0.33356474677624426
ME,TREND,2048,0.6619416636395842,1.0,1.0,0.3380583363604158
ME,TREND,2049,0.6574480740554127,1.0,1.0,0.3425519259445873
ME,TREND,2050,0.6529544844712412,1.0,1.0,0.34704551552875884
ME,TREND,2051,0.6484608948870696,1.0,1.0,0.3515391051129304
ME,TREND,2052,0.6439673053028981,1.0,1.0,0.35603269469710186
ME,TREND,2053,0.6394737157187266,1.0,1.0,0.3605262842812734
ME,TREND,2054,0.6349801261345551,1.0,1.0,0.3650198738654449
ME,TREND,2055,0.6304865365503836,1.0,1.0,0.36951346344961644
ME,TREND,2056,0.625992946966212,1.0,1.0,0.374007053033788
ME,TREND,2057,0.6214993573820405,1.0,1.0,0.37850064261795946
ME,TREND,2058,0.617005767797869,1.0,1.0,0.382994232202131
ME,TREND,2059,0.6125121782136975,1.0,1.0,0.3874878217863025
ME,TREND,2060,0.608018588629526,1.0,1.0,0.39198141137047404
ME,TREND,2061,0.6035249990453544,1.0,1.0,0.3964750009546456
ME,TREND,2062,0.5990314094611829,1.0,1.0,0.40096859053881706
ME,TREND,2063,0.5945378198770114,1.0,1.0,0.4054621801229886
ME,TREND,2064,0.5900442302928399,1.0,1.0,0.4099557697071601
ME,TREND,2065,0.5855506407086684,1.0,1.0,0.41444935929133164
ME,TREND,2066,0.5810570511244968,1.0,1.0,0.4189429488755032
ME,TREND,2067,0.5765634615403253,1.0,1.0,0.42343653845967466
ME,TREND,2068,0.5720698719561538,1.0,1.0,0.4279301280438462
ME,TREND,2069,0.5675762823719823,1.0,1.0,0.4324237176280177
ME,TREND,2070,0.5630826927878108,1.0,1.0,0.43691730721218924
ME,TREND,2071,0.5585891032036392,1.0,1.0,0.4414108967963608
ME,TREND,2072,0.5540955136194677,1.0,1.0,0.44590448638053226
ME,TREND,2073,0.5496019240352962,1.0,1.0,0.4503980759647038
ME,TREND,2074,0.5451083344511247,1.0,1.0,0.4548916655488753
ME,TREND,2075,0.5406147448669532,1.0,1.0,0.45938525513304684
ME,STATUTE,2030,0.6885555506945987,0.8,0.8,0.11144444930540132
ME,STATUTE,2031,0.6870899310269349,0.8,0.8,0.1129100689730651
ME,STATUTE,2032,0.685624311359271,0.8,0.8,0.114375688640729
ME,STATUTE,2033,0.6841586916916073,0.8,0.8,0.11584130830839279
ME,STATUTE,2034,0.6826930720239434,0.8,0.8,0.11730692797605669
ME,STATUTE,2035,0.6812274523562796,0.9,0.9,0.21877254764372045
ME,STATUTE,2036,0.6816128914543852,0.9,0.9,0.21838710854561483
ME,STATUTE,2037,0.6819983305524909,0.9,0.9,0.2180016694475091
ME,STATUTE,2038,0.6823837696505965,0.9,0.9,0.21761623034940347
ME,STATUTE,2039,0.6827692087487023,0.9,0.9,0.21723079125129774
ME,STATUTE,2040,0.6831546478468079,1.0,1.0,0.3168453521531921
ME,STATUTE,2041,0.681608204755866,1.0,1.0,0.31839179524413397
ME,STATUTE,2042,0.6800617616649243,1.0,1.0,0.31993823833507573
ME,STATUTE,2043,0.6785153185739824,1.0,1.0,0.3214846814260176
ME,STATUTE,2044,0.6769688754830406,1.0,1.0,0.32303112451695937
ME,STATUTE,2045,0.6754224323920988,1.0,1.0,0.32457756760790124
ME,STATUTE,2046,0.6709288428079272,1.0,1.0,0.3290711571920728
ME,STATUTE,2047,0.6664352532237557,1.0,1.0,0.33356474677624426
ME,STATUTE,2048,0.6619416636395842,1.0,1.0,0.3380583363604158
ME,STATUTE,2049,0.6574480740554127,1.0,1.0,0.3425519259445873
ME,STATUTE,2050,0.6529544844712412,1.0,1.0,0.34704551552875884
ME,STATUTE,2051,0.6529544844712412,1.0,1.0,0.34704551552875884
ME,STATUTE,2052,0.6529544844712412,1.0,1.0,0.34704551552875884
ME,STATUTE,2053,0.6529544844712412,1.0,1.0,0.34704551552875884
ME,STATUTE,2054,0.6529544844712412,1.0,1.0,0.34704551552875884
ME,STATUTE,2055,0.6529544844712412,1.0,1.0,0.34704551552875884
ME,STATUTE,2056,0.6529544844712412,1.0,1.0,0.34704551552875884
ME,STATUTE,2057,0.6529544844712412,1.0,1.0,0.34704551552875884
ME,STATUTE,2058,0.6529544844712412,1.0,1.0,0.34704551552875884
ME,STATUTE,2059,0.6529544844712412,1.0,1.0,0.34704551552875884
ME,STATUTE,2060,0.6529544844712412,1.0,1.0,0.34704551552875884
ME,STATUTE,2061,0.6529544844712412,1.0,1.0,0.34704551552875884
ME,STATUTE,2062,0.6529544844712412,1.0,1.0,0.34704551552875884
ME,STATUTE,2063,0.6529544844712412,1.0,1.0,0.34704551552875884
ME,STATUTE,2064,0.6529544844712412,1.0,1.0,0.34704551552875884
ME,STATUTE,2065,0.6529544844712412,1.0,1.0,0.34704551552875884
ME,STATUTE,2066,0.6529544844712412,1.0,1.0,0.34704551552875884
ME,STATUTE,2067,0.6529544844712412,1.0,1.0,0.34704551552875884
ME,STATUTE,2068,0.6529544844712412,1.0,1.0,0.34704551552875884
ME,STATUTE,2069,0.6529544844712412,1.0,1.0,0.34704551552875884
ME,STATUTE,2070,0.6529544844712412,1.0,1.0,0.34704551552875884
ME,STATUTE,2071,0.6529544844712412,1.0,1.0,0.34704551552875884
ME,STATUTE,2072,0.6529544844712412,1.0,1.0,0.34704551552875884
ME,STATUTE,2073,0.6529544844712412,1.0,1.0,0.34704551552875884
ME,STATUTE,2074,0.6529544844712412,1.0,1.0,0.34704551552875884
ME,STATUTE,2075,0.6529544844712412,1.0,1.0,0.34704551552875884
ME,ASYMPTOTIC,2030,0.6885555506945987,0.8,0.8,0.11144444930540132
ME,ASYMPTOTIC,2031,0.6870899310269349,0.8,0.8,0.1129100689730651
ME,ASYMPTOTIC,2032,0.685624311359271,0.8,0.8,0.114375688640729
ME,ASYMPTOTIC,2033,0.6841586916916073,0.8,0.8,0.11584130830839279
ME,ASYMPTOTIC,2034,0.6826930720239434,0.8,0.8,0.11730692797605669
ME,ASYMPTOTIC,2035,0.6812274523562796,0.9,0.9,0.21877254764372045
ME,ASYMPTOTIC,2036,0.6816128914543852,0.9,0.9,0.21838710854561483
ME,ASYMPTOTIC,2037,0.6819983305524909,0.9,0.9,0.2180016694475091
ME,ASYMPTOTIC,2038,0.6823837696505965,0.9,0.9,0.21761623034940347
ME,ASYMPTOTIC,2039,0.6827692087487023,0.9,0.9,0.21723079125129774
ME,ASYMPTOTIC,2040,0.6831546478468079,1.0,1.0,0.3168453521531921
ME,ASYMPTOTIC,2041,0.681608204755866,1.0,1.0,0.31839179524413397
ME,ASYMPTOTIC,2042,0.6800617616649243,1.0,1.0,0.31993823833507573
ME,ASYMPTOTIC,2043,0.6785153185739824,1.0,1.0,0.3214846814260176
ME,ASYMPTOTIC,2044,0.6769688754830406,1.0,1.0,0.32303112451695937
ME,ASYMPTOTIC,2045,0.6754224323920988,1.0,1.0,0.32457756760790124
ME,ASYMPTOTIC,2046,0.6709288428079272,1.0,1.0,0.3290711571920728
ME,ASYMPTOTIC,2047,0.6664352532237557,1.0,1.0,0.33356474677624426
ME,ASYMPTOTIC,2048,0.6619416636395842,1.0,1.0,0.3380583363604158
ME,ASYMPTOTIC,2049,0.6574480740554127,1.0,1.0,0.3425519259445873
ME,ASYMPTOTIC,2050,0.6529544844712412,1.0,1.0,0.34704551552875884
ME,ASYMPTOTIC,2051,0.6529544844712412,1.0,1.0,0.34704551552875884
ME,ASYMPTOTIC,2052,0.6529544844712412,1.0,1.0,0.34704551552875884
ME,ASYMPTOTIC,2053,0.6529544844712412,1.0,1.0,0.34704551552875884
ME,ASYMPTOTIC,2054,0.6529544844712412,1.0,1.0,0.34704551552875884
ME,ASYMPTOTIC,2055,0.6529544844712412,1.0,1.0,0.34704551552875884
ME,ASYMPTOTIC,2056,0.6529544844712412,1.0,1.0,0.34704551552875884
ME,ASYMPTOTIC,2057,0.6529544844712412,1.0,1.0,0.34704551552875884
ME,ASYMPTOTIC,2058,0.6529544844712412,1.0,1.0,0.34704551552875884
ME,ASYMPTOTIC,2059,0.6529544844712412,1.0,1.0,0.34704551552875884
ME,ASYMPTOTIC,2060,0.6529544844712412,1.0,1.0,0.34704551552875884
ME,ASYMPTOTIC,2061,0.6529544844712412,1.0,1.0,0.34704551552875884
ME,ASYMPTOTIC,2062,0.6529544844712412,1.0,1.0,0.34704551552875884
ME,ASYMPTOTIC,2063,0.6529544844712412,1.0,1.0,0.34704551552875884
ME,ASYMPTOTIC,2064,0.6529544844712412,1.0,1.0,0.34704551552875884
ME,ASYMPTOTIC,2065,0.6529544844712412,1.0,1.0,0.34704551552875884
ME,ASYMPTOTIC,2066,0.6529544844712412,1.0,1.0,0.34704551552875884
ME,ASYMPTOTIC,2067,0.6529544844712412,1.0,1.0,0.34704551552875884
ME,ASYMPTOTIC,2068,0.6529544844712412,1.0,1.0,0.34704551552875884
ME,ASYMPTOTIC,2069,0.6529544844712412,1.0,1.0,0.34704551552875884
ME,ASYMPTOTIC,2070,0.6529544844712412,1.0,1.0,0.34704551552875884
ME,ASYMPTOTIC,2071,0.6529544844712412,1.0,1.0,0.34704551552875884
ME,ASYMPTOTIC,2072,0.6529544844712412,1.0,1.0,0.34704551552875884
ME,ASYMPTOTIC,2073,0.6529544844712412,1.0,1.0,0.34704551552875884
ME,ASYMPTOTIC,2074,0.6529544844712412,1.0,1.0,0.34704551552875884
ME,ASYMPTOTIC,2075,0.6529544844712412,1.0,1.0,0.34704551552875884
MI,FROZEN,2030,0.4039853997168289,0.5,0.5,0.0960146002831711
MI,FROZEN,2031,0.4290971633021222,0.5,0.5,0.07090283669787778
MI,FROZEN,2032,0.4542089268874155,0.5,0.5,0.04579107311258451
MI,FROZEN,2033,0.4793206904727088,0.5,0.5,0.02067930952729119
MI,FROZEN,2035,0.5295442176432954,0.8,0.8,0.27045578235670464
MI,FROZEN,2036,0.5308557442861217,0.8,0.8,0.26914425571387834
MI,FROZEN,2037,0.5321672709289479,0.8,0.8,0.26783272907105216
MI,FROZEN,2038,0.5334787975717742,0.8,0.8,0.26652120242822586
MI,FROZEN,2039,0.5347903242146004,0.8,0.8,0.26520967578539967
MI,FROZEN,2040,0.5361018508574267,1.0,1.0,0.4638981491425733
MI,FROZEN,2041,0.5417602870360675,1.0,1.0,0.4582397129639325
MI,FROZEN,2042,0.5474187232147084,1.0,1.0,0.4525812767852916
MI,FROZEN,2043,0.5530771593933492,1.0,1.0,0.4469228406066508
MI,FROZEN,2044,0.5587355955719902,1.0,1.0,0.44126440442800985
MI,FROZEN,2045,0.564394031750631,1.0,1.0,0.43560596824936904
MI,FROZEN,2046,0.5647663495451053,1.0,1.0,0.4352336504548947
MI,FROZEN,2047,0.5651386673395797,1.0,1.0,0.43486133266042026
MI,FROZEN,2048,0.5655109851340541,1.0,1.0,0.43448901486594593
MI,FROZEN,2049,0.5658833029285285,1.0,1.0,0.4341166970714715
MI,FROZEN,2050,0.5662556207230028,1.0,1.0,0.43374437927699716
MI,FROZEN,2051,0.5662556207230028,1.0,1.0,0.43374437927699716
MI,FROZEN,2052,0.5662556207230028,1.0,1.0,0.43374437927699716
MI,FROZEN,2053,0.5662556207230028,1.0,1.0,0.43374437927699716
MI,FROZEN,2054,0.5662556207230028,1.0,1.0,0.43374437927699716
MI,FROZEN,2055,0.5662556207230028,1.0,1.0,0.43374437927699716
MI,FROZEN,2056,0.5662556207230028,1.0,1.0,0.43374437927699716
MI,FROZEN,2057,0.5662556207230028,1.0,1.0,0.43374437927699716
MI,FROZEN,2058,0.5662556207230028,1.0,1.0,0.43374437927699716
MI,FROZEN,2059,0.5662556207230028,1.0,1.0,0.43374437927699716
MI,FROZEN,2060,0.5662556207230028,1.0,1.0,0.43374437927699716
MI,FROZEN,2061,0.5662556207230028,1.0,1.0,0.43374437927699716
MI,FROZEN,2062,0.5662556207230028,1.0,1.0,0.43374437927699716
MI,FROZEN,2063,0.5662556207230028,1.0,1.0,0.43374437927699716
MI,FROZEN,2064,0.5662556207230028,1.0,1.0,0.43374437927699716
MI,FROZEN,2065,0.5662556207230028,1.0,1.0,0.43374437927699716
MI,FROZEN,2066,0.5662556207230028,1.0,1.0,0.43374437927699716
MI,FROZEN,2067,0.5662556207230028,1.0,1.0,0.43374437927699716
MI,FROZEN,2068,0.5662556207230028,1.0,1.0,0.43374437927699716
MI,FROZEN,2069,0.5662556207230028,1.0,1.0,0.43374437927699716
MI,FROZEN,2070,0.5662556207230028,1.0,1.0,0.43374437927699716
MI,FROZEN,2071,0.5662556207230028,1.0,1.0,0.43374437927699716
MI,FROZEN,2072,0.5662556207230028,1.0,1.0,0.43374437927699716
MI,FROZEN,2073,0.5662556207230028,1.0,1.0,0.43374437927699716
MI,FROZEN,2074,0.5662556207230028,1.0,1.0,0.43374437927699716
MI,FROZEN,2075,0.5662556207230028,1.0,1.0,0.43374437927699716
MI,TREND,2030,0.4039853997168289,0.5,0.5,0.0960146002831711
MI,TREND,2031,0.4290971633021222,0.5,0.5,0.07090283669787778
MI,TREND,2032,0.4542089268874155,0.5,0.5,0.04579107311258451
MI,TREND,2033,0.4793206904727088,0.5,0.5,0.02067930952729119
MI,TREND,2035,0.5295442176432954,0.8,0.8,0.27045578235670464
MI,TREND,2036,0.5308557442861217,0.8,0.8,0.26914425571387834
MI,TREND,2037,0.5321672709289479,0.8,0.8,0.26783272907105216
MI,TREND,2038,0.5334787975717742,0.8,0.8,0.26652120242822586
MI,TREND,2039,0.5347903242146004,0.8,0.8,0.26520967578539967
MI,TREND,2040,0.5361018508574267,1.0,1.0,0.4638981491425733
MI,TREND,2041,0.5417602870360675,1.0,1.0,0.4582397129639325
MI,TREND,2042,0.5474187232147084,1.0,1.0,0.4525812767852916
MI,TREND,2043,0.5530771593933492,1.0,1.0,0.4469228406066508
MI,TREND,2044,0.5587355955719902,1.0,1.0,0.44126440442800985
MI,TREND,2045,0.564394031750631,1.0,1.0,0.43560596824936904
MI,TREND,2046,0.5647663495451053,1.0,1.0,0.4352336504548947
MI,TREND,2047,0.5651386673395797,1.0,1.0,0.43486133266042026
MI,TREND,2048,0.5655109851340541,1.0,1.0,0.43448901486594593
MI,TREND,2049,0.5658833029285285,1.0,1.0,0.4341166970714715
MI,TREND,2050,0.5662556207230028,1.0,1.0,0.43374437927699716
MI,TREND,2051,0.5666279385174772,1.0,1.0,0.43337206148252283
MI,TREND,2052,0.5670002563119516,1.0,1.0,0.4329997436880484
MI,TREND,2053,0.5673725741064259,1.0,1.0,0.43262742589357406
MI,TREND,2054,0.5677448919009004,1.0,1.0,0.4322551080990996
MI,TREND,2055,0.5681172096953747,1.0,1.0,0.4318827903046253
MI,TREND,2056,0.568489527489849,1.0,1.0,0.43151047251015096
MI,TREND,2057,0.5688618452843235,1.0,1.0,0.4311381547156765
MI,TREND,2058,0.5692341630787978,1.0,1.0,0.4307658369212022
MI,TREND,2059,0.5696064808732723,1.0,1.0,0.43039351912672774
MI,TREND,2060,0.5699787986677466,1.0,1.0,0.4300212013322534
MI,TREND,2061,0.5703511164622209,1.0,1.0,0.4296488835377791
MI,TREND,2062,0.5707234342566954,1.0,1.0,0.42927656574330464
MI,TREND,2063,0.5710957520511697,1.0,1.0,0.4289042479488303
MI,TREND,2064,0.5714680698456441,1.0,1.0,0.42853193015435587
MI,TREND,2065,0.5718403876401185,1.0,1.0,0.42815961235988154
MI,TREND,2066,0.5722127054345928,1.0,1.0,0.4277872945654072
MI,TREND,2067,0.5725850232290672,1.0,1.0,0.42741497677093276
MI,TREND,2068,0.5729573410235416,1.0,1.0,0.42704265897645843
MI,TREND,2069,0.573329658818016,1.0,1.0,0.426670341181984
MI,TREND,2070,0.5737019766124903,1.0,1.0,0.42629802338750966
MI,TREND,2071,0.5740742944069647,1.0,1.0,0.42592570559303533
MI,TREND,2072,0.5744466122014391,1.0,1.0,0.4255533877985609
MI,TREND,2073,0.5748189299959134,1.0,1.0,0.42518107000408656
MI,TREND,2074,0.5751912477903879,1.0,1.0,0.4248087522096121
MI,TREND,2075,0.5755635655848622,1.0,1.0,0.4244364344151378
MI,STATUTE,2030,0.4039853997168289,0.5,0.5,0.0960146002831711
MI,STATUTE,2031,0.4290971633021222,0.5,0.5,0.07090283669787778
MI,STATUTE,2032,0.4542089268874155,0.5,0.5,0.04579107311258451
MI,STATUTE,2033,0.4793206904727088,0.5,0.5,0.02067930952729119
MI,STATUTE,2035,0.5295442176432954,0.8,0.8,0.27045578235670464
MI,STATUTE,2036,0.5308557442861217,0.8,0.8,0.26914425571387834
MI,STATUTE,2037,0.5321672709289479,0.8,0.8,0.26783272907105216
MI,STATUTE,2038,0.5334787975717742,0.8,0.8,0.26652120242822586
MI,STATUTE,2039,0.5347903242146004,0.8,0.8,0.26520967578539967
MI,STATUTE,2040,0.5361018508574267,1.0,1.0,0.4638981491425733
MI,STATUTE,2041,0.5417602870360675,1.0,1.0,0.4582397129639325
MI,STATUTE,2042,0.5474187232147084,1.0,1.0,0.4525812767852916
MI,STATUTE,2043,0.5530771593933492,1.0,1.0,0.4469228406066508
MI,STATUTE,2044,0.5587355955719902,1.0,1.0,0.44126440442800985
MI,STATUTE,2045,0.564394031750631,1.0,1.0,0.43560596824936904
MI,STATUTE,2046,0.5647663495451053,1.0,1.0,0.4352336504548947
MI,STATUTE,2047,0.5651386673395797,1.0,1.0,0.43486133266042026
MI,STATUTE,2048,0.5655109851340541,1.0,1.0,0.43448901486594593
MI,STATUTE,2049,0.5658833029285285,1.0,1.0,0.4341166970714715
MI,STATUTE,2050,0.5662556207230028,1.0,1.0,0.43374437927699716
MI,STATUTE,2051,0.5662556207230028,1.0,1.0,0.43374437927699716
MI,STATUTE,2052,0.5662556207230028,1.0,1.0,0.43374437927699716
MI,STATUTE,2053,0.5662556207230028,1.0,1.0,0.43374437927699716
MI,STATUTE,2054,0.5662556207230028,1.0,1.0,0.43374437927699716
MI,STATUTE,2055,0.5662556207230028,1.0,1.0,0.43374437927699716
MI,STATUTE,2056,0.5662556207230028,1.0,1.0,0.43374437927699716
MI,STATUTE,2057,0.5662556207230028,1.0,1.0,0.43374437927699716
MI,STATUTE,2058,0.5662556207230028,1.0,1.0,0.43374437927699716
MI,STATUTE,2059,0.5662556207230028,1.0,1.0,0.43374437927699716
MI,STATUTE,2060,0.5662556207230028,1.0,1.0,0.43374437927699716
MI,STATUTE,2061,0.5662556207230028,1.0,1.0,0.43374437927699716
MI,STATUTE,2062,0.5662556207230028,1.0,1.0,0.43374437927699716
MI,STATUTE,2063,0.5662556207230028,1.0,1.0,0.43374437927699716
MI,STATUTE,2064,0.5662556207230028,1.0,1.0,0.43374437927699716
MI,STATUTE,2065,0.5662556207230028,1.0,1.0,0.43374437927699716
MI,STATUTE,2066,0.5662556207230028,1.0,1.0,0.43374437927699716
MI,STATUTE,2067,0.5662556207230028,1.0,1.0,0.43374437927699716
MI,STATUTE,2068,0.5662556207230028,1.0,1.0,0.43374437927699716
MI,STATUTE,2069,0.5662556207230028,1.0,1.0,0.43374437927699716
MI,STATUTE,2070,0.5662556207230028,1.0,1.0,0.43374437927699716
MI,STATUTE,2071,0.5662556207230028,1.0,1.0,0.43374437927699716
MI,STATUTE,2072,0.5662556207230028,1.0,1.0,0.43374437927699716
MI,STATUTE,2073,0.5662556207230028,1.0,1.0,0.43374437927699716
MI,STATUTE,2074,0.5662556207230028,1.0,1.0,0.43374437927699716
MI,STATUTE,2075,0.5662556207230028,1.0,1.0,0.43374437927699716
MI,ASYMPTOTIC,2030,0.4039853997168289,0.5,0.5,0.0960146002831711
MI,ASYMPTOTIC,2031,0.4290971633021222,0.5,0.5,0.07090283669787778
MI,ASYMPTOTIC,2032,0.4542089268874155,0.5,0.5,0.04579107311258451
MI,ASYMPTOTIC,2033,0.4793206904727088,0.5,0.5,0.02067930952729119
MI,ASYMPTOTIC,2035,0.5295442176432954,0.8,0.8,0.27045578235670464
MI,ASYMPTOTIC,2036,0.5308557442861217,0.8,0.8,0.26914425571387834
MI,ASYMPTOTIC,2037,0.5321672709289479,0.8,0.8,0.26783272907105216
MI,ASYMPTOTIC,2038,0.5334787975717742,0.8,0.8,0.26652120242822586
MI,ASYMPTOTIC,2039,0.5347903242146004,0.8,0.8,0.26520967578539967
MI,ASYMPTOTIC,2040,0.5361018508574267,1.0,1.0,0.4638981491425733
MI,ASYMPTOTIC,2041,0.5417602870360675,1.0,1.0,0.4582397129639325
MI,ASYMPTOTIC,2042,0.5474187232147084,1.0,1.0,0.4525812767852916
MI,ASYMPTOTIC,2043,0.5530771593933492,1.0,1.0,0.4469228406066508
MI,ASYMPTOTIC,2044,0.5587355955719902,1.0,1.0,0.44126440442800985
MI,ASYMPTOTIC,2045,0.564394031750631,1.0,1.0,0.43560596824936904
MI,ASYMPTOTIC,2046,0.5647663495451053,1.0,1.0,0.4352336504548947
MI,ASYMPTOTIC,2047,0.5651386673395797,1.0,1.0,0.43486133266042026
MI,ASYMPTOTIC,2048,0.5655109851340541,1.0,1.0,0.43448901486594593
MI,ASYMPTOTIC,2049,0.5658833029285285,1.0,1.0,0.4341166970714715
MI,ASYMPTOTIC,2050,0.5662556207230028,1.0,1.0,0.43374437927699716
MI,ASYMPTOTIC,2051,0.5666277787679886,1.0,1.0,0.43337222123201136
MI,ASYMPTOTIC,2052,0.5669996174967664,1.0,1.0,0.4330003825032336
MI,ASYMPTOTIC,2053,0.5673711371833134,1.0,1.0,0.43262886281668655
MI,ASYMPTOTIC,2054,0.5677423381013718,1.0,1.0,0.43225766189862824
MI,ASYMPTOTIC,2055,0.5681132205244488,1.0,1.0,0.4318867794755512
MI,ASYMPTOTIC,2056,0.5684837847258173,1.0,1.0,0.4315162152741827
MI,ASYMPTOTIC,2057,0.5688540309785153,1.0,1.0,0.4311459690214847
MI,ASYMPTOTIC,2058,0.5692239595553465,1.0,1.0,0.43077604044465345
MI,ASYMPTOTIC,2059,0.5695935707288812,1.0,1.0,0.43040642927111883
MI,ASYMPTOTIC,2060,0.569962864771455,1.0,1.0,0.43003713522854503
MI,ASYMPTOTIC,2061,0.5703318419551702,1.0,1.0,0.42966815804482983
MI,ASYMPTOTIC,2062,0.5707005025518957,1.0,1.0,0.42929949744810425
MI,ASYMPTOTIC,2063,0.5710688468332672,1.0,1.0,0.4289311531667328
MI,ASYMPTOTIC,2064,0.571436875070687,1.0,1.0,0.42856312492931303
MI,ASYMPTOTIC,2065,0.5718045875353246,1.0,1.0,0.4281954124646754
MI,ASYMPTOTIC,2066,0.5721719844981172,1.0,1.0,0.42782801550188276
MI,ASYMPTOTIC,2067,0.5725390662297692,1.0,1.0,0.42746093377023076
MI,ASYMPTOTIC,2068,0.5729058330007529,1.0,1.0,0.42709416699924707
MI,ASYMPTOTIC,2069,0.5732722850813083,1.0,1.0,0.42672771491869166
MI,ASYMPTOTIC,2070,0.5736384227414438,1.0,1.0,0.42636157725855617
MI,ASYMPTOTIC,2071,0.574004246250936,1.0,1.0,0.42599575374906395
MI,ASYMPTOTIC,2072,0.5743697558793299,1.0,1.0,0.4256302441206701
MI,ASYMPTOTIC,2073,0.5747349518959396,1.0,1.0,0.4252650481040604
MI,ASYMPTOTIC,2074,0.5750998345698477,1.0,1.0,0.4249001654301523
MI,ASYMPTOTIC,2075,0.5754644041699062,1.0,1.0,0.4245355958300938
MN,FROZEN,2035,0.7613270951096445,0.9,0.9,0.13867290489035555
MN,FROZEN,2036,0.7656468340384297,0.9,0.9,0.13435316596157032
MN,FROZEN,2037,0.769966572967215,0.9,0.9,0.13003342703278498
MN,FROZEN,2038,0.7742863118960003,0.9,0.9,0.12571368810399974
MN,FROZEN,2039,0.7786060508247856,0.9,0.9,0.1213939491752144
MN,FROZEN,2040,0.7829257897535709,1.0,1.0,0.21707421024642914
MN,FROZEN,2041,0.7835043866185313,1.0,1.0,0.21649561338146872
MN,FROZEN,2042,0.7840829834834916,1.0,1.0,0.2159170165165084
MN,FROZEN,2043,0.784661580348452,1.0,1.0,0.21533841965154799
MN,FROZEN,2044,0.7852401772134123,1.0,1.0,0.21475982278658767
MN,FROZEN,2045,0.7858187740783728,1.0,1.0,0.21418122592162725
MN,FROZEN,2046,0.7855353909193961,1.0,1.0,0.21446460908060394
MN,FROZEN,2047,0.7852520077604194,1.0,1.0,0.21474799223958063
MN,FROZEN,2048,0.7849686246014427,1.0,1.0,0.21503137539855732
MN,FROZEN,2049,0.784685241442466,1.0,1.0,0.21531475855753401
MN,FROZEN,2050,0.7844018582834893,1.0,1.0,0.2155981417165107
MN,FROZEN,2051,0.7844018582834893,1.0,1.0,0.2155981417165107
MN,FROZEN,2052,0.7844018582834893,1.0,1.0,0.2155981417165107
MN,FROZEN,2053,0.7844018582834893,1.0,1.0,0.2155981417165107
MN,FROZEN,2054,0.7844018582834893,1.0,1.0,0.2155981417165107
MN,FROZEN,2055,0.7844018582834893,1.0,1.0,0.2155981417165107
MN,FROZEN,2056,0.7844018582834893,1.0,1.0,0.2155981417165107
MN,FROZEN,2057,0.7844018582834893,1.0,1.0,0.2155981417165107
MN,FROZEN,2058,0.7844018582834893,1.0,1.0,0.2155981417165107
MN,FROZEN,2059,0.7844018582834893,1.0,1.0,0.2155981417165107
MN,FROZEN,2060,0.7844018582834893,1.0,1.0,0.2155981417165107
MN,FROZEN,2061,0.7844018582834893,1.0,1.0,0.2155981417165107
MN,FROZEN,2062,0.7844018582834893,1.0,1.0,0.2155981417165107
MN,FROZEN,2063,0.7844018582834893,1.0,1.0,0.2155981417165107
MN,FROZEN,2064,0.7844018582834893,1.0,1.0,0.2155981417165107
MN,FROZEN,2065,0.7844018582834893,1.0,1.0,0.2155981417165107
MN,FROZEN,2066,0.7844018582834893,1.0,1.0,0.2155981417165107
MN,FROZEN,2067,0.7844018582834893,1.0,1.0,0.2155981417165107
MN,FROZEN,2068,0.7844018582834893,1.0,1.0,0.2155981417165107
MN,FROZEN,2069,0.7844018582834893,1.0,1.0,0.2155981417165107
MN,FROZEN,2070,0.7844018582834893,1.0,1.0,0.2155981417165107
MN,FROZEN,2071,0.7844018582834893,1.0,1.0,0.2155981417165107
MN,FROZEN,2072,0.7844018582834893,1.0,1.0,0.2155981417165107
MN,FROZEN,2073,0.7844018582834893,1.0,1.0,0.2155981417165107
MN,FROZEN,2074,0.7844018582834893,1.0,1.0,0.2155981417165107
MN,FROZEN,2075,0.7844018582834893,1.0,1.0,0.2155981417165107
MN,TREND,2035,0.7613270951096445,0.9,0.9,0.13867290489035555
MN,TREND,2036,0.7656468340384297,0.9,0.9,0.13435316596157032
MN,TREND,2037,0.769966572967215,0.9,0.9,0.13003342703278498
MN,TREND,2038,0.7742863118960003,0.9,0.9,0.12571368810399974
MN,TREND,2039,0.7786060508247856,0.9,0.9,0.1213939491752144
MN,TREND,2040,0.7829257897535709,1.0,1.0,0.21707421024642914
MN,TREND,2041,0.7835043866185313,1.0,1.0,0.21649561338146872
MN,TREND,2042,0.7840829834834916,1.0,1.0,0.2159170165165084
MN,TREND,2043,0.784661580348452,1.0,1.0,0.21533841965154799
MN,TREND,2044,0.7852401772134123,1.0,1.0,0.21475982278658767
MN,TREND,2045,0.7858187740783728,1.0,1.0,0.21418122592162725
MN,TREND,2046,0.7855353909193961,1.0,1.0,0.21446460908060394
MN,TREND,2047,0.7852520077604194,1.0,1.0,0.21474799223958063
MN,TREND,2048,0.7849686246014427,1.0,1.0,0.21503137539855732
MN,TREND,2049,0.784685241442466,1.0,1.0,0.21531475855753401
MN,TREND,2050,0.7844018582834893,1.0,1.0,0.2155981417165107
MN,TREND,2051,0.7841184751245126,1.0,1.0,0.2158815248754874
MN,TREND,2052,0.7838350919655359,1.0,1.0,0.2161649080344641
MN,TREND,2053,0.7835517088065592,1.0,1.0,0.21644829119344078
MN,TREND,2054,0.7832683256475825,1.0,1.0,0.21673167435241747
MN,TREND,2055,0.7829849424886058,1.0,1.0,0.21701505751139416
MN,TREND,2056,0.7827015593296291,1.0,1.0,0.21729844067037085
MN,TREND,2057,0.7824181761706525,1.0,1.0,0.21758182382934754
MN,TREND,2058,0.7821347930116758,1.0,1.0,0.21786520698832423
MN,TREND,2059,0.7818514098526991,1.0,1.0,0.21814859014730092
MN,TREND,2060,0.7815680266937224,1.0,1.0,0.21843197330627762
MN,TREND,2061,0.7812846435347457,1.0,1.0,0.2187153564652543
MN,TREND,2062,0.781001260375769,1.0,1.0,0.218998739624231
MN,TREND,2063,0.7807178772167923,1.0,1.0,0.2192821227832077
MN,TREND,2064,0.7804344940578156,1.0,1.0,0.21956550594218438
MN,TREND,2065,0.7801511108988389,1.0,1.0,0.21984888910116107
MN,TREND,2066,0.7798677277398622,1.0,1.0,0.22013227226013776
MN,TREND,2067,0.7795843445808855,1.0,1.0,0.22041565541911445
MN,TREND,2068,0.7793009614219089,1.0,1.0,0.22069903857809114
MN,TREND,2069,0.7790175782629322,1.0,1.0,0.22098242173706784
MN,TREND,2070,0.7787341951039555,1.0,1.0,0.22126580489604453
MN,TREND,2071,0.7784508119449788,1.0,1.0,0.22154918805502122
MN,TREND,2072,0.7781674287860021,1.0,1.0,0.2218325712139979
MN,TREND,2073,0.7778840456270254,1.0,1.0,0.2221159543729746
MN,TREND,2074,0.7776006624680487,1.0,1.0,0.2223993375319513
MN,TREND,2075,0.777317279309072,1.0,1.0,0.22268272069092798
MN,STATUTE,2035,0.7613270951096445,0.9,0.9,0.13867290489035555
MN,STATUTE,2036,0.7656468340384297,0.9,0.9,0.13435316596157032
MN,STATUTE,2037,0.769966572967215,0.9,0.9,0.13003342703278498
MN,STATUTE,2038,0.7742863118960003,0.9,0.9,0.12571368810399974
MN,STATUTE,2039,0.7786060508247856,0.9,0.9,0.1213939491752144
MN,STATUTE,2040,0.7829257897535709,1.0,1.0,0.21707421024642914
MN,STATUTE,2041,0.7835043866185313,1.0,1.0,0.21649561338146872
MN,STATUTE,2042,0.7840829834834916,1.0,1.0,0.2159170165165084
MN,STATUTE,2043,0.784661580348452,1.0,1.0,0.21533841965154799
MN,STATUTE,2044,0.7852401772134123,1.0,1.0,0.21475982278658767
MN,STATUTE,2045,0.7858187740783728,1.0,1.0,0.21418122592162725
MN,STATUTE,2046,0.7855353909193961,1.0,1.0,0.21446460908060394
MN,STATUTE,2047,0.7852520077604194,1.0,1.0,0.21474799223958063
MN,STATUTE,2048,0.7849686246014427,1.0,1.0,0.21503137539855732
MN,STATUTE,2049,0.784685241442466,1.0,1.0,0.21531475855753401
MN,STATUTE,2050,0.7844018582834893,1.0,1.0,0.2155981417165107
MN,STATUTE,2051,0.7844018582834893,1.0,1.0,0.2155981417165107
MN,STATUTE,2052,0.7844018582834893,1.0,1.0,0.2155981417165107
MN,STATUTE,2053,0.7844018582834893,1.0,1.0,0.2155981417165107
MN,STATUTE,2054,0.7844018582834893,1.0,1.0,0.2155981417165107
MN,STATUTE,2055,0.7844018582834893,1.0,1.0,0.2155981417165107
MN,STATUTE,2056,0.7844018582834893,1.0,1.0,0.2155981417165107
MN,STATUTE,2057,0.7844018582834893,1.0,1.0,0.2155981417165107
MN,STATUTE,2058,0.7844018582834893,1.0,1.0,0.2155981417165107
MN,STATUTE,2059,0.7844018582834893,1.0,1.0,0.2155981417165107
MN,STATUTE,2060,0.7844018582834893,1.0,1.0,0.2155981417165107
MN,STATUTE,2061,0.7844018582834893,1.0,1.0,0.2155981417165107
MN,STATUTE,2062,0.7844018582834893,1.0,1.0,0.2155981417165107
MN,STATUTE,2063,0.7844018582834893,1.0,1.0,0.2155981417165107
MN,STATUTE,2064,0.7844018582834893,1.0,1.0,0.2155981417165107
MN,STATUTE,2065,0.7844018582834893,1.0,1.0,0.2155981417165107
MN,STATUTE,2066,0.7844018582834893,1.0,1.0,0.2155981417165107
MN,STATUTE,2067,0.7844018582834893,1.0,1.0,0.2155981417165107
MN,STATUTE,2068,0.7844018582834893,1.0,1.0,0.2155981417165107
MN,STATUTE,2069,0.7844018582834893,1.0,1.0,0.2155981417165107
MN,STATUTE,2070,0.7844018582834893,1.0,1.0,0.2155981417165107
MN,STATUTE,2071,0.7844018582834893,1.0,1.0,0.2155981417165107
MN,STATUTE,2072,0.7844018582834893,1.0,1.0,0.2155981417165107
MN,STATUTE,2073,0.7844018582834893,1.0,1.0,0.2155981417165107
MN,STATUTE,2074,0.7844018582834893,1.0,1.0,0.2155981417165107
MN,STATUTE,2075,0.7844018582834893,1.0,1.0,0.2155981417165107
MN,ASYMPTOTIC,2035,0.7613270951096445,0.9,0.9,0.13867290489035555
MN,ASYMPTOTIC,2036,0.7656468340384297,0.9,0.9,0.13435316596157032
MN,ASYMPTOTIC,2037,0.769966572967215,0.9,0.9,0.13003342703278498
MN,ASYMPTOTIC,2038,0.7742863118960003,0.9,0.9,0.12571368810399974
MN,ASYMPTOTIC,2039,0.7786060508247856,0.9,0.9,0.1213939491752144
MN,ASYMPTOTIC,2040,0.7829257897535709,1.0,1.0,0.21707421024642914
MN,ASYMPTOTIC,2041,0.7835043866185313,1.0,1.0,0.21649561338146872
MN,ASYMPTOTIC,2042,0.7840829834834916,1.0,1.0,0.2159170165165084
MN,ASYMPTOTIC,2043,0.784661580348452,1.0,1.0,0.21533841965154799
MN,ASYMPTOTIC,2044,0.7852401772134123,1.0,1.0,0.21475982278658767
MN,ASYMPTOTIC,2045,0.7858187740783728,1.0,1.0,0.21418122592162725
MN,ASYMPTOTIC,2046,0.7855353909193961,1.0,1.0,0.21446460908060394
MN,ASYMPTOTIC,2047,0.7852520077604194,1.0,1.0,0.21474799223958063
MN,ASYMPTOTIC,2048,0.7849686246014427,1.0,1.0,0.21503137539855732
MN,ASYMPTOTIC,2049,0.784685241442466,1.0,1.0,0.21531475855753401
MN,ASYMPTOTIC,2050,0.7844018582834893,1.0,1.0,0.2155981417165107
MN,ASYMPTOTIC,2051,0.7844018582834893,1.0,1.0,0.2155981417165107
MN,ASYMPTOTIC,2052,0.7844018582834893,1.0,1.0,0.2155981417165107
MN,ASYMPTOTIC,2053,0.7844018582834893,1.0,1.0,0.2155981417165107
MN,ASYMPTOTIC,2054,0.7844018582834893,1.0,1.0,0.2155981417165107
MN,ASYMPTOTIC,2055,0.7844018582834893,1.0,1.0,0.2155981417165107
MN,ASYMPTOTIC,2056,0.7844018582834893,1.0,1.0,0.2155981417165107
MN,ASYMPTOTIC,2057,0.7844018582834893,1.0,1.0,0.2155981417165107
MN,ASYMPTOTIC,2058,0.7844018582834893,1.0,1.0,0.2155981417165107
MN,ASYMPTOTIC,2059,0.7844018582834893,1.0,1.0,0.2155981417165107
MN,ASYMPTOTIC,2060,0.7844018582834893,1.0,1.0,0.2155981417165107
MN,ASYMPTOTIC,2061,0.7844018582834893,1.0,1.0,0.2155981417165107
MN,ASYMPTOTIC,2062,0.7844018582834893,1.0,1.0,0.2155981417165107
MN,ASYMPTOTIC,2063,0.7844018582834893,1.0,1.0,0.2155981417165107
MN,ASYMPTOTIC,2064,0.7844018582834893,1.0,1.0,0.2155981417165107
MN,ASYMPTOTIC,2065,0.7844018582834893,1.0,1.0,0.2155981417165107
MN,ASYMPTOTIC,2066,0.7844018582834893,1.0,1.0,0.2155981417165107
MN,ASYMPTOTIC,2067,0.7844018582834893,1.0,1.0,0.2155981417165107
MN,ASYMPTOTIC,2068,0.7844018582834893,1.0,1.0,0.2155981417165107
MN,ASYMPTOTIC,2069,0.7844018582834893,1.0,1.0,0.2155981417165107
MN,ASYMPTOTIC,2070,0.7844018582834893,1.0,1.0,0.2155981417165107
MN,ASYMPTOTIC,2071,0.7844018582834893,1.0,1.0,0.2155981417165107
MN,ASYMPTOTIC,2072,0.7844018582834893,1.0,1.0,0.2155981417165107
MN,ASYMPTOTIC,2073,0.7844018582834893,1.0,1.0,0.2155981417165107
MN,ASYMPTOTIC,2074,0.7844018582834893,1.0,1.0,0.2155981417165107
MN,ASYMPTOTIC,2075,0.7844018582834893,1.0,1.0,0.2155981417165107
NC,FROZEN,2050,0.8687106891733424,1.0,1.0,0.13128931082665762
NC,FROZEN,2051,0.8687106891733424,1.0,1.0,0.13128931082665762
NC,FROZEN,2052,0.8687106891733424,1.0,1.0,0.13128931082665762
NC,FROZEN,2053,0.8687106891733424,1.0,1.0,0.13128931082665762
NC,FROZEN,2054,0.8687106891733424,1.0,1.0,0.13128931082665762
NC,FROZEN,2055,0.8687106891733424,1.0,1.0,0.13128931082665762
NC,FROZEN,2056,0.8687106891733424,1.0,1.0,0.13128931082665762
NC,FROZEN,2057,0.8687106891733424,1.0,1.0,0.13128931082665762
NC,FROZEN,2058,0.8687106891733424,1.0,1.0,0.13128931082665762
NC,FROZEN,2059,0.8687106891733424,1.0,1.0,0.13128931082665762
NC,FROZEN,2060,0.8687106891733424,1.0,1.0,0.13128931082665762
NC,FROZEN,2061,0.8687106891733424,1.0,1.0,0.13128931082665762
NC,FROZEN,2062,0.8687106891733424,1.0,1.0,0.13128931082665762
NC,FROZEN,2063,0.8687106891733424,1.0,1.0,0.13128931082665762
NC,FROZEN,2064,0.8687106891733424,1.0,1.0,0.13128931082665762
NC,FROZEN,2065,0.8687106891733424,1.0,1.0,0.13128931082665762
NC,FROZEN,2066,0.8687106891733424,1.0,1.0,0.13128931082665762
NC,FROZEN,2067,0.8687106891733424,1.0,1.0,0.13128931082665762
NC,FROZEN,2068,0.8687106891733424,1.0,1.0,0.13128931082665762
NC,FROZEN,2069,0.8687106891733424,1.0,1.0,0.13128931082665762
NC,FROZEN,2070,0.8687106891733424,1.0,1.0,0.13128931082665762
NC,FROZEN,2071,0.8687106891733424,1.0,1.0,0.13128931082665762
NC,FROZEN,2072,0.8687106891733424,1.0,1.0,0.13128931082665762
NC,FROZEN,2073,0.8687106891733424,1.0,1.0,0.13128931082665762
NC,FROZEN,2074,0.8687106891733424,1.0,1.0,0.13128931082665762
NC,FROZEN,2075,0.8687106891733424,1.0,1.0,0.13128931082665762
NC,TREND,2050,0.8687106891733424,1.0,1.0,0.13128931082665762
NC,TREND,2051,0.8702622711540183,1.0,1.0,0.12973772884598167
NC,TREND,2052,0.8718138531346943,1.0,1.0,0.12818614686530572
NC,TREND,2053,0.8733654351153703,1.0,1.0,0.12663456488462965
NC,TREND,2054,0.8749170170960463,1.0,1.0,0.1250829829039537
NC,TREND,2055,0.8764685990767223,1.0,1.0,0.12353140092327775
NC,TREND,2056,0.8780201810573982,1.0,1.0,0.12197981894260179
NC,TREND,2057,0.8795717630380742,1.0,1.0,0.12042823696192584
NC,TREND,2058,0.8811233450187502,1.0,1.0,0.11887665498124977
NC,TREND,2059,0.8826749269994262,1.0,1.0,0.11732507300057382
NC,TREND,2060,0.8842265089801021,1.0,1.0,0.11577349101989787
NC,TREND,2061,0.8857780909607781,1.0,1.0,0.11422190903922191
NC,TREND,2062,0.887329672941454,1.0,1.0,0.11267032705854596
NC,TREND,2063,0.8888812549221301,1.0,1.0,0.1111187450778699
NC,TREND,2064,0.8904328369028061,1.0,1.0,0.10956716309719394
NC,TREND,2065,0.891984418883482,1.0,1.0,0.10801558111651799
NC,TREND,2066,0.893536000864158,1.0,1.0,0.10646399913584204
NC,TREND,2067,0.8950875828448339,1.0,1.0,0.10491241715516608
NC,TREND,2068,0.89663916482551,1.0,1.0,0.10336083517449002
NC,TREND,2069,0.8981907468061859,1.0,1.0,0.10180925319381406
NC,TREND,2070,0.8997423287868619,1.0,1.0,0.10025767121313811
NC,TREND,2071,0.9012939107675378,1.0,1.0,0.09870608923246216
NC,TREND,2072,0.9028454927482138,1.0,1.0,0.0971545072517862
NC,TREND,2073,0.9043970747288899,1.0,1.0,0.09560292527111014
NC,TREND,2074,0.9059486567095658,1.0,1.0,0.09405134329043419
NC,TREND,2075,0.9075002386902418,1.0,1.0,0.09249976130975823
NC,STATUTE,2050,0.8687106891733424,1.0,1.0,0.13128931082665762
NC,STATUTE,2051,0.8687106891733424,1.0,1.0,0.13128931082665762
NC,STATUTE,2052,0.8687106891733424,1.0,1.0,0.13128931082665762
NC,STATUTE,2053,0.8687106891733424,1.0,1.0,0.13128931082665762
NC,STATUTE,2054,0.8687106891733424,1.0,1.0,0.13128931082665762
NC,STATUTE,2055,0.8687106891733424,1.0,1.0,0.13128931082665762
NC,STATUTE,2056,0.8687106891733424,1.0,1.0,0.13128931082665762
NC,STATUTE,2057,0.8687106891733424,1.0,1.0,0.13128931082665762
NC,STATUTE,2058,0.8687106891733424,1.0,1.0,0.13128931082665762
NC,STATUTE,2059,0.8687106891733424,1.0,1.0,0.13128931082665762
NC,STATUTE,2060,0.8687106891733424,1.0,1.0,0.13128931082665762
NC,STATUTE,2061,0.8687106891733424,1.0,1.0,0.13128931082665762
NC,STATUTE,2062,0.8687106891733424,1.0,1.0,0.13128931082665762
NC,STATUTE,2063,0.8687106891733424,1.0,1.0,0.13128931082665762
NC,STATUTE,2064,0.8687106891733424,1.0,1.0,0.13128931082665762
NC,STATUTE,2065,0.8687106891733424,1.0,1.0,0.13128931082665762
NC,STATUTE,2066,0.8687106891733424,1.0,1.0,0.13128931082665762
NC,STATUTE,2067,0.8687106891733424,1.0,1.0,0.13128931082665762
NC,STATUTE,2068,0.8687106891733424,1.0,1.0,0.13128931082665762
NC,STATUTE,2069,0.8687106891733424,1.0,1.0,0.13128931082665762
NC,STATUTE,2070,0.8687106891733424,1.0,1.0,0.13128931082665762
NC,STATUTE,2071,0.8687106891733424,1.0,1.0,0.13128931082665762
NC,STATUTE,2072,0.8687106891733424,1.0,1.0,0.13128931082665762
NC,STATUTE,2073,0.8687106891733424,1.0,1.0,0.13128931082665762
NC,STATUTE,2074,0.8687106891733424,1.0,1.0,0.13128931082665762
NC,STATUTE,2075,0.8687106891733424,1.0,1.0,0.13128931082665762
NC,ASYMPTOTIC,2050,0.8687106891733424,1.0,1.0,0.13128931082665762
NC,ASYMPTOTIC,2051,0.8702531388378619,1.0,1.0,0.12974686116213807
NC,ASYMPTOTIC,2052,0.8717774670654375,1.0,1.0,0.12822253293456254
NC,ASYMPTOTIC,2053,0.8732838867553838,1.0,1.0,0.12671611324461618
NC,ASYMPTOTIC,2054,0.874772608305773,1.0,1.0,0.12522739169422703
NC,ASYMPTOTIC,2055,0.8762438396428195,1.0,1.0,0.12375616035718051
NC,ASYMPTOTIC,2056,0.8776977862499213,1.0,1.0,0.12230221375007866
NC,ASYMPTOTIC,2057,0.8791346511963593,1.0,1.0,0.12086534880364075
NC,ASYMPTOTIC,2058,0.8805546351656586,1.0,1.0,0.11944536483434143
NC,ASYMPTOTIC,2059,0.8819579364836189,1.0,1.0,0.11804206351638113
NC,ASYMPTOTIC,2060,0.8833447511460131,1.0,1.0,0.11665524885398693
NC,ASYMPTOTIC,2061,0.8847152728459621,1.0,1.0,0.11528472715403792
NC,ASYMPTOTIC,2062,0.8860696930009871,1.0,1.0,0.11393030699901285
NC,ASYMPTOTIC,2063,0.887408200779745,1.0,1.0,0.11259179922025497
NC,ASYMPTOTIC,2064,0.8887309831284484,1.0,1.0,0.11126901687155155
NC,ASYMPTOTIC,2065,0.8900382247969765,1.0,1.0,0.10996177520302353
NC,ASYMPTOTIC,2066,0.8913301083646785,1.0,1.0,0.10866989163532148
NC,ASYMPTOTIC,2067,0.892606814265874,1.0,1.0,0.10739318573412604
NC,ASYMPTOTIC,2068,0.8938685208150537,1.0,1.0,0.10613147918494625
NC,ASYMPTOTIC,2069,0.8951154042317846,1.0,1.0,0.1048845957682154
NC,ASYMPTOTIC,2070,0.8963476386653217,1.0,1.0,0.10365236133467826
NC,ASYMPTOTIC,2071,0.897565396218931,1.0,1.0,0.10243460378106894
NC,ASYMPTOTIC,2072,0.8987688469739276,1.0,1.0,0.10123115302607244
NC,ASYMPTOTIC,2073,0.899958159013429,1.0,1.0,0.10004184098657098
NC,ASYMPTOTIC,2074,0.9011334984458326,1.0,1.0,0.09886650155416743
NC,ASYMPTOTIC,2075,0.9022950294280143,1.0,1.0,0.09770497057198568
NJ,FROZEN,2030,0.4840356122949514,0.525,0.525,0.04096438770504862
NJ,FROZEN,2031,0.5086561163567956,0.525,0.525,0.016343883643204382
NJ,TREND,2030,0.4840356122949514,0.525,0.525,0.04096438770504862
NJ,TREND,2031,0.5086561163567956,0.525,0.525,0.016343883643204382
NJ,TREND,2058,0.5170231731658422,0.525,0.525,0.00797682683415779
NJ,TREND,2059,0.5074223176707819,0.525,0.525,0.01757768232921808
NJ,TREND,2060,0.49782146217572176,0.525,0.525,0.02717853782427826
NJ,TREND,2061,0.48822060668066153,0.525,0.525,0.036779393319338494
NJ,TREND,2062,0.4786197511856013,0.525,0.525,0.04638024881439873
NJ,TREND,2063,0.4690188956905411,0.525,0.525,0.05598110430945891
NJ,TREND,2064,0.4594180401954808,0.525,0.525,0.0655819598045192
NJ,TREND,2065,0.44981718470042065,0.525,0.525,0.07518281529957938
NJ,TREND,2066,0.4402163292053604,0.525,0.525,0.08478367079463961
NJ,TREND,2067,0.4306154737103002,0.525,0.525,0.09438452628969984
NJ,TREND,2068,0.42101461821524,0.525,0.525,0.10398538178476002
NJ,TREND,2069,0.4114137627201797,0.525,0.525,0.11358623727982031
NJ,TREND,2070,0.40181290722511953,0.525,0.525,0.12318709277488049
NJ,TREND,2071,0.3922120517300593,0.525,0.525,0.13278794826994073
NJ,TREND,2072,0.38261119623499906,0.525,0.525,0.14238880376500096
NJ,TREND,2073,0.3730103407399389,0.525,0.525,0.15198965926006114
NJ,TREND,2074,0.3634094852448786,0.525,0.525,0.16159051475512143
NJ,TREND,2075,0.3538086297498184,0.525,0.525,0.1711913702501816
NJ,STATUTE,2030,0.4840356122949514,0.525,0.525,0.04096438770504862
NJ,STATUTE,2031,0.5086561163567956,0.525,0.525,0.016343883643204382
NJ,ASYMPTOTIC,2030,0.4840356122949514,0.525,0.525,0.04096438770504862
NJ,ASYMPTOTIC,2031,0.5086561163567956,0.525,0.525,0.016343883643204382
NM,FROZEN,2040,0.7788093347627175,0.8,0.8,0.021190665237282524
NM,FROZEN,2041,0.7791205263802796,0.8,0.8,0.020879473619720423
NM,FROZEN,2042,0.7794317179978418,0.8,0.8,0.02056828200215821
NM,FROZEN,2043,0.7797429096154039,0.8,0.8,0.02025709038459611
NM,FROZEN,2044,0.7800541012329661,0.8,0.8,0.0199458987670339
NM,FROZEN,2045,0.7803652928505282,1.0,1.0,0.21963470714947175
NM,FROZEN,2046,0.781009451630502,1.0,1.0,0.21899054836949805
NM,FROZEN,2047,0.7816536104104757,1.0,1.0,0.21834638958952435
NM,FROZEN,2048,0.7822977691904492,1.0,1.0,0.21770223080955076
NM,FROZEN,2049,0.782941927970423,1.0,1.0,0.21705807202957705
NM,FROZEN,2050,0.7835860867503966,1.0,1.0,0.21641391324960335
NM,FROZEN,2051,0.7835860867503966,1.0,1.0,0.21641391324960335
NM,FROZEN,2052,0.7835860867503966,1.0,1.0,0.21641391324960335
NM,FROZEN,2053,0.7835860867503966,1.0,1.0,0.21641391324960335
NM,FROZEN,2054,0.7835860867503966,1.0,1.0,0.21641391324960335
NM,FROZEN,2055,0.7835860867503966,1.0,1.0,0.21641391324960335
NM,FROZEN,2056,0.7835860867503966,1.0,1.0,0.21641391324960335
NM,FROZEN,2057,0.7835860867503966,1.0,1.0,0.21641391324960335
NM,FROZEN,2058,0.7835860867503966,1.0,1.0,0.21641391324960335
NM,FROZEN,2059,0.7835860867503966,1.0,1.0,0.21641391324960335
NM,FROZEN,2060,0.7835860867503966,1.0,1.0,0.21641391324960335
NM,FROZEN,2061,0.7835860867503966,1.0,1.0,0.21641391324960335
NM,FROZEN,2062,0.7835860867503966,1.0,1.0,0.21641391324960335
NM,FROZEN,2063,0.7835860867503966,1.0,1.0,0.21641391324960335
NM,FROZEN,2064,0.7835860867503966,1.0,1.0,0.21641391324960335
NM,FROZEN,2065,0.7835860867503966,1.0,1.0,0.21641391324960335
NM,FROZEN,2066,0.7835860867503966,1.0,1.0,0.21641391324960335
NM,FROZEN,2067,0.7835860867503966,1.0,1.0,0.21641391324960335
NM,FROZEN,2068,0.7835860867503966,1.0,1.0,0.21641391324960335
NM,FROZEN,2069,0.7835860867503966,1.0,1.0,0.21641391324960335
NM,FROZEN,2070,0.7835860867503966,1.0,1.0,0.21641391324960335
NM,FROZEN,2071,0.7835860867503966,1.0,1.0,0.21641391324960335
NM,FROZEN,2072,0.7835860867503966,1.0,1.0,0.21641391324960335
NM,FROZEN,2073,0.7835860867503966,1.0,1.0,0.21641391324960335
NM,FROZEN,2074,0.7835860867503966,1.0,1.0,0.21641391324960335
NM,FROZEN,2075,0.7835860867503966,1.0,1.0,0.21641391324960335
NM,TREND,2040,0.7788093347627175,0.8,0.8,0.021190665237282524
NM,TREND,2041,0.7791205263802796,0.8,0.8,0.020879473619720423
NM,TREND,2042,0.7794317179978418,0.8,0.8,0.02056828200215821
NM,TREND,2043,0.7797429096154039,0.8,0.8,0.02025709038459611
NM,TREND,2044,0.7800541012329661,0.8,0.8,0.0199458987670339
NM,TREND,2045,0.7803652928505282,1.0,1.0,0.21963470714947175
NM,TREND,2046,0.781009451630502,1.0,1.0,0.21899054836949805
NM,TREND,2047,0.7816536104104757,1.0,1.0,0.21834638958952435
NM,TREND,2048,0.7822977691904492,1.0,1.0,0.21770223080955076
NM,TREND,2049,0.782941927970423,1.0,1.0,0.21705807202957705
NM,TREND,2050,0.7835860867503966,1.0,1.0,0.21641391324960335
NM,TREND,2051,0.7842302455303704,1.0,1.0,0.21576975446962965
NM,TREND,2052,0.784874404310344,1.0,1.0,0.21512559568965595
NM,TREND,2053,0.7855185630903176,1.0,1.0,0.21448143690968235
NM,TREND,2054,0.7861627218702913,1.0,1.0,0.21383727812970865
NM,TREND,2055,0.786806880650265,1.0,1.0,0.21319311934973495
NM,TREND,2056,0.7874510394302388,1.0,1.0,0.21254896056976125
NM,TREND,2057,0.7880951982102125,1.0,1.0,0.21190480178978754
NM,TREND,2058,0.788739356990186,1.0,1.0,0.21126064300981395
NM,TREND,2059,0.7893835157701597,1.0,1.0,0.21061648422984025
NM,TREND,2060,0.7900276745501335,1.0,1.0,0.20997232544986655
NM,TREND,2061,0.7906718333301072,1.0,1.0,0.20932816666989285
NM,TREND,2062,0.7913159921100809,1.0,1.0,0.20868400788991914
NM,TREND,2063,0.7919601508900544,1.0,1.0,0.20803984910994555
NM,TREND,2064,0.7926043096700282,1.0,1.0,0.20739569032997185
NM,TREND,2065,0.7932484684500019,1.0,1.0,0.20675153154999815
NM,TREND,2066,0.7938926272299756,1.0,1.0,0.20610737277002444
NM,TREND,2067,0.7945367860099493,1.0,1.0,0.20546321399005074
NM,TREND,2068,0.7951809447899229,1.0,1.0,0.20481905521007715
NM,TREND,2069,0.7958251035698966,1.0,1.0,0.20417489643010345
NM,TREND,2070,0.7964692623498703,1.0,1.0,0.20353073765012974
NM,TREND,2071,0.797113421129844,1.0,1.0,0.20288657887015604
NM,TREND,2072,0.7977575799098177,1.0,1.0,0.20224242009018234
NM,TREND,2073,0.7984017386897913,1.0,1.0,0.20159826131020875
NM,TREND,2074,0.799045897469765,1.0,1.0,0.20095410253023505
NM,TREND,2075,0.7996900562497387,1.0,1.0,0.20030994375026134
NM,STATUTE,2040,0.7788093347627175,0.8,0.8,0.021190665237282524
NM,STATUTE,2041,0.7791205263802796,0.8,0.8,0.020879473619720423
NM,STATUTE,2042,0.7794317179978418,0.8,0.8,0.02056828200215821
NM,STATUTE,2043,0.7797429096154039,0.8,0.8,0.02025709038459611
NM,STATUTE,2044,0.7800541012329661,0.8,0.8,0.0199458987670339
NM,STATUTE,2045,0.7803652928505282,1.0,1.0,0.21963470714947175
NM,STATUTE,2046,0.781009451630502,1.0,1.0,0.21899054836949805
NM,STATUTE,2047,0.7816536104104757,1.0,1.0,0.21834638958952435
NM,STATUTE,2048,0.7822977691904492,1.0,1.0,0.21770223080955076
NM,STATUTE,2049,0.782941927970423,1.0,1.0,0.21705807202957705
NM,STATUTE,2050,0.7835860867503966,1.0,1.0,0.21641391324960335
NM,STATUTE,2051,0.7835860867503966,1.0,1.0,0.21641391324960335
NM,STATUTE,2052,0.7835860867503966,1.0,1.0,0.21641391324960335
NM,STATUTE,2053,0.7835860867503966,1.0,1.0,0.21641391324960335
NM,STATUTE,2054,0.7835860867503966,1.0,1.0,0.21641391324960335
NM,STATUTE,2055,0.7835860867503966,1.0,1.0,0.21641391324960335
NM,STATUTE,2056,0.7835860867503966,1.0,1.0,0.21641391324960335
NM,STATUTE,2057,0.7835860867503966,1.0,1.0,0.21641391324960335
NM,STATUTE,2058,0.7835860867503966,1.0,1.0,0.21641391324960335
NM,STATUTE,2059,0.7835860867503966,1.0,1.0,0.21641391324960335
NM,STATUTE,2060,0.7835860867503966,1.0,1.0,0.21641391324960335
NM,STATUTE,2061,0.7835860867503966,1.0,1.0,0.21641391324960335
NM,STATUTE,2062,0.7835860867503966,1.0,1.0,0.21641391324960335
NM,STATUTE,2063,0.7835860867503966,1.0,1.0,0.21641391324960335
NM,STATUTE,2064,0.7835860867503966,1.0,1.0,0.21641391324960335
NM,STATUTE,2065,0.7835860867503966,1.0,1.0,0.21641391324960335
NM,STATUTE,2066,0.7835860867503966,1.0,1.0,0.21641391324960335
NM,STATUTE,2067,0.7835860867503966,1.0,1.0,0.21641391324960335
NM,STATUTE,2068,0.7835860867503966,1.0,1.0,0.21641391324960335
NM,STATUTE,2069,0.7835860867503966,1.0,1.0,0.21641391324960335
NM,STATUTE,2070,0.7835860867503966,1.0,1.0,0.21641391324960335
NM,STATUTE,2071,0.7835860867503966,1.0,1.0,0.21641391324960335
NM,STATUTE,2072,0.7835860867503966,1.0,1.0,0.21641391324960335
NM,STATUTE,2073,0.7835860867503966,1.0,1.0,0.21641391324960335
NM,STATUTE,2074,0.7835860867503966,1.0,1.0,0.21641391324960335
NM,STATUTE,2075,0.7835860867503966,1.0,1.0,0.21641391324960335
NM,ASYMPTOTIC,2040,0.7788093347627175,0.8,0.8,0.021190665237282524
NM,ASYMPTOTIC,2041,0.7791205263802796,0.8,0.8,0.020879473619720423
NM,ASYMPTOTIC,2042,0.7794317179978418,0.8,0.8,0.02056828200215821
NM,ASYMPTOTIC,2043,0.7797429096154039,0.8,0.8,0.02025709038459611
NM,ASYMPTOTIC,2044,0.7800541012329661,0.8,0.8,0.0199458987670339
NM,ASYMPTOTIC,2045,0.7803652928505282,1.0,1.0,0.21963470714947175
NM,ASYMPTOTIC,2046,0.781009451630502,1.0,1.0,0.21899054836949805
NM,ASYMPTOTIC,2047,0.7816536104104757,1.0,1.0,0.21834638958952435
NM,ASYMPTOTIC,2048,0.7822977691904492,1.0,1.0,0.21770223080955076
NM,ASYMPTOTIC,2049,0.782941927970423,1.0,1.0,0.21705807202957705
NM,ASYMPTOTIC,2050,0.7835860867503966,1.0,1.0,0.21641391324960335
NM,ASYMPTOTIC,2051,0.7842292878074083,1.0,1.0,0.2157707121925917
NM,ASYMPTOTIC,2052,0.7848705772146857,1.0,1.0,0.21512942278531433
NM,ASYMPTOTIC,2053,0.785509960653819,1.0,1.0,0.21449003934618105
NM,ASYMPTOTIC,2054,0.7861474437895118,1.0,1.0,0.21385255621048815
NM,ASYMPTOTIC,2055,0.7867830322696323,1.0,1.0,0.2132169677303677
NM,ASYMPTOTIC,2056,0.787416731725262,1.0,1.0,0.21258326827473795
NM,ASYMPTOTIC,2057,0.7880485477707471,1.0,1.0,0.21195145222925293
NM,ASYMPTOTIC,2058,0.7886784860037468,1.0,1.0,0.2113215139962532
NM,ASYMPTOTIC,2059,0.789306552005284,1.0,1.0,0.210693447994716
NM,ASYMPTOTIC,2060,0.789932751339794,1.0,1.0,0.21006724866020599
NM,ASYMPTOTIC,2061,0.7905570895551746,1.0,1.0,0.20944291044482544
NM,ASYMPTOTIC,2062,0.7911795721828341,1.0,1.0,0.20882042781716592
NM,ASYMPTOTIC,2063,0.7918002047377416,1.0,1.0,0.2081997952622584
NM,ASYMPTOTIC,2064,0.7924189927184748,1.0,1.0,0.20758100728152518
NM,ASYMPTOTIC,2065,0.7930359416072693,1.0,1.0,0.2069640583927307
NM,ASYMPTOTIC,2066,0.7936510568700671,1.0,1.0,0.2063489431299329
NM,ASYMPTOTIC,2067,0.7942643439565648,1.0,1.0,0.20573565604343524
NM,ASYMPTOTIC,2068,0.7948758083002619,1.0,1.0,0.20512419169973806
NM,ASYMPTOTIC,2069,0.7954854553185096,1.0,1.0,0.20451454468149044
NM,ASYMPTOTIC,2070,0.7960932904125577,1.0,1.0,0.20390670958744228
NM,ASYMPTOTIC,2071,0.7966993189676033,1.0,1.0,0.20330068103239674
NM,ASYMPTOTIC,2072,0.797303546352838,1.0,1.0,0.20269645364716204
NM,ASYMPTOTIC,2073,0.7979059779214959,1.0,1.0,0.20209402207850413
NM,ASYMPTOTIC,2074,0.7985066190109008,1.0,1.0,0.2014933809890992
NM,ASYMPTOTIC,2075,0.7991054749425135,1.0,1.0,0.2008945250574865
NV,FROZEN,2027,0.38693612357518614,0.42,0.42,0.03306387642481384
NV,FROZEN,2028,0.39664427938983715,0.42,0.42,0.023355720610162833
NV,FROZEN,2029,0.40635243520448816,0.42,0.42,0.013647564795511824
NV,FROZEN,2030,0.41606059101913917,0.5,0.5,0.08393940898086083
NV,FROZEN,2031,0.44271763614156123,0.5,0.5,0.05728236385843877
NV,FROZEN,2032,0.46937468126398335,0.5,0.5,0.03062531873601665
NV,FROZEN,2033,0.4960317263864054,0.5,0.5,0.003968273613594586
NV,FROZEN,2038,0.49881618268716155,0.5,0.5,0.0011838173128384533
NV,FROZEN,2039,0.48197297137246553,0.5,0.5,0.01802702862753447
NV,FROZEN,2040,0.4651297600577695,0.5,0.5,0.034870239942230485
NV,FROZEN,2041,0.4631715117680767,0.5,0.5,0.036828488231923306
NV,FROZEN,2042,0.4612132634783839,0.5,0.5,0.03878673652161613
NV,FROZEN,2043,0.45925501518869105,0.5,0.5,0.04074498481130895
NV,FROZEN,2044,0.45729676689899823,0.5,0.5,0.04270323310100177
NV,FROZEN,2045,0.4553385186093054,0.5,0.5,0.04466148139069459
NV,FROZEN,2046,0.4505161583174078,0.5,0.5,0.04948384168259218
NV,FROZEN,2047,0.44569379802551023,0.5,0.5,0.054306201974489765
NV,FROZEN,2048,0.4408714377336127,0.5,0.5,0.0591285622663873
NV,FROZEN,2049,0.4360490774417151,0.5,0.5,0.06395092255828488
NV,FROZEN,2050,0.43122671714981753,1.0,1.0,0.5687732828501825
NV,FROZEN,2051,0.43122671714981753,1.0,1.0,0.5687732828501825
NV,FROZEN,2052,0.43122671714981753,1.0,1.0,0.5687732828501825
NV,FROZEN,2053,0.43122671714981753,1.0,1.0,0.5687732828501825
NV,FROZEN,2054,0.43122671714981753,1.0,1.0,0.5687732828501825
NV,FROZEN,2055,0.43122671714981753,1.0,1.0,0.5687732828501825
NV,FROZEN,2056,0.43122671714981753,1.0,1.0,0.5687732828501825
NV,FROZEN,2057,0.43122671714981753,1.0,1.0,0.5687732828501825
NV,FROZEN,2058,0.43122671714981753,1.0,1.0,0.5687732828501825
NV,FROZEN,2059,0.43122671714981753,1.0,1.0,0.5687732828501825
NV,FROZEN,2060,0.43122671714981753,1.0,1.0,0.5687732828501825
NV,FROZEN,2061,0.43122671714981753,1.0,1.0,0.5687732828501825
NV,FROZEN,2062,0.43122671714981753,1.0,1.0,0.5687732828501825
NV,FROZEN,2063,0.43122671714981753,1.0,1.0,0.5687732828501825
NV,FROZEN,2064,0.43122671714981753,1.0,1.0,0.5687732828501825
NV,FROZEN,2065,0.43122671714981753,1.0,1.0,0.5687732828501825
NV,FROZEN,2066,0.43122671714981753,1.0,1.0,0.5687732828501825
NV,FROZEN,2067,0.43122671714981753,1.0,1.0,0.5687732828501825
NV,FROZEN,2068,0.43122671714981753,1.0,1.0,0.5687732828501825
NV,FROZEN,2069,0.43122671714981753,1.0,1.0,0.5687732828501825
NV,FROZEN,2070,0.43122671714981753,1.0,1.0,0.5687732828501825
NV,FROZEN,2071,0.43122671714981753,1.0,1.0,0.5687732828501825
NV,FROZEN,2072,0.43122671714981753,1.0,1.0,0.5687732828501825
NV,FROZEN,2073,0.43122671714981753,1.0,1.0,0.5687732828501825
NV,FROZEN,2074,0.43122671714981753,1.0,1.0,0.5687732828501825
NV,FROZEN,2075,0.43122671714981753,1.0,1.0,0.5687732828501825
NV,TREND,2027,0.38693612357518614,0.42,0.42,0.03306387642481384
NV,TREND,2028,0.39664427938983715,0.42,0.42,0.023355720610162833
NV,TREND,2029,0.40635243520448816,0.42,0.42,0.013647564795511824
NV,TREND,2030,0.41606059101913917,0.5,0.5,0.08393940898086083
NV,TREND,2031,0.44271763614156123,0.5,0.5,0.05728236385843877
NV,TREND,2032,0.46937468126398335,0.5,0.5,0.03062531873601665
NV,TREND,2033,0.4960317263864054,0.5,0.5,0.003968273613594586
NV,TREND,2038,0.49881618268716155,0.5,0.5,0.0011838173128384533
NV,TREND,2039,0.48197297137246553,0.5,0.5,0.01802702862753447
NV,TREND,2040,0.4651297600577695,0.5,0.5,0.034870239942230485
NV,TREND,2041,0.4631715117680767,0.5,0.5,0.036828488231923306
NV,TREND,2042,0.4612132634783839,0.5,0.5,0.03878673652161613
NV,TREND,2043,0.45925501518869105,0.5,0.5,0.04074498481130895
NV,TREND,2044,0.45729676689899823,0.5,0.5,0.04270323310100177
NV,TREND,2045,0.4553385186093054,0.5,0.5,0.04466148139069459
NV,TREND,2046,0.4505161583174078,0.5,0.5,0.04948384168259218
NV,TREND,2047,0.44569379802551023,0.5,0.5,0.054306201974489765
NV,TREND,2048,0.4408714377336127,0.5,0.5,0.0591285622663873
NV,TREND,2049,0.4360490774417151,0.5,0.5,0.06395092255828488
NV,TREND,2050,0.43122671714981753,1.0,1.0,0.5687732828501825
NV,TREND,2051,0.42640435685791994,1.0,1.0,0.5735956431420801
NV,TREND,2052,0.42158199656602235,1.0,1.0,0.5784180034339776
NV,TREND,2053,0.4167596362741248,1.0,1.0,0.5832403637258752
NV,TREND,2054,0.41193727598222724,1.0,1.0,0.5880627240177727
NV,TREND,2055,0.40711491569032965,1.0,1.0,0.5928850843096704
NV,TREND,2056,0.40229255539843206,1.0,1.0,0.597707444601568
NV,TREND,2057,0.3974701951065345,1.0,1.0,0.6025298048934655
NV,TREND,2058,0.39264783481463694,1.0,1.0,0.6073521651853631
NV,TREND,2059,0.38782547452273936,1.0,1.0,0.6121745254772606
NV,TREND,2060,0.38300311423084177,1.0,1.0,0.6169968857691582
NV,TREND,2061,0.3781807539389442,1.0,1.0,0.6218192460610559
NV,TREND,2062,0.3733583936470466,1.0,1.0,0.6266416063529534
NV,TREND,2063,0.36853603335514906,1.0,1.0,0.6314639666448509
NV,TREND,2064,0.3637136730632515,1.0,1.0,0.6362863269367485
NV,TREND,2065,0.3588913127713539,1.0,1.0,0.6411086872286461
NV,TREND,2066,0.3540689524794563,1.0,1.0,0.6459310475205438
NV,TREND,2067,0.3492465921875587,1.0,1.0,0.6507534078124413
NV,TREND,2068,0.3444242318956612,1.0,1.0,0.6555757681043388
NV,TREND,2069,0.3396018716037636,1.0,1.0,0.6603981283962364
NV,TREND,2070,0.334779511311866,1.0,1.0,0.665220488688134
NV,TREND,2071,0.3299571510199684,1.0,1.0,0.6700428489800316
NV,TREND,2072,0.32513479072807083,1.0,1.0,0.6748652092719292
NV,TREND,2073,0.3203124304361733,1.0,1.0,0.6796875695638267
NV,TREND,2074,0.3154900701442757,1.0,1.0,0.6845099298557242
NV,TREND,2075,0.3106677098523781,1.0,1.0,0.6893322901476219
NV,STATUTE,2027,0.38693612357518614,0.42,0.42,0.03306387642481384
NV,STATUTE,2028,0.39664427938983715,0.42,0.42,0.023355720610162833
NV,STATUTE,2029,0.40635243520448816,0.42,0.42,0.013647564795511824
NV,STATUTE,2030,0.41606059101913917,0.5,0.5,0.08393940898086083
NV,STATUTE,2031,0.44271763614156123,0.5,0.5,0.05728236385843877
NV,STATUTE,2032,0.46937468126398335,0.5,0.5,0.03062531873601665
NV,STATUTE,2033,0.4960317263864054,0.5,0.5,0.003968273613594586
NV,STATUTE,2038,0.49881618268716155,0.5,0.5,0.0011838173128384533
NV,STATUTE,2039,0.48197297137246553,0.5,0.5,0.01802702862753447
NV,STATUTE,2040,0.4651297600577695,0.5,0.5,0.034870239942230485
NV,STATUTE,2041,0.4631715117680767,0.5,0.5,0.036828488231923306
NV,STATUTE,2042,0.4612132634783839,0.5,0.5,0.03878673652161613
NV,STATUTE,2043,0.45925501518869105,0.5,0.5,0.04074498481130895
NV,STATUTE,2044,0.45729676689899823,0.5,0.5,0.04270323310100177
NV,STATUTE,2045,0.4553385186093054,0.5,0.5,0.04466148139069459
NV,STATUTE,2046,0.4505161583174078,0.5,0.5,0.04948384168259218
NV,STATUTE,2047,0.44569379802551023,0.5,0.5,0.054306201974489765
NV,STATUTE,2048,0.4408714377336127,0.5,0.5,0.0591285622663873
NV,STATUTE,2049,0.4360490774417151,0.5,0.5,0.06395092255828488
NV,STATUTE,2050,0.43122671714981753,1.0,1.0,0.5687732828501825
NV,STATUTE,2051,0.43122671714981753,1.0,1.0,0.5687732828501825
NV,STATUTE,2052,0.43122671714981753,1.0,1.0,0.5687732828501825
NV,STATUTE,2053,0.43122671714981753,1.0,1.0,0.5687732828501825
NV,STATUTE,2054,0.43122671714981753,1.0,1.0,0.5687732828501825
NV,STATUTE,2055,0.43122671714981753,1.0,1.0,0.5687732828501825
NV,STATUTE,2056,0.43122671714981753,1.0,1.0,0.5687732828501825
NV,STATUTE,2057,0.43122671714981753,1.0,1.0,0.5687732828501825
NV,STATUTE,2058,0.43122671714981753,1.0,1.0,0.5687732828501825
NV,STATUTE,2059,0.43122671714981753,1.0,1.0,0.5687732828501825
NV,STATUTE,2060,0.43122671714981753,1.0,1.0,0.5687732828501825
NV,STATUTE,2061,0.43122671714981753,1.0,1.0,0.5687732828501825
NV,STATUTE,2062,0.43122671714981753,1.0,1.0,0.5687732828501825
NV,STATUTE,2063,0.43122671714981753,1.0,1.0,0.5687732828501825
NV,STATUTE,2064,0.43122671714981753,1.0,1.0,0.5687732828501825
NV,STATUTE,2065,0.43122671714981753,1.0,1.0,0.5687732828501825
NV,STATUTE,2066,0.43122671714981753,1.0,1.0,0.5687732828501825
NV,STATUTE,2067,0.43122671714981753,1.0,1.0,0.5687732828501825
NV,STATUTE,2068,0.43122671714981753,1.0,1.0,0.5687732828501825
NV,STATUTE,2069,0.43122671714981753,1.0,1.0,0.5687732828501825
NV,STATUTE,2070,0.43122671714981753,1.0,1.0,0.5687732828501825
NV,STATUTE,2071,0.43122671714981753,1.0,1.0,0.5687732828501825
NV,STATUTE,2072,0.43122671714981753,1.0,1.0,0.5687732828501825
NV,STATUTE,2073,0.43122671714981753,1.0,1.0,0.5687732828501825
NV,STATUTE,2074,0.43122671714981753,1.0,1.0,0.5687732828501825
NV,STATUTE,2075,0.43122671714981753,1.0,1.0,0.5687732828501825
NV,ASYMPTOTIC,2027,0.38693612357518614,0.42,0.42,0.03306387642481384
NV,ASYMPTOTIC,2028,0.39664427938983715,0.42,0.42,0.023355720610162833
NV,ASYMPTOTIC,2029,0.40635243520448816,0.42,0.42,0.013647564795511824
NV,ASYMPTOTIC,2030,0.41606059101913917,0.5,0.5,0.08393940898086083
NV,ASYMPTOTIC,2031,0.44271763614156123,0.5,0.5,0.05728236385843877
NV,ASYMPTOTIC,2032,0.46937468126398335,0.5,0.5,0.03062531873601665
NV,ASYMPTOTIC,2033,0.4960317263864054,0.5,0.5,0.003968273613594586
NV,ASYMPTOTIC,2038,0.49881618268716155,0.5,0.5,0.0011838173128384533
NV,ASYMPTOTIC,2039,0.48197297137246553,0.5,0.5,0.01802702862753447
NV,ASYMPTOTIC,2040,0.4651297600577695,0.5,0.5,0.034870239942230485
NV,ASYMPTOTIC,2041,0.4631715117680767,0.5,0.5,0.036828488231923306
NV,ASYMPTOTIC,2042,0.4612132634783839,0.5,0.5,0.03878673652161613
NV,ASYMPTOTIC,2043,0.45925501518869105,0.5,0.5,0.04074498481130895
NV,ASYMPTOTIC,2044,0.45729676689899823,0.5,0.5,0.04270323310100177
NV,ASYMPTOTIC,2045,0.4553385186093054,0.5,0.5,0.04466148139069459
NV,ASYMPTOTIC,2046,0.4505161583174078,0.5,0.5,0.04948384168259218
NV,ASYMPTOTIC,2047,0.44569379802551023,0.5,0.5,0.054306201974489765
NV,ASYMPTOTIC,2048,0.4408714377336127,0.5,0.5,0.0591285622663873
NV,ASYMPTOTIC,2049,0.4360490774417151,0.5,0.5,0.06395092255828488
NV,ASYMPTOTIC,2050,0.43122671714981753,1.0,1.0,0.5687732828501825
NV,ASYMPTOTIC,2051,0.43122671714981753,1.0,1.0,0.5687732828501825
NV,ASYMPTOTIC,2052,0.43122671714981753,1.0,1.0,0.5687732828501825
NV,ASYMPTOTIC,2053,0.43122671714981753,1.0,1.0,0.5687732828501825
NV,ASYMPTOTIC,2054,0.43122671714981753,1.0,1.0,0.5687732828501825
NV,ASYMPTOTIC,2055,0.43122671714981753,1.0,1.0,0.5687732828501825
NV,ASYMPTOTIC,2056,0.43122671714981753,1.0,1.0,0.5687732828501825
NV,ASYMPTOTIC,2057,0.43122671714981753,1.0,1.0,0.5687732828501825
NV,ASYMPTOTIC,2058,0.43122671714981753,1.0,1.0,0.5687732828501825
NV,ASYMPTOTIC,2059,0.43122671714981753,1.0,1.0,0.5687732828501825
NV,ASYMPTOTIC,2060,0.43122671714981753,1.0,1.0,0.5687732828501825
NV,ASYMPTOTIC,2061,0.43122671714981753,1.0,1.0,0.5687732828501825
NV,ASYMPTOTIC,2062,0.43122671714981753,1.0,1.0,0.5687732828501825
NV,ASYMPTOTIC,2063,0.43122671714981753,1.0,1.0,0.5687732828501825
NV,ASYMPTOTIC,2064,0.43122671714981753,1.0,1.0,0.5687732828501825
NV,ASYMPTOTIC,2065,0.43122671714981753,1.0,1.0,0.5687732828501825
NV,ASYMPTOTIC,2066,0.43122671714981753,1.0,1.0,0.5687732828501825
NV,ASYMPTOTIC,2067,0.43122671714981753,1.0,1.0,0.5687732828501825
NV,ASYMPTOTIC,2068,0.43122671714981753,1.0,1.0,0.5687732828501825
NV,ASYMPTOTIC,2069,0.43122671714981753,1.0,1.0,0.5687732828501825
NV,ASYMPTOTIC,2070,0.43122671714981753,1.0,1.0,0.5687732828501825
NV,ASYMPTOTIC,2071,0.43122671714981753,1.0,1.0,0.5687732828501825
NV,ASYMPTOTIC,2072,0.43122671714981753,1.0,1.0,0.5687732828501825
NV,ASYMPTOTIC,2073,0.43122671714981753,1.0,1.0,0.5687732828501825
NV,ASYMPTOTIC,2074,0.43122671714981753,1.0,1.0,0.5687732828501825
NV,ASYMPTOTIC,2075,0.43122671714981753,1.0,1.0,0.5687732828501825
NY,FROZEN,2040,0.907805155473342,1.0,1.0,0.09219484452665805
NY,FROZEN,2041,0.907805155473342,1.0,1.0,0.09219484452665805
NY,FROZEN,2042,0.907805155473342,1.0,1.0,0.09219484452665805
NY,FROZEN,2043,0.907805155473342,1.0,1.0,0.09219484452665805
NY,FROZEN,2044,0.907805155473342,1.0,1.0,0.09219484452665805
NY,FROZEN,2045,0.907805155473342,1.0,1.0,0.09219484452665805
NY,FROZEN,2046,0.907805155473342,1.0,1.0,0.09219484452665805
NY,FROZEN,2047,0.907805155473342,1.0,1.0,0.09219484452665805
NY,FROZEN,2048,0.907805155473342,1.0,1.0,0.09219484452665805
NY,FROZEN,2049,0.907805155473342,1.0,1.0,0.09219484452665805
NY,FROZEN,2050,0.907805155473342,1.0,1.0,0.09219484452665805
NY,FROZEN,2051,0.907805155473342,1.0,1.0,0.09219484452665805
NY,FROZEN,2052,0.907805155473342,1.0,1.0,0.09219484452665805
NY,FROZEN,2053,0.907805155473342,1.0,1.0,0.09219484452665805
NY,FROZEN,2054,0.907805155473342,1.0,1.0,0.09219484452665805
NY,FROZEN,2055,0.907805155473342,1.0,1.0,0.09219484452665805
NY,FROZEN,2056,0.907805155473342,1.0,1.0,0.09219484452665805
NY,FROZEN,2057,0.907805155473342,1.0,1.0,0.09219484452665805
NY,FROZEN,2058,0.907805155473342,1.0,1.0,0.09219484452665805
NY,FROZEN,2059,0.907805155473342,1.0,1.0,0.09219484452665805
NY,FROZEN,2060,0.907805155473342,1.0,1.0,0.09219484452665805
NY,FROZEN,2061,0.907805155473342,1.0,1.0,0.09219484452665805
NY,FROZEN,2062,0.907805155473342,1.0,1.0,0.09219484452665805
NY,FROZEN,2063,0.907805155473342,1.0,1.0,0.09219484452665805
NY,FROZEN,2064,0.907805155473342,1.0,1.0,0.09219484452665805
NY,FROZEN,2065,0.907805155473342,1.0,1.0,0.09219484452665805
NY,FROZEN,2066,0.907805155473342,1.0,1.0,0.09219484452665805
NY,FROZEN,2067,0.907805155473342,1.0,1.0,0.09219484452665805
NY,FROZEN,2068,0.907805155473342,1.0,1.0,0.09219484452665805
NY,FROZEN,2069,0.907805155473342,1.0,1.0,0.09219484452665805
NY,FROZEN,2070,0.907805155473342,1.0,1.0,0.09219484452665805
NY,FROZEN,2071,0.907805155473342,1.0,1.0,0.09219484452665805
NY,FROZEN,2072,0.907805155473342,1.0,1.0,0.09219484452665805
NY,FROZEN,2073,0.907805155473342,1.0,1.0,0.09219484452665805
NY,FROZEN,2074,0.907805155473342,1.0,1.0,0.09219484452665805
NY,FROZEN,2075,0.907805155473342,1.0,1.0,0.09219484452665805
NY,TREND,2040,0.907805155473342,1.0,1.0,0.09219484452665805
NY,TREND,2041,0.907805155473342,1.0,1.0,0.09219484452665805
NY,TREND,2042,0.907805155473342,1.0,1.0,0.09219484452665805
NY,TREND,2043,0.907805155473342,1.0,1.0,0.09219484452665805
NY,TREND,2044,0.907805155473342,1.0,1.0,0.09219484452665805
NY,TREND,2045,0.907805155473342,1.0,1.0,0.09219484452665805
NY,TREND,2046,0.907805155473342,1.0,1.0,0.09219484452665805
NY,TREND,2047,0.907805155473342,1.0,1.0,0.09219484452665805
NY,TREND,2048,0.907805155473342,1.0,1.0,0.09219484452665805
NY,TREND,2049,0.907805155473342,1.0,1.0,0.09219484452665805
NY,TREND,2050,0.907805155473342,1.0,1.0,0.09219484452665805
NY,TREND,2051,0.907805155473342,1.0,1.0,0.09219484452665805
NY,TREND,2052,0.907805155473342,1.0,1.0,0.09219484452665805
NY,TREND,2053,0.907805155473342,1.0,1.0,0.09219484452665805
NY,TREND,2054,0.907805155473342,1.0,1.0,0.09219484452665805
NY,TREND,2055,0.907805155473342,1.0,1.0,0.09219484452665805
NY,TREND,2056,0.907805155473342,1.0,1.0,0.09219484452665805
NY,TREND,2057,0.907805155473342,1.0,1.0,0.09219484452665805
NY,TREND,2058,0.907805155473342,1.0,1.0,0.09219484452665805
NY,TREND,2059,0.907805155473342,1.0,1.0,0.09219484452665805
NY,TREND,2060,0.907805155473342,1.0,1.0,0.09219484452665805
NY,TREND,2061,0.907805155473342,1.0,1.0,0.09219484452665805
NY,TREND,2062,0.907805155473342,1.0,1.0,0.09219484452665805
NY,TREND,2063,0.907805155473342,1.0,1.0,0.09219484452665805
NY,TREND,2064,0.907805155473342,1.0,1.0,0.09219484452665805
NY,TREND,2065,0.907805155473342,1.0,1.0,0.09219484452665805
NY,TREND,2066,0.907805155473342,1.0,1.0,0.09219484452665805
NY,TREND,2067,0.907805155473342,1.0,1.0,0.09219484452665805
NY,TREND,2068,0.907805155473342,1.0,1.0,0.09219484452665805
NY,TREND,2069,0.907805155473342,1.0,1.0,0.09219484452665805
NY,TREND,2070,0.907805155473342,1.0,1.0,0.09219484452665805
NY,TREND,2071,0.907805155473342,1.0,1.0,0.09219484452665805
NY,TREND,2072,0.907805155473342,1.0,1.0,0.09219484452665805
NY,TREND,2073,0.907805155473342,1.0,1.0,0.09219484452665805
NY,TREND,2074,0.907805155473342,1.0,1.0,0.09219484452665805
NY,TREND,2075,0.907805155473342,1.0,1.0,0.09219484452665805
NY,STATUTE,2040,0.907805155473342,1.0,1.0,0.09219484452665805
NY,STATUTE,2041,0.907805155473342,1.0,1.0,0.09219484452665805
NY,STATUTE,2042,0.907805155473342,1.0,1.0,0.09219484452665805
NY,STATUTE,2043,0.907805155473342,1.0,1.0,0.09219484452665805
NY,STATUTE,2044,0.907805155473342,1.0,1.0,0.09219484452665805
NY,STATUTE,2045,0.907805155473342,1.0,1.0,0.09219484452665805
NY,STATUTE,2046,0.907805155473342,1.0,1.0,0.09219484452665805
NY,STATUTE,2047,0.907805155473342,1.0,1.0,0.09219484452665805
NY,STATUTE,2048,0.907805155473342,1.0,1.0,0.09219484452665805
NY,STATUTE,2049,0.907805155473342,1.0,1.0,0.09219484452665805
NY,STATUTE,2050,0.907805155473342,1.0,1.0,0.09219484452665805
NY,STATUTE,2051,0.907805155473342,1.0,1.0,0.09219484452665805
NY,STATUTE,2052,0.907805155473342,1.0,1.0,0.09219484452665805
NY,STATUTE,2053,0.907805155473342,1.0,1.0,0.09219484452665805
NY,STATUTE,2054,0.907805155473342,1.0,1.0,0.09219484452665805
NY,STATUTE,2055,0.907805155473342,1.0,1.0,0.09219484452665805
NY,STATUTE,2056,0.907805155473342,1.0,1.0,0.09219484452665805
NY,STATUTE,2057,0.907805155473342,1.0,1.0,0.09219484452665805
NY,STATUTE,2058,0.907805155473342,1.0,1.0,0.09219484452665805
NY,STATUTE,2059,0.907805155473342,1.0,1.0,0.09219484452665805
NY,STATUTE,2060,0.907805155473342,1.0,1.0,0.09219484452665805
NY,STATUTE,2061,0.907805155473342,1.0,1.0,0.09219484452665805
NY,STATUTE,2062,0.907805155473342,1.0,1.0,0.09219484452665805
NY,STATUTE,2063,0.907805155473342,1.0,1.0,0.09219484452665805
NY,STATUTE,2064,0.907805155473342,1.0,1.0,0.09219484452665805
NY,STATUTE,2065,0.907805155473342,1.0,1.0,0.09219484452665805
NY,STATUTE,2066,0.907805155473342,1.0,1.0,0.09219484452665805
NY,STATUTE,2067,0.907805155473342,1.0,1.0,0.09219484452665805
NY,STATUTE,2068,0.907805155473342,1.0,1.0,0.09219484452665805
NY,STATUTE,2069,0.907805155473342,1.0,1.0,0.09219484452665805
NY,STATUTE,2070,0.907805155473342,1.0,1.0,0.09219484452665805
NY,STATUTE,2071,0.907805155473342,1.0,1.0,0.09219484452665805
NY,STATUTE,2072,0.907805155473342,1.0,1.0,0.09219484452665805
NY,STATUTE,2073,0.907805155473342,1.0,1.0,0.09219484452665805
NY,STATUTE,2074,0.907805155473342,1.0,1.0,0.09219484452665805
NY,STATUTE,2075,0.907805155473342,1.0,1.0,0.09219484452665805
NY,ASYMPTOTIC,2040,0.907805155473342,1.0,1.0,0.09219484452665805
NY,ASYMPTOTIC,2041,0.907805155473342,1.0,1.0,0.09219484452665805
NY,ASYMPTOTIC,2042,0.907805155473342,1.0,1.0,0.09219484452665805
NY,ASYMPTOTIC,2043,0.907805155473342,1.0,1.0,0.09219484452665805
NY,ASYMPTOTIC,2044,0.907805155473342,1.0,1.0,0.09219484452665805
NY,ASYMPTOTIC,2045,0.907805155473342,1.0,1.0,0.09219484452665805
NY,ASYMPTOTIC,2046,0.907805155473342,1.0,1.0,0.09219484452665805
NY,ASYMPTOTIC,2047,0.907805155473342,1.0,1.0,0.09219484452665805
NY,ASYMPTOTIC,2048,0.907805155473342,1.0,1.0,0.09219484452665805
NY,ASYMPTOTIC,2049,0.907805155473342,1.0,1.0,0.09219484452665805
NY,ASYMPTOTIC,2050,0.907805155473342,1.0,1.0,0.09219484452665805
NY,ASYMPTOTIC,2051,0.907805155473342,1.0,1.0,0.09219484452665805
NY,ASYMPTOTIC,2052,0.907805155473342,1.0,1.0,0.09219484452665805
NY,ASYMPTOTIC,2053,0.907805155473342,1.0,1.0,0.09219484452665805
NY,ASYMPTOTIC,2054,0.907805155473342,1.0,1.0,0.09219484452665805
NY,ASYMPTOTIC,2055,0.907805155473342,1.0,1.0,0.09219484452665805
NY,ASYMPTOTIC,2056,0.907805155473342,1.0,1.0,0.09219484452665805
NY,ASYMPTOTIC,2057,0.907805155473342,1.0,1.0,0.09219484452665805
NY,ASYMPTOTIC,2058,0.907805155473342,1.0,1.0,0.09219484452665805
NY,ASYMPTOTIC,2059,0.907805155473342,1.0,1.0,0.09219484452665805
NY,ASYMPTOTIC,2060,0.907805155473342,1.0,1.0,0.09219484452665805
NY,ASYMPTOTIC,2061,0.907805155473342,1.0,1.0,0.09219484452665805
NY,ASYMPTOTIC,2062,0.907805155473342,1.0,1.0,0.09219484452665805
NY,ASYMPTOTIC,2063,0.907805155473342,1.0,1.0,0.09219484452665805
NY,ASYMPTOTIC,2064,0.907805155473342,1.0,1.0,0.09219484452665805
NY,ASYMPTOTIC,2065,0.907805155473342,1.0,1.0,0.09219484452665805
NY,ASYMPTOTIC,2066,0.907805155473342,1.0,1.0,0.09219484452665805
NY,ASYMPTOTIC,2067,0.907805155473342,1.0,1.0,0.09219484452665805
NY,ASYMPTOTIC,2068,0.907805155473342,1.0,1.0,0.09219484452665805
NY,ASYMPTOTIC,2069,0.907805155473342,1.0,1.0,0.09219484452665805
NY,ASYMPTOTIC,2070,0.907805155473342,1.0,1.0,0.09219484452665805
NY,ASYMPTOTIC,2071,0.907805155473342,1.0,1.0,0.09219484452665805
NY,ASYMPTOTIC,2072,0.907805155473342,1.0,1.0,0.09219484452665805
NY,ASYMPTOTIC,2073,0.907805155473342,1.0,1.0,0.09219484452665805
NY,ASYMPTOTIC,2074,0.907805155473342,1.0,1.0,0.09219484452665805
NY,ASYMPTOTIC,2075,0.907805155473342,1.0,1.0,0.09219484452665805
OR,FROZEN,2040,0.6892053226173765,1.0,1.0,0.31079467738262345
OR,FROZEN,2041,0.6908023786191373,1.0,1.0,0.3091976213808627
OR,FROZEN,2042,0.692399434620898,1.0,1.0,0.30760056537910196
OR,FROZEN,2043,0.6939964906226587,1.0,1.0,0.30600350937734133
OR,FROZEN,2044,0.6955935466244194,1.0,1.0,0.3044064533755806
OR,FROZEN,2045,0.6971906026261802,1.0,1.0,0.30280939737381984
OR,FROZEN,2046,0.6980987190489925,1.0,1.0,0.30190128095100754
OR,FROZEN,2047,0.6990068354718048,1.0,1.0,0.30099316452819525
OR,FROZEN,2048,0.6999149518946169,1.0,1.0,0.30008504810538306
OR,FROZEN,2049,0.7008230683174292,1.0,1.0,0.29917693168257076
OR,FROZEN,2050,0.7017311847402415,1.0,1.0,0.29826881525975846
OR,FROZEN,2051,0.7017311847402415,1.0,1.0,0.29826881525975846
OR,FROZEN,2052,0.7017311847402415,1.0,1.0,0.29826881525975846
OR,FROZEN,2053,0.7017311847402415,1.0,1.0,0.29826881525975846
OR,FROZEN,2054,0.7017311847402415,1.0,1.0,0.29826881525975846
OR,FROZEN,2055,0.7017311847402415,1.0,1.0,0.29826881525975846
OR,FROZEN,2056,0.7017311847402415,1.0,1.0,0.29826881525975846
OR,FROZEN,2057,0.7017311847402415,1.0,1.0,0.29826881525975846
OR,FROZEN,2058,0.7017311847402415,1.0,1.0,0.29826881525975846
OR,FROZEN,2059,0.7017311847402415,1.0,1.0,0.29826881525975846
OR,FROZEN,2060,0.7017311847402415,1.0,1.0,0.29826881525975846
OR,FROZEN,2061,0.7017311847402415,1.0,1.0,0.29826881525975846
OR,FROZEN,2062,0.7017311847402415,1.0,1.0,0.29826881525975846
OR,FROZEN,2063,0.7017311847402415,1.0,1.0,0.29826881525975846
OR,FROZEN,2064,0.7017311847402415,1.0,1.0,0.29826881525975846
OR,FROZEN,2065,0.7017311847402415,1.0,1.0,0.29826881525975846
OR,FROZEN,2066,0.7017311847402415,1.0,1.0,0.29826881525975846
OR,FROZEN,2067,0.7017311847402415,1.0,1.0,0.29826881525975846
OR,FROZEN,2068,0.7017311847402415,1.0,1.0,0.29826881525975846
OR,FROZEN,2069,0.7017311847402415,1.0,1.0,0.29826881525975846
OR,FROZEN,2070,0.7017311847402415,1.0,1.0,0.29826881525975846
OR,FROZEN,2071,0.7017311847402415,1.0,1.0,0.29826881525975846
OR,FROZEN,2072,0.7017311847402415,1.0,1.0,0.29826881525975846
OR,FROZEN,2073,0.7017311847402415,1.0,1.0,0.29826881525975846
OR,FROZEN,2074,0.7017311847402415,1.0,1.0,0.29826881525975846
OR,FROZEN,2075,0.7017311847402415,1.0,1.0,0.29826881525975846
OR,TREND,2040,0.6892053226173765,1.0,1.0,0.31079467738262345
OR,TREND,2041,0.6908023786191373,1.0,1.0,0.3091976213808627
OR,TREND,2042,0.692399434620898,1.0,1.0,0.30760056537910196
OR,TREND,2043,0.6939964906226587,1.0,1.0,0.30600350937734133
OR,TREND,2044,0.6955935466244194,1.0,1.0,0.3044064533755806
OR,TREND,2045,0.6971906026261802,1.0,1.0,0.30280939737381984
OR,TREND,2046,0.6980987190489925,1.0,1.0,0.30190128095100754
OR,TREND,2047,0.6990068354718048,1.0,1.0,0.30099316452819525
OR,TREND,2048,0.6999149518946169,1.0,1.0,0.30008504810538306
OR,TREND,2049,0.7008230683174292,1.0,1.0,0.29917693168257076
OR,TREND,2050,0.7017311847402415,1.0,1.0,0.29826881525975846
OR,TREND,2051,0.7026393011630538,1.0,1.0,0.29736069883694616
OR,TREND,2052,0.7035474175858661,1.0,1.0,0.29645258241413386
OR,TREND,2053,0.7044555340086783,1.0,1.0,0.29554446599132167
OR,TREND,2054,0.7053636504314906,1.0,1.0,0.29463634956850937
OR,TREND,2055,0.7062717668543029,1.0,1.0,0.29372823314569707
OR,TREND,2056,0.7071798832771152,1.0,1.0,0.29282011672288477
OR,TREND,2057,0.7080879996999275,1.0,1.0,0.29191200030007247
OR,TREND,2058,0.7089961161227397,1.0,1.0,0.2910038838772603
OR,TREND,2059,0.709904232545552,1.0,1.0,0.290095767454448
OR,TREND,2060,0.7108123489683643,1.0,1.0,0.2891876510316357
OR,TREND,2061,0.7117204653911766,1.0,1.0,0.2882795346088234
OR,TREND,2062,0.7126285818139889,1.0,1.0,0.2873714181860111
OR,TREND,2063,0.7135366982368011,1.0,1.0,0.2864633017631989
OR,TREND,2064,0.7144448146596134,1.0,1.0,0.2855551853403866
OR,TREND,2065,0.7153529310824257,1.0,1.0,0.2846470689175743
OR,TREND,2066,0.716261047505238,1.0,1.0,0.283738952494762
OR,TREND,2067,0.7171691639280503,1.0,1.0,0.2828308360719497
OR,TREND,2068,0.7180772803508625,1.0,1.0,0.2819227196491375
OR,TREND,2069,0.7189853967736748,1.0,1.0,0.2810146032263252
OR,TREND,2070,0.7198935131964871,1.0,1.0,0.2801064868035129
OR,TREND,2071,0.7208016296192994,1.0,1.0,0.2791983703807006
OR,TREND,2072,0.7217097460421117,1.0,1.0,0.2782902539578883
OR,TREND,2073,0.7226178624649239,1.0,1.0,0.2773821375350761
OR,TREND,2074,0.7235259788877362,1.0,1.0,0.2764740211122638
OR,TREND,2075,0.7244340953105485,1.0,1.0,0.2755659046894515
OR,STATUTE,2040,0.6892053226173765,1.0,1.0,0.31079467738262345
OR,STATUTE,2041,0.6908023786191373,1.0,1.0,0.3091976213808627
OR,STATUTE,2042,0.692399434620898,1.0,1.0,0.30760056537910196
OR,STATUTE,2043,0.6939964906226587,1.0,1.0,0.30600350937734133
OR,STATUTE,2044,0.6955935466244194,1.0,1.0,0.3044064533755806
OR,STATUTE,2045,0.6971906026261802,1.0,1.0,0.30280939737381984
OR,STATUTE,2046,0.6980987190489925,1.0,1.0,0.30190128095100754
OR,STATUTE,2047,0.6990068354718048,1.0,1.0,0.30099316452819525
OR,STATUTE,2048,0.6999149518946169,1.0,1.0,0.30008504810538306
OR,STATUTE,2049,0.7008230683174292,1.0,1.0,0.29917693168257076
OR,STATUTE,2050,0.7017311847402415,1.0,1.0,0.29826881525975846
OR,STATUTE,2051,0.7017311847402415,1.0,1.0,0.29826881525975846
OR,STATUTE,2052,0.7017311847402415,1.0,1.0,0.29826881525975846
OR,STATUTE,2053,0.7017311847402415,1.0,1.0,0.29826881525975846
OR,STATUTE,2054,0.7017311847402415,1.0,1.0,0.29826881525975846
OR,STATUTE,2055,0.7017311847402415,1.0,1.0,0.29826881525975846
OR,STATUTE,2056,0.7017311847402415,1.0,1.0,0.29826881525975846
OR,STATUTE,2057,0.7017311847402415,1.0,1.0,0.29826881525975846
OR,STATUTE,2058,0.7017311847402415,1.0,1.0,0.29826881525975846
OR,STATUTE,2059,0.7017311847402415,1.0,1.0,0.29826881525975846
OR,STATUTE,2060,0.7017311847402415,1.0,1.0,0.29826881525975846
OR,STATUTE,2061,0.7017311847402415,1.0,1.0,0.29826881525975846
OR,STATUTE,2062,0.7017311847402415,1.0,1.0,0.29826881525975846
OR,STATUTE,2063,0.7017311847402415,1.0,1.0,0.29826881525975846
OR,STATUTE,2064,0.7017311847402415,1.0,1.0,0.29826881525975846
OR,STATUTE,2065,0.7017311847402415,1.0,1.0,0.29826881525975846
OR,STATUTE,2066,0.7017311847402415,1.0,1.0,0.29826881525975846
OR,STATUTE,2067,0.7017311847402415,1.0,1.0,0.29826881525975846
OR,STATUTE,2068,0.7017311847402415,1.0,1.0,0.29826881525975846
OR,STATUTE,2069,0.7017311847402415,1.0,1.0,0.29826881525975846
OR,STATUTE,2070,0.7017311847402415,1.0,1.0,0.29826881525975846
OR,STATUTE,2071,0.7017311847402415,1.0,1.0,0.29826881525975846
OR,STATUTE,2072,0.7017311847402415,1.0,1.0,0.29826881525975846
OR,STATUTE,2073,0.7017311847402415,1.0,1.0,0.29826881525975846
OR,STATUTE,2074,0.7017311847402415,1.0,1.0,0.29826881525975846
OR,STATUTE,2075,0.7017311847402415,1.0,1.0,0.29826881525975846
OR,ASYMPTOTIC,2040,0.6892053226173765,1.0,1.0,0.31079467738262345
OR,ASYMPTOTIC,2041,0.6908023786191373,1.0,1.0,0.3091976213808627
OR,ASYMPTOTIC,2042,0.692399434620898,1.0,1.0,0.30760056537910196
OR,ASYMPTOTIC,2043,0.6939964906226587,1.0,1.0,0.30600350937734133
OR,ASYMPTOTIC,2044,0.6955935466244194,1.0,1.0,0.3044064533755806
OR,ASYMPTOTIC,2045,0.6971906026261802,1.0,1.0,0.30280939737381984
OR,ASYMPTOTIC,2046,0.6980987190489925,1.0,1.0,0.30190128095100754
OR,ASYMPTOTIC,2047,0.6990068354718048,1.0,1.0,0.30099316452819525
OR,ASYMPTOTIC,2048,0.6999149518946169,1.0,1.0,0.30008504810538306
OR,ASYMPTOTIC,2049,0.7008230683174292,1.0,1.0,0.29917693168257076
OR,ASYMPTOTIC,2050,0.7017311847402415,1.0,1.0,0.29826881525975846
OR,ASYMPTOTIC,2051,0.7026379201284139,1.0,1.0,0.29736207987158614
OR,ASYMPTOTIC,2052,0.7035418990465092,1.0,1.0,0.2964581009534908
OR,ASYMPTOTIC,2053,0.7044431298741798,1.0,1.0,0.2955568701258202
OR,ASYMPTOTIC,2054,0.7053416209656038,1.0,1.0,0.2946583790343962
OR,ASYMPTOTIC,2055,0.7062373806495631,1.0,1.0,0.2937626193504369
OR,ASYMPTOTIC,2056,0.7071304172295195,1.0,1.0,0.2928695827704805
OR,ASYMPTOTIC,2057,0.7080207389836928,1.0,1.0,0.2919792610163072
OR,ASYMPTOTIC,2058,0.7089083541651369,1.0,1.0,0.29109164583486313
OR,ASYMPTOTIC,2059,0.7097932710018162,1.0,1.0,0.2902067289981838
OR,ASYMPTOTIC,2060,0.7106754976966828,1.0,1.0,0.2893245023033172
OR,ASYMPTOTIC,2061,0.7115550424277512,1.0,1.0,0.28844495757224875
OR,ASYMPTOTIC,2062,0.7124319133481753,1.0,1.0,0.28756808665182465
OR,ASYMPTOTIC,2063,0.713306118586323,1.0,1.0,0.286693881413677
OR,ASYMPTOTIC,2064,0.7141776662458525,1.0,1.0,0.28582233375414745
OR,ASYMPTOTIC,2065,0.7150465644057864,1.0,1.0,0.2849534355942136
OR,ASYMPTOTIC,2066,0.7159128211205875,1.0,1.0,0.2840871788794125
OR,ASYMPTOTIC,2067,0.7167764444202331,1.0,1.0,0.28322355557976686
OR,ASYMPTOTIC,2068,0.7176374423102891,1.0,1.0,0.28236255768971086
OR,ASYMPTOTIC,2069,0.7184958227719849,1.0,1.0,0.28150417722801513
OR,ASYMPTOTIC,2070,0.7193515937622865,1.0,1.0,0.2806484062377135
OR,ASYMPTOTIC,2071,0.7202047632139714,1.0,1.0,0.2797952367860286
OR,ASYMPTOTIC,2072,0.7210553390357013,1.0,1.0,0.2789446609642987
OR,ASYMPTOTIC,2073,0.7219033291120952,1.0,1.0,0.2780966708879048
OR,ASYMPTOTIC,2074,0.7227487413038034,1.0,1.0,0.2772512586961966
OR,ASYMPTOTIC,2075,0.7235915834475797,1.0,1.0,0.2764084165524203
RI,FROZEN,2025,0.08070364545029685,0.355,0.355,0.27429635454970314
RI,FROZEN,2026,0.1833716762717517,0.355,0.355,0.1716283237282483
RI,FROZEN,2027,0.28603970709320653,0.355,0.355,0.06896029290679345
RI,FROZEN,2030,0.594043799557571,0.735,0.735,0.14095620044242896
RI,FROZEN,2031,0.5887286550885857,0.735,0.735,0.14627134491141425
RI,FROZEN,2032,0.5834135106196003,0.735,0.735,0.15158648938039965
RI,FROZEN,2033,0.578098366150615,1.0,1.0,0.42190163384938495
RI,FROZEN,2034,0.5727832216816297,1.0,1.0,0.42721677831837035
RI,FROZEN,2035,0.5674680772126444,1.0,1.0,0.43253192278735564
RI,FROZEN,2036,0.5567403879924986,1.0,1.0,0.4432596120075014
RI,FROZEN,2037,0.5460126987723528,1.0,1.0,0.4539873012276472
RI,FROZEN,2038,0.535285009552207,1.0,1.0,0.46471499044779296
RI,FROZEN,2039,0.5245573203320613,1.0,1.0,0.47544267966793874
RI,FROZEN,2040,0.5138296311119155,1.0,1.0,0.4861703688880845
RI,FROZEN,2041,0.5225120232998874,1.0,1.0,0.47748797670011256
RI,FROZEN,2042,0.5311944154878595,1.0,1.0,0.4688055845121405
RI,FROZEN,2043,0.5398768076758315,1.0,1.0,0.46012319232416854
RI,FROZEN,2044,0.5485591998638035,1.0,1.0,0.4514408001361965
RI,FROZEN,2045,0.5572415920517755,1.0,1.0,0.4427584079482245
RI,FROZEN,2046,0.5657327476335512,1.0,1.0,0.4342672523664488
RI,FROZEN,2047,0.5742239032153269,1.0,1.0,0.4257760967846731
RI,FROZEN,2048,0.5827150587971025,1.0,1.0,0.4172849412028975
RI,FROZEN,2049,0.5912062143788782,1.0,1.0,0.4087937856211218
RI,FROZEN,2050,0.5996973699606539,1.0,1.0,0.4003026300393461
RI,FROZEN,2051,0.5996973699606539,1.0,1.0,0.4003026300393461
RI,FROZEN,2052,0.5996973699606539,1.0,1.0,0.4003026300393461
RI,FROZEN,2053,0.5996973699606539,1.0,1.0,0.4003026300393461
RI,FROZEN,2054,0.5996973699606539,1.0,1.0,0.4003026300393461
RI,FROZEN,2055,0.5996973699606539,1.0,1.0,0.4003026300393461
RI,FROZEN,2056,0.5996973699606539,1.0,1.0,0.4003026300393461
RI,FROZEN,2057,0.5996973699606539,1.0,1.0,0.4003026300393461
RI,FROZEN,2058,0.5996973699606539,1.0,1.0,0.4003026300393461
RI,FROZEN,2059,0.5996973699606539,1.0,1.0,0.4003026300393461
RI,FROZEN,2060,0.5996973699606539,1.0,1.0,0.4003026300393461
RI,FROZEN,2061,0.5996973699606539,1.0,1.0,0.4003026300393461
RI,FROZEN,2062,0.5996973699606539,1.0,1.0,0.4003026300393461
RI,FROZEN,2063,0.5996973699606539,1.0,1.0,0.4003026300393461
RI,FROZEN,2064,0.5996973699606539,1.0,1.0,0.4003026300393461
RI,FROZEN,2065,0.5996973699606539,1.0,1.0,0.4003026300393461
RI,FROZEN,2066,0.5996973699606539,1.0,1.0,0.4003026300393461
RI,FROZEN,2067,0.5996973699606539,1.0,1.0,0.4003026300393461
RI,FROZEN,2068,0.5996973699606539,1.0,1.0,0.4003026300393461
RI,FROZEN,2069,0.5996973699606539,1.0,1.0,0.4003026300393461
RI,FROZEN,2070,0.5996973699606539,1.0,1.0,0.4003026300393461
RI,FROZEN,2071,0.5996973699606539,1.0,1.0,0.4003026300393461
RI,FROZEN,2072,0.5996973699606539,1.0,1.0,0.4003026300393461
RI,FROZEN,2073,0.5996973699606539,1.0,1.0,0.4003026300393461
RI,FROZEN,2074,0.5996973699606539,1.0,1.0,0.4003026300393461
RI,FROZEN,2075,0.5996973699606539,1.0,1.0,0.4003026300393461
RI,TREND,2025,0.08070364545029685,0.355,0.355,0.27429635454970314
RI,TREND,2026,0.1833716762717517,0.355,0.355,0.1716283237282483
RI,TREND,2027,0.28603970709320653,0.355,0.355,0.06896029290679345
RI,TREND,2030,0.594043799557571,0.735,0.735,0.14095620044242896
RI,TREND,2031,0.5887286550885857,0.735,0.735,0.14627134491141425
RI,TREND,2032,0.5834135106196003,0.735,0.735,0.15158648938039965
RI,TREND,2033,0.578098366150615,1.0,1.0,0.42190163384938495
RI,TREND,2034,0.5727832216816297,1.0,1.0,0.42721677831837035
RI,TREND,2035,0.5674680772126444,1.0,1.0,0.43253192278735564
RI,TREND,2036,0.5567403879924986,1.0,1.0,0.4432596120075014
RI,TREND,2037,0.5460126987723528,1.0,1.0,0.4539873012276472
RI,TREND,2038,0.535285009552207,1.0,1.0,0.46471499044779296
RI,TREND,2039,0.5245573203320613,1.0,1.0,0.47544267966793874
RI,TREND,2040,0.5138296311119155,1.0,1.0,0.4861703688880845
RI,TREND,2041,0.5225120232998874,1.0,1.0,0.47748797670011256
RI,TREND,2042,0.5311944154878595,1.0,1.0,0.4688055845121405
RI,TREND,2043,0.5398768076758315,1.0,1.0,0.46012319232416854
RI,TREND,2044,0.5485591998638035,1.0,1.0,0.4514408001361965
RI,TREND,2045,0.5572415920517755,1.0,1.0,0.4427584079482245
RI,TREND,2046,0.5657327476335512,1.0,1.0,0.4342672523664488
RI,TREND,2047,0.5742239032153269,1.0,1.0,0.4257760967846731
RI,TREND,2048,0.5827150587971025,1.0,1.0,0.4172849412028975
RI,TREND,2049,0.5912062143788782,1.0,1.0,0.4087937856211218
RI,TREND,2050,0.5996973699606539,1.0,1.0,0.4003026300393461
RI,TREND,2051,0.6081885255424296,1.0,1.0,0.39181147445757036
RI,TREND,2052,0.6166796811242053,1.0,1.0,0.38332031887579465
RI,TREND,2053,0.625170836705981,1.0,1.0,0.37482916329401905
RI,TREND,2054,0.6336619922877567,1.0,1.0,0.36633800771224334
RI,TREND,2055,0.6421531478695324,1.0,1.0,0.35784685213046763
RI,TREND,2056,0.6506443034513081,1.0,1.0,0.3493556965486919
RI,TREND,2057,0.6591354590330838,1.0,1.0,0.3408645409669162
RI,TREND,2058,0.6676266146148594,1.0,1.0,0.3323733853851406
RI,TREND,2059,0.6761177701966351,1.0,1.0,0.3238822298033649
RI,TREND,2060,0.6846089257784108,1.0,1.0,0.3153910742215892
RI,TREND,2061,0.6931000813601865,1.0,1.0,0.3068999186398135
RI,TREND,2062,0.7015912369419621,1.0,1.0,0.2984087630580379
RI,TREND,2063,0.7100823925237378,1.0,1.0,0.28991760747626216
RI,TREND,2064,0.7185735481055135,1.0,1.0,0.28142645189448645
RI,TREND,2065,0.7270647036872893,1.0,1.0,0.27293529631271074
RI,TREND,2066,0.735555859269065,1.0,1.0,0.26444414073093503
RI,TREND,2067,0.7440470148508407,1.0,1.0,0.2559529851491593
RI,TREND,2068,0.7525381704326163,1.0,1.0,0.24746182956738372
RI,TREND,2069,0.761029326014392,1.0,1.0,0.238970673985608
RI,TREND,2070,0.7695204815961677,1.0,1.0,0.2304795184038323
RI,TREND,2071,0.7780116371779434,1.0,1.0,0.22198836282205658
RI,TREND,2072,0.786502792759719,1.0,1.0,0.21349720724028098
RI,TREND,2073,0.7949939483414947,1.0,1.0,0.20500605165850527
RI,TREND,2074,0.8034851039232704,1.0,1.0,0.19651489607672956
RI,TREND,2075,0.8119762595050461,1.0,1.0,0.18802374049495385
RI,STATUTE,2025,0.08070364545029685,0.355,0.355,0.27429635454970314
RI,STATUTE,2026,0.1833716762717517,0.355,0.355,0.1716283237282483
RI,STATUTE,2027,0.28603970709320653,0.355,0.355,0.06896029290679345
RI,STATUTE,2030,0.594043799557571,0.735,0.735,0.14095620044242896
RI,STATUTE,2031,0.5887286550885857,0.735,0.735,0.14627134491141425
RI,STATUTE,2032,0.5834135106196003,0.735,0.735,0.15158648938039965
RI,STATUTE,2033,0.578098366150615,1.0,1.0,0.42190163384938495
RI,STATUTE,2034,0.5727832216816297,1.0,1.0,0.42721677831837035
RI,STATUTE,2035,0.5674680772126444,1.0,1.0,0.43253192278735564
RI,STATUTE,2036,0.5567403879924986,1.0,1.0,0.4432596120075014
RI,STATUTE,2037,0.5460126987723528,1.0,1.0,0.4539873012276472
RI,STATUTE,2038,0.535285009552207,1.0,1.0,0.46471499044779296
RI,STATUTE,2039,0.5245573203320613,1.0,1.0,0.47544267966793874
RI,STATUTE,2040,0.5138296311119155,1.0,1.0,0.4861703688880845
RI,STATUTE,2041,0.5225120232998874,1.0,1.0,0.47748797670011256
RI,STATUTE,2042,0.5311944154878595,1.0,1.0,0.4688055845121405
RI,STATUTE,2043,0.5398768076758315,1.0,1.0,0.46012319232416854
RI,STATUTE,2044,0.5485591998638035,1.0,1.0,0.4514408001361965
RI,STATUTE,2045,0.5572415920517755,1.0,1.0,0.4427584079482245
RI,STATUTE,2046,0.5657327476335512,1.0,1.0,0.4342672523664488
RI,STATUTE,2047,0.5742239032153269,1.0,1.0,0.4257760967846731
RI,STATUTE,2048,0.5827150587971025,1.0,1.0,0.4172849412028975
RI,STATUTE,2049,0.5912062143788782,1.0,1.0,0.4087937856211218
RI,STATUTE,2050,0.5996973699606539,1.0,1.0,0.4003026300393461
RI,STATUTE,2051,0.5996973699606539,1.0,1.0,0.4003026300393461
RI,STATUTE,2052,0.5996973699606539,1.0,1.0,0.4003026300393461
RI,STATUTE,2053,0.5996973699606539,1.0,1.0,0.4003026300393461
RI,STATUTE,2054,0.5996973699606539,1.0,1.0,0.4003026300393461
RI,STATUTE,2055,0.5996973699606539,1.0,1.0,0.4003026300393461
RI,STATUTE,2056,0.5996973699606539,1.0,1.0,0.4003026300393461
RI,STATUTE,2057,0.5996973699606539,1.0,1.0,0.4003026300393461
RI,STATUTE,2058,0.5996973699606539,1.0,1.0,0.4003026300393461
RI,STATUTE,2059,0.5996973699606539,1.0,1.0,0.4003026300393461
RI,STATUTE,2060,0.5996973699606539,1.0,1.0,0.4003026300393461
RI,STATUTE,2061,0.5996973699606539,1.0,1.0,0.4003026300393461
RI,STATUTE,2062,0.5996973699606539,1.0,1.0,0.4003026300393461
RI,STATUTE,2063,0.5996973699606539,1.0,1.0,0.4003026300393461
RI,STATUTE,2064,0.5996973699606539,1.0,1.0,0.4003026300393461
RI,STATUTE,2065,0.5996973699606539,1.0,1.0,0.4003026300393461
RI,STATUTE,2066,0.5996973699606539,1.0,1.0,0.4003026300393461
RI,STATUTE,2067,0.5996973699606539,1.0,1.0,0.4003026300393461
RI,STATUTE,2068,0.5996973699606539,1.0,1.0,0.4003026300393461
RI,STATUTE,2069,0.5996973699606539,1.0,1.0,0.4003026300393461
RI,STATUTE,2070,0.5996973699606539,1.0,1.0,0.4003026300393461
RI,STATUTE,2071,0.5996973699606539,1.0,1.0,0.4003026300393461
RI,STATUTE,2072,0.5996973699606539,1.0,1.0,0.4003026300393461
RI,STATUTE,2073,0.5996973699606539,1.0,1.0,0.4003026300393461
RI,STATUTE,2074,0.5996973699606539,1.0,1.0,0.4003026300393461
RI,STATUTE,2075,0.5996973699606539,1.0,1.0,0.4003026300393461
RI,ASYMPTOTIC,2025,0.08070364545029685,0.355,0.355,0.27429635454970314
RI,ASYMPTOTIC,2026,0.1833716762717517,0.355,0.355,0.1716283237282483
RI,ASYMPTOTIC,2027,0.28603970709320653,0.355,0.355,0.06896029290679345
RI,ASYMPTOTIC,2030,0.594043799557571,0.735,0.735,0.14095620044242896
RI,ASYMPTOTIC,2031,0.5887286550885857,0.735,0.735,0.14627134491141425
RI,ASYMPTOTIC,2032,0.5834135106196003,0.735,0.735,0.15158648938039965
RI,ASYMPTOTIC,2033,0.578098366150615,1.0,1.0,0.42190163384938495
RI,ASYMPTOTIC,2034,0.5727832216816297,1.0,1.0,0.42721677831837035
RI,ASYMPTOTIC,2035,0.5674680772126444,1.0,1.0,0.43253192278735564
RI,ASYMPTOTIC,2036,0.5567403879924986,1.0,1.0,0.4432596120075014
RI,ASYMPTOTIC,2037,0.5460126987723528,1.0,1.0,0.4539873012276472
RI,ASYMPTOTIC,2038,0.535285009552207,1.0,1.0,0.46471499044779296
RI,ASYMPTOTIC,2039,0.5245573203320613,1.0,1.0,0.47544267966793874
RI,ASYMPTOTIC,2040,0.5138296311119155,1.0,1.0,0.4861703688880845
RI,ASYMPTOTIC,2041,0.5225120232998874,1.0,1.0,0.47748797670011256
RI,ASYMPTOTIC,2042,0.5311944154878595,1.0,1.0,0.4688055845121405
RI,ASYMPTOTIC,2043,0.5398768076758315,1.0,1.0,0.46012319232416854
RI,ASYMPTOTIC,2044,0.5485591998638035,1.0,1.0,0.4514408001361965
RI,ASYMPTOTIC,2045,0.5572415920517755,1.0,1.0,0.4427584079482245
RI,ASYMPTOTIC,2046,0.5657327476335512,1.0,1.0,0.4342672523664488
RI,ASYMPTOTIC,2047,0.5742239032153269,1.0,1.0,0.4257760967846731
RI,ASYMPTOTIC,2048,0.5827150587971025,1.0,1.0,0.4172849412028975
RI,ASYMPTOTIC,2049,0.5912062143788782,1.0,1.0,0.4087937856211218
RI,ASYMPTOTIC,2050,0.5996973699606539,1.0,1.0,0.4003026300393461
RI,ASYMPTOTIC,2051,0.6080991024154911,1.0,1.0,0.39190089758450886
RI,ASYMPTOTIC,2052,0.6163244955136876,1.0,1.0,0.3836755044863124
RI,ASYMPTOTIC,2053,0.6243772503453304,1.0,1.0,0.3756227496546696
RI,ASYMPTOTIC,2054,0.6322609903203553,1.0,1.0,0.3677390096796447
RI,ASYMPTOTIC,2055,0.6399792627989336,1.0,1.0,0.3600207372010664
RI,ASYMPTOTIC,2056,0.647535540687638,1.0,1.0,0.35246445931236203
RI,ASYMPTOTIC,2057,0.65493322400211,1.0,1.0,0.34506677599789004
RI,ASYMPTOTIC,2058,0.6621756413969258,1.0,1.0,0.33782435860307425
RI,ASYMPTOTIC,2059,0.669266051663356,1.0,1.0,0.33073394833664405
RI,ASYMPTOTIC,2060,0.6762076451956875,1.0,1.0,0.32379235480431245
RI,ASYMPTOTIC,2061,0.6830035454267704,1.0,1.0,0.31699645457322956
RI,ASYMPTOTIC,2062,0.6896568102334355,1.0,1.0,0.3103431897665645
RI,ASYMPTOTIC,2063,0.6961704333124124,1.0,1.0,0.30382956668758765
RI,ASYMPTOTIC,2064,0.7025473455273716,1.0,1.0,0.29745265447262836
RI,ASYMPTOTIC,2065,0.7087904162276928,1.0,1.0,0.2912095837723072
RI,ASYMPTOTIC,2066,0.7149024545395543,1.0,1.0,0.28509754546044574
RI,ASYMPTOTIC,2067,0.7208862106299252,1.0,1.0,0.2791137893700748
RI,ASYMPTOTIC,2068,0.7267443769440277,1.0,1.0,0.2732556230559723
RI,ASYMPTOTIC,2069,0.7324795894168272,1.0,1.0,0.2675204105831728
RI,ASYMPTOTIC,2070,0.7380944286590951,1.0,1.0,0.26190557134090486
RI,ASYMPTOTIC,2071,0.7435914211185782,1.0,1.0,0.25640857888142177
RI,ASYMPTOTIC,2072,0.7489730402167964,1.0,1.0,0.25102695978320355
RI,ASYMPTOTIC,2073,0.7542417074619813,1.0,1.0,0.24575829253801873
RI,ASYMPTOTIC,2074,0.7593997935386555,1.0,1.0,0.2406002064613445
RI,ASYMPTOTIC,2075,0.7644496193743441,1.0,1.0,0.23555038062565592
UT,FROZEN,2025,0.18390204529298837,0.2,0.2,0.01609795470701164
UT,FROZEN,2026,0.1993686311067081,0.2,0.2,0.0006313688932919059
UT,TREND,2025,0.18390204529298837,0.2,0.2,0.01609795470701164
UT,TREND,2026,0.1993686311067081,0.2,0.2,0.0006313688932919059
UT,STATUTE,2025,0.18390204529298837,0.2,0.2,0.01609795470701164
UT,STATUTE,2026,0.1993686311067081,0.2,0.2,0.0006313688932919059
UT,ASYMPTOTIC,2025,0.18390204529298837,0.2,0.2,0.01609795470701164
UT,ASYMPTOTIC,2026,0.1993686311067081,0.2,0.2,0.0006313688932919059
VA,FROZEN,2040,0.6447675927796808,0.65,0.65,0.005232407220319257
VA,FROZEN,2050,0.8205676292093934,1.0,1.0,0.1794323707906066
VA,FROZEN,2051,0.8205676292093934,1.0,1.0,0.1794323707906066
VA,FROZEN,2052,0.8205676292093934,1.0,1.0,0.1794323707906066
VA,FROZEN,2053,0.8205676292093934,1.0,1.0,0.1794323707906066
VA,FROZEN,2054,0.8205676292093934,1.0,1.0,0.1794323707906066
VA,FROZEN,2055,0.8205676292093934,1.0,1.0,0.1794323707906066
VA,FROZEN,2056,0.8205676292093934,1.0,1.0,0.1794323707906066
VA,FROZEN,2057,0.8205676292093934,1.0,1.0,0.1794323707906066
VA,FROZEN,2058,0.8205676292093934,1.0,1.0,0.1794323707906066
VA,FROZEN,2059,0.8205676292093934,1.0,1.0,0.1794323707906066
VA,FROZEN,2060,0.8205676292093934,1.0,1.0,0.1794323707906066
VA,FROZEN,2061,0.8205676292093934,1.0,1.0,0.1794323707906066
VA,FROZEN,2062,0.8205676292093934,1.0,1.0,0.1794323707906066
VA,FROZEN,2063,0.8205676292093934,1.0,1.0,0.1794323707906066
VA,FROZEN,2064,0.8205676292093934,1.0,1.0,0.1794323707906066
VA,FROZEN,2065,0.8205676292093934,1.0,1.0,0.1794323707906066
VA,FROZEN,2066,0.8205676292093934,1.0,1.0,0.1794323707906066
VA,FROZEN,2067,0.8205676292093934,1.0,1.0,0.1794323707906066
VA,FROZEN,2068,0.8205676292093934,1.0,1.0,0.1794323707906066
VA,FROZEN,2069,0.8205676292093934,1.0,1.0,0.1794323707906066
VA,FROZEN,2070,0.8205676292093934,1.0,1.0,0.1794323707906066
VA,FROZEN,2071,0.8205676292093934,1.0,1.0,0.1794323707906066
VA,FROZEN,2072,0.8205676292093934,1.0,1.0,0.1794323707906066
VA,FROZEN,2073,0.8205676292093934,1.0,1.0,0.1794323707906066
VA,FROZEN,2074,0.8205676292093934,1.0,1.0,0.1794323707906066
VA,FROZEN,2075,0.8205676292093934,1.0,1.0,0.1794323707906066
VA,TREND,2040,0.6447675927796808,0.65,0.65,0.005232407220319257
VA,TREND,2050,0.8205676292093934,1.0,1.0,0.1794323707906066
VA,TREND,2051,0.8205676292093934,1.0,1.0,0.1794323707906066
VA,TREND,2052,0.8205676292093934,1.0,1.0,0.1794323707906066
VA,TREND,2053,0.8205676292093934,1.0,1.0,0.1794323707906066
VA,TREND,2054,0.8205676292093934,1.0,1.0,0.1794323707906066
VA,TREND,2055,0.8205676292093934,1.0,1.0,0.1794323707906066
VA,TREND,2056,0.8205676292093934,1.0,1.0,0.1794323707906066
VA,TREND,2057,0.8205676292093934,1.0,1.0,0.1794323707906066
VA,TREND,2058,0.8205676292093934,1.0,1.0,0.1794323707906066
VA,TREND,2059,0.8205676292093934,1.0,1.0,0.1794323707906066
VA,TREND,2060,0.8205676292093934,1.0,1.0,0.1794323707906066
VA,TREND,2061,0.8205676292093934,1.0,1.0,0.1794323707906066
VA,TREND,2062,0.8205676292093934,1.0,1.0,0.1794323707906066
VA,TREND,2063,0.8205676292093934,1.0,1.0,0.1794323707906066
VA,TREND,2064,0.8205676292093934,1.0,1.0,0.1794323707906066
VA,TREND,2065,0.8205676292093934,1.0,1.0,0.1794323707906066
VA,TREND,2066,0.8205676292093934,1.0,1.0,0.1794323707906066
VA,TREND,2067,0.8205676292093934,1.0,1.0,0.1794323707906066
VA,TREND,2068,0.8205676292093934,1.0,1.0,0.1794323707906066
VA,TREND,2069,0.8205676292093934,1.0,1.0,0.1794323707906066
VA,TREND,2070,0.8205676292093934,1.0,1.0,0.1794323707906066
VA,TREND,2071,0.8205676292093934,1.0,1.0,0.1794323707906066
VA,TREND,2072,0.8205676292093934,1.0,1.0,0.1794323707906066
VA,TREND,2073,0.8205676292093934,1.0,1.0,0.1794323707906066
VA,TREND,2074,0.8205676292093934,1.0,1.0,0.1794323707906066
VA,TREND,2075,0.8205676292093934,1.0,1.0,0.1794323707906066
VA,STATUTE,2040,0.6447675927796808,0.65,0.65,0.005232407220319257
VA,STATUTE,2050,0.8205676292093934,1.0,1.0,0.1794323707906066
VA,STATUTE,2051,0.8205676292093934,1.0,1.0,0.1794323707906066
VA,STATUTE,2052,0.8205676292093934,1.0,1.0,0.1794323707906066
VA,STATUTE,2053,0.8205676292093934,1.0,1.0,0.1794323707906066
VA,STATUTE,2054,0.8205676292093934,1.0,1.0,0.1794323707906066
VA,STATUTE,2055,0.8205676292093934,1.0,1.0,0.1794323707906066
VA,STATUTE,2056,0.8205676292093934,1.0,1.0,0.1794323707906066
VA,STATUTE,2057,0.8205676292093934,1.0,1.0,0.1794323707906066
VA,STATUTE,2058,0.8205676292093934,1.0,1.0,0.1794323707906066
VA,STATUTE,2059,0.8205676292093934,1.0,1.0,0.1794323707906066
VA,STATUTE,2060,0.8205676292093934,1.0,1.0,0.1794323707906066
VA,STATUTE,2061,0.8205676292093934,1.0,1.0,0.1794323707906066
VA,STATUTE,2062,0.8205676292093934,1.0,1.0,0.1794323707906066
VA,STATUTE,2063,0.8205676292093934,1.0,1.0,0.1794323707906066
VA,STATUTE,2064,0.8205676292093934,1.0,1.0,0.1794323707906066
VA,STATUTE,2065,0.8205676292093934,1.0,1.0,0.1794323707906066
VA,STATUTE,2066,0.8205676292093934,1.0,1.0,0.1794323707906066
VA,STATUTE,2067,0.8205676292093934,1.0,1.0,0.1794323707906066
VA,STATUTE,2068,0.8205676292093934,1.0,1.0,0.1794323707906066
VA,STATUTE,2069,0.8205676292093934,1.0,1.0,0.1794323707906066
VA,STATUTE,2070,0.8205676292093934,1.0,1.0,0.1794323707906066
VA,STATUTE,2071,0.8205676292093934,1.0,1.0,0.1794323707906066
VA,STATUTE,2072,0.8205676292093934,1.0,1.0,0.1794323707906066
VA,STATUTE,2073,0.8205676292093934,1.0,1.0,0.1794323707906066
VA,STATUTE,2074,0.8205676292093934,1.0,1.0,0.1794323707906066
VA,STATUTE,2075,0.8205676292093934,1.0,1.0,0.1794323707906066
VA,ASYMPTOTIC,2040,0.6447675927796808,0.65,0.65,0.005232407220319257
VA,ASYMPTOTIC,2050,0.8205676292093934,1.0,1.0,0.1794323707906066
VA,ASYMPTOTIC,2051,0.8205676292093934,1.0,1.0,0.1794323707906066
VA,ASYMPTOTIC,2052,0.8205676292093934,1.0,1.0,0.1794323707906066
VA,ASYMPTOTIC,2053,0.8205676292093934,1.0,1.0,0.1794323707906066
VA,ASYMPTOTIC,2054,0.8205676292093934,1.0,1.0,0.1794323707906066
VA,ASYMPTOTIC,2055,0.8205676292093934,1.0,1.0,0.1794323707906066
VA,ASYMPTOTIC,2056,0.8205676292093934,1.0,1.0,0.1794323707906066
VA,ASYMPTOTIC,2057,0.8205676292093934,1.0,1.0,0.1794323707906066
VA,ASYMPTOTIC,2058,0.8205676292093934,1.0,1.0,0.1794323707906066
VA,ASYMPTOTIC,2059,0.8205676292093934,1.0,1.0,0.1794323707906066
VA,ASYMPTOTIC,2060,0.8205676292093934,1.0,1.0,0.1794323707906066
VA,ASYMPTOTIC,2061,0.8205676292093934,1.0,1.0,0.1794323707906066
VA,ASYMPTOTIC,2062,0.8205676292093934,1.0,1.0,0.1794323707906066
VA,ASYMPTOTIC,2063,0.8205676292093934,1.0,1.0,0.1794323707906066
VA,ASYMPTOTIC,2064,0.8205676292093934,1.0,1.0,0.1794323707906066
VA,ASYMPTOTIC,2065,0.8205676292093934,1.0,1.0,0.1794323707906066
VA,ASYMPTOTIC,2066,0.8205676292093934,1.0,1.0,0.1794323707906066
VA,ASYMPTOTIC,2067,0.8205676292093934,1.0,1.0,0.1794323707906066
VA,ASYMPTOTIC,2068,0.8205676292093934,1.0,1.0,0.1794323707906066
VA,ASYMPTOTIC,2069,0.8205676292093934,1.0,1.0,0.1794323707906066
VA,ASYMPTOTIC,2070,0.8205676292093934,1.0,1.0,0.1794323707906066
VA,ASYMPTOTIC,2071,0.8205676292093934,1.0,1.0,0.1794323707906066
VA,ASYMPTOTIC,2072,0.8205676292093934,1.0,1.0,0.1794323707906066
VA,ASYMPTOTIC,2073,0.8205676292093934,1.0,1.0,0.1794323707906066
VA,ASYMPTOTIC,2074,0.8205676292093934,1.0,1.0,0.1794323707906066
VA,ASYMPTOTIC,2075,0.8205676292093934,1.0,1.0,0.1794323707906066
VT,FROZEN,2035,0.9984415003347162,1.0,1.0,0.0015584996652837635
VT,FROZEN,2036,0.9984415003347162,1.0,1.0,0.0015584996652837635
VT,FROZEN,2037,0.9984415003347162,1.0,1.0,0.0015584996652837635
VT,FROZEN,2038,0.9984415003347162,1.0,1.0,0.0015584996652837635
VT,FROZEN,2039,0.9984415003347162,1.0,1.0,0.0015584996652837635
VT,FROZEN,2040,0.9984415003347162,1.0,1.0,0.0015584996652837635
VT,FROZEN,2041,0.9984415003347162,1.0,1.0,0.0015584996652837635
VT,FROZEN,2042,0.9984415003347162,1.0,1.0,0.0015584996652837635
VT,FROZEN,2043,0.9984415003347162,1.0,1.0,0.0015584996652837635
VT,FROZEN,2044,0.9984415003347162,1.0,1.0,0.0015584996652837635
VT,FROZEN,2045,0.9984415003347162,1.0,1.0,0.0015584996652837635
VT,FROZEN,2046,0.9984415003347162,1.0,1.0,0.0015584996652837635
VT,FROZEN,2047,0.9984415003347162,1.0,1.0,0.0015584996652837635
VT,FROZEN,2048,0.9984415003347162,1.0,1.0,0.0015584996652837635
VT,FROZEN,2049,0.9984415003347162,1.0,1.0,0.0015584996652837635
VT,FROZEN,2050,0.9984415003347162,1.0,1.0,0.0015584996652837635
VT,FROZEN,2051,0.9984415003347162,1.0,1.0,0.0015584996652837635
VT,FROZEN,2052,0.9984415003347162,1.0,1.0,0.0015584996652837635
VT,FROZEN,2053,0.9984415003347162,1.0,1.0,0.0015584996652837635
VT,FROZEN,2054,0.9984415003347162,1.0,1.0,0.0015584996652837635
VT,FROZEN,2055,0.9984415003347162,1.0,1.0,0.0015584996652837635
VT,FROZEN,2056,0.9984415003347162,1.0,1.0,0.0015584996652837635
VT,FROZEN,2057,0.9984415003347162,1.0,1.0,0.0015584996652837635
VT,FROZEN,2058,0.9984415003347162,1.0,1.0,0.0015584996652837635
VT,FROZEN,2059,0.9984415003347162,1.0,1.0,0.0015584996652837635
VT,FROZEN,2060,0.9984415003347162,1.0,1.0,0.0015584996652837635
VT,FROZEN,2061,0.9984415003347162,1.0,1.0,0.0015584996652837635
VT,FROZEN,2062,0.9984415003347162,1.0,1.0,0.0015584996652837635
VT,FROZEN,2063,0.9984415003347162,1.0,1.0,0.0015584996652837635
VT,FROZEN,2064,0.9984415003347162,1.0,1.0,0.0015584996652837635
VT,FROZEN,2065,0.9984415003347162,1.0,1.0,0.0015584996652837635
VT,FROZEN,2066,0.9984415003347162,1.0,1.0,0.0015584996652837635
VT,FROZEN,2067,0.9984415003347162,1.0,1.0,0.0015584996652837635
VT,FROZEN,2068,0.9984415003347162,1.0,1.0,0.0015584996652837635
VT,FROZEN,2069,0.9984415003347162,1.0,1.0,0.0015584996652837635
VT,FROZEN,2070,0.9984415003347162,1.0,1.0,0.0015584996652837635
VT,FROZEN,2071,0.9984415003347162,1.0,1.0,0.0015584996652837635
VT,FROZEN,2072,0.9984415003347162,1.0,1.0,0.0015584996652837635
VT,FROZEN,2073,0.9984415003347162,1.0,1.0,0.0015584996652837635
VT,FROZEN,2074,0.9984415003347162,1.0,1.0,0.0015584996652837635
VT,FROZEN,2075,0.9984415003347162,1.0,1.0,0.0015584996652837635
VT,TREND,2035,0.9984415003347162,1.0,1.0,0.0015584996652837635
VT,TREND,2036,0.9984415003347162,1.0,1.0,0.0015584996652837635
VT,TREND,2037,0.9984415003347162,1.0,1.0,0.0015584996652837635
VT,TREND,2038,0.9984415003347162,1.0,1.0,0.0015584996652837635
VT,TREND,2039,0.9984415003347162,1.0,1.0,0.0015584996652837635
VT,TREND,2040,0.9984415003347162,1.0,1.0,0.0015584996652837635
VT,TREND,2041,0.9984415003347162,1.0,1.0,0.0015584996652837635
VT,TREND,2042,0.9984415003347162,1.0,1.0,0.0015584996652837635
VT,TREND,2043,0.9984415003347162,1.0,1.0,0.0015584996652837635
VT,TREND,2044,0.9984415003347162,1.0,1.0,0.0015584996652837635
VT,TREND,2045,0.9984415003347162,1.0,1.0,0.0015584996652837635
VT,TREND,2046,0.9984415003347162,1.0,1.0,0.0015584996652837635
VT,TREND,2047,0.9984415003347162,1.0,1.0,0.0015584996652837635
VT,TREND,2048,0.9984415003347162,1.0,1.0,0.0015584996652837635
VT,TREND,2049,0.9984415003347162,1.0,1.0,0.0015584996652837635
VT,TREND,2050,0.9984415003347162,1.0,1.0,0.0015584996652837635
VT,TREND,2051,0.9984415003347162,1.0,1.0,0.0015584996652837635
VT,TREND,2052,0.9984415003347162,1.0,1.0,0.0015584996652837635
VT,TREND,2053,0.9984415003347162,1.0,1.0,0.0015584996652837635
VT,TREND,2054,0.9984415003347162,1.0,1.0,0.0015584996652837635
VT,TREND,2055,0.9984415003347162,1.0,1.0,0.0015584996652837635
VT,TREND,2056,0.9984415003347162,1.0,1.0,0.0015584996652837635
VT,TREND,2057,0.9984415003347162,1.0,1.0,0.0015584996652837635
VT,TREND,2058,0.9984415003347162,1.0,1.0,0.0015584996652837635
VT,TREND,2059,0.9984415003347162,1.0,1.0,0.0015584996652837635
VT,TREND,2060,0.9984415003347162,1.0,1.0,0.0015584996652837635
VT,TREND,2061,0.9984415003347162,1.0,1.0,0.0015584996652837635
VT,TREND,2062,0.9984415003347162,1.0,1.0,0.0015584996652837635
VT,TREND,2063,0.9984415003347162,1.0,1.0,0.0015584996652837635
VT,TREND,2064,0.9984415003347162,1.0,1.0,0.0015584996652837635
VT,TREND,2065,0.9984415003347162,1.0,1.0,0.0015584996652837635
VT,TREND,2066,0.9984415003347162,1.0,1.0,0.0015584996652837635
VT,TREND,2067,0.9984415003347162,1.0,1.0,0.0015584996652837635
VT,TREND,2068,0.9984415003347162,1.0,1.0,0.0015584996652837635
VT,TREND,2069,0.9984415003347162,1.0,1.0,0.0015584996652837635
VT,TREND,2070,0.9984415003347162,1.0,1.0,0.0015584996652837635
VT,TREND,2071,0.9984415003347162,1.0,1.0,0.0015584996652837635
VT,TREND,2072,0.9984415003347162,1.0,1.0,0.0015584996652837635
VT,TREND,2073,0.9984415003347162,1.0,1.0,0.0015584996652837635
VT,TREND,2074,0.9984415003347162,1.0,1.0,0.0015584996652837635
VT,TREND,2075,0.9984415003347162,1.0,1.0,0.0015584996652837635
VT,STATUTE,2035,0.9984415003347162,1.0,1.0,0.0015584996652837635
VT,STATUTE,2036,0.9984415003347162,1.0,1.0,0.0015584996652837635
VT,STATUTE,2037,0.9984415003347162,1.0,1.0,0.0015584996652837635
VT,STATUTE,2038,0.9984415003347162,1.0,1.0,0.0015584996652837635
VT,STATUTE,2039,0.9984415003347162,1.0,1.0,0.0015584996652837635
VT,STATUTE,2040,0.9984415003347162,1.0,1.0,0.0015584996652837635
VT,STATUTE,2041,0.9984415003347162,1.0,1.0,0.0015584996652837635
VT,STATUTE,2042,0.9984415003347162,1.0,1.0,0.0015584996652837635
VT,STATUTE,2043,0.9984415003347162,1.0,1.0,0.0015584996652837635
VT,STATUTE,2044,0.9984415003347162,1.0,1.0,0.0015584996652837635
VT,STATUTE,2045,0.9984415003347162,1.0,1.0,0.0015584996652837635
VT,STATUTE,2046,0.9984415003347162,1.0,1.0,0.0015584996652837635
VT,STATUTE,2047,0.9984415003347162,1.0,1.0,0.0015584996652837635
VT,STATUTE,2048,0.9984415003347162,1.0,1.0,0.0015584996652837635
VT,STATUTE,2049,0.9984415003347162,1.0,1.0,0.0015584996652837635
VT,STATUTE,2050,0.9984415003347162,1.0,1.0,0.0015584996652837635
VT,STATUTE,2051,0.9984415003347162,1.0,1.0,0.0015584996652837635
VT,STATUTE,2052,0.9984415003347162,1.0,1.0,0.0015584996652837635
VT,STATUTE,2053,0.9984415003347162,1.0,1.0,0.0015584996652837635
VT,STATUTE,2054,0.9984415003347162,1.0,1.0,0.0015584996652837635
VT,STATUTE,2055,0.9984415003347162,1.0,1.0,0.0015584996652837635
VT,STATUTE,2056,0.9984415003347162,1.0,1.0,0.0015584996652837635
VT,STATUTE,2057,0.9984415003347162,1.0,1.0,0.0015584996652837635
VT,STATUTE,2058,0.9984415003347162,1.0,1.0,0.0015584996652837635
VT,STATUTE,2059,0.9984415003347162,1.0,1.0,0.0015584996652837635
VT,STATUTE,2060,0.9984415003347162,1.0,1.0,0.0015584996652837635
VT,STATUTE,2061,0.9984415003347162,1.0,1.0,0.0015584996652837635
VT,STATUTE,2062,0.9984415003347162,1.0,1.0,0.0015584996652837635
VT,STATUTE,2063,0.9984415003347162,1.0,1.0,0.0015584996652837635
VT,STATUTE,2064,0.9984415003347162,1.0,1.0,0.0015584996652837635
VT,STATUTE,2065,0.9984415003347162,1.0,1.0,0.0015584996652837635
VT,STATUTE,2066,0.9984415003347162,1.0,1.0,0.0015584996652837635
VT,STATUTE,2067,0.9984415003347162,1.0,1.0,0.0015584996652837635
VT,STATUTE,2068,0.9984415003347162,1.0,1.0,0.0015584996652837635
VT,STATUTE,2069,0.9984415003347162,1.0,1.0,0.0015584996652837635
VT,STATUTE,2070,0.9984415003347162,1.0,1.0,0.0015584996652837635
VT,STATUTE,2071,0.9984415003347162,1.0,1.0,0.0015584996652837635
VT,STATUTE,2072,0.9984415003347162,1.0,1.0,0.0015584996652837635
VT,STATUTE,2073,0.9984415003347162,1.0,1.0,0.0015584996652837635
VT,STATUTE,2074,0.9984415003347162,1.0,1.0,0.0015584996652837635
VT,STATUTE,2075,0.9984415003347162,1.0,1.0,0.0015584996652837635
VT,ASYMPTOTIC,2035,0.9984415003347162,1.0,1.0,0.0015584996652837635
VT,ASYMPTOTIC,2036,0.9984415003347162,1.0,1.0,0.0015584996652837635
VT,ASYMPTOTIC,2037,0.9984415003347162,1.0,1.0,0.0015584996652837635
VT,ASYMPTOTIC,2038,0.9984415003347162,1.0,1.0,0.0015584996652837635
VT,ASYMPTOTIC,2039,0.9984415003347162,1.0,1.0,0.0015584996652837635
VT,ASYMPTOTIC,2040,0.9984415003347162,1.0,1.0,0.0015584996652837635
VT,ASYMPTOTIC,2041,0.9984415003347162,1.0,1.0,0.0015584996652837635
VT,ASYMPTOTIC,2042,0.9984415003347162,1.0,1.0,0.0015584996652837635
VT,ASYMPTOTIC,2043,0.9984415003347162,1.0,1.0,0.0015584996652837635
VT,ASYMPTOTIC,2044,0.9984415003347162,1.0,1.0,0.0015584996652837635
VT,ASYMPTOTIC,2045,0.9984415003347162,1.0,1.0,0.0015584996652837635
VT,ASYMPTOTIC,2046,0.9984415003347162,1.0,1.0,0.0015584996652837635
VT,ASYMPTOTIC,2047,0.9984415003347162,1.0,1.0,0.0015584996652837635
VT,ASYMPTOTIC,2048,0.9984415003347162,1.0,1.0,0.0015584996652837635
VT,ASYMPTOTIC,2049,0.9984415003347162,1.0,1.0,0.0015584996652837635
VT,ASYMPTOTIC,2050,0.9984415003347162,1.0,1.0,0.0015584996652837635
VT,ASYMPTOTIC,2051,0.9984415003347162,1.0,1.0,0.0015584996652837635
VT,ASYMPTOTIC,2052,0.9984415003347162,1.0,1.0,0.0015584996652837635
VT,ASYMPTOTIC,2053,0.9984415003347162,1.0,1.0,0.0015584996652837635
VT,ASYMPTOTIC,2054,0.9984415003347162,1.0,1.0,0.0015584996652837635
VT,ASYMPTOTIC,2055,0.9984415003347162,1.0,1.0,0.0015584996652837635
VT,ASYMPTOTIC,2056,0.9984415003347162,1.0,1.0,0.0015584996652837635
VT,ASYMPTOTIC,2057,0.9984415003347162,1.0,1.0,0.0015584996652837635
VT,ASYMPTOTIC,2058,0.9984415003347162,1.0,1.0,0.0015584996652837635
VT,ASYMPTOTIC,2059,0.9984415003347162,1.0,1.0,0.0015584996652837635
VT,ASYMPTOTIC,2060,0.9984415003347162,1.0,1.0,0.0015584996652837635
VT,ASYMPTOTIC,2061,0.9984415003347162,1.0,1.0,0.0015584996652837635
VT,ASYMPTOTIC,2062,0.9984415003347162,1.0,1.0,0.0015584996652837635
VT,ASYMPTOTIC,2063,0.9984415003347162,1.0,1.0,0.0015584996652837635
VT,ASYMPTOTIC,2064,0.9984415003347162,1.0,1.0,0.0015584996652837635
VT,ASYMPTOTIC,2065,0.9984415003347162,1.0,1.0,0.0015584996652837635
VT,ASYMPTOTIC,2066,0.9984415003347162,1.0,1.0,0.0015584996652837635
VT,ASYMPTOTIC,2067,0.9984415003347162,1.0,1.0,0.0015584996652837635
VT,ASYMPTOTIC,2068,0.9984415003347162,1.0,1.0,0.0015584996652837635
VT,ASYMPTOTIC,2069,0.9984415003347162,1.0,1.0,0.0015584996652837635
VT,ASYMPTOTIC,2070,0.9984415003347162,1.0,1.0,0.0015584996652837635
VT,ASYMPTOTIC,2071,0.9984415003347162,1.0,1.0,0.0015584996652837635
VT,ASYMPTOTIC,2072,0.9984415003347162,1.0,1.0,0.0015584996652837635
VT,ASYMPTOTIC,2073,0.9984415003347162,1.0,1.0,0.0015584996652837635
VT,ASYMPTOTIC,2074,0.9984415003347162,1.0,1.0,0.0015584996652837635
VT,ASYMPTOTIC,2075,0.9984415003347162,1.0,1.0,0.0015584996652837635
WA,FROZEN,2030,0.770146478852525,0.8,0.8,0.02985352114747508
WA,FROZEN,2031,0.7702851584974697,0.8,0.8,0.029714841502530343
WA,FROZEN,2032,0.7704238381424144,0.8,0.8,0.029576161857585603
WA,FROZEN,2033,0.7705625177873593,0.8,0.8,0.029437482212640753
WA,FROZEN,2034,0.770701197432304,0.8,0.8,0.029298802567696014
WA,FROZEN,2035,0.7708398770772488,0.8,0.8,0.029160122922751275
WA,FROZEN,2036,0.7681017014485506,0.8,0.8,0.03189829855144943
WA,FROZEN,2037,0.7653635258198523,0.8,0.8,0.0346364741801477
WA,FROZEN,2038,0.7626253501911542,0.8,0.8,0.03737464980884586
WA,FROZEN,2039,0.7598871745624559,0.8,0.8,0.04011282543754413
WA,FROZEN,2040,0.7571489989337578,0.8,0.8,0.04285100106624229
WA,FROZEN,2041,0.7539751315384449,0.8,0.8,0.04602486846155518
WA,FROZEN,2042,0.750801264143132,0.8,0.8,0.04919873585686807
WA,FROZEN,2043,0.7476273967478192,0.8,0.8,0.05237260325218085
WA,FROZEN,2044,0.7444535293525063,0.8,0.8,0.05554647064749374
WA,FROZEN,2045,0.7412796619571934,1.0,1.0,0.2587203380428066
WA,FROZEN,2046,0.739541151413925,1.0,1.0,0.26045884858607504
WA,FROZEN,2047,0.7378026408706565,1.0,1.0,0.2621973591293435
WA,FROZEN,2048,0.7360641303273879,1.0,1.0,0.26393586967261207
WA,FROZEN,2049,0.7343256197841195,1.0,1.0,0.2656743802158805
WA,FROZEN,2050,0.732587109240851,1.0,1.0,0.267412890759149
WA,FROZEN,2051,0.732587109240851,1.0,1.0,0.267412890759149
WA,FROZEN,2052,0.732587109240851,1.0,1.0,0.267412890759149
WA,FROZEN,2053,0.732587109240851,1.0,1.0,0.267412890759149
WA,FROZEN,2054,0.732587109240851,1.0,1.0,0.267412890759149
WA,FROZEN,2055,0.732587109240851,1.0,1.0,0.267412890759149
WA,FROZEN,2056,0.732587109240851,1.0,1.0,0.267412890759149
WA,FROZEN,2057,0.732587109240851,1.0,1.0,0.267412890759149
WA,FROZEN,2058,0.732587109240851,1.0,1.0,0.267412890759149
WA,FROZEN,2059,0.732587109240851,1.0,1.0,0.267412890759149
WA,FROZEN,2060,0.732587109240851,1.0,1.0,0.267412890759149
WA,FROZEN,2061,0.732587109240851,1.0,1.0,0.267412890759149
WA,FROZEN,2062,0.732587109240851,1.0,1.0,0.267412890759149
WA,FROZEN,2063,0.732587109240851,1.0,1.0,0.267412890759149
WA,FROZEN,2064,0.732587109240851,1.0,1.0,0.267412890759149
WA,FROZEN,2065,0.732587109240851,1.0,1.0,0.267412890759149
WA,FROZEN,2066,0.732587109240851,1.0,1.0,0.267412890759149
WA,FROZEN,2067,0.732587109240851,1.0,1.0,0.267412890759149
WA,FROZEN,2068,0.732587109240851,1.0,1.0,0.267412890759149
WA,FROZEN,2069,0.732587109240851,1.0,1.0,0.267412890759149
WA,FROZEN,2070,0.732587109240851,1.0,1.0,0.267412890759149
WA,FROZEN,2071,0.732587109240851,1.0,1.0,0.267412890759149
WA,FROZEN,2072,0.732587109240851,1.0,1.0,0.267412890759149
WA,FROZEN,2073,0.732587109240851,1.0,1.0,0.267412890759149
WA,FROZEN,2074,0.732587109240851,1.0,1.0,0.267412890759149
WA,FROZEN,2075,0.732587109240851,1.0,1.0,0.267412890759149
WA,TREND,2030,0.770146478852525,0.8,0.8,0.02985352114747508
WA,TREND,2031,0.7702851584974697,0.8,0.8,0.029714841502530343
WA,TREND,2032,0.7704238381424144,0.8,0.8,0.029576161857585603
WA,TREND,2033,0.7705625177873593,0.8,0.8,0.029437482212640753
WA,TREND,2034,0.770701197432304,0.8,0.8,0.029298802567696014
WA,TREND,2035,0.7708398770772488,0.8,0.8,0.029160122922751275
WA,TREND,2036,0.7681017014485506,0.8,0.8,0.03189829855144943
WA,TREND,2037,0.7653635258198523,0.8,0.8,0.0346364741801477
WA,TREND,2038,0.7626253501911542,0.8,0.8,0.03737464980884586
WA,TREND,2039,0.7598871745624559,0.8,0.8,0.04011282543754413
WA,TREND,2040,0.7571489989337578,0.8,0.8,0.04285100106624229
WA,TREND,2041,0.7539751315384449,0.8,0.8,0.04602486846155518
WA,TREND,2042,0.750801264143132,0.8,0.8,0.04919873585686807
WA,TREND,2043,0.7476273967478192,0.8,0.8,0.05237260325218085
WA,TREND,2044,0.7444535293525063,0.8,0.8,0.05554647064749374
WA,TREND,2045,0.7412796619571934,1.0,1.0,0.2587203380428066
WA,TREND,2046,0.739541151413925,1.0,1.0,0.26045884858607504
WA,TREND,2047,0.7378026408706565,1.0,1.0,0.2621973591293435
WA,TREND,2048,0.7360641303273879,1.0,1.0,0.26393586967261207
WA,TREND,2049,0.7343256197841195,1.0,1.0,0.2656743802158805
WA,TREND,2050,0.732587109240851,1.0,1.0,0.267412890759149
WA,TREND,2051,0.7308485986975826,1.0,1.0,0.26915140130241744
WA,TREND,2052,0.7291100881543141,1.0,1.0,0.2708899118456859
WA,TREND,2053,0.7273715776110455,1.0,1.0,0.27262842238895446
WA,TREND,2054,0.7256330670677771,1.0,1.0,0.2743669329322229
WA,TREND,2055,0.7238945565245086,1.0,1.0,0.2761054434754914
WA,TREND,2056,0.7221560459812402,1.0,1.0,0.27784395401875983
WA,TREND,2057,0.7204175354379717,1.0,1.0,0.2795824645620283
WA,TREND,2058,0.7186790248947031,1.0,1.0,0.28132097510529686
WA,TREND,2059,0.7169405143514347,1.0,1.0,0.2830594856485653
WA,TREND,2060,0.7152020038081662,1.0,1.0,0.28479799619183377
WA,TREND,2061,0.7134634932648978,1.0,1.0,0.2865365067351022
WA,TREND,2062,0.7117249827216293,1.0,1.0,0.2882750172783707
WA,TREND,2063,0.7099864721783608,1.0,1.0,0.29001352782163925
WA,TREND,2064,0.7082479616350923,1.0,1.0,0.2917520383649077
WA,TREND,2065,0.7065094510918238,1.0,1.0,0.29349054890817616
WA,TREND,2066,0.7047709405485554,1.0,1.0,0.2952290594514446
WA,TREND,2067,0.7030324300052869,1.0,1.0,0.2969675699947131
WA,TREND,2068,0.7012939194620184,1.0,1.0,0.29870608053798164
WA,TREND,2069,0.6995554089187499,1.0,1.0,0.3004445910812501
WA,TREND,2070,0.6978168983754814,1.0,1.0,0.30218310162451856
WA,TREND,2071,0.696078387832213,1.0,1.0,0.303921612167787
WA,TREND,2072,0.6943398772889445,1.0,1.0,0.30566012271105547
WA,TREND,2073,0.692601366745676,1.0,1.0,0.30739863325432404
WA,TREND,2074,0.6908628562024075,1.0,1.0,0.3091371437975925
WA,TREND,2075,0.689124345659139,1.0,1.0,0.31087565434086095
WA,STATUTE,2030,0.770146478852525,0.8,0.8,0.02985352114747508
WA,STATUTE,2031,0.7702851584974697,0.8,0.8,0.029714841502530343
WA,STATUTE,2032,0.7704238381424144,0.8,0.8,0.029576161857585603
WA,STATUTE,2033,0.7705625177873593,0.8,0.8,0.029437482212640753
WA,STATUTE,2034,0.770701197432304,0.8,0.8,0.029298802567696014
WA,STATUTE,2035,0.7708398770772488,0.8,0.8,0.029160122922751275
WA,STATUTE,2036,0.7681017014485506,0.8,0.8,0.03189829855144943
WA,STATUTE,2037,0.7653635258198523,0.8,0.8,0.0346364741801477
WA,STATUTE,2038,0.7626253501911542,0.8,0.8,0.03737464980884586
WA,STATUTE,2039,0.7598871745624559,0.8,0.8,0.04011282543754413
WA,STATUTE,2040,0.7571489989337578,0.8,0.8,0.04285100106624229
WA,STATUTE,2041,0.7539751315384449,0.8,0.8,0.04602486846155518
WA,STATUTE,2042,0.750801264143132,0.8,0.8,0.04919873585686807
WA,STATUTE,2043,0.7476273967478192,0.8,0.8,0.05237260325218085
WA,STATUTE,2044,0.7444535293525063,0.8,0.8,0.05554647064749374
WA,STATUTE,2045,0.7412796619571934,1.0,1.0,0.2587203380428066
WA,STATUTE,2046,0.739541151413925,1.0,1.0,0.26045884858607504
WA,STATUTE,2047,0.7378026408706565,1.0,1.0,0.2621973591293435
WA,STATUTE,2048,0.7360641303273879,1.0,1.0,0.26393586967261207
WA,STATUTE,2049,0.7343256197841195,1.0,1.0,0.2656743802158805
WA,STATUTE,2050,0.732587109240851,1.0,1.0,0.267412890759149
WA,STATUTE,2051,0.732587109240851,1.0,1.0,0.267412890759149
WA,STATUTE,2052,0.732587109240851,1.0,1.0,0.267412890759149
WA,STATUTE,2053,0.732587109240851,1.0,1.0,0.267412890759149
WA,STATUTE,2054,0.732587109240851,1.0,1.0,0.267412890759149
WA,STATUTE,2055,0.732587109240851,1.0,1.0,0.267412890759149
WA,STATUTE,2056,0.732587109240851,1.0,1.0,0.267412890759149
WA,STATUTE,2057,0.732587109240851,1.0,1.0,0.267412890759149
WA,STATUTE,2058,0.732587109240851,1.0,1.0,0.267412890759149
WA,STATUTE,2059,0.732587109240851,1.0,1.0,0.267412890759149
WA,STATUTE,2060,0.732587109240851,1.0,1.0,0.267412890759149
WA,STATUTE,2061,0.732587109240851,1.0,1.0,0.267412890759149
WA,STATUTE,2062,0.732587109240851,1.0,1.0,0.267412890759149
WA,STATUTE,2063,0.732587109240851,1.0,1.0,0.267412890759149
WA,STATUTE,2064,0.732587109240851,1.0,1.0,0.267412890759149
WA,STATUTE,2065,0.732587109240851,1.0,1.0,0.267412890759149
WA,STATUTE,2066,0.732587109240851,1.0,1.0,0.267412890759149
WA,STATUTE,2067,0.732587109240851,1.0,1.0,0.267412890759149
WA,STATUTE,2068,0.732587109240851,1.0,1.0,0.267412890759149
WA,STATUTE,2069,0.732587109240851,1.0,1.0,0.267412890759149
WA,STATUTE,2070,0.732587109240851,1.0,1.0,0.267412890759149
WA,STATUTE,2071,0.732587109240851,1.0,1.0,0.267412890759149
WA,STATUTE,2072,0.732587109240851,1.0,1.0,0.267412890759149
WA,STATUTE,2073,0.732587109240851,1.0,1.0,0.267412890759149
WA,STATUTE,2074,0.732587109240851,1.0,1.0,0.267412890759149
WA,STATUTE,2075,0.732587109240851,1.0,1.0,0.267412890759149
WA,ASYMPTOTIC,2030,0.770146478852525,0.8,0.8,0.02985352114747508
WA,ASYMPTOTIC,2031,0.7702851584974697,0.8,0.8,0.029714841502530343
WA,ASYMPTOTIC,2032,0.7704238381424144,0.8,0.8,0.029576161857585603
WA,ASYMPTOTIC,2033,0.7705625177873593,0.8,0.8,0.029437482212640753
WA,ASYMPTOTIC,2034,0.770701197432304,0.8,0.8,0.029298802567696014
WA,ASYMPTOTIC,2035,0.7708398770772488,0.8,0.8,0.029160122922751275
WA,ASYMPTOTIC,2036,0.7681017014485506,0.8,0.8,0.03189829855144943
WA,ASYMPTOTIC,2037,0.7653635258198523,0.8,0.8,0.0346364741801477
WA,ASYMPTOTIC,2038,0.7626253501911542,0.8,0.8,0.03737464980884586
WA,ASYMPTOTIC,2039,0.7598871745624559,0.8,0.8,0.04011282543754413
WA,ASYMPTOTIC,2040,0.7571489989337578,0.8,0.8,0.04285100106624229
WA,ASYMPTOTIC,2041,0.7539751315384449,0.8,0.8,0.04602486846155518
WA,ASYMPTOTIC,2042,0.750801264143132,0.8,0.8,0.04919873585686807
WA,ASYMPTOTIC,2043,0.7476273967478192,0.8,0.8,0.05237260325218085
WA,ASYMPTOTIC,2044,0.7444535293525063,0.8,0.8,0.05554647064749374
WA,ASYMPTOTIC,2045,0.7412796619571934,1.0,1.0,0.2587203380428066
WA,ASYMPTOTIC,2046,0.739541151413925,1.0,1.0,0.26045884858607504
WA,ASYMPTOTIC,2047,0.7378026408706565,1.0,1.0,0.2621973591293435
WA,ASYMPTOTIC,2048,0.7360641303273879,1.0,1.0,0.26393586967261207
WA,ASYMPTOTIC,2049,0.7343256197841195,1.0,1.0,0.2656743802158805
WA,ASYMPTOTIC,2050,0.732587109240851,1.0,1.0,0.267412890759149
WA,ASYMPTOTIC,2051,0.732587109240851,1.0,1.0,0.267412890759149
WA,ASYMPTOTIC,2052,0.732587109240851,1.0,1.0,0.267412890759149
WA,ASYMPTOTIC,2053,0.732587109240851,1.0,1.0,0.267412890759149
WA,ASYMPTOTIC,2054,0.732587109240851,1.0,1.0,0.267412890759149
WA,ASYMPTOTIC,2055,0.732587109240851,1.0,1.0,0.267412890759149
WA,ASYMPTOTIC,2056,0.732587109240851,1.0,1.0,0.267412890759149
WA,ASYMPTOTIC,2057,0.732587109240851,1.0,1.0,0.267412890759149
WA,ASYMPTOTIC,2058,0.732587109240851,1.0,1.0,0.267412890759149
WA,ASYMPTOTIC,2059,0.732587109240851,1.0,1.0,0.267412890759149
WA,ASYMPTOTIC,2060,0.732587109240851,1.0,1.0,0.267412890759149
WA,ASYMPTOTIC,2061,0.732587109240851,1.0,1.0,0.267412890759149
WA,ASYMPTOTIC,2062,0.732587109240851,1.0,1.0,0.267412890759149
WA,ASYMPTOTIC,2063,0.732587109240851,1.0,1.0,0.267412890759149
WA,ASYMPTOTIC,2064,0.732587109240851,1.0,1.0,0.267412890759149
WA,ASYMPTOTIC,2065,0.732587109240851,1.0,1.0,0.267412890759149
WA,ASYMPTOTIC,2066,0.732587109240851,1.0,1.0,0.267412890759149
WA,ASYMPTOTIC,2067,0.732587109240851,1.0,1.0,0.267412890759149
WA,ASYMPTOTIC,2068,0.732587109240851,1.0,1.0,0.267412890759149
WA,ASYMPTOTIC,2069,0.732587109240851,1.0,1.0,0.267412890759149
WA,ASYMPTOTIC,2070,0.732587109240851,1.0,1.0,0.267412890759149
WA,ASYMPTOTIC,2071,0.732587109240851,1.0,1.0,0.267412890759149
WA,ASYMPTOTIC,2072,0.732587109240851,1.0,1.0,0.267412890759149
WA,ASYMPTOTIC,2073,0.732587109240851,1.0,1.0,0.267412890759149
WA,ASYMPTOTIC,2074,0.732587109240851,1.0,1.0,0.267412890759149
WA,ASYMPTOTIC,2075,0.732587109240851,1.0,1.0,0.267412890759149
