prescription,capacity_basis,metric,year,national_line_definition,conversion_coefficient_central,p05,p50,p95,central,rel_halfwidth_symmetric,p50_over_central,not_priced,energy_interval_disclaimer
V33_POLICY_CONDITIONAL,REAL_CAPACITY_FHWA_MV1_2024_REGISTERED_AUTOMOBILES_AND_STI_V2_INTERSECTIONS,energy_kwh_eq,2025,sum over the 51 entries,0.21,35781416.78587198,46169315.24129595,58635807.72308499,47874545.286707394,0.2386904230666254,0.9643812795463791,"Not priced by this interval: the deployment scale, held at 30 per cent of registered automobiles and 30 per cent of signalized intersections by 2075 in every draw, against its own declared range of 15 to 45 per cent -- the model is exactly linear in that scale, so the two declared levels are delivered beside the interval as named lines, each of them the central rescaled, and never as width; the reading of the statutory floor itself, held at the statutory-targets-honoured reading in every draw, with the enforceable-standard reading delivered beside the interval as a named line rather than as width; the vehicle load model, held at the inherited one, with the single paired dynamometer measurement in the build's own precedent table delivered beside the interval as a named measured-load line; the computing workload growth of 2 per cent a year and the hardware efficiency floor of 0.25, neither of which is drawn or varied anywhere in this build; and the published market case, held at the policy state the interval is conditional on and carried as a named line.  The post-2050 continuation rule IS inside this interval: every electricity member continues along its own 2045-2050 slope at a decreasing rate after 2050 with the enacted statutory floors applied on top, and the linear trend and frozen continuations are delivered beside the interval as named lines.  The fuel-to-direct-current conversion coefficient IS priced here: it is drawn triangular on the declared list, support 0.17 to 0.2744 with its mode at the delivered central 0.21, so the two registered branches are the endpoints of the support this interval samples rather than values outside it, and each of them is also delivered as a named line.","The electricity-scenario axis changes the carbon content of a kilowatt hour, not the number of kilowatt hours.  Its contribution to the energy interval is therefore exactly zero, and an energy figure must not be captioned as though the electricity axis were inside it.  The same holds for the post-2050 continuation rule ON THAT AXIS and for the reading of the statutory floor: the delivered central, the two electricity-axis continuation lines and the enforceable-standard line carry the same energy in every entry and in every year, bitwise, and they part company only in carbon.  The two VEHICLE-axis continuation lines are a different object and are not covered by this sentence: a rule on that axis moves how much of the deployed stock is electric, so it moves the kilowatt hours as well as the carbon, and the movement is reported rather than gated."
V33_POLICY_CONDITIONAL,REAL_CAPACITY_FHWA_MV1_2024_REGISTERED_AUTOMOBILES_AND_STI_V2_INTERSECTIONS,energy_kwh_eq,2026,sum over the 51 entries,0.21,137567541.37985885,176849690.91024452,224108804.59442645,183149410.58061302,0.2362586451690396,0.9656033855069619,"Not priced by this interval: the deployment scale, held at 30 per cent of registered automobiles and 30 per cent of signalized intersections by 2075 in every draw, against its own declared range of 15 to 45 per cent -- the model is exactly linear in that scale, so the two declared levels are delivered beside the interval as named lines, each of them the central rescaled, and never as width; the reading of the statutory floor itself, held at the statutory-targets-honoured reading in every draw, with the enforceable-standard reading delivered beside the interval as a named line rather than as width; the vehicle load model, held at the inherited one, with the single paired dynamometer measurement in the build's own precedent table delivered beside the interval as a named measured-load line; the computing workload growth of 2 per cent a year and the hardware efficiency floor of 0.25, neither of which is drawn or varied anywhere in this build; and the published market case, held at the policy state the interval is conditional on and carried as a named line.  The post-2050 continuation rule IS inside this interval: every electricity member continues along its own 2045-2050 slope at a decreasing rate after 2050 with the enacted statutory floors applied on top, and the linear trend and frozen continuations are delivered beside the interval as named lines.  The fuel-to-direct-current conversion coefficient IS priced here: it is drawn triangular on the declared list, support 0.17 to 0.2744 with its mode at the delivered central 0.21, so the two registered branches are the endpoints of the support this interval samples rather than values outside it, and each of them is also delivered as a named line.","The electricity-scenario axis changes the carbon content of a kilowatt hour, not the number of kilowatt hours.  Its contribution to the energy interval is therefore exactly zero, and an energy figure must not be captioned as though the electricity axis were inside it.  The same holds for the post-2050 continuation rule ON THAT AXIS and for the reading of the statutory floor: the delivered central, the two electricity-axis continuation lines and the enforceable-standard line carry the same energy in every entry and in every year, bitwise, and they part company only in carbon.  The two VEHICLE-axis continuation lines are a different object and are not covered by this sentence: a rule on that axis moves how much of the deployed stock is electric, so it moves the kilowatt hours as well as the carbon, and the movement is reported rather than gated."
V33_POLICY_CONDITIONAL,REAL_CAPACITY_FHWA_MV1_2024_REGISTERED_AUTOMOBILES_AND_STI_V2_INTERSECTIONS,energy_kwh_eq,2027,sum over the 51 entries,0.21,301319301.44710356,387336579.69868433,490169345.718994,400584023.3498026,0.23571839272653747,0.9669296754764726,"Not priced by this interval: the deployment scale, held at 30 per cent of registered automobiles and 30 per cent of signalized intersections by 2075 in every draw, against its own declared range of 15 to 45 per cent -- the model is exactly linear in that scale, so the two declared levels are delivered beside the interval as named lines, each of them the central rescaled, and never as width; the reading of the statutory floor itself, held at the statutory-targets-honoured reading in every draw, with the enforceable-standard reading delivered beside the interval as a named line rather than as width; the vehicle load model, held at the inherited one, with the single paired dynamometer measurement in the build's own precedent table delivered beside the interval as a named measured-load line; the computing workload growth of 2 per cent a year and the hardware efficiency floor of 0.25, neither of which is drawn or varied anywhere in this build; and the published market case, held at the policy state the interval is conditional on and carried as a named line.  The post-2050 continuation rule IS inside this interval: every electricity member continues along its own 2045-2050 slope at a decreasing rate after 2050 with the enacted statutory floors applied on top, and the linear trend and frozen continuations are delivered beside the interval as named lines.  The fuel-to-direct-current conversion coefficient IS priced here: it is drawn triangular on the declared list, support 0.17 to 0.2744 with its mode at the delivered central 0.21, so the two registered branches are the endpoints of the support this interval samples rather than values outside it, and each of them is also delivered as a named line.","The electricity-scenario axis changes the carbon content of a kilowatt hour, not the number of kilowatt hours.  Its contribution to the energy interval is therefore exactly zero, and an energy figure must not be captioned as though the electricity axis were inside it.  The same holds for the post-2050 continuation rule ON THAT AXIS and for the reading of the statutory floor: the delivered central, the two electricity-axis continuation lines and the enforceable-standard line carry the same energy in every entry and in every year, bitwise, and they part company only in carbon.  The two VEHICLE-axis continuation lines are a different object and are not covered by this sentence: a rule on that axis moves how much of the deployed stock is electric, so it moves the kilowatt hours as well as the carbon, and the movement is reported rather than gated."
V33_POLICY_CONDITIONAL,REAL_CAPACITY_FHWA_MV1_2024_REGISTERED_AUTOMOBILES_AND_STI_V2_INTERSECTIONS,energy_kwh_eq,2028,sum over the 51 entries,0.21,487212926.3087916,625094599.5954862,790411710.8430765,646506070.7118824,0.2344902842137475,0.9668812528042938,"Not priced by this interval: the deployment scale, held at 30 per cent of registered automobiles and 30 per cent of signalized intersections by 2075 in every draw, against its own declared range of 15 to 45 per cent -- the model is exactly linear in that scale, so the two declared levels are delivered beside the interval as named lines, each of them the central rescaled, and never as width; the reading of the statutory floor itself, held at the statutory-targets-honoured reading in every draw, with the enforceable-standard reading delivered beside the interval as a named line rather than as width; the vehicle load model, held at the inherited one, with the single paired dynamometer measurement in the build's own precedent table delivered beside the interval as a named measured-load line; the computing workload growth of 2 per cent a year and the hardware efficiency floor of 0.25, neither of which is drawn or varied anywhere in this build; and the published market case, held at the policy state the interval is conditional on and carried as a named line.  The post-2050 continuation rule IS inside this interval: every electricity member continues along its own 2045-2050 slope at a decreasing rate after 2050 with the enacted statutory floors applied on top, and the linear trend and frozen continuations are delivered beside the interval as named lines.  The fuel-to-direct-current conversion coefficient IS priced here: it is drawn triangular on the declared list, support 0.17 to 0.2744 with its mode at the delivered central 0.21, so the two registered branches are the endpoints of the support this interval samples rather than values outside it, and each of them is also delivered as a named line.","The electricity-scenario axis changes the carbon content of a kilowatt hour, not the number of kilowatt hours.  Its contribution to the energy interval is therefore exactly zero, and an energy figure must not be captioned as though the electricity axis were inside it.  The same holds for the post-2050 continuation rule ON THAT AXIS and for the reading of the statutory floor: the delivered central, the two electricity-axis continuation lines and the enforceable-standard line carry the same energy in every entry and in every year, bitwise, and they part company only in carbon.  The two VEHICLE-axis continuation lines are a different object and are not covered by this sentence: a rule on that axis moves how much of the deployed stock is electric, so it moves the kilowatt hours as well as the carbon, and the movement is reported rather than gated."
V33_POLICY_CONDITIONAL,REAL_CAPACITY_FHWA_MV1_2024_REGISTERED_AUTOMOBILES_AND_STI_V2_INTERSECTIONS,energy_kwh_eq,2029,sum over the 51 entries,0.21,681415297.3045697,874522802.5292158,1107717486.807676,903935922.3756237,0.23580332352693012,0.9674610565657048,"Not priced by this interval: the deployment scale, held at 30 per cent of registered automobiles and 30 per cent of signalized intersections by 2075 in every draw, against its own declared range of 15 to 45 per cent -- the model is exactly linear in that scale, so the two declared levels are delivered beside the interval as named lines, each of them the central rescaled, and never as width; the reading of the statutory floor itself, held at the statutory-targets-honoured reading in every draw, with the enforceable-standard reading delivered beside the interval as a named line rather than as width; the vehicle load model, held at the inherited one, with the single paired dynamometer measurement in the build's own precedent table delivered beside the interval as a named measured-load line; the computing workload growth of 2 per cent a year and the hardware efficiency floor of 0.25, neither of which is drawn or varied anywhere in this build; and the published market case, held at the policy state the interval is conditional on and carried as a named line.  The post-2050 continuation rule IS inside this interval: every electricity member continues along its own 2045-2050 slope at a decreasing rate after 2050 with the enacted statutory floors applied on top, and the linear trend and frozen continuations are delivered beside the interval as named lines.  The fuel-to-direct-current conversion coefficient IS priced here: it is drawn triangular on the declared list, support 0.17 to 0.2744 with its mode at the delivered central 0.21, so the two registered branches are the endpoints of the support this interval samples rather than values outside it, and each of them is also delivered as a named line.","The electricity-scenario axis changes the carbon content of a kilowatt hour, not the number of kilowatt hours.  Its contribution to the energy interval is therefore exactly zero, and an energy figure must not be captioned as though the electricity axis were inside it.  The same holds for the post-2050 continuation rule ON THAT AXIS and for the reading of the statutory floor: the delivered central, the two electricity-axis continuation lines and the enforceable-standard line carry the same energy in every entry and in every year, bitwise, and they part company only in carbon.  The two VEHICLE-axis continuation lines are a different object and are not covered by this sentence: a rule on that axis moves how much of the deployed stock is electric, so it moves the kilowatt hours as well as the carbon, and the movement is reported rather than gated."
V33_POLICY_CONDITIONAL,REAL_CAPACITY_FHWA_MV1_2024_REGISTERED_AUTOMOBILES_AND_STI_V2_INTERSECTIONS,energy_kwh_eq,2030,sum over the 51 entries,0.21,877779029.2038726,1125646450.8494968,1423218965.90969,1161764603.9298184,0.23474632247393168,0.9689109541139855,"Not priced by this interval: the deployment scale, held at 30 per cent of registered automobiles and 30 per cent of signalized intersections by 2075 in every draw, against its own declared range of 15 to 45 per cent -- the model is exactly linear in that scale, so the two declared levels are delivered beside the interval as named lines, each of them the central rescaled, and never as width; the reading of the statutory floor itself, held at the statutory-targets-honoured reading in every draw, with the enforceable-standard reading delivered beside the interval as a named line rather than as width; the vehicle load model, held at the inherited one, with the single paired dynamometer measurement in the build's own precedent table delivered beside the interval as a named measured-load line; the computing workload growth of 2 per cent a year and the hardware efficiency floor of 0.25, neither of which is drawn or varied anywhere in this build; and the published market case, held at the policy state the interval is conditional on and carried as a named line.  The post-2050 continuation rule IS inside this interval: every electricity member continues along its own 2045-2050 slope at a decreasing rate after 2050 with the enacted statutory floors applied on top, and the linear trend and frozen continuations are delivered beside the interval as named lines.  The fuel-to-direct-current conversion coefficient IS priced here: it is drawn triangular on the declared list, support 0.17 to 0.2744 with its mode at the delivered central 0.21, so the two registered branches are the endpoints of the support this interval samples rather than values outside it, and each of them is also delivered as a named line.","The electricity-scenario axis changes the carbon content of a kilowatt hour, not the number of kilowatt hours.  Its contribution to the energy interval is therefore exactly zero, and an energy figure must not be captioned as though the electricity axis were inside it.  The same holds for the post-2050 continuation rule ON THAT AXIS and for the reading of the statutory floor: the delivered central, the two electricity-axis continuation lines and the enforceable-standard line carry the same energy in every entry and in every year, bitwise, and they part company only in carbon.  The two VEHICLE-axis continuation lines are a different object and are not covered by this sentence: a rule on that axis moves how much of the deployed stock is electric, so it moves the kilowatt hours as well as the carbon, and the movement is reported rather than gated."
V33_POLICY_CONDITIONAL,REAL_CAPACITY_FHWA_MV1_2024_REGISTERED_AUTOMOBILES_AND_STI_V2_INTERSECTIONS,energy_kwh_eq,2031,sum over the 51 entries,0.21,1068557640.0955081,1369588916.1101003,1730187400.966248,1414330847.2245312,0.23390204709496212,0.9683653006633971,"Not priced by this interval: the deployment scale, held at 30 per cent of registered automobiles and 30 per cent of signalized intersections by 2075 in every draw, against its own declared range of 15 to 45 per cent -- the model is exactly linear in that scale, so the two declared levels are delivered beside the interval as named lines, each of them the central rescaled, and never as width; the reading of the statutory floor itself, held at the statutory-targets-honoured reading in every draw, with the enforceable-standard reading delivered beside the interval as a named line rather than as width; the vehicle load model, held at the inherited one, with the single paired dynamometer measurement in the build's own precedent table delivered beside the interval as a named measured-load line; the computing workload growth of 2 per cent a year and the hardware efficiency floor of 0.25, neither of which is drawn or varied anywhere in this build; and the published market case, held at the policy state the interval is conditional on and carried as a named line.  The post-2050 continuation rule IS inside this interval: every electricity member continues along its own 2045-2050 slope at a decreasing rate after 2050 with the enacted statutory floors applied on top, and the linear trend and frozen continuations are delivered beside the interval as named lines.  The fuel-to-direct-current conversion coefficient IS priced here: it is drawn triangular on the declared list, support 0.17 to 0.2744 with its mode at the delivered central 0.21, so the two registered branches are the endpoints of the support this interval samples rather than values outside it, and each of them is also delivered as a named line.","The electricity-scenario axis changes the carbon content of a kilowatt hour, not the number of kilowatt hours.  Its contribution to the energy interval is therefore exactly zero, and an energy figure must not be captioned as though the electricity axis were inside it.  The same holds for the post-2050 continuation rule ON THAT AXIS and for the reading of the statutory floor: the delivered central, the two electricity-axis continuation lines and the enforceable-standard line carry the same energy in every entry and in every year, bitwise, and they part company only in carbon.  The two VEHICLE-axis continuation lines are a different object and are not covered by this sentence: a rule on that axis moves how much of the deployed stock is electric, so it moves the kilowatt hours as well as the carbon, and the movement is reported rather than gated."
V33_POLICY_CONDITIONAL,REAL_CAPACITY_FHWA_MV1_2024_REGISTERED_AUTOMOBILES_AND_STI_V2_INTERSECTIONS,energy_kwh_eq,2032,sum over the 51 entries,0.21,1253404304.5629416,1605202769.902823,2023528870.7250035,1659247447.5505288,0.23207043870971797,0.9674281990142642,"Not priced by this interval: the deployment scale, held at 30 per cent of registered automobiles and 30 per cent of signalized intersections by 2075 in every draw, against its own declared range of 15 to 45 per cent -- the model is exactly linear in that scale, so the two declared levels are delivered beside the interval as named lines, each of them the central rescaled, and never as width; the reading of the statutory floor itself, held at the statutory-targets-honoured reading in every draw, with the enforceable-standard reading delivered beside the interval as a named line rather than as width; the vehicle load model, held at the inherited one, with the single paired dynamometer measurement in the build's own precedent table delivered beside the interval as a named measured-load line; the computing workload growth of 2 per cent a year and the hardware efficiency floor of 0.25, neither of which is drawn or varied anywhere in this build; and the published market case, held at the policy state the interval is conditional on and carried as a named line.  The post-2050 continuation rule IS inside this interval: every electricity member continues along its own 2045-2050 slope at a decreasing rate after 2050 with the enacted statutory floors applied on top, and the linear trend and frozen continuations are delivered beside the interval as named lines.  The fuel-to-direct-current conversion coefficient IS priced here: it is drawn triangular on the declared list, support 0.17 to 0.2744 with its mode at the delivered central 0.21, so the two registered branches are the endpoints of the support this interval samples rather than values outside it, and each of them is also delivered as a named line.","The electricity-scenario axis changes the carbon content of a kilowatt hour, not the number of kilowatt hours.  Its contribution to the energy interval is therefore exactly zero, and an energy figure must not be captioned as though the electricity axis were inside it.  The same holds for the post-2050 continuation rule ON THAT AXIS and for the reading of the statutory floor: the delivered central, the two electricity-axis continuation lines and the enforceable-standard line carry the same energy in every entry and in every year, bitwise, and they part company only in carbon.  The two VEHICLE-axis continuation lines are a different object and are not covered by this sentence: a rule on that axis moves how much of the deployed stock is electric, so it moves the kilowatt hours as well as the carbon, and the movement is reported rather than gated."
V33_POLICY_CONDITIONAL,REAL_CAPACITY_FHWA_MV1_2024_REGISTERED_AUTOMOBILES_AND_STI_V2_INTERSECTIONS,energy_kwh_eq,2033,sum over the 51 entries,0.21,1440606187.2882636,1842550617.6534462,2326593090.274718,1906292954.5976164,0.2323847708846697,0.9665621504866627,"Not priced by this interval: the deployment scale, held at 30 per cent of registered automobiles and 30 per cent of signalized intersections by 2075 in every draw, against its own declared range of 15 to 45 per cent -- the model is exactly linear in that scale, so the two declared levels are delivered beside the interval as named lines, each of them the central rescaled, and never as width; the reading of the statutory floor itself, held at the statutory-targets-honoured reading in every draw, with the enforceable-standard reading delivered beside the interval as a named line rather than as width; the vehicle load model, held at the inherited one, with the single paired dynamometer measurement in the build's own precedent table delivered beside the interval as a named measured-load line; the computing workload growth of 2 per cent a year and the hardware efficiency floor of 0.25, neither of which is drawn or varied anywhere in this build; and the published market case, held at the policy state the interval is conditional on and carried as a named line.  The post-2050 continuation rule IS inside this interval: every electricity member continues along its own 2045-2050 slope at a decreasing rate after 2050 with the enacted statutory floors applied on top, and the linear trend and frozen continuations are delivered beside the interval as named lines.  The fuel-to-direct-current conversion coefficient IS priced here: it is drawn triangular on the declared list, support 0.17 to 0.2744 with its mode at the delivered central 0.21, so the two registered branches are the endpoints of the support this interval samples rather than values outside it, and each of them is also delivered as a named line.","The electricity-scenario axis changes the carbon content of a kilowatt hour, not the number of kilowatt hours.  Its contribution to the energy interval is therefore exactly zero, and an energy figure must not be captioned as though the electricity axis were inside it.  The same holds for the post-2050 continuation rule ON THAT AXIS and for the reading of the statutory floor: the delivered central, the two electricity-axis continuation lines and the enforceable-standard line carry the same energy in every entry and in every year, bitwise, and they part company only in carbon.  The two VEHICLE-axis continuation lines are a different object and are not covered by this sentence: a rule on that axis moves how much of the deployed stock is electric, so it moves the kilowatt hours as well as the carbon, and the movement is reported rather than gated."
V33_POLICY_CONDITIONAL,REAL_CAPACITY_FHWA_MV1_2024_REGISTERED_AUTOMOBILES_AND_STI_V2_INTERSECTIONS,energy_kwh_eq,2034,sum over the 51 entries,0.21,1641506218.210922,2096278196.1799486,2648562606.6492214,2171410281.599412,0.23188993737667216,0.9653994060652035,"Not priced by this interval: the deployment scale, held at 30 per cent of registered automobiles and 30 per cent of signalized intersections by 2075 in every draw, against its own declared range of 15 to 45 per cent -- the model is exactly linear in that scale, so the two declared levels are delivered beside the interval as named lines, each of them the central rescaled, and never as width; the reading of the statutory floor itself, held at the statutory-targets-honoured reading in every draw, with the enforceable-standard reading delivered beside the interval as a named line rather than as width; the vehicle load model, held at the inherited one, with the single paired dynamometer measurement in the build's own precedent table delivered beside the interval as a named measured-load line; the computing workload growth of 2 per cent a year and the hardware efficiency floor of 0.25, neither of which is drawn or varied anywhere in this build; and the published market case, held at the policy state the interval is conditional on and carried as a named line.  The post-2050 continuation rule IS inside this interval: every electricity member continues along its own 2045-2050 slope at a decreasing rate after 2050 with the enacted statutory floors applied on top, and the linear trend and frozen continuations are delivered beside the interval as named lines.  The fuel-to-direct-current conversion coefficient IS priced here: it is drawn triangular on the declared list, support 0.17 to 0.2744 with its mode at the delivered central 0.21, so the two registered branches are the endpoints of the support this interval samples rather than values outside it, and each of them is also delivered as a named line.","The electricity-scenario axis changes the carbon content of a kilowatt hour, not the number of kilowatt hours.  Its contribution to the energy interval is therefore exactly zero, and an energy figure must not be captioned as though the electricity axis were inside it.  The same holds for the post-2050 continuation rule ON THAT AXIS and for the reading of the statutory floor: the delivered central, the two electricity-axis continuation lines and the enforceable-standard line carry the same energy in every entry and in every year, bitwise, and they part company only in carbon.  The two VEHICLE-axis continuation lines are a different object and are not covered by this sentence: a rule on that axis moves how much of the deployed stock is electric, so it moves the kilowatt hours as well as the carbon, and the movement is reported rather than gated."
V33_POLICY_CONDITIONAL,REAL_CAPACITY_FHWA_MV1_2024_REGISTERED_AUTOMOBILES_AND_STI_V2_INTERSECTIONS,energy_kwh_eq,2035,sum over the 51 entries,0.21,1856296109.5108428,2364070361.701568,3000232515.307109,2452182397.5164332,0.23324863740862897,0.9640679111373995,"Not priced by this interval: the deployment scale, held at 30 per cent of registered automobiles and 30 per cent of signalized intersections by 2075 in every draw, against its own declared range of 15 to 45 per cent -- the model is exactly linear in that scale, so the two declared levels are delivered beside the interval as named lines, each of them the central rescaled, and never as width; the reading of the statutory floor itself, held at the statutory-targets-honoured reading in every draw, with the enforceable-standard reading delivered beside the interval as a named line rather than as width; the vehicle load model, held at the inherited one, with the single paired dynamometer measurement in the build's own precedent table delivered beside the interval as a named measured-load line; the computing workload growth of 2 per cent a year and the hardware efficiency floor of 0.25, neither of which is drawn or varied anywhere in this build; and the published market case, held at the policy state the interval is conditional on and carried as a named line.  The post-2050 continuation rule IS inside this interval: every electricity member continues along its own 2045-2050 slope at a decreasing rate after 2050 with the enacted statutory floors applied on top, and the linear trend and frozen continuations are delivered beside the interval as named lines.  The fuel-to-direct-current conversion coefficient IS priced here: it is drawn triangular on the declared list, support 0.17 to 0.2744 with its mode at the delivered central 0.21, so the two registered branches are the endpoints of the support this interval samples rather than values outside it, and each of them is also delivered as a named line.","The electricity-scenario axis changes the carbon content of a kilowatt hour, not the number of kilowatt hours.  Its contribution to the energy interval is therefore exactly zero, and an energy figure must not be captioned as though the electricity axis were inside it.  The same holds for the post-2050 continuation rule ON THAT AXIS and for the reading of the statutory floor: the delivered central, the two electricity-axis continuation lines and the enforceable-standard line carry the same energy in every entry and in every year, bitwise, and they part company only in carbon.  The two VEHICLE-axis continuation lines are a different object and are not covered by this sentence: a rule on that axis moves how much of the deployed stock is electric, so it moves the kilowatt hours as well as the carbon, and the movement is reported rather than gated."
V33_POLICY_CONDITIONAL,REAL_CAPACITY_FHWA_MV1_2024_REGISTERED_AUTOMOBILES_AND_STI_V2_INTERSECTIONS,energy_kwh_eq,2036,sum over the 51 entries,0.21,2082802430.623276,2651397610.395206,3363798938.3560624,2752545027.703251,0.23269310671398205,0.9632531289079608,"Not priced by this interval: the deployment scale, held at 30 per cent of registered automobiles and 30 per cent of signalized intersections by 2075 in every draw, against its own declared range of 15 to 45 per cent -- the model is exactly linear in that scale, so the two declared levels are delivered beside the interval as named lines, each of them the central rescaled, and never as width; the reading of the statutory floor itself, held at the statutory-targets-honoured reading in every draw, with the enforceable-standard reading delivered beside the interval as a named line rather than as width; the vehicle load model, held at the inherited one, with the single paired dynamometer measurement in the build's own precedent table delivered beside the interval as a named measured-load line; the computing workload growth of 2 per cent a year and the hardware efficiency floor of 0.25, neither of which is drawn or varied anywhere in this build; and the published market case, held at the policy state the interval is conditional on and carried as a named line.  The post-2050 continuation rule IS inside this interval: every electricity member continues along its own 2045-2050 slope at a decreasing rate after 2050 with the enacted statutory floors applied on top, and the linear trend and frozen continuations are delivered beside the interval as named lines.  The fuel-to-direct-current conversion coefficient IS priced here: it is drawn triangular on the declared list, support 0.17 to 0.2744 with its mode at the delivered central 0.21, so the two registered branches are the endpoints of the support this interval samples rather than values outside it, and each of them is also delivered as a named line.","The electricity-scenario axis changes the carbon content of a kilowatt hour, not the number of kilowatt hours.  Its contribution to the energy interval is therefore exactly zero, and an energy figure must not be captioned as though the electricity axis were inside it.  The same holds for the post-2050 continuation rule ON THAT AXIS and for the reading of the statutory floor: the delivered central, the two electricity-axis continuation lines and the enforceable-standard line carry the same energy in every entry and in every year, bitwise, and they part company only in carbon.  The two VEHICLE-axis continuation lines are a different object and are not covered by this sentence: a rule on that axis moves how much of the deployed stock is electric, so it moves the kilowatt hours as well as the carbon, and the movement is reported rather than gated."
V33_POLICY_CONDITIONAL,REAL_CAPACITY_FHWA_MV1_2024_REGISTERED_AUTOMOBILES_AND_STI_V2_INTERSECTIONS,energy_kwh_eq,2037,sum over the 51 entries,0.21,2323867933.840979,2953391955.204728,3748296210.2138934,3072839663.631039,0.2317771885777031,0.9611279072448691,"Not priced by this interval: the deployment scale, held at 30 per cent of registered automobiles and 30 per cent of signalized intersections by 2075 in every draw, against its own declared range of 15 to 45 per cent -- the model is exactly linear in that scale, so the two declared levels are delivered beside the interval as named lines, each of them the central rescaled, and never as width; the reading of the statutory floor itself, held at the statutory-targets-honoured reading in every draw, with the enforceable-standard reading delivered beside the interval as a named line rather than as width; the vehicle load model, held at the inherited one, with the single paired dynamometer measurement in the build's own precedent table delivered beside the interval as a named measured-load line; the computing workload growth of 2 per cent a year and the hardware efficiency floor of 0.25, neither of which is drawn or varied anywhere in this build; and the published market case, held at the policy state the interval is conditional on and carried as a named line.  The post-2050 continuation rule IS inside this interval: every electricity member continues along its own 2045-2050 slope at a decreasing rate after 2050 with the enacted statutory floors applied on top, and the linear trend and frozen continuations are delivered beside the interval as named lines.  The fuel-to-direct-current conversion coefficient IS priced here: it is drawn triangular on the declared list, support 0.17 to 0.2744 with its mode at the delivered central 0.21, so the two registered branches are the endpoints of the support this interval samples rather than values outside it, and each of them is also delivered as a named line.","The electricity-scenario axis changes the carbon content of a kilowatt hour, not the number of kilowatt hours.  Its contribution to the energy interval is therefore exactly zero, and an energy figure must not be captioned as though the electricity axis were inside it.  The same holds for the post-2050 continuation rule ON THAT AXIS and for the reading of the statutory floor: the delivered central, the two electricity-axis continuation lines and the enforceable-standard line carry the same energy in every entry and in every year, bitwise, and they part company only in carbon.  The two VEHICLE-axis continuation lines are a different object and are not covered by this sentence: a rule on that axis moves how much of the deployed stock is electric, so it moves the kilowatt hours as well as the carbon, and the movement is reported rather than gated."
V33_POLICY_CONDITIONAL,REAL_CAPACITY_FHWA_MV1_2024_REGISTERED_AUTOMOBILES_AND_STI_V2_INTERSECTIONS,energy_kwh_eq,2038,sum over the 51 entries,0.21,2577845517.898522,3276784273.2084904,4156654041.7883496,3412184555.179343,0.2313486416632066,0.9603185936219865,"Not priced by this interval: the deployment scale, held at 30 per cent of registered automobiles and 30 per cent of signalized intersections by 2075 in every draw, against its own declared range of 15 to 45 per cent -- the model is exactly linear in that scale, so the two declared levels are delivered beside the interval as named lines, each of them the central rescaled, and never as width; the reading of the statutory floor itself, held at the statutory-targets-honoured reading in every draw, with the enforceable-standard reading delivered beside the interval as a named line rather than as width; the vehicle load model, held at the inherited one, with the single paired dynamometer measurement in the build's own precedent table delivered beside the interval as a named measured-load line; the computing workload growth of 2 per cent a year and the hardware efficiency floor of 0.25, neither of which is drawn or varied anywhere in this build; and the published market case, held at the policy state the interval is conditional on and carried as a named line.  The post-2050 continuation rule IS inside this interval: every electricity member continues along its own 2045-2050 slope at a decreasing rate after 2050 with the enacted statutory floors applied on top, and the linear trend and frozen continuations are delivered beside the interval as named lines.  The fuel-to-direct-current conversion coefficient IS priced here: it is drawn triangular on the declared list, support 0.17 to 0.2744 with its mode at the delivered central 0.21, so the two registered branches are the endpoints of the support this interval samples rather than values outside it, and each of them is also delivered as a named line.","The electricity-scenario axis changes the carbon content of a kilowatt hour, not the number of kilowatt hours.  Its contribution to the energy interval is therefore exactly zero, and an energy figure must not be captioned as though the electricity axis were inside it.  The same holds for the post-2050 continuation rule ON THAT AXIS and for the reading of the statutory floor: the delivered central, the two electricity-axis continuation lines and the enforceable-standard line carry the same energy in every entry and in every year, bitwise, and they part company only in carbon.  The two VEHICLE-axis continuation lines are a different object and are not covered by this sentence: a rule on that axis moves how much of the deployed stock is electric, so it moves the kilowatt hours as well as the carbon, and the movement is reported rather than gated."
V33_POLICY_CONDITIONAL,REAL_CAPACITY_FHWA_MV1_2024_REGISTERED_AUTOMOBILES_AND_STI_V2_INTERSECTIONS,energy_kwh_eq,2039,sum over the 51 entries,0.21,2843729805.6650076,3616025945.552099,4585584564.844294,3765628193.633665,0.2312834233241802,0.9602716358629113,"Not priced by this interval: the deployment scale, held at 30 per cent of registered automobiles and 30 per cent of signalized intersections by 2075 in every draw, against its own declared range of 15 to 45 per cent -- the model is exactly linear in that scale, so the two declared levels are delivered beside the interval as named lines, each of them the central rescaled, and never as width; the reading of the statutory floor itself, held at the statutory-targets-honoured reading in every draw, with the enforceable-standard reading delivered beside the interval as a named line rather than as width; the vehicle load model, held at the inherited one, with the single paired dynamometer measurement in the build's own precedent table delivered beside the interval as a named measured-load line; the computing workload growth of 2 per cent a year and the hardware efficiency floor of 0.25, neither of which is drawn or varied anywhere in this build; and the published market case, held at the policy state the interval is conditional on and carried as a named line.  The post-2050 continuation rule IS inside this interval: every electricity member continues along its own 2045-2050 slope at a decreasing rate after 2050 with the enacted statutory floors applied on top, and the linear trend and frozen continuations are delivered beside the interval as named lines.  The fuel-to-direct-current conversion coefficient IS priced here: it is drawn triangular on the declared list, support 0.17 to 0.2744 with its mode at the delivered central 0.21, so the two registered branches are the endpoints of the support this interval samples rather than values outside it, and each of them is also delivered as a named line.","The electricity-scenario axis changes the carbon content of a kilowatt hour, not the number of kilowatt hours.  Its contribution to the energy interval is therefore exactly zero, and an energy figure must not be captioned as though the electricity axis were inside it.  The same holds for the post-2050 continuation rule ON THAT AXIS and for the reading of the statutory floor: the delivered central, the two electricity-axis continuation lines and the enforceable-standard line carry the same energy in every entry and in every year, bitwise, and they part company only in carbon.  The two VEHICLE-axis continuation lines are a different object and are not covered by this sentence: a rule on that axis moves how much of the deployed stock is electric, so it moves the kilowatt hours as well as the carbon, and the movement is reported rather than gated."
V33_POLICY_CONDITIONAL,REAL_CAPACITY_FHWA_MV1_2024_REGISTERED_AUTOMOBILES_AND_STI_V2_INTERSECTIONS,energy_kwh_eq,2040,sum over the 51 entries,0.21,3121321294.637108,3963098111.2730103,5031744879.330511,4127868184.3633137,0.2314055947728947,0.9600834944985731,"Not priced by this interval: the deployment scale, held at 30 per cent of registered automobiles and 30 per cent of signalized intersections by 2075 in every draw, against its own declared range of 15 to 45 per cent -- the model is exactly linear in that scale, so the two declared levels are delivered beside the interval as named lines, each of them the central rescaled, and never as width; the reading of the statutory floor itself, held at the statutory-targets-honoured reading in every draw, with the enforceable-standard reading delivered beside the interval as a named line rather than as width; the vehicle load model, held at the inherited one, with the single paired dynamometer measurement in the build's own precedent table delivered beside the interval as a named measured-load line; the computing workload growth of 2 per cent a year and the hardware efficiency floor of 0.25, neither of which is drawn or varied anywhere in this build; and the published market case, held at the policy state the interval is conditional on and carried as a named line.  The post-2050 continuation rule IS inside this interval: every electricity member continues along its own 2045-2050 slope at a decreasing rate after 2050 with the enacted statutory floors applied on top, and the linear trend and frozen continuations are delivered beside the interval as named lines.  The fuel-to-direct-current conversion coefficient IS priced here: it is drawn triangular on the declared list, support 0.17 to 0.2744 with its mode at the delivered central 0.21, so the two registered branches are the endpoints of the support this interval samples rather than values outside it, and each of them is also delivered as a named line.","The electricity-scenario axis changes the carbon content of a kilowatt hour, not the number of kilowatt hours.  Its contribution to the energy interval is therefore exactly zero, and an energy figure must not be captioned as though the electricity axis were inside it.  The same holds for the post-2050 continuation rule ON THAT AXIS and for the reading of the statutory floor: the delivered central, the two electricity-axis continuation lines and the enforceable-standard line carry the same energy in every entry and in every year, bitwise, and they part company only in carbon.  The two VEHICLE-axis continuation lines are a different object and are not covered by this sentence: a rule on that axis moves how much of the deployed stock is electric, so it moves the kilowatt hours as well as the carbon, and the movement is reported rather than gated."
V33_POLICY_CONDITIONAL,REAL_CAPACITY_FHWA_MV1_2024_REGISTERED_AUTOMOBILES_AND_STI_V2_INTERSECTIONS,energy_kwh_eq,2041,sum over the 51 entries,0.21,3402525667.584743,4325575637.538654,5483571237.979094,4496200877.646202,0.23142266404740738,0.9620512417592714,"Not priced by this interval: the deployment scale, held at 30 per cent of registered automobiles and 30 per cent of signalized intersections by 2075 in every draw, against its own declared range of 15 to 45 per cent -- the model is exactly linear in that scale, so the two declared levels are delivered beside the interval as named lines, each of them the central rescaled, and never as width; the reading of the statutory floor itself, held at the statutory-targets-honoured reading in every draw, with the enforceable-standard reading delivered beside the interval as a named line rather than as width; the vehicle load model, held at the inherited one, with the single paired dynamometer measurement in the build's own precedent table delivered beside the interval as a named measured-load line; the computing workload growth of 2 per cent a year and the hardware efficiency floor of 0.25, neither of which is drawn or varied anywhere in this build; and the published market case, held at the policy state the interval is conditional on and carried as a named line.  The post-2050 continuation rule IS inside this interval: every electricity member continues along its own 2045-2050 slope at a decreasing rate after 2050 with the enacted statutory floors applied on top, and the linear trend and frozen continuations are delivered beside the interval as named lines.  The fuel-to-direct-current conversion coefficient IS priced here: it is drawn triangular on the declared list, support 0.17 to 0.2744 with its mode at the delivered central 0.21, so the two registered branches are the endpoints of the support this interval samples rather than values outside it, and each of them is also delivered as a named line.","The electricity-scenario axis changes the carbon content of a kilowatt hour, not the number of kilowatt hours.  Its contribution to the energy interval is therefore exactly zero, and an energy figure must not be captioned as though the electricity axis were inside it.  The same holds for the post-2050 continuation rule ON THAT AXIS and for the reading of the statutory floor: the delivered central, the two electricity-axis continuation lines and the enforceable-standard line carry the same energy in every entry and in every year, bitwise, and they part company only in carbon.  The two VEHICLE-axis continuation lines are a different object and are not covered by this sentence: a rule on that axis moves how much of the deployed stock is electric, so it moves the kilowatt hours as well as the carbon, and the movement is reported rather than gated."
V33_POLICY_CONDITIONAL,REAL_CAPACITY_FHWA_MV1_2024_REGISTERED_AUTOMOBILES_AND_STI_V2_INTERSECTIONS,energy_kwh_eq,2042,sum over the 51 entries,0.21,3694991843.9966373,4706119562.248579,5958907900.042521,4871856321.45532,0.23234634877015498,0.965980778522378,"Not priced by this interval: the deployment scale, held at 30 per cent of registered automobiles and 30 per cent of signalized intersections by 2075 in every draw, against its own declared range of 15 to 45 per cent -- the model is exactly linear in that scale, so the two declared levels are delivered beside the interval as named lines, each of them the central rescaled, and never as width; the reading of the statutory floor itself, held at the statutory-targets-honoured reading in every draw, with the enforceable-standard reading delivered beside the interval as a named line rather than as width; the vehicle load model, held at the inherited one, with the single paired dynamometer measurement in the build's own precedent table delivered beside the interval as a named measured-load line; the computing workload growth of 2 per cent a year and the hardware efficiency floor of 0.25, neither of which is drawn or varied anywhere in this build; and the published market case, held at the policy state the interval is conditional on and carried as a named line.  The post-2050 continuation rule IS inside this interval: every electricity member continues along its own 2045-2050 slope at a decreasing rate after 2050 with the enacted statutory floors applied on top, and the linear trend and frozen continuations are delivered beside the interval as named lines.  The fuel-to-direct-current conversion coefficient IS priced here: it is drawn triangular on the declared list, support 0.17 to 0.2744 with its mode at the delivered central 0.21, so the two registered branches are the endpoints of the support this interval samples rather than values outside it, and each of them is also delivered as a named line.","The electricity-scenario axis changes the carbon content of a kilowatt hour, not the number of kilowatt hours.  Its contribution to the energy interval is therefore exactly zero, and an energy figure must not be captioned as though the electricity axis were inside it.  The same holds for the post-2050 continuation rule ON THAT AXIS and for the reading of the statutory floor: the delivered central, the two electricity-axis continuation lines and the enforceable-standard line carry the same energy in every entry and in every year, bitwise, and they part company only in carbon.  The two VEHICLE-axis continuation lines are a different object and are not covered by this sentence: a rule on that axis moves how much of the deployed stock is electric, so it moves the kilowatt hours as well as the carbon, and the movement is reported rather than gated."
V33_POLICY_CONDITIONAL,REAL_CAPACITY_FHWA_MV1_2024_REGISTERED_AUTOMOBILES_AND_STI_V2_INTERSECTIONS,energy_kwh_eq,2043,sum over the 51 entries,0.21,3997523790.6503654,5096721174.911797,6448047240.697188,5258366706.436341,0.23301184444281298,0.969259365017908,"Not priced by this interval: the deployment scale, held at 30 per cent of registered automobiles and 30 per cent of signalized intersections by 2075 in every draw, against its own declared range of 15 to 45 per cent -- the model is exactly linear in that scale, so the two declared levels are delivered beside the interval as named lines, each of them the central rescaled, and never as width; the reading of the statutory floor itself, held at the statutory-targets-honoured reading in every draw, with the enforceable-standard reading delivered beside the interval as a named line rather than as width; the vehicle load model, held at the inherited one, with the single paired dynamometer measurement in the build's own precedent table delivered beside the interval as a named measured-load line; the computing workload growth of 2 per cent a year and the hardware efficiency floor of 0.25, neither of which is drawn or varied anywhere in this build; and the published market case, held at the policy state the interval is conditional on and carried as a named line.  The post-2050 continuation rule IS inside this interval: every electricity member continues along its own 2045-2050 slope at a decreasing rate after 2050 with the enacted statutory floors applied on top, and the linear trend and frozen continuations are delivered beside the interval as named lines.  The fuel-to-direct-current conversion coefficient IS priced here: it is drawn triangular on the declared list, support 0.17 to 0.2744 with its mode at the delivered central 0.21, so the two registered branches are the endpoints of the support this interval samples rather than values outside it, and each of them is also delivered as a named line.","The electricity-scenario axis changes the carbon content of a kilowatt hour, not the number of kilowatt hours.  Its contribution to the energy interval is therefore exactly zero, and an energy figure must not be captioned as though the electricity axis were inside it.  The same holds for the post-2050 continuation rule ON THAT AXIS and for the reading of the statutory floor: the delivered central, the two electricity-axis continuation lines and the enforceable-standard line carry the same energy in every entry and in every year, bitwise, and they part company only in carbon.  The two VEHICLE-axis continuation lines are a different object and are not covered by this sentence: a rule on that axis moves how much of the deployed stock is electric, so it moves the kilowatt hours as well as the carbon, and the movement is reported rather than gated."
V33_POLICY_CONDITIONAL,REAL_CAPACITY_FHWA_MV1_2024_REGISTERED_AUTOMOBILES_AND_STI_V2_INTERSECTIONS,energy_kwh_eq,2044,sum over the 51 entries,0.21,4322522341.543208,5507122142.569929,6965106598.706155,5660254044.274458,0.23343336151457827,0.9729461079826572,"Not priced by this interval: the deployment scale, held at 30 per cent of registered automobiles and 30 per cent of signalized intersections by 2075 in every draw, against its own declared range of 15 to 45 per cent -- the model is exactly linear in that scale, so the two declared levels are delivered beside the interval as named lines, each of them the central rescaled, and never as width; the reading of the statutory floor itself, held at the statutory-targets-honoured reading in every draw, with the enforceable-standard reading delivered beside the interval as a named line rather than as width; the vehicle load model, held at the inherited one, with the single paired dynamometer measurement in the build's own precedent table delivered beside the interval as a named measured-load line; the computing workload growth of 2 per cent a year and the hardware efficiency floor of 0.25, neither of which is drawn or varied anywhere in this build; and the published market case, held at the policy state the interval is conditional on and carried as a named line.  The post-2050 continuation rule IS inside this interval: every electricity member continues along its own 2045-2050 slope at a decreasing rate after 2050 with the enacted statutory floors applied on top, and the linear trend and frozen continuations are delivered beside the interval as named lines.  The fuel-to-direct-current conversion coefficient IS priced here: it is drawn triangular on the declared list, support 0.17 to 0.2744 with its mode at the delivered central 0.21, so the two registered branches are the endpoints of the support this interval samples rather than values outside it, and each of them is also delivered as a named line.","The electricity-scenario axis changes the carbon content of a kilowatt hour, not the number of kilowatt hours.  Its contribution to the energy interval is therefore exactly zero, and an energy figure must not be captioned as though the electricity axis were inside it.  The same holds for the post-2050 continuation rule ON THAT AXIS and for the reading of the statutory floor: the delivered central, the two electricity-axis continuation lines and the enforceable-standard line carry the same energy in every entry and in every year, bitwise, and they part company only in carbon.  The two VEHICLE-axis continuation lines are a different object and are not covered by this sentence: a rule on that axis moves how much of the deployed stock is electric, so it moves the kilowatt hours as well as the carbon, and the movement is reported rather than gated."
V33_POLICY_CONDITIONAL,REAL_CAPACITY_FHWA_MV1_2024_REGISTERED_AUTOMOBILES_AND_STI_V2_INTERSECTIONS,energy_kwh_eq,2045,sum over the 51 entries,0.21,4668076616.191309,5943861718.967247,7505319556.653409,6081472319.573776,0.23326941169576432,0.977372157041048,"Not priced by this interval: the deployment scale, held at 30 per cent of registered automobiles and 30 per cent of signalized intersections by 2075 in every draw, against its own declared range of 15 to 45 per cent -- the model is exactly linear in that scale, so the two declared levels are delivered beside the interval as named lines, each of them the central rescaled, and never as width; the reading of the statutory floor itself, held at the statutory-targets-honoured reading in every draw, with the enforceable-standard reading delivered beside the interval as a named line rather than as width; the vehicle load model, held at the inherited one, with the single paired dynamometer measurement in the build's own precedent table delivered beside the interval as a named measured-load line; the computing workload growth of 2 per cent a year and the hardware efficiency floor of 0.25, neither of which is drawn or varied anywhere in this build; and the published market case, held at the policy state the interval is conditional on and carried as a named line.  The post-2050 continuation rule IS inside this interval: every electricity member continues along its own 2045-2050 slope at a decreasing rate after 2050 with the enacted statutory floors applied on top, and the linear trend and frozen continuations are delivered beside the interval as named lines.  The fuel-to-direct-current conversion coefficient IS priced here: it is drawn triangular on the declared list, support 0.17 to 0.2744 with its mode at the delivered central 0.21, so the two registered branches are the endpoints of the support this interval samples rather than values outside it, and each of them is also delivered as a named line.","The electricity-scenario axis changes the carbon content of a kilowatt hour, not the number of kilowatt hours.  Its contribution to the energy interval is therefore exactly zero, and an energy figure must not be captioned as though the electricity axis were inside it.  The same holds for the post-2050 continuation rule ON THAT AXIS and for the reading of the statutory floor: the delivered central, the two electricity-axis continuation lines and the enforceable-standard line carry the same energy in every entry and in every year, bitwise, and they part company only in carbon.  The two VEHICLE-axis continuation lines are a different object and are not covered by this sentence: a rule on that axis moves how much of the deployed stock is electric, so it moves the kilowatt hours as well as the carbon, and the movement is reported rather than gated."
V33_POLICY_CONDITIONAL,REAL_CAPACITY_FHWA_MV1_2024_REGISTERED_AUTOMOBILES_AND_STI_V2_INTERSECTIONS,energy_kwh_eq,2046,sum over the 51 entries,0.21,5022307868.873198,6398387196.7005,8090669530.469573,6525464876.28875,0.23510674869661205,0.9805258809912523,"Not priced by this interval: the deployment scale, held at 30 per cent of registered automobiles and 30 per cent of signalized intersections by 2075 in every draw, against its own declared range of 15 to 45 per cent -- the model is exactly linear in that scale, so the two declared levels are delivered beside the interval as named lines, each of them the central rescaled, and never as width; the reading of the statutory floor itself, held at the statutory-targets-honoured reading in every draw, with the enforceable-standard reading delivered beside the interval as a named line rather than as width; the vehicle load model, held at the inherited one, with the single paired dynamometer measurement in the build's own precedent table delivered beside the interval as a named measured-load line; the computing workload growth of 2 per cent a year and the hardware efficiency floor of 0.25, neither of which is drawn or varied anywhere in this build; and the published market case, held at the policy state the interval is conditional on and carried as a named line.  The post-2050 continuation rule IS inside this interval: every electricity member continues along its own 2045-2050 slope at a decreasing rate after 2050 with the enacted statutory floors applied on top, and the linear trend and frozen continuations are delivered beside the interval as named lines.  The fuel-to-direct-current conversion coefficient IS priced here: it is drawn triangular on the declared list, support 0.17 to 0.2744 with its mode at the delivered central 0.21, so the two registered branches are the endpoints of the support this interval samples rather than values outside it, and each of them is also delivered as a named line.","The electricity-scenario axis changes the carbon content of a kilowatt hour, not the number of kilowatt hours.  Its contribution to the energy interval is therefore exactly zero, and an energy figure must not be captioned as though the electricity axis were inside it.  The same holds for the post-2050 continuation rule ON THAT AXIS and for the reading of the statutory floor: the delivered central, the two electricity-axis continuation lines and the enforceable-standard line carry the same energy in every entry and in every year, bitwise, and they part company only in carbon.  The two VEHICLE-axis continuation lines are a different object and are not covered by this sentence: a rule on that axis moves how much of the deployed stock is electric, so it moves the kilowatt hours as well as the carbon, and the movement is reported rather than gated."
V33_POLICY_CONDITIONAL,REAL_CAPACITY_FHWA_MV1_2024_REGISTERED_AUTOMOBILES_AND_STI_V2_INTERSECTIONS,energy_kwh_eq,2047,sum over the 51 entries,0.21,5387042086.821288,6871615399.717346,8692100748.581293,6993244263.29756,0.2363036766144326,0.9826076626239763,"Not priced by this interval: the deployment scale, held at 30 per cent of registered automobiles and 30 per cent of signalized intersections by 2075 in every draw, against its own declared range of 15 to 45 per cent -- the model is exactly linear in that scale, so the two declared levels are delivered beside the interval as named lines, each of them the central rescaled, and never as width; the reading of the statutory floor itself, held at the statutory-targets-honoured reading in every draw, with the enforceable-standard reading delivered beside the interval as a named line rather than as width; the vehicle load model, held at the inherited one, with the single paired dynamometer measurement in the build's own precedent table delivered beside the interval as a named measured-load line; the computing workload growth of 2 per cent a year and the hardware efficiency floor of 0.25, neither of which is drawn or varied anywhere in this build; and the published market case, held at the policy state the interval is conditional on and carried as a named line.  The post-2050 continuation rule IS inside this interval: every electricity member continues along its own 2045-2050 slope at a decreasing rate after 2050 with the enacted statutory floors applied on top, and the linear trend and frozen continuations are delivered beside the interval as named lines.  The fuel-to-direct-current conversion coefficient IS priced here: it is drawn triangular on the declared list, support 0.17 to 0.2744 with its mode at the delivered central 0.21, so the two registered branches are the endpoints of the support this interval samples rather than values outside it, and each of them is also delivered as a named line.","The electricity-scenario axis changes the carbon content of a kilowatt hour, not the number of kilowatt hours.  Its contribution to the energy interval is therefore exactly zero, and an energy figure must not be captioned as though the electricity axis were inside it.  The same holds for the post-2050 continuation rule ON THAT AXIS and for the reading of the statutory floor: the delivered central, the two electricity-axis continuation lines and the enforceable-standard line carry the same energy in every entry and in every year, bitwise, and they part company only in carbon.  The two VEHICLE-axis continuation lines are a different object and are not covered by this sentence: a rule on that axis moves how much of the deployed stock is electric, so it moves the kilowatt hours as well as the carbon, and the movement is reported rather than gated."
V33_POLICY_CONDITIONAL,REAL_CAPACITY_FHWA_MV1_2024_REGISTERED_AUTOMOBILES_AND_STI_V2_INTERSECTIONS,energy_kwh_eq,2048,sum over the 51 entries,0.21,5783223849.125146,7367000819.479975,9303154098.412037,7484687044.875561,0.23514211270174842,0.9842763999763811,"Not priced by this interval: the deployment scale, held at 30 per cent of registered automobiles and 30 per cent of signalized intersections by 2075 in every draw, against its own declared range of 15 to 45 per cent -- the model is exactly linear in that scale, so the two declared levels are delivered beside the interval as named lines, each of them the central rescaled, and never as width; the reading of the statutory floor itself, held at the statutory-targets-honoured reading in every draw, with the enforceable-standard reading delivered beside the interval as a named line rather than as width; the vehicle load model, held at the inherited one, with the single paired dynamometer measurement in the build's own precedent table delivered beside the interval as a named measured-load line; the computing workload growth of 2 per cent a year and the hardware efficiency floor of 0.25, neither of which is drawn or varied anywhere in this build; and the published market case, held at the policy state the interval is conditional on and carried as a named line.  The post-2050 continuation rule IS inside this interval: every electricity member continues along its own 2045-2050 slope at a decreasing rate after 2050 with the enacted statutory floors applied on top, and the linear trend and frozen continuations are delivered beside the interval as named lines.  The fuel-to-direct-current conversion coefficient IS priced here: it is drawn triangular on the declared list, support 0.17 to 0.2744 with its mode at the delivered central 0.21, so the two registered branches are the endpoints of the support this interval samples rather than values outside it, and each of them is also delivered as a named line.","The electricity-scenario axis changes the carbon content of a kilowatt hour, not the number of kilowatt hours.  Its contribution to the energy interval is therefore exactly zero, and an energy figure must not be captioned as though the electricity axis were inside it.  The same holds for the post-2050 continuation rule ON THAT AXIS and for the reading of the statutory floor: the delivered central, the two electricity-axis continuation lines and the enforceable-standard line carry the same energy in every entry and in every year, bitwise, and they part company only in carbon.  The two VEHICLE-axis continuation lines are a different object and are not covered by this sentence: a rule on that axis moves how much of the deployed stock is electric, so it moves the kilowatt hours as well as the carbon, and the movement is reported rather than gated."
V33_POLICY_CONDITIONAL,REAL_CAPACITY_FHWA_MV1_2024_REGISTERED_AUTOMOBILES_AND_STI_V2_INTERSECTIONS,energy_kwh_eq,2049,sum over the 51 entries,0.21,6196035343.6098585,7880329727.977072,9949411693.505684,8001252206.681894,0.23454930884201838,0.9848870557281222,"Not priced by this interval: the deployment scale, held at 30 per cent of registered automobiles and 30 per cent of signalized intersections by 2075 in every draw, against its own declared range of 15 to 45 per cent -- the model is exactly linear in that scale, so the two declared levels are delivered beside the interval as named lines, each of them the central rescaled, and never as width; the reading of the statutory floor itself, held at the statutory-targets-honoured reading in every draw, with the enforceable-standard reading delivered beside the interval as a named line rather than as width; the vehicle load model, held at the inherited one, with the single paired dynamometer measurement in the build's own precedent table delivered beside the interval as a named measured-load line; the computing workload growth of 2 per cent a year and the hardware efficiency floor of 0.25, neither of which is drawn or varied anywhere in this build; and the published market case, held at the policy state the interval is conditional on and carried as a named line.  The post-2050 continuation rule IS inside this interval: every electricity member continues along its own 2045-2050 slope at a decreasing rate after 2050 with the enacted statutory floors applied on top, and the linear trend and frozen continuations are delivered beside the interval as named lines.  The fuel-to-direct-current conversion coefficient IS priced here: it is drawn triangular on the declared list, support 0.17 to 0.2744 with its mode at the delivered central 0.21, so the two registered branches are the endpoints of the support this interval samples rather than values outside it, and each of them is also delivered as a named line.","The electricity-scenario axis changes the carbon content of a kilowatt hour, not the number of kilowatt hours.  Its contribution to the energy interval is therefore exactly zero, and an energy figure must not be captioned as though the electricity axis were inside it.  The same holds for the post-2050 continuation rule ON THAT AXIS and for the reading of the statutory floor: the delivered central, the two electricity-axis continuation lines and the enforceable-standard line carry the same energy in every entry and in every year, bitwise, and they part company only in carbon.  The two VEHICLE-axis continuation lines are a different object and are not covered by this sentence: a rule on that axis moves how much of the deployed stock is electric, so it moves the kilowatt hours as well as the carbon, and the movement is reported rather than gated."
V33_POLICY_CONDITIONAL,REAL_CAPACITY_FHWA_MV1_2024_REGISTERED_AUTOMOBILES_AND_STI_V2_INTERSECTIONS,energy_kwh_eq,2050,sum over the 51 entries,0.21,6618592753.551291,8414864254.946174,10625256204.277912,8543205764.302047,0.2344941443098879,0.9849773594483524,"Not priced by this interval: the deployment scale, held at 30 per cent of registered automobiles and 30 per cent of signalized intersections by 2075 in every draw, against its own declared range of 15 to 45 per cent -- the model is exactly linear in that scale, so the two declared levels are delivered beside the interval as named lines, each of them the central rescaled, and never as width; the reading of the statutory floor itself, held at the statutory-targets-honoured reading in every draw, with the enforceable-standard reading delivered beside the interval as a named line rather than as width; the vehicle load model, held at the inherited one, with the single paired dynamometer measurement in the build's own precedent table delivered beside the interval as a named measured-load line; the computing workload growth of 2 per cent a year and the hardware efficiency floor of 0.25, neither of which is drawn or varied anywhere in this build; and the published market case, held at the policy state the interval is conditional on and carried as a named line.  The post-2050 continuation rule IS inside this interval: every electricity member continues along its own 2045-2050 slope at a decreasing rate after 2050 with the enacted statutory floors applied on top, and the linear trend and frozen continuations are delivered beside the interval as named lines.  The fuel-to-direct-current conversion coefficient IS priced here: it is drawn triangular on the declared list, support 0.17 to 0.2744 with its mode at the delivered central 0.21, so the two registered branches are the endpoints of the support this interval samples rather than values outside it, and each of them is also delivered as a named line.","The electricity-scenario axis changes the carbon content of a kilowatt hour, not the number of kilowatt hours.  Its contribution to the energy interval is therefore exactly zero, and an energy figure must not be captioned as though the electricity axis were inside it.  The same holds for the post-2050 continuation rule ON THAT AXIS and for the reading of the statutory floor: the delivered central, the two electricity-axis continuation lines and the enforceable-standard line carry the same energy in every entry and in every year, bitwise, and they part company only in carbon.  The two VEHICLE-axis continuation lines are a different object and are not covered by this sentence: a rule on that axis moves how much of the deployed stock is electric, so it moves the kilowatt hours as well as the carbon, and the movement is reported rather than gated."
V33_POLICY_CONDITIONAL,REAL_CAPACITY_FHWA_MV1_2024_REGISTERED_AUTOMOBILES_AND_STI_V2_INTERSECTIONS,energy_kwh_eq,2051,sum over the 51 entries,0.21,7028602677.724766,8932848019.702284,11266419007.999317,9067421892.744606,0.23368364130412225,0.9851585296643136,"Not priced by this interval: the deployment scale, held at 30 per cent of registered automobiles and 30 per cent of signalized intersections by 2075 in every draw, against its own declared range of 15 to 45 per cent -- the model is exactly linear in that scale, so the two declared levels are delivered beside the interval as named lines, each of them the central rescaled, and never as width; the reading of the statutory floor itself, held at the statutory-targets-honoured reading in every draw, with the enforceable-standard reading delivered beside the interval as a named line rather than as width; the vehicle load model, held at the inherited one, with the single paired dynamometer measurement in the build's own precedent table delivered beside the interval as a named measured-load line; the computing workload growth of 2 per cent a year and the hardware efficiency floor of 0.25, neither of which is drawn or varied anywhere in this build; and the published market case, held at the policy state the interval is conditional on and carried as a named line.  The post-2050 continuation rule IS inside this interval: every electricity member continues along its own 2045-2050 slope at a decreasing rate after 2050 with the enacted statutory floors applied on top, and the linear trend and frozen continuations are delivered beside the interval as named lines.  The fuel-to-direct-current conversion coefficient IS priced here: it is drawn triangular on the declared list, support 0.17 to 0.2744 with its mode at the delivered central 0.21, so the two registered branches are the endpoints of the support this interval samples rather than values outside it, and each of them is also delivered as a named line.","The electricity-scenario axis changes the carbon content of a kilowatt hour, not the number of kilowatt hours.  Its contribution to the energy interval is therefore exactly zero, and an energy figure must not be captioned as though the electricity axis were inside it.  The same holds for the post-2050 continuation rule ON THAT AXIS and for the reading of the statutory floor: the delivered central, the two electricity-axis continuation lines and the enforceable-standard line carry the same energy in every entry and in every year, bitwise, and they part company only in carbon.  The two VEHICLE-axis continuation lines are a different object and are not covered by this sentence: a rule on that axis moves how much of the deployed stock is electric, so it moves the kilowatt hours as well as the carbon, and the movement is reported rather than gated."
V33_POLICY_CONDITIONAL,REAL_CAPACITY_FHWA_MV1_2024_REGISTERED_AUTOMOBILES_AND_STI_V2_INTERSECTIONS,energy_kwh_eq,2052,sum over the 51 entries,0.21,7451215812.860402,9468116251.79773,11917189945.61957,9606214131.55632,0.23245235175887272,0.985624109782756,"Not priced by this interval: the deployment scale, held at 30 per cent of registered automobiles and 30 per cent of signalized intersections by 2075 in every draw, against its own declared range of 15 to 45 per cent -- the model is exactly linear in that scale, so the two declared levels are delivered beside the interval as named lines, each of them the central rescaled, and never as width; the reading of the statutory floor itself, held at the statutory-targets-honoured reading in every draw, with the enforceable-standard reading delivered beside the interval as a named line rather than as width; the vehicle load model, held at the inherited one, with the single paired dynamometer measurement in the build's own precedent table delivered beside the interval as a named measured-load line; the computing workload growth of 2 per cent a year and the hardware efficiency floor of 0.25, neither of which is drawn or varied anywhere in this build; and the published market case, held at the policy state the interval is conditional on and carried as a named line.  The post-2050 continuation rule IS inside this interval: every electricity member continues along its own 2045-2050 slope at a decreasing rate after 2050 with the enacted statutory floors applied on top, and the linear trend and frozen continuations are delivered beside the interval as named lines.  The fuel-to-direct-current conversion coefficient IS priced here: it is drawn triangular on the declared list, support 0.17 to 0.2744 with its mode at the delivered central 0.21, so the two registered branches are the endpoints of the support this interval samples rather than values outside it, and each of them is also delivered as a named line.","The electricity-scenario axis changes the carbon content of a kilowatt hour, not the number of kilowatt hours.  Its contribution to the energy interval is therefore exactly zero, and an energy figure must not be captioned as though the electricity axis were inside it.  The same holds for the post-2050 continuation rule ON THAT AXIS and for the reading of the statutory floor: the delivered central, the two electricity-axis continuation lines and the enforceable-standard line carry the same energy in every entry and in every year, bitwise, and they part company only in carbon.  The two VEHICLE-axis continuation lines are a different object and are not covered by this sentence: a rule on that axis moves how much of the deployed stock is electric, so it moves the kilowatt hours as well as the carbon, and the movement is reported rather than gated."
V33_POLICY_CONDITIONAL,REAL_CAPACITY_FHWA_MV1_2024_REGISTERED_AUTOMOBILES_AND_STI_V2_INTERSECTIONS,energy_kwh_eq,2053,sum over the 51 entries,0.21,7877934774.354058,10008792357.578047,12591861749.48291,10156751740.764633,0.23205878687618547,0.9854324111720931,"Not priced by this interval: the deployment scale, held at 30 per cent of registered automobiles and 30 per cent of signalized intersections by 2075 in every draw, against its own declared range of 15 to 45 per cent -- the model is exactly linear in that scale, so the two declared levels are delivered beside the interval as named lines, each of them the central rescaled, and never as width; the reading of the statutory floor itself, held at the statutory-targets-honoured reading in every draw, with the enforceable-standard reading delivered beside the interval as a named line rather than as width; the vehicle load model, held at the inherited one, with the single paired dynamometer measurement in the build's own precedent table delivered beside the interval as a named measured-load line; the computing workload growth of 2 per cent a year and the hardware efficiency floor of 0.25, neither of which is drawn or varied anywhere in this build; and the published market case, held at the policy state the interval is conditional on and carried as a named line.  The post-2050 continuation rule IS inside this interval: every electricity member continues along its own 2045-2050 slope at a decreasing rate after 2050 with the enacted statutory floors applied on top, and the linear trend and frozen continuations are delivered beside the interval as named lines.  The fuel-to-direct-current conversion coefficient IS priced here: it is drawn triangular on the declared list, support 0.17 to 0.2744 with its mode at the delivered central 0.21, so the two registered branches are the endpoints of the support this interval samples rather than values outside it, and each of them is also delivered as a named line.","The electricity-scenario axis changes the carbon content of a kilowatt hour, not the number of kilowatt hours.  Its contribution to the energy interval is therefore exactly zero, and an energy figure must not be captioned as though the electricity axis were inside it.  The same holds for the post-2050 continuation rule ON THAT AXIS and for the reading of the statutory floor: the delivered central, the two electricity-axis continuation lines and the enforceable-standard line carry the same energy in every entry and in every year, bitwise, and they part company only in carbon.  The two VEHICLE-axis continuation lines are a different object and are not covered by this sentence: a rule on that axis moves how much of the deployed stock is electric, so it moves the kilowatt hours as well as the carbon, and the movement is reported rather than gated."
V33_POLICY_CONDITIONAL,REAL_CAPACITY_FHWA_MV1_2024_REGISTERED_AUTOMOBILES_AND_STI_V2_INTERSECTIONS,energy_kwh_eq,2054,sum over the 51 entries,0.21,8323461453.916229,10565563174.71254,13266455153.289232,10716212367.00223,0.23063156692348025,0.9859419366535163,"Not priced by this interval: the deployment scale, held at 30 per cent of registered automobiles and 30 per cent of signalized intersections by 2075 in every draw, against its own declared range of 15 to 45 per cent -- the model is exactly linear in that scale, so the two declared levels are delivered beside the interval as named lines, each of them the central rescaled, and never as width; the reading of the statutory floor itself, held at the statutory-targets-honoured reading in every draw, with the enforceable-standard reading delivered beside the interval as a named line rather than as width; the vehicle load model, held at the inherited one, with the single paired dynamometer measurement in the build's own precedent table delivered beside the interval as a named measured-load line; the computing workload growth of 2 per cent a year and the hardware efficiency floor of 0.25, neither of which is drawn or varied anywhere in this build; and the published market case, held at the policy state the interval is conditional on and carried as a named line.  The post-2050 continuation rule IS inside this interval: every electricity member continues along its own 2045-2050 slope at a decreasing rate after 2050 with the enacted statutory floors applied on top, and the linear trend and frozen continuations are delivered beside the interval as named lines.  The fuel-to-direct-current conversion coefficient IS priced here: it is drawn triangular on the declared list, support 0.17 to 0.2744 with its mode at the delivered central 0.21, so the two registered branches are the endpoints of the support this interval samples rather than values outside it, and each of them is also delivered as a named line.","The electricity-scenario axis changes the carbon content of a kilowatt hour, not the number of kilowatt hours.  Its contribution to the energy interval is therefore exactly zero, and an energy figure must not be captioned as though the electricity axis were inside it.  The same holds for the post-2050 continuation rule ON THAT AXIS and for the reading of the statutory floor: the delivered central, the two electricity-axis continuation lines and the enforceable-standard line carry the same energy in every entry and in every year, bitwise, and they part company only in carbon.  The two VEHICLE-axis continuation lines are a different object and are not covered by this sentence: a rule on that axis moves how much of the deployed stock is electric, so it moves the kilowatt hours as well as the carbon, and the movement is reported rather than gated."
V33_POLICY_CONDITIONAL,REAL_CAPACITY_FHWA_MV1_2024_REGISTERED_AUTOMOBILES_AND_STI_V2_INTERSECTIONS,energy_kwh_eq,2055,sum over the 51 entries,0.21,8763922215.237743,11123065395.461258,13965108390.417751,11282211573.181923,0.23050383967020027,0.9858940619320631,"Not priced by this interval: the deployment scale, held at 30 per cent of registered automobiles and 30 per cent of signalized intersections by 2075 in every draw, against its own declared range of 15 to 45 per cent -- the model is exactly linear in that scale, so the two declared levels are delivered beside the interval as named lines, each of them the central rescaled, and never as width; the reading of the statutory floor itself, held at the statutory-targets-honoured reading in every draw, with the enforceable-standard reading delivered beside the interval as a named line rather than as width; the vehicle load model, held at the inherited one, with the single paired dynamometer measurement in the build's own precedent table delivered beside the interval as a named measured-load line; the computing workload growth of 2 per cent a year and the hardware efficiency floor of 0.25, neither of which is drawn or varied anywhere in this build; and the published market case, held at the policy state the interval is conditional on and carried as a named line.  The post-2050 continuation rule IS inside this interval: every electricity member continues along its own 2045-2050 slope at a decreasing rate after 2050 with the enacted statutory floors applied on top, and the linear trend and frozen continuations are delivered beside the interval as named lines.  The fuel-to-direct-current conversion coefficient IS priced here: it is drawn triangular on the declared list, support 0.17 to 0.2744 with its mode at the delivered central 0.21, so the two registered branches are the endpoints of the support this interval samples rather than values outside it, and each of them is also delivered as a named line.","The electricity-scenario axis changes the carbon content of a kilowatt hour, not the number of kilowatt hours.  Its contribution to the energy interval is therefore exactly zero, and an energy figure must not be captioned as though the electricity axis were inside it.  The same holds for the post-2050 continuation rule ON THAT AXIS and for the reading of the statutory floor: the delivered central, the two electricity-axis continuation lines and the enforceable-standard line carry the same energy in every entry and in every year, bitwise, and they part company only in carbon.  The two VEHICLE-axis continuation lines are a different object and are not covered by this sentence: a rule on that axis moves how much of the deployed stock is electric, so it moves the kilowatt hours as well as the carbon, and the movement is reported rather than gated."
V33_POLICY_CONDITIONAL,REAL_CAPACITY_FHWA_MV1_2024_REGISTERED_AUTOMOBILES_AND_STI_V2_INTERSECTIONS,energy_kwh_eq,2056,sum over the 51 entries,0.21,9210598773.949427,11684100411.977505,14660790743.470055,11852374689.507973,0.2299198309324999,0.9858024841486467,"Not priced by this interval: the deployment scale, held at 30 per cent of registered automobiles and 30 per cent of signalized intersections by 2075 in every draw, against its own declared range of 15 to 45 per cent -- the model is exactly linear in that scale, so the two declared levels are delivered beside the interval as named lines, each of them the central rescaled, and never as width; the reading of the statutory floor itself, held at the statutory-targets-honoured reading in every draw, with the enforceable-standard reading delivered beside the interval as a named line rather than as width; the vehicle load model, held at the inherited one, with the single paired dynamometer measurement in the build's own precedent table delivered beside the interval as a named measured-load line; the computing workload growth of 2 per cent a year and the hardware efficiency floor of 0.25, neither of which is drawn or varied anywhere in this build; and the published market case, held at the policy state the interval is conditional on and carried as a named line.  The post-2050 continuation rule IS inside this interval: every electricity member continues along its own 2045-2050 slope at a decreasing rate after 2050 with the enacted statutory floors applied on top, and the linear trend and frozen continuations are delivered beside the interval as named lines.  The fuel-to-direct-current conversion coefficient IS priced here: it is drawn triangular on the declared list, support 0.17 to 0.2744 with its mode at the delivered central 0.21, so the two registered branches are the endpoints of the support this interval samples rather than values outside it, and each of them is also delivered as a named line.","The electricity-scenario axis changes the carbon content of a kilowatt hour, not the number of kilowatt hours.  Its contribution to the energy interval is therefore exactly zero, and an energy figure must not be captioned as though the electricity axis were inside it.  The same holds for the post-2050 continuation rule ON THAT AXIS and for the reading of the statutory floor: the delivered central, the two electricity-axis continuation lines and the enforceable-standard line carry the same energy in every entry and in every year, bitwise, and they part company only in carbon.  The two VEHICLE-axis continuation lines are a different object and are not covered by this sentence: a rule on that axis moves how much of the deployed stock is electric, so it moves the kilowatt hours as well as the carbon, and the movement is reported rather than gated."
V33_POLICY_CONDITIONAL,REAL_CAPACITY_FHWA_MV1_2024_REGISTERED_AUTOMOBILES_AND_STI_V2_INTERSECTIONS,energy_kwh_eq,2057,sum over the 51 entries,0.21,9655093637.26474,12246013426.27639,15358110353.003181,12423729245.109945,0.22952112860891521,0.9856954530055052,"Not priced by this interval: the deployment scale, held at 30 per cent of registered automobiles and 30 per cent of signalized intersections by 2075 in every draw, against its own declared range of 15 to 45 per cent -- the model is exactly linear in that scale, so the two declared levels are delivered beside the interval as named lines, each of them the central rescaled, and never as width; the reading of the statutory floor itself, held at the statutory-targets-honoured reading in every draw, with the enforceable-standard reading delivered beside the interval as a named line rather than as width; the vehicle load model, held at the inherited one, with the single paired dynamometer measurement in the build's own precedent table delivered beside the interval as a named measured-load line; the computing workload growth of 2 per cent a year and the hardware efficiency floor of 0.25, neither of which is drawn or varied anywhere in this build; and the published market case, held at the policy state the interval is conditional on and carried as a named line.  The post-2050 continuation rule IS inside this interval: every electricity member continues along its own 2045-2050 slope at a decreasing rate after 2050 with the enacted statutory floors applied on top, and the linear trend and frozen continuations are delivered beside the interval as named lines.  The fuel-to-direct-current conversion coefficient IS priced here: it is drawn triangular on the declared list, support 0.17 to 0.2744 with its mode at the delivered central 0.21, so the two registered branches are the endpoints of the support this interval samples rather than values outside it, and each of them is also delivered as a named line.","The electricity-scenario axis changes the carbon content of a kilowatt hour, not the number of kilowatt hours.  Its contribution to the energy interval is therefore exactly zero, and an energy figure must not be captioned as though the electricity axis were inside it.  The same holds for the post-2050 continuation rule ON THAT AXIS and for the reading of the statutory floor: the delivered central, the two electricity-axis continuation lines and the enforceable-standard line carry the same energy in every entry and in every year, bitwise, and they part company only in carbon.  The two VEHICLE-axis continuation lines are a different object and are not covered by this sentence: a rule on that axis moves how much of the deployed stock is electric, so it moves the kilowatt hours as well as the carbon, and the movement is reported rather than gated."
V33_POLICY_CONDITIONAL,REAL_CAPACITY_FHWA_MV1_2024_REGISTERED_AUTOMOBILES_AND_STI_V2_INTERSECTIONS,energy_kwh_eq,2058,sum over the 51 entries,0.21,10090568927.478039,12804857539.19986,16055398618.248684,12993905107.823204,0.2295241361728668,0.9854510582419503,"Not priced by this interval: the deployment scale, held at 30 per cent of registered automobiles and 30 per cent of signalized intersections by 2075 in every draw, against its own declared range of 15 to 45 per cent -- the model is exactly linear in that scale, so the two declared levels are delivered beside the interval as named lines, each of them the central rescaled, and never as width; the reading of the statutory floor itself, held at the statutory-targets-honoured reading in every draw, with the enforceable-standard reading delivered beside the interval as a named line rather than as width; the vehicle load model, held at the inherited one, with the single paired dynamometer measurement in the build's own precedent table delivered beside the interval as a named measured-load line; the computing workload growth of 2 per cent a year and the hardware efficiency floor of 0.25, neither of which is drawn or varied anywhere in this build; and the published market case, held at the policy state the interval is conditional on and carried as a named line.  The post-2050 continuation rule IS inside this interval: every electricity member continues along its own 2045-2050 slope at a decreasing rate after 2050 with the enacted statutory floors applied on top, and the linear trend and frozen continuations are delivered beside the interval as named lines.  The fuel-to-direct-current conversion coefficient IS priced here: it is drawn triangular on the declared list, support 0.17 to 0.2744 with its mode at the delivered central 0.21, so the two registered branches are the endpoints of the support this interval samples rather than values outside it, and each of them is also delivered as a named line.","The electricity-scenario axis changes the carbon content of a kilowatt hour, not the number of kilowatt hours.  Its contribution to the energy interval is therefore exactly zero, and an energy figure must not be captioned as though the electricity axis were inside it.  The same holds for the post-2050 continuation rule ON THAT AXIS and for the reading of the statutory floor: the delivered central, the two electricity-axis continuation lines and the enforceable-standard line carry the same energy in every entry and in every year, bitwise, and they part company only in carbon.  The two VEHICLE-axis continuation lines are a different object and are not covered by this sentence: a rule on that axis moves how much of the deployed stock is electric, so it moves the kilowatt hours as well as the carbon, and the movement is reported rather than gated."
V33_POLICY_CONDITIONAL,REAL_CAPACITY_FHWA_MV1_2024_REGISTERED_AUTOMOBILES_AND_STI_V2_INTERSECTIONS,energy_kwh_eq,2059,sum over the 51 entries,0.21,10521854486.704535,13356993557.460327,16749592280.499943,13560073423.044088,0.22963510592840689,0.9850236898246697,"Not priced by this interval: the deployment scale, held at 30 per cent of registered automobiles and 30 per cent of signalized intersections by 2075 in every draw, against its own declared range of 15 to 45 per cent -- the model is exactly linear in that scale, so the two declared levels are delivered beside the interval as named lines, each of them the central rescaled, and never as width; the reading of the statutory floor itself, held at the statutory-targets-honoured reading in every draw, with the enforceable-standard reading delivered beside the interval as a named line rather than as width; the vehicle load model, held at the inherited one, with the single paired dynamometer measurement in the build's own precedent table delivered beside the interval as a named measured-load line; the computing workload growth of 2 per cent a year and the hardware efficiency floor of 0.25, neither of which is drawn or varied anywhere in this build; and the published market case, held at the policy state the interval is conditional on and carried as a named line.  The post-2050 continuation rule IS inside this interval: every electricity member continues along its own 2045-2050 slope at a decreasing rate after 2050 with the enacted statutory floors applied on top, and the linear trend and frozen continuations are delivered beside the interval as named lines.  The fuel-to-direct-current conversion coefficient IS priced here: it is drawn triangular on the declared list, support 0.17 to 0.2744 with its mode at the delivered central 0.21, so the two registered branches are the endpoints of the support this interval samples rather than values outside it, and each of them is also delivered as a named line.","The electricity-scenario axis changes the carbon content of a kilowatt hour, not the number of kilowatt hours.  Its contribution to the energy interval is therefore exactly zero, and an energy figure must not be captioned as though the electricity axis were inside it.  The same holds for the post-2050 continuation rule ON THAT AXIS and for the reading of the statutory floor: the delivered central, the two electricity-axis continuation lines and the enforceable-standard line carry the same energy in every entry and in every year, bitwise, and they part company only in carbon.  The two VEHICLE-axis continuation lines are a different object and are not covered by this sentence: a rule on that axis moves how much of the deployed stock is electric, so it moves the kilowatt hours as well as the carbon, and the movement is reported rather than gated."
V33_POLICY_CONDITIONAL,REAL_CAPACITY_FHWA_MV1_2024_REGISTERED_AUTOMOBILES_AND_STI_V2_INTERSECTIONS,energy_kwh_eq,2060,sum over the 51 entries,0.21,10949462956.295141,13902263954.022127,17438129833.718353,14120089611.478281,0.22976719893294967,0.9845733516252558,"Not priced by this interval: the deployment scale, held at 30 per cent of registered automobiles and 30 per cent of signalized intersections by 2075 in every draw, against its own declared range of 15 to 45 per cent -- the model is exactly linear in that scale, so the two declared levels are delivered beside the interval as named lines, each of them the central rescaled, and never as width; the reading of the statutory floor itself, held at the statutory-targets-honoured reading in every draw, with the enforceable-standard reading delivered beside the interval as a named line rather than as width; the vehicle load model, held at the inherited one, with the single paired dynamometer measurement in the build's own precedent table delivered beside the interval as a named measured-load line; the computing workload growth of 2 per cent a year and the hardware efficiency floor of 0.25, neither of which is drawn or varied anywhere in this build; and the published market case, held at the policy state the interval is conditional on and carried as a named line.  The post-2050 continuation rule IS inside this interval: every electricity member continues along its own 2045-2050 slope at a decreasing rate after 2050 with the enacted statutory floors applied on top, and the linear trend and frozen continuations are delivered beside the interval as named lines.  The fuel-to-direct-current conversion coefficient IS priced here: it is drawn triangular on the declared list, support 0.17 to 0.2744 with its mode at the delivered central 0.21, so the two registered branches are the endpoints of the support this interval samples rather than values outside it, and each of them is also delivered as a named line.","The electricity-scenario axis changes the carbon content of a kilowatt hour, not the number of kilowatt hours.  Its contribution to the energy interval is therefore exactly zero, and an energy figure must not be captioned as though the electricity axis were inside it.  The same holds for the post-2050 continuation rule ON THAT AXIS and for the reading of the statutory floor: the delivered central, the two electricity-axis continuation lines and the enforceable-standard line carry the same energy in every entry and in every year, bitwise, and they part company only in carbon.  The two VEHICLE-axis continuation lines are a different object and are not covered by this sentence: a rule on that axis moves how much of the deployed stock is electric, so it moves the kilowatt hours as well as the carbon, and the movement is reported rather than gated."
V33_POLICY_CONDITIONAL,REAL_CAPACITY_FHWA_MV1_2024_REGISTERED_AUTOMOBILES_AND_STI_V2_INTERSECTIONS,energy_kwh_eq,2061,sum over the 51 entries,0.21,11385730388.887491,14451356772.718369,18115697345.944763,14675514613.244295,0.22929236672162898,0.9847257253709093,"Not priced by this interval: the deployment scale, held at 30 per cent of registered automobiles and 30 per cent of signalized intersections by 2075 in every draw, against its own declared range of 15 to 45 per cent -- the model is exactly linear in that scale, so the two declared levels are delivered beside the interval as named lines, each of them the central rescaled, and never as width; the reading of the statutory floor itself, held at the statutory-targets-honoured reading in every draw, with the enforceable-standard reading delivered beside the interval as a named line rather than as width; the vehicle load model, held at the inherited one, with the single paired dynamometer measurement in the build's own precedent table delivered beside the interval as a named measured-load line; the computing workload growth of 2 per cent a year and the hardware efficiency floor of 0.25, neither of which is drawn or varied anywhere in this build; and the published market case, held at the policy state the interval is conditional on and carried as a named line.  The post-2050 continuation rule IS inside this interval: every electricity member continues along its own 2045-2050 slope at a decreasing rate after 2050 with the enacted statutory floors applied on top, and the linear trend and frozen continuations are delivered beside the interval as named lines.  The fuel-to-direct-current conversion coefficient IS priced here: it is drawn triangular on the declared list, support 0.17 to 0.2744 with its mode at the delivered central 0.21, so the two registered branches are the endpoints of the support this interval samples rather than values outside it, and each of them is also delivered as a named line.","The electricity-scenario axis changes the carbon content of a kilowatt hour, not the number of kilowatt hours.  Its contribution to the energy interval is therefore exactly zero, and an energy figure must not be captioned as though the electricity axis were inside it.  The same holds for the post-2050 continuation rule ON THAT AXIS and for the reading of the statutory floor: the delivered central, the two electricity-axis continuation lines and the enforceable-standard line carry the same energy in every entry and in every year, bitwise, and they part company only in carbon.  The two VEHICLE-axis continuation lines are a different object and are not covered by this sentence: a rule on that axis moves how much of the deployed stock is electric, so it moves the kilowatt hours as well as the carbon, and the movement is reported rather than gated."
V33_POLICY_CONDITIONAL,REAL_CAPACITY_FHWA_MV1_2024_REGISTERED_AUTOMOBILES_AND_STI_V2_INTERSECTIONS,energy_kwh_eq,2062,sum over the 51 entries,0.21,11796486181.850924,14994755528.70616,18786411050.77177,15227344170.878437,0.2295188442081956,0.9847255936713447,"Not priced by this interval: the deployment scale, held at 30 per cent of registered automobiles and 30 per cent of signalized intersections by 2075 in every draw, against its own declared range of 15 to 45 per cent -- the model is exactly linear in that scale, so the two declared levels are delivered beside the interval as named lines, each of them the central rescaled, and never as width; the reading of the statutory floor itself, held at the statutory-targets-honoured reading in every draw, with the enforceable-standard reading delivered beside the interval as a named line rather than as width; the vehicle load model, held at the inherited one, with the single paired dynamometer measurement in the build's own precedent table delivered beside the interval as a named measured-load line; the computing workload growth of 2 per cent a year and the hardware efficiency floor of 0.25, neither of which is drawn or varied anywhere in this build; and the published market case, held at the policy state the interval is conditional on and carried as a named line.  The post-2050 continuation rule IS inside this interval: every electricity member continues along its own 2045-2050 slope at a decreasing rate after 2050 with the enacted statutory floors applied on top, and the linear trend and frozen continuations are delivered beside the interval as named lines.  The fuel-to-direct-current conversion coefficient IS priced here: it is drawn triangular on the declared list, support 0.17 to 0.2744 with its mode at the delivered central 0.21, so the two registered branches are the endpoints of the support this interval samples rather than values outside it, and each of them is also delivered as a named line.","The electricity-scenario axis changes the carbon content of a kilowatt hour, not the number of kilowatt hours.  Its contribution to the energy interval is therefore exactly zero, and an energy figure must not be captioned as though the electricity axis were inside it.  The same holds for the post-2050 continuation rule ON THAT AXIS and for the reading of the statutory floor: the delivered central, the two electricity-axis continuation lines and the enforceable-standard line carry the same energy in every entry and in every year, bitwise, and they part company only in carbon.  The two VEHICLE-axis continuation lines are a different object and are not covered by this sentence: a rule on that axis moves how much of the deployed stock is electric, so it moves the kilowatt hours as well as the carbon, and the movement is reported rather than gated."
V33_POLICY_CONDITIONAL,REAL_CAPACITY_FHWA_MV1_2024_REGISTERED_AUTOMOBILES_AND_STI_V2_INTERSECTIONS,energy_kwh_eq,2063,sum over the 51 entries,0.21,12216231781.512392,15519559502.106789,19430156082.29977,15767608068.737312,0.22875772499351188,0.9842684720758418,"Not priced by this interval: the deployment scale, held at 30 per cent of registered automobiles and 30 per cent of signalized intersections by 2075 in every draw, against its own declared range of 15 to 45 per cent -- the model is exactly linear in that scale, so the two declared levels are delivered beside the interval as named lines, each of them the central rescaled, and never as width; the reading of the statutory floor itself, held at the statutory-targets-honoured reading in every draw, with the enforceable-standard reading delivered beside the interval as a named line rather than as width; the vehicle load model, held at the inherited one, with the single paired dynamometer measurement in the build's own precedent table delivered beside the interval as a named measured-load line; the computing workload growth of 2 per cent a year and the hardware efficiency floor of 0.25, neither of which is drawn or varied anywhere in this build; and the published market case, held at the policy state the interval is conditional on and carried as a named line.  The post-2050 continuation rule IS inside this interval: every electricity member continues along its own 2045-2050 slope at a decreasing rate after 2050 with the enacted statutory floors applied on top, and the linear trend and frozen continuations are delivered beside the interval as named lines.  The fuel-to-direct-current conversion coefficient IS priced here: it is drawn triangular on the declared list, support 0.17 to 0.2744 with its mode at the delivered central 0.21, so the two registered branches are the endpoints of the support this interval samples rather than values outside it, and each of them is also delivered as a named line.","The electricity-scenario axis changes the carbon content of a kilowatt hour, not the number of kilowatt hours.  Its contribution to the energy interval is therefore exactly zero, and an energy figure must not be captioned as though the electricity axis were inside it.  The same holds for the post-2050 continuation rule ON THAT AXIS and for the reading of the statutory floor: the delivered central, the two electricity-axis continuation lines and the enforceable-standard line carry the same energy in every entry and in every year, bitwise, and they part company only in carbon.  The two VEHICLE-axis continuation lines are a different object and are not covered by this sentence: a rule on that axis moves how much of the deployed stock is electric, so it moves the kilowatt hours as well as the carbon, and the movement is reported rather than gated."
V33_POLICY_CONDITIONAL,REAL_CAPACITY_FHWA_MV1_2024_REGISTERED_AUTOMOBILES_AND_STI_V2_INTERSECTIONS,energy_kwh_eq,2064,sum over the 51 entries,0.21,12642859856.261095,16036327267.55885,20071394304.34038,16297493915.51138,0.2279041945525462,0.9839750424631875,"Not priced by this interval: the deployment scale, held at 30 per cent of registered automobiles and 30 per cent of signalized intersections by 2075 in every draw, against its own declared range of 15 to 45 per cent -- the model is exactly linear in that scale, so the two declared levels are delivered beside the interval as named lines, each of them the central rescaled, and never as width; the reading of the statutory floor itself, held at the statutory-targets-honoured reading in every draw, with the enforceable-standard reading delivered beside the interval as a named line rather than as width; the vehicle load model, held at the inherited one, with the single paired dynamometer measurement in the build's own precedent table delivered beside the interval as a named measured-load line; the computing workload growth of 2 per cent a year and the hardware efficiency floor of 0.25, neither of which is drawn or varied anywhere in this build; and the published market case, held at the policy state the interval is conditional on and carried as a named line.  The post-2050 continuation rule IS inside this interval: every electricity member continues along its own 2045-2050 slope at a decreasing rate after 2050 with the enacted statutory floors applied on top, and the linear trend and frozen continuations are delivered beside the interval as named lines.  The fuel-to-direct-current conversion coefficient IS priced here: it is drawn triangular on the declared list, support 0.17 to 0.2744 with its mode at the delivered central 0.21, so the two registered branches are the endpoints of the support this interval samples rather than values outside it, and each of them is also delivered as a named line.","The electricity-scenario axis changes the carbon content of a kilowatt hour, not the number of kilowatt hours.  Its contribution to the energy interval is therefore exactly zero, and an energy figure must not be captioned as though the electricity axis were inside it.  The same holds for the post-2050 continuation rule ON THAT AXIS and for the reading of the statutory floor: the delivered central, the two electricity-axis continuation lines and the enforceable-standard line carry the same energy in every entry and in every year, bitwise, and they part company only in carbon.  The two VEHICLE-axis continuation lines are a different object and are not covered by this sentence: a rule on that axis moves how much of the deployed stock is electric, so it moves the kilowatt hours as well as the carbon, and the movement is reported rather than gated."
V33_POLICY_CONDITIONAL,REAL_CAPACITY_FHWA_MV1_2024_REGISTERED_AUTOMOBILES_AND_STI_V2_INTERSECTIONS,energy_kwh_eq,2065,sum over the 51 entries,0.21,13060285967.465204,16541107201.487339,20692234511.23092,16814375089.20968,0.2269471361044925,0.9837479605235102,"Not priced by this interval: the deployment scale, held at 30 per cent of registered automobiles and 30 per cent of signalized intersections by 2075 in every draw, against its own declared range of 15 to 45 per cent -- the model is exactly linear in that scale, so the two declared levels are delivered beside the interval as named lines, each of them the central rescaled, and never as width; the reading of the statutory floor itself, held at the statutory-targets-honoured reading in every draw, with the enforceable-standard reading delivered beside the interval as a named line rather than as width; the vehicle load model, held at the inherited one, with the single paired dynamometer measurement in the build's own precedent table delivered beside the interval as a named measured-load line; the computing workload growth of 2 per cent a year and the hardware efficiency floor of 0.25, neither of which is drawn or varied anywhere in this build; and the published market case, held at the policy state the interval is conditional on and carried as a named line.  The post-2050 continuation rule IS inside this interval: every electricity member continues along its own 2045-2050 slope at a decreasing rate after 2050 with the enacted statutory floors applied on top, and the linear trend and frozen continuations are delivered beside the interval as named lines.  The fuel-to-direct-current conversion coefficient IS priced here: it is drawn triangular on the declared list, support 0.17 to 0.2744 with its mode at the delivered central 0.21, so the two registered branches are the endpoints of the support this interval samples rather than values outside it, and each of them is also delivered as a named line.","The electricity-scenario axis changes the carbon content of a kilowatt hour, not the number of kilowatt hours.  Its contribution to the energy interval is therefore exactly zero, and an energy figure must not be captioned as though the electricity axis were inside it.  The same holds for the post-2050 continuation rule ON THAT AXIS and for the reading of the statutory floor: the delivered central, the two electricity-axis continuation lines and the enforceable-standard line carry the same energy in every entry and in every year, bitwise, and they part company only in carbon.  The two VEHICLE-axis continuation lines are a different object and are not covered by this sentence: a rule on that axis moves how much of the deployed stock is electric, so it moves the kilowatt hours as well as the carbon, and the movement is reported rather than gated."
V33_POLICY_CONDITIONAL,REAL_CAPACITY_FHWA_MV1_2024_REGISTERED_AUTOMOBILES_AND_STI_V2_INTERSECTIONS,energy_kwh_eq,2066,sum over the 51 entries,0.21,13466271384.48361,17043211624.778627,21313681425.402084,17315360900.36594,0.22660255498205145,0.9842827835265299,"Not priced by this interval: the deployment scale, held at 30 per cent of registered automobiles and 30 per cent of signalized intersections by 2075 in every draw, against its own declared range of 15 to 45 per cent -- the model is exactly linear in that scale, so the two declared levels are delivered beside the interval as named lines, each of them the central rescaled, and never as width; the reading of the statutory floor itself, held at the statutory-targets-honoured reading in every draw, with the enforceable-standard reading delivered beside the interval as a named line rather than as width; the vehicle load model, held at the inherited one, with the single paired dynamometer measurement in the build's own precedent table delivered beside the interval as a named measured-load line; the computing workload growth of 2 per cent a year and the hardware efficiency floor of 0.25, neither of which is drawn or varied anywhere in this build; and the published market case, held at the policy state the interval is conditional on and carried as a named line.  The post-2050 continuation rule IS inside this interval: every electricity member continues along its own 2045-2050 slope at a decreasing rate after 2050 with the enacted statutory floors applied on top, and the linear trend and frozen continuations are delivered beside the interval as named lines.  The fuel-to-direct-current conversion coefficient IS priced here: it is drawn triangular on the declared list, support 0.17 to 0.2744 with its mode at the delivered central 0.21, so the two registered branches are the endpoints of the support this interval samples rather than values outside it, and each of them is also delivered as a named line.","The electricity-scenario axis changes the carbon content of a kilowatt hour, not the number of kilowatt hours.  Its contribution to the energy interval is therefore exactly zero, and an energy figure must not be captioned as though the electricity axis were inside it.  The same holds for the post-2050 continuation rule ON THAT AXIS and for the reading of the statutory floor: the delivered central, the two electricity-axis continuation lines and the enforceable-standard line carry the same energy in every entry and in every year, bitwise, and they part company only in carbon.  The two VEHICLE-axis continuation lines are a different object and are not covered by this sentence: a rule on that axis moves how much of the deployed stock is electric, so it moves the kilowatt hours as well as the carbon, and the movement is reported rather than gated."
V33_POLICY_CONDITIONAL,REAL_CAPACITY_FHWA_MV1_2024_REGISTERED_AUTOMOBILES_AND_STI_V2_INTERSECTIONS,energy_kwh_eq,2067,sum over the 51 entries,0.21,13851620301.017853,17529854195.409916,21902515974.76758,17797882233.8508,0.2261756642719343,0.9849404533124112,"Not priced by this interval: the deployment scale, held at 30 per cent of registered automobiles and 30 per cent of signalized intersections by 2075 in every draw, against its own declared range of 15 to 45 per cent -- the model is exactly linear in that scale, so the two declared levels are delivered beside the interval as named lines, each of them the central rescaled, and never as width; the reading of the statutory floor itself, held at the statutory-targets-honoured reading in every draw, with the enforceable-standard reading delivered beside the interval as a named line rather than as width; the vehicle load model, held at the inherited one, with the single paired dynamometer measurement in the build's own precedent table delivered beside the interval as a named measured-load line; the computing workload growth of 2 per cent a year and the hardware efficiency floor of 0.25, neither of which is drawn or varied anywhere in this build; and the published market case, held at the policy state the interval is conditional on and carried as a named line.  The post-2050 continuation rule IS inside this interval: every electricity member continues along its own 2045-2050 slope at a decreasing rate after 2050 with the enacted statutory floors applied on top, and the linear trend and frozen continuations are delivered beside the interval as named lines.  The fuel-to-direct-current conversion coefficient IS priced here: it is drawn triangular on the declared list, support 0.17 to 0.2744 with its mode at the delivered central 0.21, so the two registered branches are the endpoints of the support this interval samples rather than values outside it, and each of them is also delivered as a named line.","The electricity-scenario axis changes the carbon content of a kilowatt hour, not the number of kilowatt hours.  Its contribution to the energy interval is therefore exactly zero, and an energy figure must not be captioned as though the electricity axis were inside it.  The same holds for the post-2050 continuation rule ON THAT AXIS and for the reading of the statutory floor: the delivered central, the two electricity-axis continuation lines and the enforceable-standard line carry the same energy in every entry and in every year, bitwise, and they part company only in carbon.  The two VEHICLE-axis continuation lines are a different object and are not covered by this sentence: a rule on that axis moves how much of the deployed stock is electric, so it moves the kilowatt hours as well as the carbon, and the movement is reported rather than gated."
V33_POLICY_CONDITIONAL,REAL_CAPACITY_FHWA_MV1_2024_REGISTERED_AUTOMOBILES_AND_STI_V2_INTERSECTIONS,energy_kwh_eq,2068,sum over the 51 entries,0.21,14193563800.850359,17978459169.579338,22471806455.66597,18259207018.746864,0.2266868064510216,0.9846243131544935,"Not priced by this interval: the deployment scale, held at 30 per cent of registered automobiles and 30 per cent of signalized intersections by 2075 in every draw, against its own declared range of 15 to 45 per cent -- the model is exactly linear in that scale, so the two declared levels are delivered beside the interval as named lines, each of them the central rescaled, and never as width; the reading of the statutory floor itself, held at the statutory-targets-honoured reading in every draw, with the enforceable-standard reading delivered beside the interval as a named line rather than as width; the vehicle load model, held at the inherited one, with the single paired dynamometer measurement in the build's own precedent table delivered beside the interval as a named measured-load line; the computing workload growth of 2 per cent a year and the hardware efficiency floor of 0.25, neither of which is drawn or varied anywhere in this build; and the published market case, held at the policy state the interval is conditional on and carried as a named line.  The post-2050 continuation rule IS inside this interval: every electricity member continues along its own 2045-2050 slope at a decreasing rate after 2050 with the enacted statutory floors applied on top, and the linear trend and frozen continuations are delivered beside the interval as named lines.  The fuel-to-direct-current conversion coefficient IS priced here: it is drawn triangular on the declared list, support 0.17 to 0.2744 with its mode at the delivered central 0.21, so the two registered branches are the endpoints of the support this interval samples rather than values outside it, and each of them is also delivered as a named line.","The electricity-scenario axis changes the carbon content of a kilowatt hour, not the number of kilowatt hours.  Its contribution to the energy interval is therefore exactly zero, and an energy figure must not be captioned as though the electricity axis were inside it.  The same holds for the post-2050 continuation rule ON THAT AXIS and for the reading of the statutory floor: the delivered central, the two electricity-axis continuation lines and the enforceable-standard line carry the same energy in every entry and in every year, bitwise, and they part company only in carbon.  The two VEHICLE-axis continuation lines are a different object and are not covered by this sentence: a rule on that axis moves how much of the deployed stock is electric, so it moves the kilowatt hours as well as the carbon, and the movement is reported rather than gated."
V33_POLICY_CONDITIONAL,REAL_CAPACITY_FHWA_MV1_2024_REGISTERED_AUTOMOBILES_AND_STI_V2_INTERSECTIONS,energy_kwh_eq,2069,sum over the 51 entries,0.21,14510916407.634193,18406243800.792557,23016325806.607815,18695777603.315556,0.22746872527691095,0.9845134121368853,"Not priced by this interval: the deployment scale, held at 30 per cent of registered automobiles and 30 per cent of signalized intersections by 2075 in every draw, against its own declared range of 15 to 45 per cent -- the model is exactly linear in that scale, so the two declared levels are delivered beside the interval as named lines, each of them the central rescaled, and never as width; the reading of the statutory floor itself, held at the statutory-targets-honoured reading in every draw, with the enforceable-standard reading delivered beside the interval as a named line rather than as width; the vehicle load model, held at the inherited one, with the single paired dynamometer measurement in the build's own precedent table delivered beside the interval as a named measured-load line; the computing workload growth of 2 per cent a year and the hardware efficiency floor of 0.25, neither of which is drawn or varied anywhere in this build; and the published market case, held at the policy state the interval is conditional on and carried as a named line.  The post-2050 continuation rule IS inside this interval: every electricity member continues along its own 2045-2050 slope at a decreasing rate after 2050 with the enacted statutory floors applied on top, and the linear trend and frozen continuations are delivered beside the interval as named lines.  The fuel-to-direct-current conversion coefficient IS priced here: it is drawn triangular on the declared list, support 0.17 to 0.2744 with its mode at the delivered central 0.21, so the two registered branches are the endpoints of the support this interval samples rather than values outside it, and each of them is also delivered as a named line.","The electricity-scenario axis changes the carbon content of a kilowatt hour, not the number of kilowatt hours.  Its contribution to the energy interval is therefore exactly zero, and an energy figure must not be captioned as though the electricity axis were inside it.  The same holds for the post-2050 continuation rule ON THAT AXIS and for the reading of the statutory floor: the delivered central, the two electricity-axis continuation lines and the enforceable-standard line carry the same energy in every entry and in every year, bitwise, and they part company only in carbon.  The two VEHICLE-axis continuation lines are a different object and are not covered by this sentence: a rule on that axis moves how much of the deployed stock is electric, so it moves the kilowatt hours as well as the carbon, and the movement is reported rather than gated."
V33_POLICY_CONDITIONAL,REAL_CAPACITY_FHWA_MV1_2024_REGISTERED_AUTOMOBILES_AND_STI_V2_INTERSECTIONS,energy_kwh_eq,2070,sum over the 51 entries,0.21,14833850815.242517,18813094950.19771,23518085545.94157,19104562789.79663,0.22728169250062952,0.9847435482923174,"Not priced by this interval: the deployment scale, held at 30 per cent of registered automobiles and 30 per cent of signalized intersections by 2075 in every draw, against its own declared range of 15 to 45 per cent -- the model is exactly linear in that scale, so the two declared levels are delivered beside the interval as named lines, each of them the central rescaled, and never as width; the reading of the statutory floor itself, held at the statutory-targets-honoured reading in every draw, with the enforceable-standard reading delivered beside the interval as a named line rather than as width; the vehicle load model, held at the inherited one, with the single paired dynamometer measurement in the build's own precedent table delivered beside the interval as a named measured-load line; the computing workload growth of 2 per cent a year and the hardware efficiency floor of 0.25, neither of which is drawn or varied anywhere in this build; and the published market case, held at the policy state the interval is conditional on and carried as a named line.  The post-2050 continuation rule IS inside this interval: every electricity member continues along its own 2045-2050 slope at a decreasing rate after 2050 with the enacted statutory floors applied on top, and the linear trend and frozen continuations are delivered beside the interval as named lines.  The fuel-to-direct-current conversion coefficient IS priced here: it is drawn triangular on the declared list, support 0.17 to 0.2744 with its mode at the delivered central 0.21, so the two registered branches are the endpoints of the support this interval samples rather than values outside it, and each of them is also delivered as a named line.","The electricity-scenario axis changes the carbon content of a kilowatt hour, not the number of kilowatt hours.  Its contribution to the energy interval is therefore exactly zero, and an energy figure must not be captioned as though the electricity axis were inside it.  The same holds for the post-2050 continuation rule ON THAT AXIS and for the reading of the statutory floor: the delivered central, the two electricity-axis continuation lines and the enforceable-standard line carry the same energy in every entry and in every year, bitwise, and they part company only in carbon.  The two VEHICLE-axis continuation lines are a different object and are not covered by this sentence: a rule on that axis moves how much of the deployed stock is electric, so it moves the kilowatt hours as well as the carbon, and the movement is reported rather than gated."
V33_POLICY_CONDITIONAL,REAL_CAPACITY_FHWA_MV1_2024_REGISTERED_AUTOMOBILES_AND_STI_V2_INTERSECTIONS,energy_kwh_eq,2071,sum over the 51 entries,0.21,15135506131.528488,19186290243.536873,23996439997.160023,19481888848.048588,0.22741464995369517,0.9848270048752833,"Not priced by this interval: the deployment scale, held at 30 per cent of registered automobiles and 30 per cent of signalized intersections by 2075 in every draw, against its own declared range of 15 to 45 per cent -- the model is exactly linear in that scale, so the two declared levels are delivered beside the interval as named lines, each of them the central rescaled, and never as width; the reading of the statutory floor itself, held at the statutory-targets-honoured reading in every draw, with the enforceable-standard reading delivered beside the interval as a named line rather than as width; the vehicle load model, held at the inherited one, with the single paired dynamometer measurement in the build's own precedent table delivered beside the interval as a named measured-load line; the computing workload growth of 2 per cent a year and the hardware efficiency floor of 0.25, neither of which is drawn or varied anywhere in this build; and the published market case, held at the policy state the interval is conditional on and carried as a named line.  The post-2050 continuation rule IS inside this interval: every electricity member continues along its own 2045-2050 slope at a decreasing rate after 2050 with the enacted statutory floors applied on top, and the linear trend and frozen continuations are delivered beside the interval as named lines.  The fuel-to-direct-current conversion coefficient IS priced here: it is drawn triangular on the declared list, support 0.17 to 0.2744 with its mode at the delivered central 0.21, so the two registered branches are the endpoints of the support this interval samples rather than values outside it, and each of them is also delivered as a named line.","The electricity-scenario axis changes the carbon content of a kilowatt hour, not the number of kilowatt hours.  Its contribution to the energy interval is therefore exactly zero, and an energy figure must not be captioned as though the electricity axis were inside it.  The same holds for the post-2050 continuation rule ON THAT AXIS and for the reading of the statutory floor: the delivered central, the two electricity-axis continuation lines and the enforceable-standard line carry the same energy in every entry and in every year, bitwise, and they part company only in carbon.  The two VEHICLE-axis continuation lines are a different object and are not covered by this sentence: a rule on that axis moves how much of the deployed stock is electric, so it moves the kilowatt hours as well as the carbon, and the movement is reported rather than gated."
V33_POLICY_CONDITIONAL,REAL_CAPACITY_FHWA_MV1_2024_REGISTERED_AUTOMOBILES_AND_STI_V2_INTERSECTIONS,energy_kwh_eq,2072,sum over the 51 entries,0.21,15411456508.504404,19525126455.514297,24407062077.12025,19824729013.671246,0.22687839925611156,0.9848874323603445,"Not priced by this interval: the deployment scale, held at 30 per cent of registered automobiles and 30 per cent of signalized intersections by 2075 in every draw, against its own declared range of 15 to 45 per cent -- the model is exactly linear in that scale, so the two declared levels are delivered beside the interval as named lines, each of them the central rescaled, and never as width; the reading of the statutory floor itself, held at the statutory-targets-honoured reading in every draw, with the enforceable-standard reading delivered beside the interval as a named line rather than as width; the vehicle load model, held at the inherited one, with the single paired dynamometer measurement in the build's own precedent table delivered beside the interval as a named measured-load line; the computing workload growth of 2 per cent a year and the hardware efficiency floor of 0.25, neither of which is drawn or varied anywhere in this build; and the published market case, held at the policy state the interval is conditional on and carried as a named line.  The post-2050 continuation rule IS inside this interval: every electricity member continues along its own 2045-2050 slope at a decreasing rate after 2050 with the enacted statutory floors applied on top, and the linear trend and frozen continuations are delivered beside the interval as named lines.  The fuel-to-direct-current conversion coefficient IS priced here: it is drawn triangular on the declared list, support 0.17 to 0.2744 with its mode at the delivered central 0.21, so the two registered branches are the endpoints of the support this interval samples rather than values outside it, and each of them is also delivered as a named line.","The electricity-scenario axis changes the carbon content of a kilowatt hour, not the number of kilowatt hours.  Its contribution to the energy interval is therefore exactly zero, and an energy figure must not be captioned as though the electricity axis were inside it.  The same holds for the post-2050 continuation rule ON THAT AXIS and for the reading of the statutory floor: the delivered central, the two electricity-axis continuation lines and the enforceable-standard line carry the same energy in every entry and in every year, bitwise, and they part company only in carbon.  The two VEHICLE-axis continuation lines are a different object and are not covered by this sentence: a rule on that axis moves how much of the deployed stock is electric, so it moves the kilowatt hours as well as the carbon, and the movement is reported rather than gated."
V33_POLICY_CONDITIONAL,REAL_CAPACITY_FHWA_MV1_2024_REGISTERED_AUTOMOBILES_AND_STI_V2_INTERSECTIONS,energy_kwh_eq,2073,sum over the 51 entries,0.21,15652730119.468779,19828114840.36235,24807005205.76178,20135042579.61072,0.2273219698964745,0.9847565388533533,"Not priced by this interval: the deployment scale, held at 30 per cent of registered automobiles and 30 per cent of signalized intersections by 2075 in every draw, against its own declared range of 15 to 45 per cent -- the model is exactly linear in that scale, so the two declared levels are delivered beside the interval as named lines, each of them the central rescaled, and never as width; the reading of the statutory floor itself, held at the statutory-targets-honoured reading in every draw, with the enforceable-standard reading delivered beside the interval as a named line rather than as width; the vehicle load model, held at the inherited one, with the single paired dynamometer measurement in the build's own precedent table delivered beside the interval as a named measured-load line; the computing workload growth of 2 per cent a year and the hardware efficiency floor of 0.25, neither of which is drawn or varied anywhere in this build; and the published market case, held at the policy state the interval is conditional on and carried as a named line.  The post-2050 continuation rule IS inside this interval: every electricity member continues along its own 2045-2050 slope at a decreasing rate after 2050 with the enacted statutory floors applied on top, and the linear trend and frozen continuations are delivered beside the interval as named lines.  The fuel-to-direct-current conversion coefficient IS priced here: it is drawn triangular on the declared list, support 0.17 to 0.2744 with its mode at the delivered central 0.21, so the two registered branches are the endpoints of the support this interval samples rather than values outside it, and each of them is also delivered as a named line.","The electricity-scenario axis changes the carbon content of a kilowatt hour, not the number of kilowatt hours.  Its contribution to the energy interval is therefore exactly zero, and an energy figure must not be captioned as though the electricity axis were inside it.  The same holds for the post-2050 continuation rule ON THAT AXIS and for the reading of the statutory floor: the delivered central, the two electricity-axis continuation lines and the enforceable-standard line carry the same energy in every entry and in every year, bitwise, and they part company only in carbon.  The two VEHICLE-axis continuation lines are a different object and are not covered by this sentence: a rule on that axis moves how much of the deployed stock is electric, so it moves the kilowatt hours as well as the carbon, and the movement is reported rather than gated."
V33_POLICY_CONDITIONAL,REAL_CAPACITY_FHWA_MV1_2024_REGISTERED_AUTOMOBILES_AND_STI_V2_INTERSECTIONS,energy_kwh_eq,2074,sum over the 51 entries,0.21,15872754209.205805,20098286664.509445,25146396558.685165,20414000726.10429,0.2271392676502833,0.9845344346837841,"Not priced by this interval: the deployment scale, held at 30 per cent of registered automobiles and 30 per cent of signalized intersections by 2075 in every draw, against its own declared range of 15 to 45 per cent -- the model is exactly linear in that scale, so the two declared levels are delivered beside the interval as named lines, each of them the central rescaled, and never as width; the reading of the statutory floor itself, held at the statutory-targets-honoured reading in every draw, with the enforceable-standard reading delivered beside the interval as a named line rather than as width; the vehicle load model, held at the inherited one, with the single paired dynamometer measurement in the build's own precedent table delivered beside the interval as a named measured-load line; the computing workload growth of 2 per cent a year and the hardware efficiency floor of 0.25, neither of which is drawn or varied anywhere in this build; and the published market case, held at the policy state the interval is conditional on and carried as a named line.  The post-2050 continuation rule IS inside this interval: every electricity member continues along its own 2045-2050 slope at a decreasing rate after 2050 with the enacted statutory floors applied on top, and the linear trend and frozen continuations are delivered beside the interval as named lines.  The fuel-to-direct-current conversion coefficient IS priced here: it is drawn triangular on the declared list, support 0.17 to 0.2744 with its mode at the delivered central 0.21, so the two registered branches are the endpoints of the support this interval samples rather than values outside it, and each of them is also delivered as a named line.","The electricity-scenario axis changes the carbon content of a kilowatt hour, not the number of kilowatt hours.  Its contribution to the energy interval is therefore exactly zero, and an energy figure must not be captioned as though the electricity axis were inside it.  The same holds for the post-2050 continuation rule ON THAT AXIS and for the reading of the statutory floor: the delivered central, the two electricity-axis continuation lines and the enforceable-standard line carry the same energy in every entry and in every year, bitwise, and they part company only in carbon.  The two VEHICLE-axis continuation lines are a different object and are not covered by this sentence: a rule on that axis moves how much of the deployed stock is electric, so it moves the kilowatt hours as well as the carbon, and the movement is reported rather than gated."
V33_POLICY_CONDITIONAL,REAL_CAPACITY_FHWA_MV1_2024_REGISTERED_AUTOMOBILES_AND_STI_V2_INTERSECTIONS,energy_kwh_eq,2075,sum over the 51 entries,0.21,16062563184.370285,20341761852.86605,25451362038.093174,20651682659.419357,0.22731316882405708,0.9849929513413306,"Not priced by this interval: the deployment scale, held at 30 per cent of registered automobiles and 30 per cent of signalized intersections by 2075 in every draw, against its own declared range of 15 to 45 per cent -- the model is exactly linear in that scale, so the two declared levels are delivered beside the interval as named lines, each of them the central rescaled, and never as width; the reading of the statutory floor itself, held at the statutory-targets-honoured reading in every draw, with the enforceable-standard reading delivered beside the interval as a named line rather than as width; the vehicle load model, held at the inherited one, with the single paired dynamometer measurement in the build's own precedent table delivered beside the interval as a named measured-load line; the computing workload growth of 2 per cent a year and the hardware efficiency floor of 0.25, neither of which is drawn or varied anywhere in this build; and the published market case, held at the policy state the interval is conditional on and carried as a named line.  The post-2050 continuation rule IS inside this interval: every electricity member continues along its own 2045-2050 slope at a decreasing rate after 2050 with the enacted statutory floors applied on top, and the linear trend and frozen continuations are delivered beside the interval as named lines.  The fuel-to-direct-current conversion coefficient IS priced here: it is drawn triangular on the declared list, support 0.17 to 0.2744 with its mode at the delivered central 0.21, so the two registered branches are the endpoints of the support this interval samples rather than values outside it, and each of them is also delivered as a named line.","The electricity-scenario axis changes the carbon content of a kilowatt hour, not the number of kilowatt hours.  Its contribution to the energy interval is therefore exactly zero, and an energy figure must not be captioned as though the electricity axis were inside it.  The same holds for the post-2050 continuation rule ON THAT AXIS and for the reading of the statutory floor: the delivered central, the two electricity-axis continuation lines and the enforceable-standard line carry the same energy in every entry and in every year, bitwise, and they part company only in carbon.  The two VEHICLE-axis continuation lines are a different object and are not covered by this sentence: a rule on that axis moves how much of the deployed stock is electric, so it moves the kilowatt hours as well as the carbon, and the movement is reported rather than gated."
V33_POLICY_CONDITIONAL,REAL_CAPACITY_FHWA_MV1_2024_REGISTERED_AUTOMOBILES_AND_STI_V2_INTERSECTIONS,direct_co2_kg,2025,sum over the 51 entries,0.21,9450893.542593375,12186001.624012675,15475000.447723467,12638576.546050519,0.23832220674457957,0.9641909893579534,"Not priced by this interval: the deployment scale, held at 30 per cent of registered automobiles and 30 per cent of signalized intersections by 2075 in every draw, against its own declared range of 15 to 45 per cent -- the model is exactly linear in that scale, so the two declared levels are delivered beside the interval as named lines, each of them the central rescaled, and never as width; the reading of the statutory floor itself, held at the statutory-targets-honoured reading in every draw, with the enforceable-standard reading delivered beside the interval as a named line rather than as width; the vehicle load model, held at the inherited one, with the single paired dynamometer measurement in the build's own precedent table delivered beside the interval as a named measured-load line; the computing workload growth of 2 per cent a year and the hardware efficiency floor of 0.25, neither of which is drawn or varied anywhere in this build; and the published market case, held at the policy state the interval is conditional on and carried as a named line.  The post-2050 continuation rule IS inside this interval: every electricity member continues along its own 2045-2050 slope at a decreasing rate after 2050 with the enacted statutory floors applied on top, and the linear trend and frozen continuations are delivered beside the interval as named lines.  The fuel-to-direct-current conversion coefficient IS priced here: it is drawn triangular on the declared list, support 0.17 to 0.2744 with its mode at the delivered central 0.21, so the two registered branches are the endpoints of the support this interval samples rather than values outside it, and each of them is also delivered as a named line.","The electricity-scenario axis changes the carbon content of a kilowatt hour, not the number of kilowatt hours.  Its contribution to the energy interval is therefore exactly zero, and an energy figure must not be captioned as though the electricity axis were inside it.  The same holds for the post-2050 continuation rule ON THAT AXIS and for the reading of the statutory floor: the delivered central, the two electricity-axis continuation lines and the enforceable-standard line carry the same energy in every entry and in every year, bitwise, and they part company only in carbon.  The two VEHICLE-axis continuation lines are a different object and are not covered by this sentence: a rule on that axis moves how much of the deployed stock is electric, so it moves the kilowatt hours as well as the carbon, and the movement is reported rather than gated."
V33_POLICY_CONDITIONAL,REAL_CAPACITY_FHWA_MV1_2024_REGISTERED_AUTOMOBILES_AND_STI_V2_INTERSECTIONS,direct_co2_kg,2026,sum over the 51 entries,0.21,36120633.34948824,46490659.655486405,58899478.035160765,48131716.44757622,0.23663029668267319,0.9659048770081323,"Not priced by this interval: the deployment scale, held at 30 per cent of registered automobiles and 30 per cent of signalized intersections by 2075 in every draw, against its own declared range of 15 to 45 per cent -- the model is exactly linear in that scale, so the two declared levels are delivered beside the interval as named lines, each of them the central rescaled, and never as width; the reading of the statutory floor itself, held at the statutory-targets-honoured reading in every draw, with the enforceable-standard reading delivered beside the interval as a named line rather than as width; the vehicle load model, held at the inherited one, with the single paired dynamometer measurement in the build's own precedent table delivered beside the interval as a named measured-load line; the computing workload growth of 2 per cent a year and the hardware efficiency floor of 0.25, neither of which is drawn or varied anywhere in this build; and the published market case, held at the policy state the interval is conditional on and carried as a named line.  The post-2050 continuation rule IS inside this interval: every electricity member continues along its own 2045-2050 slope at a decreasing rate after 2050 with the enacted statutory floors applied on top, and the linear trend and frozen continuations are delivered beside the interval as named lines.  The fuel-to-direct-current conversion coefficient IS priced here: it is drawn triangular on the declared list, support 0.17 to 0.2744 with its mode at the delivered central 0.21, so the two registered branches are the endpoints of the support this interval samples rather than values outside it, and each of them is also delivered as a named line.","The electricity-scenario axis changes the carbon content of a kilowatt hour, not the number of kilowatt hours.  Its contribution to the energy interval is therefore exactly zero, and an energy figure must not be captioned as though the electricity axis were inside it.  The same holds for the post-2050 continuation rule ON THAT AXIS and for the reading of the statutory floor: the delivered central, the two electricity-axis continuation lines and the enforceable-standard line carry the same energy in every entry and in every year, bitwise, and they part company only in carbon.  The two VEHICLE-axis continuation lines are a different object and are not covered by this sentence: a rule on that axis moves how much of the deployed stock is electric, so it moves the kilowatt hours as well as the carbon, and the movement is reported rather than gated."
V33_POLICY_CONDITIONAL,REAL_CAPACITY_FHWA_MV1_2024_REGISTERED_AUTOMOBILES_AND_STI_V2_INTERSECTIONS,direct_co2_kg,2027,sum over the 51 entries,0.21,79016389.74053796,101562991.60919812,128445445.51514412,104996674.74143302,0.23538391047302773,0.9672972202149186,"Not priced by this interval: the deployment scale, held at 30 per cent of registered automobiles and 30 per cent of signalized intersections by 2075 in every draw, against its own declared range of 15 to 45 per cent -- the model is exactly linear in that scale, so the two declared levels are delivered beside the interval as named lines, each of them the central rescaled, and never as width; the reading of the statutory floor itself, held at the statutory-targets-honoured reading in every draw, with the enforceable-standard reading delivered beside the interval as a named line rather than as width; the vehicle load model, held at the inherited one, with the single paired dynamometer measurement in the build's own precedent table delivered beside the interval as a named measured-load line; the computing workload growth of 2 per cent a year and the hardware efficiency floor of 0.25, neither of which is drawn or varied anywhere in this build; and the published market case, held at the policy state the interval is conditional on and carried as a named line.  The post-2050 continuation rule IS inside this interval: every electricity member continues along its own 2045-2050 slope at a decreasing rate after 2050 with the enacted statutory floors applied on top, and the linear trend and frozen continuations are delivered beside the interval as named lines.  The fuel-to-direct-current conversion coefficient IS priced here: it is drawn triangular on the declared list, support 0.17 to 0.2744 with its mode at the delivered central 0.21, so the two registered branches are the endpoints of the support this interval samples rather than values outside it, and each of them is also delivered as a named line.","The electricity-scenario axis changes the carbon content of a kilowatt hour, not the number of kilowatt hours.  Its contribution to the energy interval is therefore exactly zero, and an energy figure must not be captioned as though the electricity axis were inside it.  The same holds for the post-2050 continuation rule ON THAT AXIS and for the reading of the statutory floor: the delivered central, the two electricity-axis continuation lines and the enforceable-standard line carry the same energy in every entry and in every year, bitwise, and they part company only in carbon.  The two VEHICLE-axis continuation lines are a different object and are not covered by this sentence: a rule on that axis moves how much of the deployed stock is electric, so it moves the kilowatt hours as well as the carbon, and the movement is reported rather than gated."
V33_POLICY_CONDITIONAL,REAL_CAPACITY_FHWA_MV1_2024_REGISTERED_AUTOMOBILES_AND_STI_V2_INTERSECTIONS,direct_co2_kg,2028,sum over the 51 entries,0.21,127221502.11957562,163543161.8137613,206866374.1946303,168988802.52943385,0.23565132980092698,0.9677751387419645,"Not priced by this interval: the deployment scale, held at 30 per cent of registered automobiles and 30 per cent of signalized intersections by 2075 in every draw, against its own declared range of 15 to 45 per cent -- the model is exactly linear in that scale, so the two declared levels are delivered beside the interval as named lines, each of them the central rescaled, and never as width; the reading of the statutory floor itself, held at the statutory-targets-honoured reading in every draw, with the enforceable-standard reading delivered beside the interval as a named line rather than as width; the vehicle load model, held at the inherited one, with the single paired dynamometer measurement in the build's own precedent table delivered beside the interval as a named measured-load line; the computing workload growth of 2 per cent a year and the hardware efficiency floor of 0.25, neither of which is drawn or varied anywhere in this build; and the published market case, held at the policy state the interval is conditional on and carried as a named line.  The post-2050 continuation rule IS inside this interval: every electricity member continues along its own 2045-2050 slope at a decreasing rate after 2050 with the enacted statutory floors applied on top, and the linear trend and frozen continuations are delivered beside the interval as named lines.  The fuel-to-direct-current conversion coefficient IS priced here: it is drawn triangular on the declared list, support 0.17 to 0.2744 with its mode at the delivered central 0.21, so the two registered branches are the endpoints of the support this interval samples rather than values outside it, and each of them is also delivered as a named line.","The electricity-scenario axis changes the carbon content of a kilowatt hour, not the number of kilowatt hours.  Its contribution to the energy interval is therefore exactly zero, and an energy figure must not be captioned as though the electricity axis were inside it.  The same holds for the post-2050 continuation rule ON THAT AXIS and for the reading of the statutory floor: the delivered central, the two electricity-axis continuation lines and the enforceable-standard line carry the same energy in every entry and in every year, bitwise, and they part company only in carbon.  The two VEHICLE-axis continuation lines are a different object and are not covered by this sentence: a rule on that axis moves how much of the deployed stock is electric, so it moves the kilowatt hours as well as the carbon, and the movement is reported rather than gated."
V33_POLICY_CONDITIONAL,REAL_CAPACITY_FHWA_MV1_2024_REGISTERED_AUTOMOBILES_AND_STI_V2_INTERSECTIONS,direct_co2_kg,2029,sum over the 51 entries,0.21,177388876.6349915,228192959.7031556,288433253.0561187,235535180.4683376,0.23572779276608882,0.9688274985053922,"Not priced by this interval: the deployment scale, held at 30 per cent of registered automobiles and 30 per cent of signalized intersections by 2075 in every draw, against its own declared range of 15 to 45 per cent -- the model is exactly linear in that scale, so the two declared levels are delivered beside the interval as named lines, each of them the central rescaled, and never as width; the reading of the statutory floor itself, held at the statutory-targets-honoured reading in every draw, with the enforceable-standard reading delivered beside the interval as a named line rather than as width; the vehicle load model, held at the inherited one, with the single paired dynamometer measurement in the build's own precedent table delivered beside the interval as a named measured-load line; the computing workload growth of 2 per cent a year and the hardware efficiency floor of 0.25, neither of which is drawn or varied anywhere in this build; and the published market case, held at the policy state the interval is conditional on and carried as a named line.  The post-2050 continuation rule IS inside this interval: every electricity member continues along its own 2045-2050 slope at a decreasing rate after 2050 with the enacted statutory floors applied on top, and the linear trend and frozen continuations are delivered beside the interval as named lines.  The fuel-to-direct-current conversion coefficient IS priced here: it is drawn triangular on the declared list, support 0.17 to 0.2744 with its mode at the delivered central 0.21, so the two registered branches are the endpoints of the support this interval samples rather than values outside it, and each of them is also delivered as a named line.","The electricity-scenario axis changes the carbon content of a kilowatt hour, not the number of kilowatt hours.  Its contribution to the energy interval is therefore exactly zero, and an energy figure must not be captioned as though the electricity axis were inside it.  The same holds for the post-2050 continuation rule ON THAT AXIS and for the reading of the statutory floor: the delivered central, the two electricity-axis continuation lines and the enforceable-standard line carry the same energy in every entry and in every year, bitwise, and they part company only in carbon.  The two VEHICLE-axis continuation lines are a different object and are not covered by this sentence: a rule on that axis moves how much of the deployed stock is electric, so it moves the kilowatt hours as well as the carbon, and the movement is reported rather than gated."
V33_POLICY_CONDITIONAL,REAL_CAPACITY_FHWA_MV1_2024_REGISTERED_AUTOMOBILES_AND_STI_V2_INTERSECTIONS,direct_co2_kg,2030,sum over the 51 entries,0.21,226780288.8931172,291857630.81177557,368679551.47809976,301175093.9341904,0.23557602445039647,0.9690629693156142,"Not priced by this interval: the deployment scale, held at 30 per cent of registered automobiles and 30 per cent of signalized intersections by 2075 in every draw, against its own declared range of 15 to 45 per cent -- the model is exactly linear in that scale, so the two declared levels are delivered beside the interval as named lines, each of them the central rescaled, and never as width; the reading of the statutory floor itself, held at the statutory-targets-honoured reading in every draw, with the enforceable-standard reading delivered beside the interval as a named line rather than as width; the vehicle load model, held at the inherited one, with the single paired dynamometer measurement in the build's own precedent table delivered beside the interval as a named measured-load line; the computing workload growth of 2 per cent a year and the hardware efficiency floor of 0.25, neither of which is drawn or varied anywhere in this build; and the published market case, held at the policy state the interval is conditional on and carried as a named line.  The post-2050 continuation rule IS inside this interval: every electricity member continues along its own 2045-2050 slope at a decreasing rate after 2050 with the enacted statutory floors applied on top, and the linear trend and frozen continuations are delivered beside the interval as named lines.  The fuel-to-direct-current conversion coefficient IS priced here: it is drawn triangular on the declared list, support 0.17 to 0.2744 with its mode at the delivered central 0.21, so the two registered branches are the endpoints of the support this interval samples rather than values outside it, and each of them is also delivered as a named line.","The electricity-scenario axis changes the carbon content of a kilowatt hour, not the number of kilowatt hours.  Its contribution to the energy interval is therefore exactly zero, and an energy figure must not be captioned as though the electricity axis were inside it.  The same holds for the post-2050 continuation rule ON THAT AXIS and for the reading of the statutory floor: the delivered central, the two electricity-axis continuation lines and the enforceable-standard line carry the same energy in every entry and in every year, bitwise, and they part company only in carbon.  The two VEHICLE-axis continuation lines are a different object and are not covered by this sentence: a rule on that axis moves how much of the deployed stock is electric, so it moves the kilowatt hours as well as the carbon, and the movement is reported rather than gated."
V33_POLICY_CONDITIONAL,REAL_CAPACITY_FHWA_MV1_2024_REGISTERED_AUTOMOBILES_AND_STI_V2_INTERSECTIONS,direct_co2_kg,2031,sum over the 51 entries,0.21,275119930.10315967,353920214.8382937,447311227.97430277,365223051.0948159,0.2357344331840111,0.969052237467925,"Not priced by this interval: the deployment scale, held at 30 per cent of registered automobiles and 30 per cent of signalized intersections by 2075 in every draw, against its own declared range of 15 to 45 per cent -- the model is exactly linear in that scale, so the two declared levels are delivered beside the interval as named lines, each of them the central rescaled, and never as width; the reading of the statutory floor itself, held at the statutory-targets-honoured reading in every draw, with the enforceable-standard reading delivered beside the interval as a named line rather than as width; the vehicle load model, held at the inherited one, with the single paired dynamometer measurement in the build's own precedent table delivered beside the interval as a named measured-load line; the computing workload growth of 2 per cent a year and the hardware efficiency floor of 0.25, neither of which is drawn or varied anywhere in this build; and the published market case, held at the policy state the interval is conditional on and carried as a named line.  The post-2050 continuation rule IS inside this interval: every electricity member continues along its own 2045-2050 slope at a decreasing rate after 2050 with the enacted statutory floors applied on top, and the linear trend and frozen continuations are delivered beside the interval as named lines.  The fuel-to-direct-current conversion coefficient IS priced here: it is drawn triangular on the declared list, support 0.17 to 0.2744 with its mode at the delivered central 0.21, so the two registered branches are the endpoints of the support this interval samples rather than values outside it, and each of them is also delivered as a named line.","The electricity-scenario axis changes the carbon content of a kilowatt hour, not the number of kilowatt hours.  Its contribution to the energy interval is therefore exactly zero, and an energy figure must not be captioned as though the electricity axis were inside it.  The same holds for the post-2050 continuation rule ON THAT AXIS and for the reading of the statutory floor: the delivered central, the two electricity-axis continuation lines and the enforceable-standard line carry the same energy in every entry and in every year, bitwise, and they part company only in carbon.  The two VEHICLE-axis continuation lines are a different object and are not covered by this sentence: a rule on that axis moves how much of the deployed stock is electric, so it moves the kilowatt hours as well as the carbon, and the movement is reported rather than gated."
V33_POLICY_CONDITIONAL,REAL_CAPACITY_FHWA_MV1_2024_REGISTERED_AUTOMOBILES_AND_STI_V2_INTERSECTIONS,direct_co2_kg,2032,sum over the 51 entries,0.21,321461390.4933177,412581223.3856785,521851101.9140132,426596334.18814427,0.23487040951964258,0.9671466684561697,"Not priced by this interval: the deployment scale, held at 30 per cent of registered automobiles and 30 per cent of signalized intersections by 2075 in every draw, against its own declared range of 15 to 45 per cent -- the model is exactly linear in that scale, so the two declared levels are delivered beside the interval as named lines, each of them the central rescaled, and never as width; the reading of the statutory floor itself, held at the statutory-targets-honoured reading in every draw, with the enforceable-standard reading delivered beside the interval as a named line rather than as width; the vehicle load model, held at the inherited one, with the single paired dynamometer measurement in the build's own precedent table delivered beside the interval as a named measured-load line; the computing workload growth of 2 per cent a year and the hardware efficiency floor of 0.25, neither of which is drawn or varied anywhere in this build; and the published market case, held at the policy state the interval is conditional on and carried as a named line.  The post-2050 continuation rule IS inside this interval: every electricity member continues along its own 2045-2050 slope at a decreasing rate after 2050 with the enacted statutory floors applied on top, and the linear trend and frozen continuations are delivered beside the interval as named lines.  The fuel-to-direct-current conversion coefficient IS priced here: it is drawn triangular on the declared list, support 0.17 to 0.2744 with its mode at the delivered central 0.21, so the two registered branches are the endpoints of the support this interval samples rather than values outside it, and each of them is also delivered as a named line.","The electricity-scenario axis changes the carbon content of a kilowatt hour, not the number of kilowatt hours.  Its contribution to the energy interval is therefore exactly zero, and an energy figure must not be captioned as though the electricity axis were inside it.  The same holds for the post-2050 continuation rule ON THAT AXIS and for the reading of the statutory floor: the delivered central, the two electricity-axis continuation lines and the enforceable-standard line carry the same energy in every entry and in every year, bitwise, and they part company only in carbon.  The two VEHICLE-axis continuation lines are a different object and are not covered by this sentence: a rule on that axis moves how much of the deployed stock is electric, so it moves the kilowatt hours as well as the carbon, and the movement is reported rather than gated."
V33_POLICY_CONDITIONAL,REAL_CAPACITY_FHWA_MV1_2024_REGISTERED_AUTOMOBILES_AND_STI_V2_INTERSECTIONS,direct_co2_kg,2033,sum over the 51 entries,0.21,367401988.8976722,471681169.8524082,597688414.0953285,487666141.810753,0.23611073791444678,0.9672214849712736,"Not priced by this interval: the deployment scale, held at 30 per cent of registered automobiles and 30 per cent of signalized intersections by 2075 in every draw, against its own declared range of 15 to 45 per cent -- the model is exactly linear in that scale, so the two declared levels are delivered beside the interval as named lines, each of them the central rescaled, and never as width; the reading of the statutory floor itself, held at the statutory-targets-honoured reading in every draw, with the enforceable-standard reading delivered beside the interval as a named line rather than as width; the vehicle load model, held at the inherited one, with the single paired dynamometer measurement in the build's own precedent table delivered beside the interval as a named measured-load line; the computing workload growth of 2 per cent a year and the hardware efficiency floor of 0.25, neither of which is drawn or varied anywhere in this build; and the published market case, held at the policy state the interval is conditional on and carried as a named line.  The post-2050 continuation rule IS inside this interval: every electricity member continues along its own 2045-2050 slope at a decreasing rate after 2050 with the enacted statutory floors applied on top, and the linear trend and frozen continuations are delivered beside the interval as named lines.  The fuel-to-direct-current conversion coefficient IS priced here: it is drawn triangular on the declared list, support 0.17 to 0.2744 with its mode at the delivered central 0.21, so the two registered branches are the endpoints of the support this interval samples rather than values outside it, and each of them is also delivered as a named line.","The electricity-scenario axis changes the carbon content of a kilowatt hour, not the number of kilowatt hours.  Its contribution to the energy interval is therefore exactly zero, and an energy figure must not be captioned as though the electricity axis were inside it.  The same holds for the post-2050 continuation rule ON THAT AXIS and for the reading of the statutory floor: the delivered central, the two electricity-axis continuation lines and the enforceable-standard line carry the same energy in every entry and in every year, bitwise, and they part company only in carbon.  The two VEHICLE-axis continuation lines are a different object and are not covered by this sentence: a rule on that axis moves how much of the deployed stock is electric, so it moves the kilowatt hours as well as the carbon, and the movement is reported rather than gated."
V33_POLICY_CONDITIONAL,REAL_CAPACITY_FHWA_MV1_2024_REGISTERED_AUTOMOBILES_AND_STI_V2_INTERSECTIONS,direct_co2_kg,2034,sum over the 51 entries,0.21,415586133.7694729,533860613.7477946,677323815.3808358,552470509.6447655,0.23687932391147745,0.9663151325327086,"Not priced by this interval: the deployment scale, held at 30 per cent of registered automobiles and 30 per cent of signalized intersections by 2075 in every draw, against its own declared range of 15 to 45 per cent -- the model is exactly linear in that scale, so the two declared levels are delivered beside the interval as named lines, each of them the central rescaled, and never as width; the reading of the statutory floor itself, held at the statutory-targets-honoured reading in every draw, with the enforceable-standard reading delivered beside the interval as a named line rather than as width; the vehicle load model, held at the inherited one, with the single paired dynamometer measurement in the build's own precedent table delivered beside the interval as a named measured-load line; the computing workload growth of 2 per cent a year and the hardware efficiency floor of 0.25, neither of which is drawn or varied anywhere in this build; and the published market case, held at the policy state the interval is conditional on and carried as a named line.  The post-2050 continuation rule IS inside this interval: every electricity member continues along its own 2045-2050 slope at a decreasing rate after 2050 with the enacted statutory floors applied on top, and the linear trend and frozen continuations are delivered beside the interval as named lines.  The fuel-to-direct-current conversion coefficient IS priced here: it is drawn triangular on the declared list, support 0.17 to 0.2744 with its mode at the delivered central 0.21, so the two registered branches are the endpoints of the support this interval samples rather than values outside it, and each of them is also delivered as a named line.","The electricity-scenario axis changes the carbon content of a kilowatt hour, not the number of kilowatt hours.  Its contribution to the energy interval is therefore exactly zero, and an energy figure must not be captioned as though the electricity axis were inside it.  The same holds for the post-2050 continuation rule ON THAT AXIS and for the reading of the statutory floor: the delivered central, the two electricity-axis continuation lines and the enforceable-standard line carry the same energy in every entry and in every year, bitwise, and they part company only in carbon.  The two VEHICLE-axis continuation lines are a different object and are not covered by this sentence: a rule on that axis moves how much of the deployed stock is electric, so it moves the kilowatt hours as well as the carbon, and the movement is reported rather than gated."
V33_POLICY_CONDITIONAL,REAL_CAPACITY_FHWA_MV1_2024_REGISTERED_AUTOMOBILES_AND_STI_V2_INTERSECTIONS,direct_co2_kg,2035,sum over the 51 entries,0.21,460818661.50738364,593114422.5492523,752809566.620865,613955375.8456601,0.23779489243114293,0.9660546122465309,"Not priced by this interval: the deployment scale, held at 30 per cent of registered automobiles and 30 per cent of signalized intersections by 2075 in every draw, against its own declared range of 15 to 45 per cent -- the model is exactly linear in that scale, so the two declared levels are delivered beside the interval as named lines, each of them the central rescaled, and never as width; the reading of the statutory floor itself, held at the statutory-targets-honoured reading in every draw, with the enforceable-standard reading delivered beside the interval as a named line rather than as width; the vehicle load model, held at the inherited one, with the single paired dynamometer measurement in the build's own precedent table delivered beside the interval as a named measured-load line; the computing workload growth of 2 per cent a year and the hardware efficiency floor of 0.25, neither of which is drawn or varied anywhere in this build; and the published market case, held at the policy state the interval is conditional on and carried as a named line.  The post-2050 continuation rule IS inside this interval: every electricity member continues along its own 2045-2050 slope at a decreasing rate after 2050 with the enacted statutory floors applied on top, and the linear trend and frozen continuations are delivered beside the interval as named lines.  The fuel-to-direct-current conversion coefficient IS priced here: it is drawn triangular on the declared list, support 0.17 to 0.2744 with its mode at the delivered central 0.21, so the two registered branches are the endpoints of the support this interval samples rather than values outside it, and each of them is also delivered as a named line.","The electricity-scenario axis changes the carbon content of a kilowatt hour, not the number of kilowatt hours.  Its contribution to the energy interval is therefore exactly zero, and an energy figure must not be captioned as though the electricity axis were inside it.  The same holds for the post-2050 continuation rule ON THAT AXIS and for the reading of the statutory floor: the delivered central, the two electricity-axis continuation lines and the enforceable-standard line carry the same energy in every entry and in every year, bitwise, and they part company only in carbon.  The two VEHICLE-axis continuation lines are a different object and are not covered by this sentence: a rule on that axis moves how much of the deployed stock is electric, so it moves the kilowatt hours as well as the carbon, and the movement is reported rather than gated."
V33_POLICY_CONDITIONAL,REAL_CAPACITY_FHWA_MV1_2024_REGISTERED_AUTOMOBILES_AND_STI_V2_INTERSECTIONS,direct_co2_kg,2036,sum over the 51 entries,0.21,513664144.50467396,661679095.994675,842880612.4068133,685609935.3070102,0.2400902108826056,0.9650955476576939,"Not priced by this interval: the deployment scale, held at 30 per cent of registered automobiles and 30 per cent of signalized intersections by 2075 in every draw, against its own declared range of 15 to 45 per cent -- the model is exactly linear in that scale, so the two declared levels are delivered beside the interval as named lines, each of them the central rescaled, and never as width; the reading of the statutory floor itself, held at the statutory-targets-honoured reading in every draw, with the enforceable-standard reading delivered beside the interval as a named line rather than as width; the vehicle load model, held at the inherited one, with the single paired dynamometer measurement in the build's own precedent table delivered beside the interval as a named measured-load line; the computing workload growth of 2 per cent a year and the hardware efficiency floor of 0.25, neither of which is drawn or varied anywhere in this build; and the published market case, held at the policy state the interval is conditional on and carried as a named line.  The post-2050 continuation rule IS inside this interval: every electricity member continues along its own 2045-2050 slope at a decreasing rate after 2050 with the enacted statutory floors applied on top, and the linear trend and frozen continuations are delivered beside the interval as named lines.  The fuel-to-direct-current conversion coefficient IS priced here: it is drawn triangular on the declared list, support 0.17 to 0.2744 with its mode at the delivered central 0.21, so the two registered branches are the endpoints of the support this interval samples rather than values outside it, and each of them is also delivered as a named line.","The electricity-scenario axis changes the carbon content of a kilowatt hour, not the number of kilowatt hours.  Its contribution to the energy interval is therefore exactly zero, and an energy figure must not be captioned as though the electricity axis were inside it.  The same holds for the post-2050 continuation rule ON THAT AXIS and for the reading of the statutory floor: the delivered central, the two electricity-axis continuation lines and the enforceable-standard line carry the same energy in every entry and in every year, bitwise, and they part company only in carbon.  The two VEHICLE-axis continuation lines are a different object and are not covered by this sentence: a rule on that axis moves how much of the deployed stock is electric, so it moves the kilowatt hours as well as the carbon, and the movement is reported rather than gated."
V33_POLICY_CONDITIONAL,REAL_CAPACITY_FHWA_MV1_2024_REGISTERED_AUTOMOBILES_AND_STI_V2_INTERSECTIONS,direct_co2_kg,2037,sum over the 51 entries,0.21,570125973.3362316,734017964.114333,935070455.4588922,761566953.1519753,0.23960104926574577,0.9638259132389839,"Not priced by this interval: the deployment scale, held at 30 per cent of registered automobiles and 30 per cent of signalized intersections by 2075 in every draw, against its own declared range of 15 to 45 per cent -- the model is exactly linear in that scale, so the two declared levels are delivered beside the interval as named lines, each of them the central rescaled, and never as width; the reading of the statutory floor itself, held at the statutory-targets-honoured reading in every draw, with the enforceable-standard reading delivered beside the interval as a named line rather than as width; the vehicle load model, held at the inherited one, with the single paired dynamometer measurement in the build's own precedent table delivered beside the interval as a named measured-load line; the computing workload growth of 2 per cent a year and the hardware efficiency floor of 0.25, neither of which is drawn or varied anywhere in this build; and the published market case, held at the policy state the interval is conditional on and carried as a named line.  The post-2050 continuation rule IS inside this interval: every electricity member continues along its own 2045-2050 slope at a decreasing rate after 2050 with the enacted statutory floors applied on top, and the linear trend and frozen continuations are delivered beside the interval as named lines.  The fuel-to-direct-current conversion coefficient IS priced here: it is drawn triangular on the declared list, support 0.17 to 0.2744 with its mode at the delivered central 0.21, so the two registered branches are the endpoints of the support this interval samples rather than values outside it, and each of them is also delivered as a named line.","The electricity-scenario axis changes the carbon content of a kilowatt hour, not the number of kilowatt hours.  Its contribution to the energy interval is therefore exactly zero, and an energy figure must not be captioned as though the electricity axis were inside it.  The same holds for the post-2050 continuation rule ON THAT AXIS and for the reading of the statutory floor: the delivered central, the two electricity-axis continuation lines and the enforceable-standard line carry the same energy in every entry and in every year, bitwise, and they part company only in carbon.  The two VEHICLE-axis continuation lines are a different object and are not covered by this sentence: a rule on that axis moves how much of the deployed stock is electric, so it moves the kilowatt hours as well as the carbon, and the movement is reported rather than gated."
V33_POLICY_CONDITIONAL,REAL_CAPACITY_FHWA_MV1_2024_REGISTERED_AUTOMOBILES_AND_STI_V2_INTERSECTIONS,direct_co2_kg,2038,sum over the 51 entries,0.21,629265813.9635003,810402773.3946365,1032636560.1221738,841580830.1576203,0.23965062635939907,0.9629529860403968,"Not priced by this interval: the deployment scale, held at 30 per cent of registered automobiles and 30 per cent of signalized intersections by 2075 in every draw, against its own declared range of 15 to 45 per cent -- the model is exactly linear in that scale, so the two declared levels are delivered beside the interval as named lines, each of them the central rescaled, and never as width; the reading of the statutory floor itself, held at the statutory-targets-honoured reading in every draw, with the enforceable-standard reading delivered beside the interval as a named line rather than as width; the vehicle load model, held at the inherited one, with the single paired dynamometer measurement in the build's own precedent table delivered beside the interval as a named measured-load line; the computing workload growth of 2 per cent a year and the hardware efficiency floor of 0.25, neither of which is drawn or varied anywhere in this build; and the published market case, held at the policy state the interval is conditional on and carried as a named line.  The post-2050 continuation rule IS inside this interval: every electricity member continues along its own 2045-2050 slope at a decreasing rate after 2050 with the enacted statutory floors applied on top, and the linear trend and frozen continuations are delivered beside the interval as named lines.  The fuel-to-direct-current conversion coefficient IS priced here: it is drawn triangular on the declared list, support 0.17 to 0.2744 with its mode at the delivered central 0.21, so the two registered branches are the endpoints of the support this interval samples rather than values outside it, and each of them is also delivered as a named line.","The electricity-scenario axis changes the carbon content of a kilowatt hour, not the number of kilowatt hours.  Its contribution to the energy interval is therefore exactly zero, and an energy figure must not be captioned as though the electricity axis were inside it.  The same holds for the post-2050 continuation rule ON THAT AXIS and for the reading of the statutory floor: the delivered central, the two electricity-axis continuation lines and the enforceable-standard line carry the same energy in every entry and in every year, bitwise, and they part company only in carbon.  The two VEHICLE-axis continuation lines are a different object and are not covered by this sentence: a rule on that axis moves how much of the deployed stock is electric, so it moves the kilowatt hours as well as the carbon, and the movement is reported rather than gated."
V33_POLICY_CONDITIONAL,REAL_CAPACITY_FHWA_MV1_2024_REGISTERED_AUTOMOBILES_AND_STI_V2_INTERSECTIONS,direct_co2_kg,2039,sum over the 51 entries,0.21,691287656.7134876,889602441.486197,1134026950.7606988,924269442.3403511,0.23950769860255627,0.9624925381430187,"Not priced by this interval: the deployment scale, held at 30 per cent of registered automobiles and 30 per cent of signalized intersections by 2075 in every draw, against its own declared range of 15 to 45 per cent -- the model is exactly linear in that scale, so the two declared levels are delivered beside the interval as named lines, each of them the central rescaled, and never as width; the reading of the statutory floor itself, held at the statutory-targets-honoured reading in every draw, with the enforceable-standard reading delivered beside the interval as a named line rather than as width; the vehicle load model, held at the inherited one, with the single paired dynamometer measurement in the build's own precedent table delivered beside the interval as a named measured-load line; the computing workload growth of 2 per cent a year and the hardware efficiency floor of 0.25, neither of which is drawn or varied anywhere in this build; and the published market case, held at the policy state the interval is conditional on and carried as a named line.  The post-2050 continuation rule IS inside this interval: every electricity member continues along its own 2045-2050 slope at a decreasing rate after 2050 with the enacted statutory floors applied on top, and the linear trend and frozen continuations are delivered beside the interval as named lines.  The fuel-to-direct-current conversion coefficient IS priced here: it is drawn triangular on the declared list, support 0.17 to 0.2744 with its mode at the delivered central 0.21, so the two registered branches are the endpoints of the support this interval samples rather than values outside it, and each of them is also delivered as a named line.","The electricity-scenario axis changes the carbon content of a kilowatt hour, not the number of kilowatt hours.  Its contribution to the energy interval is therefore exactly zero, and an energy figure must not be captioned as though the electricity axis were inside it.  The same holds for the post-2050 continuation rule ON THAT AXIS and for the reading of the statutory floor: the delivered central, the two electricity-axis continuation lines and the enforceable-standard line carry the same energy in every entry and in every year, bitwise, and they part company only in carbon.  The two VEHICLE-axis continuation lines are a different object and are not covered by this sentence: a rule on that axis moves how much of the deployed stock is electric, so it moves the kilowatt hours as well as the carbon, and the movement is reported rather than gated."
V33_POLICY_CONDITIONAL,REAL_CAPACITY_FHWA_MV1_2024_REGISTERED_AUTOMOBILES_AND_STI_V2_INTERSECTIONS,direct_co2_kg,2040,sum over the 51 entries,0.21,745754331.4907761,959523837.330399,1224701464.8212104,997739711.5953381,0.2400160722101663,0.9616975511540643,"Not priced by this interval: the deployment scale, held at 30 per cent of registered automobiles and 30 per cent of signalized intersections by 2075 in every draw, against its own declared range of 15 to 45 per cent -- the model is exactly linear in that scale, so the two declared levels are delivered beside the interval as named lines, each of them the central rescaled, and never as width; the reading of the statutory floor itself, held at the statutory-targets-honoured reading in every draw, with the enforceable-standard reading delivered beside the interval as a named line rather than as width; the vehicle load model, held at the inherited one, with the single paired dynamometer measurement in the build's own precedent table delivered beside the interval as a named measured-load line; the computing workload growth of 2 per cent a year and the hardware efficiency floor of 0.25, neither of which is drawn or varied anywhere in this build; and the published market case, held at the policy state the interval is conditional on and carried as a named line.  The post-2050 continuation rule IS inside this interval: every electricity member continues along its own 2045-2050 slope at a decreasing rate after 2050 with the enacted statutory floors applied on top, and the linear trend and frozen continuations are delivered beside the interval as named lines.  The fuel-to-direct-current conversion coefficient IS priced here: it is drawn triangular on the declared list, support 0.17 to 0.2744 with its mode at the delivered central 0.21, so the two registered branches are the endpoints of the support this interval samples rather than values outside it, and each of them is also delivered as a named line.","The electricity-scenario axis changes the carbon content of a kilowatt hour, not the number of kilowatt hours.  Its contribution to the energy interval is therefore exactly zero, and an energy figure must not be captioned as though the electricity axis were inside it.  The same holds for the post-2050 continuation rule ON THAT AXIS and for the reading of the statutory floor: the delivered central, the two electricity-axis continuation lines and the enforceable-standard line carry the same energy in every entry and in every year, bitwise, and they part company only in carbon.  The two VEHICLE-axis continuation lines are a different object and are not covered by this sentence: a rule on that axis moves how much of the deployed stock is electric, so it moves the kilowatt hours as well as the carbon, and the movement is reported rather than gated."
V33_POLICY_CONDITIONAL,REAL_CAPACITY_FHWA_MV1_2024_REGISTERED_AUTOMOBILES_AND_STI_V2_INTERSECTIONS,direct_co2_kg,2041,sum over the 51 entries,0.21,810064117.3028083,1043070503.2397394,1333897717.1679666,1082775285.194323,0.24189395852859127,0.9633305428213039,"Not priced by this interval: the deployment scale, held at 30 per cent of registered automobiles and 30 per cent of signalized intersections by 2075 in every draw, against its own declared range of 15 to 45 per cent -- the model is exactly linear in that scale, so the two declared levels are delivered beside the interval as named lines, each of them the central rescaled, and never as width; the reading of the statutory floor itself, held at the statutory-targets-honoured reading in every draw, with the enforceable-standard reading delivered beside the interval as a named line rather than as width; the vehicle load model, held at the inherited one, with the single paired dynamometer measurement in the build's own precedent table delivered beside the interval as a named measured-load line; the computing workload growth of 2 per cent a year and the hardware efficiency floor of 0.25, neither of which is drawn or varied anywhere in this build; and the published market case, held at the policy state the interval is conditional on and carried as a named line.  The post-2050 continuation rule IS inside this interval: every electricity member continues along its own 2045-2050 slope at a decreasing rate after 2050 with the enacted statutory floors applied on top, and the linear trend and frozen continuations are delivered beside the interval as named lines.  The fuel-to-direct-current conversion coefficient IS priced here: it is drawn triangular on the declared list, support 0.17 to 0.2744 with its mode at the delivered central 0.21, so the two registered branches are the endpoints of the support this interval samples rather than values outside it, and each of them is also delivered as a named line.","The electricity-scenario axis changes the carbon content of a kilowatt hour, not the number of kilowatt hours.  Its contribution to the energy interval is therefore exactly zero, and an energy figure must not be captioned as though the electricity axis were inside it.  The same holds for the post-2050 continuation rule ON THAT AXIS and for the reading of the statutory floor: the delivered central, the two electricity-axis continuation lines and the enforceable-standard line carry the same energy in every entry and in every year, bitwise, and they part company only in carbon.  The two VEHICLE-axis continuation lines are a different object and are not covered by this sentence: a rule on that axis moves how much of the deployed stock is electric, so it moves the kilowatt hours as well as the carbon, and the movement is reported rather than gated."
V33_POLICY_CONDITIONAL,REAL_CAPACITY_FHWA_MV1_2024_REGISTERED_AUTOMOBILES_AND_STI_V2_INTERSECTIONS,direct_co2_kg,2042,sum over the 51 entries,0.21,877146838.6110363,1130958460.7778063,1443696604.0747316,1168932496.729903,0.24233639112977964,0.9675139188461872,"Not priced by this interval: the deployment scale, held at 30 per cent of registered automobiles and 30 per cent of signalized intersections by 2075 in every draw, against its own declared range of 15 to 45 per cent -- the model is exactly linear in that scale, so the two declared levels are delivered beside the interval as named lines, each of them the central rescaled, and never as width; the reading of the statutory floor itself, held at the statutory-targets-honoured reading in every draw, with the enforceable-standard reading delivered beside the interval as a named line rather than as width; the vehicle load model, held at the inherited one, with the single paired dynamometer measurement in the build's own precedent table delivered beside the interval as a named measured-load line; the computing workload growth of 2 per cent a year and the hardware efficiency floor of 0.25, neither of which is drawn or varied anywhere in this build; and the published market case, held at the policy state the interval is conditional on and carried as a named line.  The post-2050 continuation rule IS inside this interval: every electricity member continues along its own 2045-2050 slope at a decreasing rate after 2050 with the enacted statutory floors applied on top, and the linear trend and frozen continuations are delivered beside the interval as named lines.  The fuel-to-direct-current conversion coefficient IS priced here: it is drawn triangular on the declared list, support 0.17 to 0.2744 with its mode at the delivered central 0.21, so the two registered branches are the endpoints of the support this interval samples rather than values outside it, and each of them is also delivered as a named line.","The electricity-scenario axis changes the carbon content of a kilowatt hour, not the number of kilowatt hours.  Its contribution to the energy interval is therefore exactly zero, and an energy figure must not be captioned as though the electricity axis were inside it.  The same holds for the post-2050 continuation rule ON THAT AXIS and for the reading of the statutory floor: the delivered central, the two electricity-axis continuation lines and the enforceable-standard line carry the same energy in every entry and in every year, bitwise, and they part company only in carbon.  The two VEHICLE-axis continuation lines are a different object and are not covered by this sentence: a rule on that axis moves how much of the deployed stock is electric, so it moves the kilowatt hours as well as the carbon, and the movement is reported rather than gated."
V33_POLICY_CONDITIONAL,REAL_CAPACITY_FHWA_MV1_2024_REGISTERED_AUTOMOBILES_AND_STI_V2_INTERSECTIONS,direct_co2_kg,2043,sum over the 51 entries,0.21,946013286.965688,1220990530.7073555,1557969268.2390237,1257133600.4548066,0.24339337563324293,0.971249619185761,"Not priced by this interval: the deployment scale, held at 30 per cent of registered automobiles and 30 per cent of signalized intersections by 2075 in every draw, against its own declared range of 15 to 45 per cent -- the model is exactly linear in that scale, so the two declared levels are delivered beside the interval as named lines, each of them the central rescaled, and never as width; the reading of the statutory floor itself, held at the statutory-targets-honoured reading in every draw, with the enforceable-standard reading delivered beside the interval as a named line rather than as width; the vehicle load model, held at the inherited one, with the single paired dynamometer measurement in the build's own precedent table delivered beside the interval as a named measured-load line; the computing workload growth of 2 per cent a year and the hardware efficiency floor of 0.25, neither of which is drawn or varied anywhere in this build; and the published market case, held at the policy state the interval is conditional on and carried as a named line.  The post-2050 continuation rule IS inside this interval: every electricity member continues along its own 2045-2050 slope at a decreasing rate after 2050 with the enacted statutory floors applied on top, and the linear trend and frozen continuations are delivered beside the interval as named lines.  The fuel-to-direct-current conversion coefficient IS priced here: it is drawn triangular on the declared list, support 0.17 to 0.2744 with its mode at the delivered central 0.21, so the two registered branches are the endpoints of the support this interval samples rather than values outside it, and each of them is also delivered as a named line.","The electricity-scenario axis changes the carbon content of a kilowatt hour, not the number of kilowatt hours.  Its contribution to the energy interval is therefore exactly zero, and an energy figure must not be captioned as though the electricity axis were inside it.  The same holds for the post-2050 continuation rule ON THAT AXIS and for the reading of the statutory floor: the delivered central, the two electricity-axis continuation lines and the enforceable-standard line carry the same energy in every entry and in every year, bitwise, and they part company only in carbon.  The two VEHICLE-axis continuation lines are a different object and are not covered by this sentence: a rule on that axis moves how much of the deployed stock is electric, so it moves the kilowatt hours as well as the carbon, and the movement is reported rather than gated."
V33_POLICY_CONDITIONAL,REAL_CAPACITY_FHWA_MV1_2024_REGISTERED_AUTOMOBILES_AND_STI_V2_INTERSECTIONS,direct_co2_kg,2044,sum over the 51 entries,0.21,1019102374.3758882,1315404124.1157973,1675844395.3793626,1348540269.9495528,0.24350107877313973,0.9754281376892103,"Not priced by this interval: the deployment scale, held at 30 per cent of registered automobiles and 30 per cent of signalized intersections by 2075 in every draw, against its own declared range of 15 to 45 per cent -- the model is exactly linear in that scale, so the two declared levels are delivered beside the interval as named lines, each of them the central rescaled, and never as width; the reading of the statutory floor itself, held at the statutory-targets-honoured reading in every draw, with the enforceable-standard reading delivered beside the interval as a named line rather than as width; the vehicle load model, held at the inherited one, with the single paired dynamometer measurement in the build's own precedent table delivered beside the interval as a named measured-load line; the computing workload growth of 2 per cent a year and the hardware efficiency floor of 0.25, neither of which is drawn or varied anywhere in this build; and the published market case, held at the policy state the interval is conditional on and carried as a named line.  The post-2050 continuation rule IS inside this interval: every electricity member continues along its own 2045-2050 slope at a decreasing rate after 2050 with the enacted statutory floors applied on top, and the linear trend and frozen continuations are delivered beside the interval as named lines.  The fuel-to-direct-current conversion coefficient IS priced here: it is drawn triangular on the declared list, support 0.17 to 0.2744 with its mode at the delivered central 0.21, so the two registered branches are the endpoints of the support this interval samples rather than values outside it, and each of them is also delivered as a named line.","The electricity-scenario axis changes the carbon content of a kilowatt hour, not the number of kilowatt hours.  Its contribution to the energy interval is therefore exactly zero, and an energy figure must not be captioned as though the electricity axis were inside it.  The same holds for the post-2050 continuation rule ON THAT AXIS and for the reading of the statutory floor: the delivered central, the two electricity-axis continuation lines and the enforceable-standard line carry the same energy in every entry and in every year, bitwise, and they part company only in carbon.  The two VEHICLE-axis continuation lines are a different object and are not covered by this sentence: a rule on that axis moves how much of the deployed stock is electric, so it moves the kilowatt hours as well as the carbon, and the movement is reported rather than gated."
V33_POLICY_CONDITIONAL,REAL_CAPACITY_FHWA_MV1_2024_REGISTERED_AUTOMOBILES_AND_STI_V2_INTERSECTIONS,direct_co2_kg,2045,sum over the 51 entries,0.21,1084954639.6776435,1400546036.7158809,1783777552.215503,1431520726.0399697,0.24408410574362424,0.9783623885001131,"Not priced by this interval: the deployment scale, held at 30 per cent of registered automobiles and 30 per cent of signalized intersections by 2075 in every draw, against its own declared range of 15 to 45 per cent -- the model is exactly linear in that scale, so the two declared levels are delivered beside the interval as named lines, each of them the central rescaled, and never as width; the reading of the statutory floor itself, held at the statutory-targets-honoured reading in every draw, with the enforceable-standard reading delivered beside the interval as a named line rather than as width; the vehicle load model, held at the inherited one, with the single paired dynamometer measurement in the build's own precedent table delivered beside the interval as a named measured-load line; the computing workload growth of 2 per cent a year and the hardware efficiency floor of 0.25, neither of which is drawn or varied anywhere in this build; and the published market case, held at the policy state the interval is conditional on and carried as a named line.  The post-2050 continuation rule IS inside this interval: every electricity member continues along its own 2045-2050 slope at a decreasing rate after 2050 with the enacted statutory floors applied on top, and the linear trend and frozen continuations are delivered beside the interval as named lines.  The fuel-to-direct-current conversion coefficient IS priced here: it is drawn triangular on the declared list, support 0.17 to 0.2744 with its mode at the delivered central 0.21, so the two registered branches are the endpoints of the support this interval samples rather than values outside it, and each of them is also delivered as a named line.","The electricity-scenario axis changes the carbon content of a kilowatt hour, not the number of kilowatt hours.  Its contribution to the energy interval is therefore exactly zero, and an energy figure must not be captioned as though the electricity axis were inside it.  The same holds for the post-2050 continuation rule ON THAT AXIS and for the reading of the statutory floor: the delivered central, the two electricity-axis continuation lines and the enforceable-standard line carry the same energy in every entry and in every year, bitwise, and they part company only in carbon.  The two VEHICLE-axis continuation lines are a different object and are not covered by this sentence: a rule on that axis moves how much of the deployed stock is electric, so it moves the kilowatt hours as well as the carbon, and the movement is reported rather than gated."
V33_POLICY_CONDITIONAL,REAL_CAPACITY_FHWA_MV1_2024_REGISTERED_AUTOMOBILES_AND_STI_V2_INTERSECTIONS,direct_co2_kg,2046,sum over the 51 entries,0.21,1164286105.5049257,1502276695.5566754,1912712446.73006,1531215537.7492597,0.24438961164319475,0.9811007389363867,"Not priced by this interval: the deployment scale, held at 30 per cent of registered automobiles and 30 per cent of signalized intersections by 2075 in every draw, against its own declared range of 15 to 45 per cent -- the model is exactly linear in that scale, so the two declared levels are delivered beside the interval as named lines, each of them the central rescaled, and never as width; the reading of the statutory floor itself, held at the statutory-targets-honoured reading in every draw, with the enforceable-standard reading delivered beside the interval as a named line rather than as width; the vehicle load model, held at the inherited one, with the single paired dynamometer measurement in the build's own precedent table delivered beside the interval as a named measured-load line; the computing workload growth of 2 per cent a year and the hardware efficiency floor of 0.25, neither of which is drawn or varied anywhere in this build; and the published market case, held at the policy state the interval is conditional on and carried as a named line.  The post-2050 continuation rule IS inside this interval: every electricity member continues along its own 2045-2050 slope at a decreasing rate after 2050 with the enacted statutory floors applied on top, and the linear trend and frozen continuations are delivered beside the interval as named lines.  The fuel-to-direct-current conversion coefficient IS priced here: it is drawn triangular on the declared list, support 0.17 to 0.2744 with its mode at the delivered central 0.21, so the two registered branches are the endpoints of the support this interval samples rather than values outside it, and each of them is also delivered as a named line.","The electricity-scenario axis changes the carbon content of a kilowatt hour, not the number of kilowatt hours.  Its contribution to the energy interval is therefore exactly zero, and an energy figure must not be captioned as though the electricity axis were inside it.  The same holds for the post-2050 continuation rule ON THAT AXIS and for the reading of the statutory floor: the delivered central, the two electricity-axis continuation lines and the enforceable-standard line carry the same energy in every entry and in every year, bitwise, and they part company only in carbon.  The two VEHICLE-axis continuation lines are a different object and are not covered by this sentence: a rule on that axis moves how much of the deployed stock is electric, so it moves the kilowatt hours as well as the carbon, and the movement is reported rather than gated."
V33_POLICY_CONDITIONAL,REAL_CAPACITY_FHWA_MV1_2024_REGISTERED_AUTOMOBILES_AND_STI_V2_INTERSECTIONS,direct_co2_kg,2047,sum over the 51 entries,0.21,1247289520.9702768,1610281347.081942,2046644038.078651,1636223365.0235608,0.24426815256267406,0.9841451854947414,"Not priced by this interval: the deployment scale, held at 30 per cent of registered automobiles and 30 per cent of signalized intersections by 2075 in every draw, against its own declared range of 15 to 45 per cent -- the model is exactly linear in that scale, so the two declared levels are delivered beside the interval as named lines, each of them the central rescaled, and never as width; the reading of the statutory floor itself, held at the statutory-targets-honoured reading in every draw, with the enforceable-standard reading delivered beside the interval as a named line rather than as width; the vehicle load model, held at the inherited one, with the single paired dynamometer measurement in the build's own precedent table delivered beside the interval as a named measured-load line; the computing workload growth of 2 per cent a year and the hardware efficiency floor of 0.25, neither of which is drawn or varied anywhere in this build; and the published market case, held at the policy state the interval is conditional on and carried as a named line.  The post-2050 continuation rule IS inside this interval: every electricity member continues along its own 2045-2050 slope at a decreasing rate after 2050 with the enacted statutory floors applied on top, and the linear trend and frozen continuations are delivered beside the interval as named lines.  The fuel-to-direct-current conversion coefficient IS priced here: it is drawn triangular on the declared list, support 0.17 to 0.2744 with its mode at the delivered central 0.21, so the two registered branches are the endpoints of the support this interval samples rather than values outside it, and each of them is also delivered as a named line.","The electricity-scenario axis changes the carbon content of a kilowatt hour, not the number of kilowatt hours.  Its contribution to the energy interval is therefore exactly zero, and an energy figure must not be captioned as though the electricity axis were inside it.  The same holds for the post-2050 continuation rule ON THAT AXIS and for the reading of the statutory floor: the delivered central, the two electricity-axis continuation lines and the enforceable-standard line carry the same energy in every entry and in every year, bitwise, and they part company only in carbon.  The two VEHICLE-axis continuation lines are a different object and are not covered by this sentence: a rule on that axis moves how much of the deployed stock is electric, so it moves the kilowatt hours as well as the carbon, and the movement is reported rather than gated."
V33_POLICY_CONDITIONAL,REAL_CAPACITY_FHWA_MV1_2024_REGISTERED_AUTOMOBILES_AND_STI_V2_INTERSECTIONS,direct_co2_kg,2048,sum over the 51 entries,0.21,1332738888.8267145,1722179347.7649412,2187894890.6059227,1746542128.2817762,0.24481402078188025,0.9860508486326621,"Not priced by this interval: the deployment scale, held at 30 per cent of registered automobiles and 30 per cent of signalized intersections by 2075 in every draw, against its own declared range of 15 to 45 per cent -- the model is exactly linear in that scale, so the two declared levels are delivered beside the interval as named lines, each of them the central rescaled, and never as width; the reading of the statutory floor itself, held at the statutory-targets-honoured reading in every draw, with the enforceable-standard reading delivered beside the interval as a named line rather than as width; the vehicle load model, held at the inherited one, with the single paired dynamometer measurement in the build's own precedent table delivered beside the interval as a named measured-load line; the computing workload growth of 2 per cent a year and the hardware efficiency floor of 0.25, neither of which is drawn or varied anywhere in this build; and the published market case, held at the policy state the interval is conditional on and carried as a named line.  The post-2050 continuation rule IS inside this interval: every electricity member continues along its own 2045-2050 slope at a decreasing rate after 2050 with the enacted statutory floors applied on top, and the linear trend and frozen continuations are delivered beside the interval as named lines.  The fuel-to-direct-current conversion coefficient IS priced here: it is drawn triangular on the declared list, support 0.17 to 0.2744 with its mode at the delivered central 0.21, so the two registered branches are the endpoints of the support this interval samples rather than values outside it, and each of them is also delivered as a named line.","The electricity-scenario axis changes the carbon content of a kilowatt hour, not the number of kilowatt hours.  Its contribution to the energy interval is therefore exactly zero, and an energy figure must not be captioned as though the electricity axis were inside it.  The same holds for the post-2050 continuation rule ON THAT AXIS and for the reading of the statutory floor: the delivered central, the two electricity-axis continuation lines and the enforceable-standard line carry the same energy in every entry and in every year, bitwise, and they part company only in carbon.  The two VEHICLE-axis continuation lines are a different object and are not covered by this sentence: a rule on that axis moves how much of the deployed stock is electric, so it moves the kilowatt hours as well as the carbon, and the movement is reported rather than gated."
V33_POLICY_CONDITIONAL,REAL_CAPACITY_FHWA_MV1_2024_REGISTERED_AUTOMOBILES_AND_STI_V2_INTERSECTIONS,direct_co2_kg,2049,sum over the 51 entries,0.21,1422181845.9293356,1838714262.4386535,2340795385.6354938,1862676382.359948,0.24658430965402212,0.9871356505358514,"Not priced by this interval: the deployment scale, held at 30 per cent of registered automobiles and 30 per cent of signalized intersections by 2075 in every draw, against its own declared range of 15 to 45 per cent -- the model is exactly linear in that scale, so the two declared levels are delivered beside the interval as named lines, each of them the central rescaled, and never as width; the reading of the statutory floor itself, held at the statutory-targets-honoured reading in every draw, with the enforceable-standard reading delivered beside the interval as a named line rather than as width; the vehicle load model, held at the inherited one, with the single paired dynamometer measurement in the build's own precedent table delivered beside the interval as a named measured-load line; the computing workload growth of 2 per cent a year and the hardware efficiency floor of 0.25, neither of which is drawn or varied anywhere in this build; and the published market case, held at the policy state the interval is conditional on and carried as a named line.  The post-2050 continuation rule IS inside this interval: every electricity member continues along its own 2045-2050 slope at a decreasing rate after 2050 with the enacted statutory floors applied on top, and the linear trend and frozen continuations are delivered beside the interval as named lines.  The fuel-to-direct-current conversion coefficient IS priced here: it is drawn triangular on the declared list, support 0.17 to 0.2744 with its mode at the delivered central 0.21, so the two registered branches are the endpoints of the support this interval samples rather than values outside it, and each of them is also delivered as a named line.","The electricity-scenario axis changes the carbon content of a kilowatt hour, not the number of kilowatt hours.  Its contribution to the energy interval is therefore exactly zero, and an energy figure must not be captioned as though the electricity axis were inside it.  The same holds for the post-2050 continuation rule ON THAT AXIS and for the reading of the statutory floor: the delivered central, the two electricity-axis continuation lines and the enforceable-standard line carry the same energy in every entry and in every year, bitwise, and they part company only in carbon.  The two VEHICLE-axis continuation lines are a different object and are not covered by this sentence: a rule on that axis moves how much of the deployed stock is electric, so it moves the kilowatt hours as well as the carbon, and the movement is reported rather than gated."
V33_POLICY_CONDITIONAL,REAL_CAPACITY_FHWA_MV1_2024_REGISTERED_AUTOMOBILES_AND_STI_V2_INTERSECTIONS,direct_co2_kg,2050,sum over the 51 entries,0.21,1505620667.722021,1949491427.2159128,2479113283.531428,1972226476.4302278,0.24680041248899803,0.9884723942782343,"Not priced by this interval: the deployment scale, held at 30 per cent of registered automobiles and 30 per cent of signalized intersections by 2075 in every draw, against its own declared range of 15 to 45 per cent -- the model is exactly linear in that scale, so the two declared levels are delivered beside the interval as named lines, each of them the central rescaled, and never as width; the reading of the statutory floor itself, held at the statutory-targets-honoured reading in every draw, with the enforceable-standard reading delivered beside the interval as a named line rather than as width; the vehicle load model, held at the inherited one, with the single paired dynamometer measurement in the build's own precedent table delivered beside the interval as a named measured-load line; the computing workload growth of 2 per cent a year and the hardware efficiency floor of 0.25, neither of which is drawn or varied anywhere in this build; and the published market case, held at the policy state the interval is conditional on and carried as a named line.  The post-2050 continuation rule IS inside this interval: every electricity member continues along its own 2045-2050 slope at a decreasing rate after 2050 with the enacted statutory floors applied on top, and the linear trend and frozen continuations are delivered beside the interval as named lines.  The fuel-to-direct-current conversion coefficient IS priced here: it is drawn triangular on the declared list, support 0.17 to 0.2744 with its mode at the delivered central 0.21, so the two registered branches are the endpoints of the support this interval samples rather than values outside it, and each of them is also delivered as a named line.","The electricity-scenario axis changes the carbon content of a kilowatt hour, not the number of kilowatt hours.  Its contribution to the energy interval is therefore exactly zero, and an energy figure must not be captioned as though the electricity axis were inside it.  The same holds for the post-2050 continuation rule ON THAT AXIS and for the reading of the statutory floor: the delivered central, the two electricity-axis continuation lines and the enforceable-standard line carry the same energy in every entry and in every year, bitwise, and they part company only in carbon.  The two VEHICLE-axis continuation lines are a different object and are not covered by this sentence: a rule on that axis moves how much of the deployed stock is electric, so it moves the kilowatt hours as well as the carbon, and the movement is reported rather than gated."
V33_POLICY_CONDITIONAL,REAL_CAPACITY_FHWA_MV1_2024_REGISTERED_AUTOMOBILES_AND_STI_V2_INTERSECTIONS,direct_co2_kg,2051,sum over the 51 entries,0.21,1597260166.5635905,2067009644.9167733,2629895967.132092,2088617699.4409182,0.24720555629805246,0.9896543754608951,"Not priced by this interval: the deployment scale, held at 30 per cent of registered automobiles and 30 per cent of signalized intersections by 2075 in every draw, against its own declared range of 15 to 45 per cent -- the model is exactly linear in that scale, so the two declared levels are delivered beside the interval as named lines, each of them the central rescaled, and never as width; the reading of the statutory floor itself, held at the statutory-targets-honoured reading in every draw, with the enforceable-standard reading delivered beside the interval as a named line rather than as width; the vehicle load model, held at the inherited one, with the single paired dynamometer measurement in the build's own precedent table delivered beside the interval as a named measured-load line; the computing workload growth of 2 per cent a year and the hardware efficiency floor of 0.25, neither of which is drawn or varied anywhere in this build; and the published market case, held at the policy state the interval is conditional on and carried as a named line.  The post-2050 continuation rule IS inside this interval: every electricity member continues along its own 2045-2050 slope at a decreasing rate after 2050 with the enacted statutory floors applied on top, and the linear trend and frozen continuations are delivered beside the interval as named lines.  The fuel-to-direct-current conversion coefficient IS priced here: it is drawn triangular on the declared list, support 0.17 to 0.2744 with its mode at the delivered central 0.21, so the two registered branches are the endpoints of the support this interval samples rather than values outside it, and each of them is also delivered as a named line.","The electricity-scenario axis changes the carbon content of a kilowatt hour, not the number of kilowatt hours.  Its contribution to the energy interval is therefore exactly zero, and an energy figure must not be captioned as though the electricity axis were inside it.  The same holds for the post-2050 continuation rule ON THAT AXIS and for the reading of the statutory floor: the delivered central, the two electricity-axis continuation lines and the enforceable-standard line carry the same energy in every entry and in every year, bitwise, and they part company only in carbon.  The two VEHICLE-axis continuation lines are a different object and are not covered by this sentence: a rule on that axis moves how much of the deployed stock is electric, so it moves the kilowatt hours as well as the carbon, and the movement is reported rather than gated."
V33_POLICY_CONDITIONAL,REAL_CAPACITY_FHWA_MV1_2024_REGISTERED_AUTOMOBILES_AND_STI_V2_INTERSECTIONS,direct_co2_kg,2052,sum over the 51 entries,0.21,1688594116.9842634,2186344653.653207,2779751625.3063326,2208222009.448206,0.24706698503442806,0.9900927734161721,"Not priced by this interval: the deployment scale, held at 30 per cent of registered automobiles and 30 per cent of signalized intersections by 2075 in every draw, against its own declared range of 15 to 45 per cent -- the model is exactly linear in that scale, so the two declared levels are delivered beside the interval as named lines, each of them the central rescaled, and never as width; the reading of the statutory floor itself, held at the statutory-targets-honoured reading in every draw, with the enforceable-standard reading delivered beside the interval as a named line rather than as width; the vehicle load model, held at the inherited one, with the single paired dynamometer measurement in the build's own precedent table delivered beside the interval as a named measured-load line; the computing workload growth of 2 per cent a year and the hardware efficiency floor of 0.25, neither of which is drawn or varied anywhere in this build; and the published market case, held at the policy state the interval is conditional on and carried as a named line.  The post-2050 continuation rule IS inside this interval: every electricity member continues along its own 2045-2050 slope at a decreasing rate after 2050 with the enacted statutory floors applied on top, and the linear trend and frozen continuations are delivered beside the interval as named lines.  The fuel-to-direct-current conversion coefficient IS priced here: it is drawn triangular on the declared list, support 0.17 to 0.2744 with its mode at the delivered central 0.21, so the two registered branches are the endpoints of the support this interval samples rather than values outside it, and each of them is also delivered as a named line.","The electricity-scenario axis changes the carbon content of a kilowatt hour, not the number of kilowatt hours.  Its contribution to the energy interval is therefore exactly zero, and an energy figure must not be captioned as though the electricity axis were inside it.  The same holds for the post-2050 continuation rule ON THAT AXIS and for the reading of the statutory floor: the delivered central, the two electricity-axis continuation lines and the enforceable-standard line carry the same energy in every entry and in every year, bitwise, and they part company only in carbon.  The two VEHICLE-axis continuation lines are a different object and are not covered by this sentence: a rule on that axis moves how much of the deployed stock is electric, so it moves the kilowatt hours as well as the carbon, and the movement is reported rather than gated."
V33_POLICY_CONDITIONAL,REAL_CAPACITY_FHWA_MV1_2024_REGISTERED_AUTOMOBILES_AND_STI_V2_INTERSECTIONS,direct_co2_kg,2053,sum over the 51 entries,0.21,1783365819.2022967,2306683937.844372,2930406984.405737,2330309609.657519,0.24611346931106262,0.9898615738804685,"Not priced by this interval: the deployment scale, held at 30 per cent of registered automobiles and 30 per cent of signalized intersections by 2075 in every draw, against its own declared range of 15 to 45 per cent -- the model is exactly linear in that scale, so the two declared levels are delivered beside the interval as named lines, each of them the central rescaled, and never as width; the reading of the statutory floor itself, held at the statutory-targets-honoured reading in every draw, with the enforceable-standard reading delivered beside the interval as a named line rather than as width; the vehicle load model, held at the inherited one, with the single paired dynamometer measurement in the build's own precedent table delivered beside the interval as a named measured-load line; the computing workload growth of 2 per cent a year and the hardware efficiency floor of 0.25, neither of which is drawn or varied anywhere in this build; and the published market case, held at the policy state the interval is conditional on and carried as a named line.  The post-2050 continuation rule IS inside this interval: every electricity member continues along its own 2045-2050 slope at a decreasing rate after 2050 with the enacted statutory floors applied on top, and the linear trend and frozen continuations are delivered beside the interval as named lines.  The fuel-to-direct-current conversion coefficient IS priced here: it is drawn triangular on the declared list, support 0.17 to 0.2744 with its mode at the delivered central 0.21, so the two registered branches are the endpoints of the support this interval samples rather than values outside it, and each of them is also delivered as a named line.","The electricity-scenario axis changes the carbon content of a kilowatt hour, not the number of kilowatt hours.  Its contribution to the energy interval is therefore exactly zero, and an energy figure must not be captioned as though the electricity axis were inside it.  The same holds for the post-2050 continuation rule ON THAT AXIS and for the reading of the statutory floor: the delivered central, the two electricity-axis continuation lines and the enforceable-standard line carry the same energy in every entry and in every year, bitwise, and they part company only in carbon.  The two VEHICLE-axis continuation lines are a different object and are not covered by this sentence: a rule on that axis moves how much of the deployed stock is electric, so it moves the kilowatt hours as well as the carbon, and the movement is reported rather than gated."
V33_POLICY_CONDITIONAL,REAL_CAPACITY_FHWA_MV1_2024_REGISTERED_AUTOMOBILES_AND_STI_V2_INTERSECTIONS,direct_co2_kg,2054,sum over the 51 entries,0.21,1879733336.7027595,2429890566.2445974,3084462651.1514783,2454152046.113423,0.2454471629735854,0.9901141089007718,"Not priced by this interval: the deployment scale, held at 30 per cent of registered automobiles and 30 per cent of signalized intersections by 2075 in every draw, against its own declared range of 15 to 45 per cent -- the model is exactly linear in that scale, so the two declared levels are delivered beside the interval as named lines, each of them the central rescaled, and never as width; the reading of the statutory floor itself, held at the statutory-targets-honoured reading in every draw, with the enforceable-standard reading delivered beside the interval as a named line rather than as width; the vehicle load model, held at the inherited one, with the single paired dynamometer measurement in the build's own precedent table delivered beside the interval as a named measured-load line; the computing workload growth of 2 per cent a year and the hardware efficiency floor of 0.25, neither of which is drawn or varied anywhere in this build; and the published market case, held at the policy state the interval is conditional on and carried as a named line.  The post-2050 continuation rule IS inside this interval: every electricity member continues along its own 2045-2050 slope at a decreasing rate after 2050 with the enacted statutory floors applied on top, and the linear trend and frozen continuations are delivered beside the interval as named lines.  The fuel-to-direct-current conversion coefficient IS priced here: it is drawn triangular on the declared list, support 0.17 to 0.2744 with its mode at the delivered central 0.21, so the two registered branches are the endpoints of the support this interval samples rather than values outside it, and each of them is also delivered as a named line.","The electricity-scenario axis changes the carbon content of a kilowatt hour, not the number of kilowatt hours.  Its contribution to the energy interval is therefore exactly zero, and an energy figure must not be captioned as though the electricity axis were inside it.  The same holds for the post-2050 continuation rule ON THAT AXIS and for the reading of the statutory floor: the delivered central, the two electricity-axis continuation lines and the enforceable-standard line carry the same energy in every entry and in every year, bitwise, and they part company only in carbon.  The two VEHICLE-axis continuation lines are a different object and are not covered by this sentence: a rule on that axis moves how much of the deployed stock is electric, so it moves the kilowatt hours as well as the carbon, and the movement is reported rather than gated."
V33_POLICY_CONDITIONAL,REAL_CAPACITY_FHWA_MV1_2024_REGISTERED_AUTOMOBILES_AND_STI_V2_INTERSECTIONS,direct_co2_kg,2055,sum over the 51 entries,0.21,1971250051.313621,2551003914.3184195,3240297470.784,2579153243.5601087,0.24602016623848644,0.9890858252366449,"Not priced by this interval: the deployment scale, held at 30 per cent of registered automobiles and 30 per cent of signalized intersections by 2075 in every draw, against its own declared range of 15 to 45 per cent -- the model is exactly linear in that scale, so the two declared levels are delivered beside the interval as named lines, each of them the central rescaled, and never as width; the reading of the statutory floor itself, held at the statutory-targets-honoured reading in every draw, with the enforceable-standard reading delivered beside the interval as a named line rather than as width; the vehicle load model, held at the inherited one, with the single paired dynamometer measurement in the build's own precedent table delivered beside the interval as a named measured-load line; the computing workload growth of 2 per cent a year and the hardware efficiency floor of 0.25, neither of which is drawn or varied anywhere in this build; and the published market case, held at the policy state the interval is conditional on and carried as a named line.  The post-2050 continuation rule IS inside this interval: every electricity member continues along its own 2045-2050 slope at a decreasing rate after 2050 with the enacted statutory floors applied on top, and the linear trend and frozen continuations are delivered beside the interval as named lines.  The fuel-to-direct-current conversion coefficient IS priced here: it is drawn triangular on the declared list, support 0.17 to 0.2744 with its mode at the delivered central 0.21, so the two registered branches are the endpoints of the support this interval samples rather than values outside it, and each of them is also delivered as a named line.","The electricity-scenario axis changes the carbon content of a kilowatt hour, not the number of kilowatt hours.  Its contribution to the energy interval is therefore exactly zero, and an energy figure must not be captioned as though the electricity axis were inside it.  The same holds for the post-2050 continuation rule ON THAT AXIS and for the reading of the statutory floor: the delivered central, the two electricity-axis continuation lines and the enforceable-standard line carry the same energy in every entry and in every year, bitwise, and they part company only in carbon.  The two VEHICLE-axis continuation lines are a different object and are not covered by this sentence: a rule on that axis moves how much of the deployed stock is electric, so it moves the kilowatt hours as well as the carbon, and the movement is reported rather than gated."
V33_POLICY_CONDITIONAL,REAL_CAPACITY_FHWA_MV1_2024_REGISTERED_AUTOMOBILES_AND_STI_V2_INTERSECTIONS,direct_co2_kg,2056,sum over the 51 entries,0.21,2067415307.5953977,2674745027.498706,3394167782.3784127,2704720238.515402,0.24526611955831304,0.9889174449209767,"Not priced by this interval: the deployment scale, held at 30 per cent of registered automobiles and 30 per cent of signalized intersections by 2075 in every draw, against its own declared range of 15 to 45 per cent -- the model is exactly linear in that scale, so the two declared levels are delivered beside the interval as named lines, each of them the central rescaled, and never as width; the reading of the statutory floor itself, held at the statutory-targets-honoured reading in every draw, with the enforceable-standard reading delivered beside the interval as a named line rather than as width; the vehicle load model, held at the inherited one, with the single paired dynamometer measurement in the build's own precedent table delivered beside the interval as a named measured-load line; the computing workload growth of 2 per cent a year and the hardware efficiency floor of 0.25, neither of which is drawn or varied anywhere in this build; and the published market case, held at the policy state the interval is conditional on and carried as a named line.  The post-2050 continuation rule IS inside this interval: every electricity member continues along its own 2045-2050 slope at a decreasing rate after 2050 with the enacted statutory floors applied on top, and the linear trend and frozen continuations are delivered beside the interval as named lines.  The fuel-to-direct-current conversion coefficient IS priced here: it is drawn triangular on the declared list, support 0.17 to 0.2744 with its mode at the delivered central 0.21, so the two registered branches are the endpoints of the support this interval samples rather than values outside it, and each of them is also delivered as a named line.","The electricity-scenario axis changes the carbon content of a kilowatt hour, not the number of kilowatt hours.  Its contribution to the energy interval is therefore exactly zero, and an energy figure must not be captioned as though the electricity axis were inside it.  The same holds for the post-2050 continuation rule ON THAT AXIS and for the reading of the statutory floor: the delivered central, the two electricity-axis continuation lines and the enforceable-standard line carry the same energy in every entry and in every year, bitwise, and they part company only in carbon.  The two VEHICLE-axis continuation lines are a different object and are not covered by this sentence: a rule on that axis moves how much of the deployed stock is electric, so it moves the kilowatt hours as well as the carbon, and the movement is reported rather than gated."
V33_POLICY_CONDITIONAL,REAL_CAPACITY_FHWA_MV1_2024_REGISTERED_AUTOMOBILES_AND_STI_V2_INTERSECTIONS,direct_co2_kg,2057,sum over the 51 entries,0.21,2161489430.952949,2798127531.9170923,3553002704.6316886,2830079090.6993337,0.24584353106097934,0.9887100120674204,"Not priced by this interval: the deployment scale, held at 30 per cent of registered automobiles and 30 per cent of signalized intersections by 2075 in every draw, against its own declared range of 15 to 45 per cent -- the model is exactly linear in that scale, so the two declared levels are delivered beside the interval as named lines, each of them the central rescaled, and never as width; the reading of the statutory floor itself, held at the statutory-targets-honoured reading in every draw, with the enforceable-standard reading delivered beside the interval as a named line rather than as width; the vehicle load model, held at the inherited one, with the single paired dynamometer measurement in the build's own precedent table delivered beside the interval as a named measured-load line; the computing workload growth of 2 per cent a year and the hardware efficiency floor of 0.25, neither of which is drawn or varied anywhere in this build; and the published market case, held at the policy state the interval is conditional on and carried as a named line.  The post-2050 continuation rule IS inside this interval: every electricity member continues along its own 2045-2050 slope at a decreasing rate after 2050 with the enacted statutory floors applied on top, and the linear trend and frozen continuations are delivered beside the interval as named lines.  The fuel-to-direct-current conversion coefficient IS priced here: it is drawn triangular on the declared list, support 0.17 to 0.2744 with its mode at the delivered central 0.21, so the two registered branches are the endpoints of the support this interval samples rather than values outside it, and each of them is also delivered as a named line.","The electricity-scenario axis changes the carbon content of a kilowatt hour, not the number of kilowatt hours.  Its contribution to the energy interval is therefore exactly zero, and an energy figure must not be captioned as though the electricity axis were inside it.  The same holds for the post-2050 continuation rule ON THAT AXIS and for the reading of the statutory floor: the delivered central, the two electricity-axis continuation lines and the enforceable-standard line carry the same energy in every entry and in every year, bitwise, and they part company only in carbon.  The two VEHICLE-axis continuation lines are a different object and are not covered by this sentence: a rule on that axis moves how much of the deployed stock is electric, so it moves the kilowatt hours as well as the carbon, and the movement is reported rather than gated."
V33_POLICY_CONDITIONAL,REAL_CAPACITY_FHWA_MV1_2024_REGISTERED_AUTOMOBILES_AND_STI_V2_INTERSECTIONS,direct_co2_kg,2058,sum over the 51 entries,0.21,2255015046.068488,2920505374.5237875,3706375794.856919,2954641151.8796396,0.2456069407726765,0.9884467264885497,"Not priced by this interval: the deployment scale, held at 30 per cent of registered automobiles and 30 per cent of signalized intersections by 2075 in every draw, against its own declared range of 15 to 45 per cent -- the model is exactly linear in that scale, so the two declared levels are delivered beside the interval as named lines, each of them the central rescaled, and never as width; the reading of the statutory floor itself, held at the statutory-targets-honoured reading in every draw, with the enforceable-standard reading delivered beside the interval as a named line rather than as width; the vehicle load model, held at the inherited one, with the single paired dynamometer measurement in the build's own precedent table delivered beside the interval as a named measured-load line; the computing workload growth of 2 per cent a year and the hardware efficiency floor of 0.25, neither of which is drawn or varied anywhere in this build; and the published market case, held at the policy state the interval is conditional on and carried as a named line.  The post-2050 continuation rule IS inside this interval: every electricity member continues along its own 2045-2050 slope at a decreasing rate after 2050 with the enacted statutory floors applied on top, and the linear trend and frozen continuations are delivered beside the interval as named lines.  The fuel-to-direct-current conversion coefficient IS priced here: it is drawn triangular on the declared list, support 0.17 to 0.2744 with its mode at the delivered central 0.21, so the two registered branches are the endpoints of the support this interval samples rather than values outside it, and each of them is also delivered as a named line.","The electricity-scenario axis changes the carbon content of a kilowatt hour, not the number of kilowatt hours.  Its contribution to the energy interval is therefore exactly zero, and an energy figure must not be captioned as though the electricity axis were inside it.  The same holds for the post-2050 continuation rule ON THAT AXIS and for the reading of the statutory floor: the delivered central, the two electricity-axis continuation lines and the enforceable-standard line carry the same energy in every entry and in every year, bitwise, and they part company only in carbon.  The two VEHICLE-axis continuation lines are a different object and are not covered by this sentence: a rule on that axis moves how much of the deployed stock is electric, so it moves the kilowatt hours as well as the carbon, and the movement is reported rather than gated."
V33_POLICY_CONDITIONAL,REAL_CAPACITY_FHWA_MV1_2024_REGISTERED_AUTOMOBILES_AND_STI_V2_INTERSECTIONS,direct_co2_kg,2059,sum over the 51 entries,0.21,2349301839.169701,3041685001.1669164,3855384413.128568,3077680981.82661,0.24467814936832796,0.9883041871876109,"Not priced by this interval: the deployment scale, held at 30 per cent of registered automobiles and 30 per cent of signalized intersections by 2075 in every draw, against its own declared range of 15 to 45 per cent -- the model is exactly linear in that scale, so the two declared levels are delivered beside the interval as named lines, each of them the central rescaled, and never as width; the reading of the statutory floor itself, held at the statutory-targets-honoured reading in every draw, with the enforceable-standard reading delivered beside the interval as a named line rather than as width; the vehicle load model, held at the inherited one, with the single paired dynamometer measurement in the build's own precedent table delivered beside the interval as a named measured-load line; the computing workload growth of 2 per cent a year and the hardware efficiency floor of 0.25, neither of which is drawn or varied anywhere in this build; and the published market case, held at the policy state the interval is conditional on and carried as a named line.  The post-2050 continuation rule IS inside this interval: every electricity member continues along its own 2045-2050 slope at a decreasing rate after 2050 with the enacted statutory floors applied on top, and the linear trend and frozen continuations are delivered beside the interval as named lines.  The fuel-to-direct-current conversion coefficient IS priced here: it is drawn triangular on the declared list, support 0.17 to 0.2744 with its mode at the delivered central 0.21, so the two registered branches are the endpoints of the support this interval samples rather than values outside it, and each of them is also delivered as a named line.","The electricity-scenario axis changes the carbon content of a kilowatt hour, not the number of kilowatt hours.  Its contribution to the energy interval is therefore exactly zero, and an energy figure must not be captioned as though the electricity axis were inside it.  The same holds for the post-2050 continuation rule ON THAT AXIS and for the reading of the statutory floor: the delivered central, the two electricity-axis continuation lines and the enforceable-standard line carry the same energy in every entry and in every year, bitwise, and they part company only in carbon.  The two VEHICLE-axis continuation lines are a different object and are not covered by this sentence: a rule on that axis moves how much of the deployed stock is electric, so it moves the kilowatt hours as well as the carbon, and the movement is reported rather than gated."
V33_POLICY_CONDITIONAL,REAL_CAPACITY_FHWA_MV1_2024_REGISTERED_AUTOMOBILES_AND_STI_V2_INTERSECTIONS,direct_co2_kg,2060,sum over the 51 entries,0.21,2441647419.185903,3159625383.4373975,4000927349.789286,3198686354.964889,0.2437375468499941,0.9877884333777013,"Not priced by this interval: the deployment scale, held at 30 per cent of registered automobiles and 30 per cent of signalized intersections by 2075 in every draw, against its own declared range of 15 to 45 per cent -- the model is exactly linear in that scale, so the two declared levels are delivered beside the interval as named lines, each of them the central rescaled, and never as width; the reading of the statutory floor itself, held at the statutory-targets-honoured reading in every draw, with the enforceable-standard reading delivered beside the interval as a named line rather than as width; the vehicle load model, held at the inherited one, with the single paired dynamometer measurement in the build's own precedent table delivered beside the interval as a named measured-load line; the computing workload growth of 2 per cent a year and the hardware efficiency floor of 0.25, neither of which is drawn or varied anywhere in this build; and the published market case, held at the policy state the interval is conditional on and carried as a named line.  The post-2050 continuation rule IS inside this interval: every electricity member continues along its own 2045-2050 slope at a decreasing rate after 2050 with the enacted statutory floors applied on top, and the linear trend and frozen continuations are delivered beside the interval as named lines.  The fuel-to-direct-current conversion coefficient IS priced here: it is drawn triangular on the declared list, support 0.17 to 0.2744 with its mode at the delivered central 0.21, so the two registered branches are the endpoints of the support this interval samples rather than values outside it, and each of them is also delivered as a named line.","The electricity-scenario axis changes the carbon content of a kilowatt hour, not the number of kilowatt hours.  Its contribution to the energy interval is therefore exactly zero, and an energy figure must not be captioned as though the electricity axis were inside it.  The same holds for the post-2050 continuation rule ON THAT AXIS and for the reading of the statutory floor: the delivered central, the two electricity-axis continuation lines and the enforceable-standard line carry the same energy in every entry and in every year, bitwise, and they part company only in carbon.  The two VEHICLE-axis continuation lines are a different object and are not covered by this sentence: a rule on that axis moves how much of the deployed stock is electric, so it moves the kilowatt hours as well as the carbon, and the movement is reported rather than gated."
V33_POLICY_CONDITIONAL,REAL_CAPACITY_FHWA_MV1_2024_REGISTERED_AUTOMOBILES_AND_STI_V2_INTERSECTIONS,direct_co2_kg,2061,sum over the 51 entries,0.21,2533223962.245762,3275876269.908189,4149371124.9379663,3318284075.658178,0.24352151983426004,0.9872199592370411,"Not priced by this interval: the deployment scale, held at 30 per cent of registered automobiles and 30 per cent of signalized intersections by 2075 in every draw, against its own declared range of 15 to 45 per cent -- the model is exactly linear in that scale, so the two declared levels are delivered beside the interval as named lines, each of them the central rescaled, and never as width; the reading of the statutory floor itself, held at the statutory-targets-honoured reading in every draw, with the enforceable-standard reading delivered beside the interval as a named line rather than as width; the vehicle load model, held at the inherited one, with the single paired dynamometer measurement in the build's own precedent table delivered beside the interval as a named measured-load line; the computing workload growth of 2 per cent a year and the hardware efficiency floor of 0.25, neither of which is drawn or varied anywhere in this build; and the published market case, held at the policy state the interval is conditional on and carried as a named line.  The post-2050 continuation rule IS inside this interval: every electricity member continues along its own 2045-2050 slope at a decreasing rate after 2050 with the enacted statutory floors applied on top, and the linear trend and frozen continuations are delivered beside the interval as named lines.  The fuel-to-direct-current conversion coefficient IS priced here: it is drawn triangular on the declared list, support 0.17 to 0.2744 with its mode at the delivered central 0.21, so the two registered branches are the endpoints of the support this interval samples rather than values outside it, and each of them is also delivered as a named line.","The electricity-scenario axis changes the carbon content of a kilowatt hour, not the number of kilowatt hours.  Its contribution to the energy interval is therefore exactly zero, and an energy figure must not be captioned as though the electricity axis were inside it.  The same holds for the post-2050 continuation rule ON THAT AXIS and for the reading of the statutory floor: the delivered central, the two electricity-axis continuation lines and the enforceable-standard line carry the same energy in every entry and in every year, bitwise, and they part company only in carbon.  The two VEHICLE-axis continuation lines are a different object and are not covered by this sentence: a rule on that axis moves how much of the deployed stock is electric, so it moves the kilowatt hours as well as the carbon, and the movement is reported rather than gated."
V33_POLICY_CONDITIONAL,REAL_CAPACITY_FHWA_MV1_2024_REGISTERED_AUTOMOBILES_AND_STI_V2_INTERSECTIONS,direct_co2_kg,2062,sum over the 51 entries,0.21,2623520511.1901493,3393502236.704107,4300764671.787796,3436938512.5516467,0.24400264282767598,0.9873619281552721,"Not priced by this interval: the deployment scale, held at 30 per cent of registered automobiles and 30 per cent of signalized intersections by 2075 in every draw, against its own declared range of 15 to 45 per cent -- the model is exactly linear in that scale, so the two declared levels are delivered beside the interval as named lines, each of them the central rescaled, and never as width; the reading of the statutory floor itself, held at the statutory-targets-honoured reading in every draw, with the enforceable-standard reading delivered beside the interval as a named line rather than as width; the vehicle load model, held at the inherited one, with the single paired dynamometer measurement in the build's own precedent table delivered beside the interval as a named measured-load line; the computing workload growth of 2 per cent a year and the hardware efficiency floor of 0.25, neither of which is drawn or varied anywhere in this build; and the published market case, held at the policy state the interval is conditional on and carried as a named line.  The post-2050 continuation rule IS inside this interval: every electricity member continues along its own 2045-2050 slope at a decreasing rate after 2050 with the enacted statutory floors applied on top, and the linear trend and frozen continuations are delivered beside the interval as named lines.  The fuel-to-direct-current conversion coefficient IS priced here: it is drawn triangular on the declared list, support 0.17 to 0.2744 with its mode at the delivered central 0.21, so the two registered branches are the endpoints of the support this interval samples rather than values outside it, and each of them is also delivered as a named line.","The electricity-scenario axis changes the carbon content of a kilowatt hour, not the number of kilowatt hours.  Its contribution to the energy interval is therefore exactly zero, and an energy figure must not be captioned as though the electricity axis were inside it.  The same holds for the post-2050 continuation rule ON THAT AXIS and for the reading of the statutory floor: the delivered central, the two electricity-axis continuation lines and the enforceable-standard line carry the same energy in every entry and in every year, bitwise, and they part company only in carbon.  The two VEHICLE-axis continuation lines are a different object and are not covered by this sentence: a rule on that axis moves how much of the deployed stock is electric, so it moves the kilowatt hours as well as the carbon, and the movement is reported rather than gated."
V33_POLICY_CONDITIONAL,REAL_CAPACITY_FHWA_MV1_2024_REGISTERED_AUTOMOBILES_AND_STI_V2_INTERSECTIONS,direct_co2_kg,2063,sum over the 51 entries,0.21,2709453363.760897,3507629046.7117853,4445911497.075244,3552378091.0417747,0.24440784297331242,0.9874030738893376,"Not priced by this interval: the deployment scale, held at 30 per cent of registered automobiles and 30 per cent of signalized intersections by 2075 in every draw, against its own declared range of 15 to 45 per cent -- the model is exactly linear in that scale, so the two declared levels are delivered beside the interval as named lines, each of them the central rescaled, and never as width; the reading of the statutory floor itself, held at the statutory-targets-honoured reading in every draw, with the enforceable-standard reading delivered beside the interval as a named line rather than as width; the vehicle load model, held at the inherited one, with the single paired dynamometer measurement in the build's own precedent table delivered beside the interval as a named measured-load line; the computing workload growth of 2 per cent a year and the hardware efficiency floor of 0.25, neither of which is drawn or varied anywhere in this build; and the published market case, held at the policy state the interval is conditional on and carried as a named line.  The post-2050 continuation rule IS inside this interval: every electricity member continues along its own 2045-2050 slope at a decreasing rate after 2050 with the enacted statutory floors applied on top, and the linear trend and frozen continuations are delivered beside the interval as named lines.  The fuel-to-direct-current conversion coefficient IS priced here: it is drawn triangular on the declared list, support 0.17 to 0.2744 with its mode at the delivered central 0.21, so the two registered branches are the endpoints of the support this interval samples rather than values outside it, and each of them is also delivered as a named line.","The electricity-scenario axis changes the carbon content of a kilowatt hour, not the number of kilowatt hours.  Its contribution to the energy interval is therefore exactly zero, and an energy figure must not be captioned as though the electricity axis were inside it.  The same holds for the post-2050 continuation rule ON THAT AXIS and for the reading of the statutory floor: the delivered central, the two electricity-axis continuation lines and the enforceable-standard line carry the same energy in every entry and in every year, bitwise, and they part company only in carbon.  The two VEHICLE-axis continuation lines are a different object and are not covered by this sentence: a rule on that axis moves how much of the deployed stock is electric, so it moves the kilowatt hours as well as the carbon, and the movement is reported rather than gated."
V33_POLICY_CONDITIONAL,REAL_CAPACITY_FHWA_MV1_2024_REGISTERED_AUTOMOBILES_AND_STI_V2_INTERSECTIONS,direct_co2_kg,2064,sum over the 51 entries,0.21,2793495375.06568,3618736679.237098,4584206360.69743,3665141477.5518827,0.24428947649080224,0.9873388793859657,"Not priced by this interval: the deployment scale, held at 30 per cent of registered automobiles and 30 per cent of signalized intersections by 2075 in every draw, against its own declared range of 15 to 45 per cent -- the model is exactly linear in that scale, so the two declared levels are delivered beside the interval as named lines, each of them the central rescaled, and never as width; the reading of the statutory floor itself, held at the statutory-targets-honoured reading in every draw, with the enforceable-standard reading delivered beside the interval as a named line rather than as width; the vehicle load model, held at the inherited one, with the single paired dynamometer measurement in the build's own precedent table delivered beside the interval as a named measured-load line; the computing workload growth of 2 per cent a year and the hardware efficiency floor of 0.25, neither of which is drawn or varied anywhere in this build; and the published market case, held at the policy state the interval is conditional on and carried as a named line.  The post-2050 continuation rule IS inside this interval: every electricity member continues along its own 2045-2050 slope at a decreasing rate after 2050 with the enacted statutory floors applied on top, and the linear trend and frozen continuations are delivered beside the interval as named lines.  The fuel-to-direct-current conversion coefficient IS priced here: it is drawn triangular on the declared list, support 0.17 to 0.2744 with its mode at the delivered central 0.21, so the two registered branches are the endpoints of the support this interval samples rather than values outside it, and each of them is also delivered as a named line.","The electricity-scenario axis changes the carbon content of a kilowatt hour, not the number of kilowatt hours.  Its contribution to the energy interval is therefore exactly zero, and an energy figure must not be captioned as though the electricity axis were inside it.  The same holds for the post-2050 continuation rule ON THAT AXIS and for the reading of the statutory floor: the delivered central, the two electricity-axis continuation lines and the enforceable-standard line carry the same energy in every entry and in every year, bitwise, and they part company only in carbon.  The two VEHICLE-axis continuation lines are a different object and are not covered by this sentence: a rule on that axis moves how much of the deployed stock is electric, so it moves the kilowatt hours as well as the carbon, and the movement is reported rather than gated."
V33_POLICY_CONDITIONAL,REAL_CAPACITY_FHWA_MV1_2024_REGISTERED_AUTOMOBILES_AND_STI_V2_INTERSECTIONS,direct_co2_kg,2065,sum over the 51 entries,0.21,2876706054.088919,3724910304.8457212,4723334899.3273945,3774609566.1352983,0.2446119012951556,0.9868332709863652,"Not priced by this interval: the deployment scale, held at 30 per cent of registered automobiles and 30 per cent of signalized intersections by 2075 in every draw, against its own declared range of 15 to 45 per cent -- the model is exactly linear in that scale, so the two declared levels are delivered beside the interval as named lines, each of them the central rescaled, and never as width; the reading of the statutory floor itself, held at the statutory-targets-honoured reading in every draw, with the enforceable-standard reading delivered beside the interval as a named line rather than as width; the vehicle load model, held at the inherited one, with the single paired dynamometer measurement in the build's own precedent table delivered beside the interval as a named measured-load line; the computing workload growth of 2 per cent a year and the hardware efficiency floor of 0.25, neither of which is drawn or varied anywhere in this build; and the published market case, held at the policy state the interval is conditional on and carried as a named line.  The post-2050 continuation rule IS inside this interval: every electricity member continues along its own 2045-2050 slope at a decreasing rate after 2050 with the enacted statutory floors applied on top, and the linear trend and frozen continuations are delivered beside the interval as named lines.  The fuel-to-direct-current conversion coefficient IS priced here: it is drawn triangular on the declared list, support 0.17 to 0.2744 with its mode at the delivered central 0.21, so the two registered branches are the endpoints of the support this interval samples rather than values outside it, and each of them is also delivered as a named line.","The electricity-scenario axis changes the carbon content of a kilowatt hour, not the number of kilowatt hours.  Its contribution to the energy interval is therefore exactly zero, and an energy figure must not be captioned as though the electricity axis were inside it.  The same holds for the post-2050 continuation rule ON THAT AXIS and for the reading of the statutory floor: the delivered central, the two electricity-axis continuation lines and the enforceable-standard line carry the same energy in every entry and in every year, bitwise, and they part company only in carbon.  The two VEHICLE-axis continuation lines are a different object and are not covered by this sentence: a rule on that axis moves how much of the deployed stock is electric, so it moves the kilowatt hours as well as the carbon, and the movement is reported rather than gated."
V33_POLICY_CONDITIONAL,REAL_CAPACITY_FHWA_MV1_2024_REGISTERED_AUTOMOBILES_AND_STI_V2_INTERSECTIONS,direct_co2_kg,2066,sum over the 51 entries,0.21,2957559438.4361415,3827484167.6374817,4853982903.040877,3880091713.984133,0.24437869055644842,0.9864416745209785,"Not priced by this interval: the deployment scale, held at 30 per cent of registered automobiles and 30 per cent of signalized intersections by 2075 in every draw, against its own declared range of 15 to 45 per cent -- the model is exactly linear in that scale, so the two declared levels are delivered beside the interval as named lines, each of them the central rescaled, and never as width; the reading of the statutory floor itself, held at the statutory-targets-honoured reading in every draw, with the enforceable-standard reading delivered beside the interval as a named line rather than as width; the vehicle load model, held at the inherited one, with the single paired dynamometer measurement in the build's own precedent table delivered beside the interval as a named measured-load line; the computing workload growth of 2 per cent a year and the hardware efficiency floor of 0.25, neither of which is drawn or varied anywhere in this build; and the published market case, held at the policy state the interval is conditional on and carried as a named line.  The post-2050 continuation rule IS inside this interval: every electricity member continues along its own 2045-2050 slope at a decreasing rate after 2050 with the enacted statutory floors applied on top, and the linear trend and frozen continuations are delivered beside the interval as named lines.  The fuel-to-direct-current conversion coefficient IS priced here: it is drawn triangular on the declared list, support 0.17 to 0.2744 with its mode at the delivered central 0.21, so the two registered branches are the endpoints of the support this interval samples rather than values outside it, and each of them is also delivered as a named line.","The electricity-scenario axis changes the carbon content of a kilowatt hour, not the number of kilowatt hours.  Its contribution to the energy interval is therefore exactly zero, and an energy figure must not be captioned as though the electricity axis were inside it.  The same holds for the post-2050 continuation rule ON THAT AXIS and for the reading of the statutory floor: the delivered central, the two electricity-axis continuation lines and the enforceable-standard line carry the same energy in every entry and in every year, bitwise, and they part company only in carbon.  The two VEHICLE-axis continuation lines are a different object and are not covered by this sentence: a rule on that axis moves how much of the deployed stock is electric, so it moves the kilowatt hours as well as the carbon, and the movement is reported rather than gated."
V33_POLICY_CONDITIONAL,REAL_CAPACITY_FHWA_MV1_2024_REGISTERED_AUTOMOBILES_AND_STI_V2_INTERSECTIONS,direct_co2_kg,2067,sum over the 51 entries,0.21,3032144404.0168433,3927356618.2942915,4976834298.490187,3981006174.3506484,0.2442460284290499,0.9865236189780319,"Not priced by this interval: the deployment scale, held at 30 per cent of registered automobiles and 30 per cent of signalized intersections by 2075 in every draw, against its own declared range of 15 to 45 per cent -- the model is exactly linear in that scale, so the two declared levels are delivered beside the interval as named lines, each of them the central rescaled, and never as width; the reading of the statutory floor itself, held at the statutory-targets-honoured reading in every draw, with the enforceable-standard reading delivered beside the interval as a named line rather than as width; the vehicle load model, held at the inherited one, with the single paired dynamometer measurement in the build's own precedent table delivered beside the interval as a named measured-load line; the computing workload growth of 2 per cent a year and the hardware efficiency floor of 0.25, neither of which is drawn or varied anywhere in this build; and the published market case, held at the policy state the interval is conditional on and carried as a named line.  The post-2050 continuation rule IS inside this interval: every electricity member continues along its own 2045-2050 slope at a decreasing rate after 2050 with the enacted statutory floors applied on top, and the linear trend and frozen continuations are delivered beside the interval as named lines.  The fuel-to-direct-current conversion coefficient IS priced here: it is drawn triangular on the declared list, support 0.17 to 0.2744 with its mode at the delivered central 0.21, so the two registered branches are the endpoints of the support this interval samples rather than values outside it, and each of them is also delivered as a named line.","The electricity-scenario axis changes the carbon content of a kilowatt hour, not the number of kilowatt hours.  Its contribution to the energy interval is therefore exactly zero, and an energy figure must not be captioned as though the electricity axis were inside it.  The same holds for the post-2050 continuation rule ON THAT AXIS and for the reading of the statutory floor: the delivered central, the two electricity-axis continuation lines and the enforceable-standard line carry the same energy in every entry and in every year, bitwise, and they part company only in carbon.  The two VEHICLE-axis continuation lines are a different object and are not covered by this sentence: a rule on that axis moves how much of the deployed stock is electric, so it moves the kilowatt hours as well as the carbon, and the movement is reported rather than gated."
V33_POLICY_CONDITIONAL,REAL_CAPACITY_FHWA_MV1_2024_REGISTERED_AUTOMOBILES_AND_STI_V2_INTERSECTIONS,direct_co2_kg,2068,sum over the 51 entries,0.21,3105060695.1275077,4021726697.937704,5096299169.513891,4076732260.6459312,0.24421992260915423,0.9865074380186273,"Not priced by this interval: the deployment scale, held at 30 per cent of registered automobiles and 30 per cent of signalized intersections by 2075 in every draw, against its own declared range of 15 to 45 per cent -- the model is exactly linear in that scale, so the two declared levels are delivered beside the interval as named lines, each of them the central rescaled, and never as width; the reading of the statutory floor itself, held at the statutory-targets-honoured reading in every draw, with the enforceable-standard reading delivered beside the interval as a named line rather than as width; the vehicle load model, held at the inherited one, with the single paired dynamometer measurement in the build's own precedent table delivered beside the interval as a named measured-load line; the computing workload growth of 2 per cent a year and the hardware efficiency floor of 0.25, neither of which is drawn or varied anywhere in this build; and the published market case, held at the policy state the interval is conditional on and carried as a named line.  The post-2050 continuation rule IS inside this interval: every electricity member continues along its own 2045-2050 slope at a decreasing rate after 2050 with the enacted statutory floors applied on top, and the linear trend and frozen continuations are delivered beside the interval as named lines.  The fuel-to-direct-current conversion coefficient IS priced here: it is drawn triangular on the declared list, support 0.17 to 0.2744 with its mode at the delivered central 0.21, so the two registered branches are the endpoints of the support this interval samples rather than values outside it, and each of them is also delivered as a named line.","The electricity-scenario axis changes the carbon content of a kilowatt hour, not the number of kilowatt hours.  Its contribution to the energy interval is therefore exactly zero, and an energy figure must not be captioned as though the electricity axis were inside it.  The same holds for the post-2050 continuation rule ON THAT AXIS and for the reading of the statutory floor: the delivered central, the two electricity-axis continuation lines and the enforceable-standard line carry the same energy in every entry and in every year, bitwise, and they part company only in carbon.  The two VEHICLE-axis continuation lines are a different object and are not covered by this sentence: a rule on that axis moves how much of the deployed stock is electric, so it moves the kilowatt hours as well as the carbon, and the movement is reported rather than gated."
V33_POLICY_CONDITIONAL,REAL_CAPACITY_FHWA_MV1_2024_REGISTERED_AUTOMOBILES_AND_STI_V2_INTERSECTIONS,direct_co2_kg,2069,sum over the 51 entries,0.21,3170939812.3449345,4110545299.8562174,5209167832.848046,4166406994.523317,0.24460260641631193,0.9865923576980048,"Not priced by this interval: the deployment scale, held at 30 per cent of registered automobiles and 30 per cent of signalized intersections by 2075 in every draw, against its own declared range of 15 to 45 per cent -- the model is exactly linear in that scale, so the two declared levels are delivered beside the interval as named lines, each of them the central rescaled, and never as width; the reading of the statutory floor itself, held at the statutory-targets-honoured reading in every draw, with the enforceable-standard reading delivered beside the interval as a named line rather than as width; the vehicle load model, held at the inherited one, with the single paired dynamometer measurement in the build's own precedent table delivered beside the interval as a named measured-load line; the computing workload growth of 2 per cent a year and the hardware efficiency floor of 0.25, neither of which is drawn or varied anywhere in this build; and the published market case, held at the policy state the interval is conditional on and carried as a named line.  The post-2050 continuation rule IS inside this interval: every electricity member continues along its own 2045-2050 slope at a decreasing rate after 2050 with the enacted statutory floors applied on top, and the linear trend and frozen continuations are delivered beside the interval as named lines.  The fuel-to-direct-current conversion coefficient IS priced here: it is drawn triangular on the declared list, support 0.17 to 0.2744 with its mode at the delivered central 0.21, so the two registered branches are the endpoints of the support this interval samples rather than values outside it, and each of them is also delivered as a named line.","The electricity-scenario axis changes the carbon content of a kilowatt hour, not the number of kilowatt hours.  Its contribution to the energy interval is therefore exactly zero, and an energy figure must not be captioned as though the electricity axis were inside it.  The same holds for the post-2050 continuation rule ON THAT AXIS and for the reading of the statutory floor: the delivered central, the two electricity-axis continuation lines and the enforceable-standard line carry the same energy in every entry and in every year, bitwise, and they part company only in carbon.  The two VEHICLE-axis continuation lines are a different object and are not covered by this sentence: a rule on that axis moves how much of the deployed stock is electric, so it moves the kilowatt hours as well as the carbon, and the movement is reported rather than gated."
V33_POLICY_CONDITIONAL,REAL_CAPACITY_FHWA_MV1_2024_REGISTERED_AUTOMOBILES_AND_STI_V2_INTERSECTIONS,direct_co2_kg,2070,sum over the 51 entries,0.21,3236740202.6626387,4194475686.778661,5313623647.3880205,4249341389.6679387,0.2443770992106236,0.9870884219793022,"Not priced by this interval: the deployment scale, held at 30 per cent of registered automobiles and 30 per cent of signalized intersections by 2075 in every draw, against its own declared range of 15 to 45 per cent -- the model is exactly linear in that scale, so the two declared levels are delivered beside the interval as named lines, each of them the central rescaled, and never as width; the reading of the statutory floor itself, held at the statutory-targets-honoured reading in every draw, with the enforceable-standard reading delivered beside the interval as a named line rather than as width; the vehicle load model, held at the inherited one, with the single paired dynamometer measurement in the build's own precedent table delivered beside the interval as a named measured-load line; the computing workload growth of 2 per cent a year and the hardware efficiency floor of 0.25, neither of which is drawn or varied anywhere in this build; and the published market case, held at the policy state the interval is conditional on and carried as a named line.  The post-2050 continuation rule IS inside this interval: every electricity member continues along its own 2045-2050 slope at a decreasing rate after 2050 with the enacted statutory floors applied on top, and the linear trend and frozen continuations are delivered beside the interval as named lines.  The fuel-to-direct-current conversion coefficient IS priced here: it is drawn triangular on the declared list, support 0.17 to 0.2744 with its mode at the delivered central 0.21, so the two registered branches are the endpoints of the support this interval samples rather than values outside it, and each of them is also delivered as a named line.","The electricity-scenario axis changes the carbon content of a kilowatt hour, not the number of kilowatt hours.  Its contribution to the energy interval is therefore exactly zero, and an energy figure must not be captioned as though the electricity axis were inside it.  The same holds for the post-2050 continuation rule ON THAT AXIS and for the reading of the statutory floor: the delivered central, the two electricity-axis continuation lines and the enforceable-standard line carry the same energy in every entry and in every year, bitwise, and they part company only in carbon.  The two VEHICLE-axis continuation lines are a different object and are not covered by this sentence: a rule on that axis moves how much of the deployed stock is electric, so it moves the kilowatt hours as well as the carbon, and the movement is reported rather than gated."
V33_POLICY_CONDITIONAL,REAL_CAPACITY_FHWA_MV1_2024_REGISTERED_AUTOMOBILES_AND_STI_V2_INTERSECTIONS,direct_co2_kg,2071,sum over the 51 entries,0.21,3293396131.2868986,4269477153.371477,5408806525.711478,4324661546.179035,0.2445752542523942,0.9872396042515015,"Not priced by this interval: the deployment scale, held at 30 per cent of registered automobiles and 30 per cent of signalized intersections by 2075 in every draw, against its own declared range of 15 to 45 per cent -- the model is exactly linear in that scale, so the two declared levels are delivered beside the interval as named lines, each of them the central rescaled, and never as width; the reading of the statutory floor itself, held at the statutory-targets-honoured reading in every draw, with the enforceable-standard reading delivered beside the interval as a named line rather than as width; the vehicle load model, held at the inherited one, with the single paired dynamometer measurement in the build's own precedent table delivered beside the interval as a named measured-load line; the computing workload growth of 2 per cent a year and the hardware efficiency floor of 0.25, neither of which is drawn or varied anywhere in this build; and the published market case, held at the policy state the interval is conditional on and carried as a named line.  The post-2050 continuation rule IS inside this interval: every electricity member continues along its own 2045-2050 slope at a decreasing rate after 2050 with the enacted statutory floors applied on top, and the linear trend and frozen continuations are delivered beside the interval as named lines.  The fuel-to-direct-current conversion coefficient IS priced here: it is drawn triangular on the declared list, support 0.17 to 0.2744 with its mode at the delivered central 0.21, so the two registered branches are the endpoints of the support this interval samples rather than values outside it, and each of them is also delivered as a named line.","The electricity-scenario axis changes the carbon content of a kilowatt hour, not the number of kilowatt hours.  Its contribution to the energy interval is therefore exactly zero, and an energy figure must not be captioned as though the electricity axis were inside it.  The same holds for the post-2050 continuation rule ON THAT AXIS and for the reading of the statutory floor: the delivered central, the two electricity-axis continuation lines and the enforceable-standard line carry the same energy in every entry and in every year, bitwise, and they part company only in carbon.  The two VEHICLE-axis continuation lines are a different object and are not covered by this sentence: a rule on that axis moves how much of the deployed stock is electric, so it moves the kilowatt hours as well as the carbon, and the movement is reported rather than gated."
V33_POLICY_CONDITIONAL,REAL_CAPACITY_FHWA_MV1_2024_REGISTERED_AUTOMOBILES_AND_STI_V2_INTERSECTIONS,direct_co2_kg,2072,sum over the 51 entries,0.21,3343696000.2716837,4336986430.039558,5494487118.451241,4391706500.138676,0.24486963303577344,0.9875401350027855,"Not priced by this interval: the deployment scale, held at 30 per cent of registered automobiles and 30 per cent of signalized intersections by 2075 in every draw, against its own declared range of 15 to 45 per cent -- the model is exactly linear in that scale, so the two declared levels are delivered beside the interval as named lines, each of them the central rescaled, and never as width; the reading of the statutory floor itself, held at the statutory-targets-honoured reading in every draw, with the enforceable-standard reading delivered beside the interval as a named line rather than as width; the vehicle load model, held at the inherited one, with the single paired dynamometer measurement in the build's own precedent table delivered beside the interval as a named measured-load line; the computing workload growth of 2 per cent a year and the hardware efficiency floor of 0.25, neither of which is drawn or varied anywhere in this build; and the published market case, held at the policy state the interval is conditional on and carried as a named line.  The post-2050 continuation rule IS inside this interval: every electricity member continues along its own 2045-2050 slope at a decreasing rate after 2050 with the enacted statutory floors applied on top, and the linear trend and frozen continuations are delivered beside the interval as named lines.  The fuel-to-direct-current conversion coefficient IS priced here: it is drawn triangular on the declared list, support 0.17 to 0.2744 with its mode at the delivered central 0.21, so the two registered branches are the endpoints of the support this interval samples rather than values outside it, and each of them is also delivered as a named line.","The electricity-scenario axis changes the carbon content of a kilowatt hour, not the number of kilowatt hours.  Its contribution to the energy interval is therefore exactly zero, and an energy figure must not be captioned as though the electricity axis were inside it.  The same holds for the post-2050 continuation rule ON THAT AXIS and for the reading of the statutory floor: the delivered central, the two electricity-axis continuation lines and the enforceable-standard line carry the same energy in every entry and in every year, bitwise, and they part company only in carbon.  The two VEHICLE-axis continuation lines are a different object and are not covered by this sentence: a rule on that axis moves how much of the deployed stock is electric, so it moves the kilowatt hours as well as the carbon, and the movement is reported rather than gated."
V33_POLICY_CONDITIONAL,REAL_CAPACITY_FHWA_MV1_2024_REGISTERED_AUTOMOBILES_AND_STI_V2_INTERSECTIONS,direct_co2_kg,2073,sum over the 51 entries,0.21,3388756166.5863843,4397582808.393437,5568620492.463936,4451369074.848164,0.24485324506055553,0.9879169159981278,"Not priced by this interval: the deployment scale, held at 30 per cent of registered automobiles and 30 per cent of signalized intersections by 2075 in every draw, against its own declared range of 15 to 45 per cent -- the model is exactly linear in that scale, so the two declared levels are delivered beside the interval as named lines, each of them the central rescaled, and never as width; the reading of the statutory floor itself, held at the statutory-targets-honoured reading in every draw, with the enforceable-standard reading delivered beside the interval as a named line rather than as width; the vehicle load model, held at the inherited one, with the single paired dynamometer measurement in the build's own precedent table delivered beside the interval as a named measured-load line; the computing workload growth of 2 per cent a year and the hardware efficiency floor of 0.25, neither of which is drawn or varied anywhere in this build; and the published market case, held at the policy state the interval is conditional on and carried as a named line.  The post-2050 continuation rule IS inside this interval: every electricity member continues along its own 2045-2050 slope at a decreasing rate after 2050 with the enacted statutory floors applied on top, and the linear trend and frozen continuations are delivered beside the interval as named lines.  The fuel-to-direct-current conversion coefficient IS priced here: it is drawn triangular on the declared list, support 0.17 to 0.2744 with its mode at the delivered central 0.21, so the two registered branches are the endpoints of the support this interval samples rather than values outside it, and each of them is also delivered as a named line.","The electricity-scenario axis changes the carbon content of a kilowatt hour, not the number of kilowatt hours.  Its contribution to the energy interval is therefore exactly zero, and an energy figure must not be captioned as though the electricity axis were inside it.  The same holds for the post-2050 continuation rule ON THAT AXIS and for the reading of the statutory floor: the delivered central, the two electricity-axis continuation lines and the enforceable-standard line carry the same energy in every entry and in every year, bitwise, and they part company only in carbon.  The two VEHICLE-axis continuation lines are a different object and are not covered by this sentence: a rule on that axis moves how much of the deployed stock is electric, so it moves the kilowatt hours as well as the carbon, and the movement is reported rather than gated."
V33_POLICY_CONDITIONAL,REAL_CAPACITY_FHWA_MV1_2024_REGISTERED_AUTOMOBILES_AND_STI_V2_INTERSECTIONS,direct_co2_kg,2074,sum over the 51 entries,0.21,3432765617.622752,4450806925.684138,5639674082.698901,4504318555.3169155,0.244976952448346,0.9881199278035938,"Not priced by this interval: the deployment scale, held at 30 per cent of registered automobiles and 30 per cent of signalized intersections by 2075 in every draw, against its own declared range of 15 to 45 per cent -- the model is exactly linear in that scale, so the two declared levels are delivered beside the interval as named lines, each of them the central rescaled, and never as width; the reading of the statutory floor itself, held at the statutory-targets-honoured reading in every draw, with the enforceable-standard reading delivered beside the interval as a named line rather than as width; the vehicle load model, held at the inherited one, with the single paired dynamometer measurement in the build's own precedent table delivered beside the interval as a named measured-load line; the computing workload growth of 2 per cent a year and the hardware efficiency floor of 0.25, neither of which is drawn or varied anywhere in this build; and the published market case, held at the policy state the interval is conditional on and carried as a named line.  The post-2050 continuation rule IS inside this interval: every electricity member continues along its own 2045-2050 slope at a decreasing rate after 2050 with the enacted statutory floors applied on top, and the linear trend and frozen continuations are delivered beside the interval as named lines.  The fuel-to-direct-current conversion coefficient IS priced here: it is drawn triangular on the declared list, support 0.17 to 0.2744 with its mode at the delivered central 0.21, so the two registered branches are the endpoints of the support this interval samples rather than values outside it, and each of them is also delivered as a named line.","The electricity-scenario axis changes the carbon content of a kilowatt hour, not the number of kilowatt hours.  Its contribution to the energy interval is therefore exactly zero, and an energy figure must not be captioned as though the electricity axis were inside it.  The same holds for the post-2050 continuation rule ON THAT AXIS and for the reading of the statutory floor: the delivered central, the two electricity-axis continuation lines and the enforceable-standard line carry the same energy in every entry and in every year, bitwise, and they part company only in carbon.  The two VEHICLE-axis continuation lines are a different object and are not covered by this sentence: a rule on that axis moves how much of the deployed stock is electric, so it moves the kilowatt hours as well as the carbon, and the movement is reported rather than gated."
V33_POLICY_CONDITIONAL,REAL_CAPACITY_FHWA_MV1_2024_REGISTERED_AUTOMOBILES_AND_STI_V2_INTERSECTIONS,direct_co2_kg,2075,sum over the 51 entries,0.21,3469873771.802591,4495179001.685184,5698197950.503581,4547815870.400437,0.24498839027367936,0.9884259015282826,"Not priced by this interval: the deployment scale, held at 30 per cent of registered automobiles and 30 per cent of signalized intersections by 2075 in every draw, against its own declared range of 15 to 45 per cent -- the model is exactly linear in that scale, so the two declared levels are delivered beside the interval as named lines, each of them the central rescaled, and never as width; the reading of the statutory floor itself, held at the statutory-targets-honoured reading in every draw, with the enforceable-standard reading delivered beside the interval as a named line rather than as width; the vehicle load model, held at the inherited one, with the single paired dynamometer measurement in the build's own precedent table delivered beside the interval as a named measured-load line; the computing workload growth of 2 per cent a year and the hardware efficiency floor of 0.25, neither of which is drawn or varied anywhere in this build; and the published market case, held at the policy state the interval is conditional on and carried as a named line.  The post-2050 continuation rule IS inside this interval: every electricity member continues along its own 2045-2050 slope at a decreasing rate after 2050 with the enacted statutory floors applied on top, and the linear trend and frozen continuations are delivered beside the interval as named lines.  The fuel-to-direct-current conversion coefficient IS priced here: it is drawn triangular on the declared list, support 0.17 to 0.2744 with its mode at the delivered central 0.21, so the two registered branches are the endpoints of the support this interval samples rather than values outside it, and each of them is also delivered as a named line.","The electricity-scenario axis changes the carbon content of a kilowatt hour, not the number of kilowatt hours.  Its contribution to the energy interval is therefore exactly zero, and an energy figure must not be captioned as though the electricity axis were inside it.  The same holds for the post-2050 continuation rule ON THAT AXIS and for the reading of the statutory floor: the delivered central, the two electricity-axis continuation lines and the enforceable-standard line carry the same energy in every entry and in every year, bitwise, and they part company only in carbon.  The two VEHICLE-axis continuation lines are a different object and are not covered by this sentence: a rule on that axis moves how much of the deployed stock is electric, so it moves the kilowatt hours as well as the carbon, and the movement is reported rather than gated."
V33_POLICY_CONDITIONAL,REAL_CAPACITY_FHWA_MV1_2024_REGISTERED_AUTOMOBILES_AND_STI_V2_INTERSECTIONS,grid_intensity_kg_per_kwh,2025,electricity-weighted mean: national grid carbon over national electricity,0.21,0.262468662743837,0.2916252507748731,0.3211070355749024,0.2917268685205033,0.10050218056439345,0.9996516681985944,"Not priced by this interval: the deployment scale, held at 30 per cent of registered automobiles and 30 per cent of signalized intersections by 2075 in every draw, against its own declared range of 15 to 45 per cent -- the model is exactly linear in that scale, so the two declared levels are delivered beside the interval as named lines, each of them the central rescaled, and never as width; the reading of the statutory floor itself, held at the statutory-targets-honoured reading in every draw, with the enforceable-standard reading delivered beside the interval as a named line rather than as width; the vehicle load model, held at the inherited one, with the single paired dynamometer measurement in the build's own precedent table delivered beside the interval as a named measured-load line; the computing workload growth of 2 per cent a year and the hardware efficiency floor of 0.25, neither of which is drawn or varied anywhere in this build; and the published market case, held at the policy state the interval is conditional on and carried as a named line.  The post-2050 continuation rule IS inside this interval: every electricity member continues along its own 2045-2050 slope at a decreasing rate after 2050 with the enacted statutory floors applied on top, and the linear trend and frozen continuations are delivered beside the interval as named lines.  The fuel-to-direct-current conversion coefficient IS priced here: it is drawn triangular on the declared list, support 0.17 to 0.2744 with its mode at the delivered central 0.21, so the two registered branches are the endpoints of the support this interval samples rather than values outside it, and each of them is also delivered as a named line.","The electricity-scenario axis changes the carbon content of a kilowatt hour, not the number of kilowatt hours.  Its contribution to the energy interval is therefore exactly zero, and an energy figure must not be captioned as though the electricity axis were inside it.  The same holds for the post-2050 continuation rule ON THAT AXIS and for the reading of the statutory floor: the delivered central, the two electricity-axis continuation lines and the enforceable-standard line carry the same energy in every entry and in every year, bitwise, and they part company only in carbon.  The two VEHICLE-axis continuation lines are a different object and are not covered by this sentence: a rule on that axis moves how much of the deployed stock is electric, so it moves the kilowatt hours as well as the carbon, and the movement is reported rather than gated."
V33_POLICY_CONDITIONAL,REAL_CAPACITY_FHWA_MV1_2024_REGISTERED_AUTOMOBILES_AND_STI_V2_INTERSECTIONS,grid_intensity_kg_per_kwh,2026,electricity-weighted mean: national grid carbon over national electricity,0.21,0.2077158755190913,0.23230878519683631,0.25706557482741377,0.22963404664428605,0.10745292353090716,1.0116478309363837,"Not priced by this interval: the deployment scale, held at 30 per cent of registered automobiles and 30 per cent of signalized intersections by 2075 in every draw, against its own declared range of 15 to 45 per cent -- the model is exactly linear in that scale, so the two declared levels are delivered beside the interval as named lines, each of them the central rescaled, and never as width; the reading of the statutory floor itself, held at the statutory-targets-honoured reading in every draw, with the enforceable-standard reading delivered beside the interval as a named line rather than as width; the vehicle load model, held at the inherited one, with the single paired dynamometer measurement in the build's own precedent table delivered beside the interval as a named measured-load line; the computing workload growth of 2 per cent a year and the hardware efficiency floor of 0.25, neither of which is drawn or varied anywhere in this build; and the published market case, held at the policy state the interval is conditional on and carried as a named line.  The post-2050 continuation rule IS inside this interval: every electricity member continues along its own 2045-2050 slope at a decreasing rate after 2050 with the enacted statutory floors applied on top, and the linear trend and frozen continuations are delivered beside the interval as named lines.  The fuel-to-direct-current conversion coefficient IS priced here: it is drawn triangular on the declared list, support 0.17 to 0.2744 with its mode at the delivered central 0.21, so the two registered branches are the endpoints of the support this interval samples rather than values outside it, and each of them is also delivered as a named line.","The electricity-scenario axis changes the carbon content of a kilowatt hour, not the number of kilowatt hours.  Its contribution to the energy interval is therefore exactly zero, and an energy figure must not be captioned as though the electricity axis were inside it.  The same holds for the post-2050 continuation rule ON THAT AXIS and for the reading of the statutory floor: the delivered central, the two electricity-axis continuation lines and the enforceable-standard line carry the same energy in every entry and in every year, bitwise, and they part company only in carbon.  The two VEHICLE-axis continuation lines are a different object and are not covered by this sentence: a rule on that axis moves how much of the deployed stock is electric, so it moves the kilowatt hours as well as the carbon, and the movement is reported rather than gated."
V33_POLICY_CONDITIONAL,REAL_CAPACITY_FHWA_MV1_2024_REGISTERED_AUTOMOBILES_AND_STI_V2_INTERSECTIONS,grid_intensity_kg_per_kwh,2027,electricity-weighted mean: national grid carbon over national electricity,0.21,0.19861102180170767,0.22476562329650515,0.2525771528846755,0.22203737767252094,0.12152487938891433,1.012287325911442,"Not priced by this interval: the deployment scale, held at 30 per cent of registered automobiles and 30 per cent of signalized intersections by 2075 in every draw, against its own declared range of 15 to 45 per cent -- the model is exactly linear in that scale, so the two declared levels are delivered beside the interval as named lines, each of them the central rescaled, and never as width; the reading of the statutory floor itself, held at the statutory-targets-honoured reading in every draw, with the enforceable-standard reading delivered beside the interval as a named line rather than as width; the vehicle load model, held at the inherited one, with the single paired dynamometer measurement in the build's own precedent table delivered beside the interval as a named measured-load line; the computing workload growth of 2 per cent a year and the hardware efficiency floor of 0.25, neither of which is drawn or varied anywhere in this build; and the published market case, held at the policy state the interval is conditional on and carried as a named line.  The post-2050 continuation rule IS inside this interval: every electricity member continues along its own 2045-2050 slope at a decreasing rate after 2050 with the enacted statutory floors applied on top, and the linear trend and frozen continuations are delivered beside the interval as named lines.  The fuel-to-direct-current conversion coefficient IS priced here: it is drawn triangular on the declared list, support 0.17 to 0.2744 with its mode at the delivered central 0.21, so the two registered branches are the endpoints of the support this interval samples rather than values outside it, and each of them is also delivered as a named line.","The electricity-scenario axis changes the carbon content of a kilowatt hour, not the number of kilowatt hours.  Its contribution to the energy interval is therefore exactly zero, and an energy figure must not be captioned as though the electricity axis were inside it.  The same holds for the post-2050 continuation rule ON THAT AXIS and for the reading of the statutory floor: the delivered central, the two electricity-axis continuation lines and the enforceable-standard line carry the same energy in every entry and in every year, bitwise, and they part company only in carbon.  The two VEHICLE-axis continuation lines are a different object and are not covered by this sentence: a rule on that axis moves how much of the deployed stock is electric, so it moves the kilowatt hours as well as the carbon, and the movement is reported rather than gated."
V33_POLICY_CONDITIONAL,REAL_CAPACITY_FHWA_MV1_2024_REGISTERED_AUTOMOBILES_AND_STI_V2_INTERSECTIONS,grid_intensity_kg_per_kwh,2028,electricity-weighted mean: national grid carbon over national electricity,0.21,0.18797195591497098,0.21659947001240065,0.24867286311714232,0.21346098172580033,0.14218267598933892,1.014702866356306,"Not priced by this interval: the deployment scale, held at 30 per cent of registered automobiles and 30 per cent of signalized intersections by 2075 in every draw, against its own declared range of 15 to 45 per cent -- the model is exactly linear in that scale, so the two declared levels are delivered beside the interval as named lines, each of them the central rescaled, and never as width; the reading of the statutory floor itself, held at the statutory-targets-honoured reading in every draw, with the enforceable-standard reading delivered beside the interval as a named line rather than as width; the vehicle load model, held at the inherited one, with the single paired dynamometer measurement in the build's own precedent table delivered beside the interval as a named measured-load line; the computing workload growth of 2 per cent a year and the hardware efficiency floor of 0.25, neither of which is drawn or varied anywhere in this build; and the published market case, held at the policy state the interval is conditional on and carried as a named line.  The post-2050 continuation rule IS inside this interval: every electricity member continues along its own 2045-2050 slope at a decreasing rate after 2050 with the enacted statutory floors applied on top, and the linear trend and frozen continuations are delivered beside the interval as named lines.  The fuel-to-direct-current conversion coefficient IS priced here: it is drawn triangular on the declared list, support 0.17 to 0.2744 with its mode at the delivered central 0.21, so the two registered branches are the endpoints of the support this interval samples rather than values outside it, and each of them is also delivered as a named line.","The electricity-scenario axis changes the carbon content of a kilowatt hour, not the number of kilowatt hours.  Its contribution to the energy interval is therefore exactly zero, and an energy figure must not be captioned as though the electricity axis were inside it.  The same holds for the post-2050 continuation rule ON THAT AXIS and for the reading of the statutory floor: the delivered central, the two electricity-axis continuation lines and the enforceable-standard line carry the same energy in every entry and in every year, bitwise, and they part company only in carbon.  The two VEHICLE-axis continuation lines are a different object and are not covered by this sentence: a rule on that axis moves how much of the deployed stock is electric, so it moves the kilowatt hours as well as the carbon, and the movement is reported rather than gated."
V33_POLICY_CONDITIONAL,REAL_CAPACITY_FHWA_MV1_2024_REGISTERED_AUTOMOBILES_AND_STI_V2_INTERSECTIONS,grid_intensity_kg_per_kwh,2029,electricity-weighted mean: national grid carbon over national electricity,0.21,0.1748078421930368,0.2084083101572022,0.2440051893017732,0.20447147364170634,0.16921027142884082,1.0192537200685234,"Not priced by this interval: the deployment scale, held at 30 per cent of registered automobiles and 30 per cent of signalized intersections by 2075 in every draw, against its own declared range of 15 to 45 per cent -- the model is exactly linear in that scale, so the two declared levels are delivered beside the interval as named lines, each of them the central rescaled, and never as width; the reading of the statutory floor itself, held at the statutory-targets-honoured reading in every draw, with the enforceable-standard reading delivered beside the interval as a named line rather than as width; the vehicle load model, held at the inherited one, with the single paired dynamometer measurement in the build's own precedent table delivered beside the interval as a named measured-load line; the computing workload growth of 2 per cent a year and the hardware efficiency floor of 0.25, neither of which is drawn or varied anywhere in this build; and the published market case, held at the policy state the interval is conditional on and carried as a named line.  The post-2050 continuation rule IS inside this interval: every electricity member continues along its own 2045-2050 slope at a decreasing rate after 2050 with the enacted statutory floors applied on top, and the linear trend and frozen continuations are delivered beside the interval as named lines.  The fuel-to-direct-current conversion coefficient IS priced here: it is drawn triangular on the declared list, support 0.17 to 0.2744 with its mode at the delivered central 0.21, so the two registered branches are the endpoints of the support this interval samples rather than values outside it, and each of them is also delivered as a named line.","The electricity-scenario axis changes the carbon content of a kilowatt hour, not the number of kilowatt hours.  Its contribution to the energy interval is therefore exactly zero, and an energy figure must not be captioned as though the electricity axis were inside it.  The same holds for the post-2050 continuation rule ON THAT AXIS and for the reading of the statutory floor: the delivered central, the two electricity-axis continuation lines and the enforceable-standard line carry the same energy in every entry and in every year, bitwise, and they part company only in carbon.  The two VEHICLE-axis continuation lines are a different object and are not covered by this sentence: a rule on that axis moves how much of the deployed stock is electric, so it moves the kilowatt hours as well as the carbon, and the movement is reported rather than gated."
V33_POLICY_CONDITIONAL,REAL_CAPACITY_FHWA_MV1_2024_REGISTERED_AUTOMOBILES_AND_STI_V2_INTERSECTIONS,grid_intensity_kg_per_kwh,2030,electricity-weighted mean: national grid carbon over national electricity,0.21,0.15630788205073357,0.18925507059212754,0.2138484887392595,0.18887506024917547,0.15232452239224928,1.0020119667596703,"Not priced by this interval: the deployment scale, held at 30 per cent of registered automobiles and 30 per cent of signalized intersections by 2075 in every draw, against its own declared range of 15 to 45 per cent -- the model is exactly linear in that scale, so the two declared levels are delivered beside the interval as named lines, each of them the central rescaled, and never as width; the reading of the statutory floor itself, held at the statutory-targets-honoured reading in every draw, with the enforceable-standard reading delivered beside the interval as a named line rather than as width; the vehicle load model, held at the inherited one, with the single paired dynamometer measurement in the build's own precedent table delivered beside the interval as a named measured-load line; the computing workload growth of 2 per cent a year and the hardware efficiency floor of 0.25, neither of which is drawn or varied anywhere in this build; and the published market case, held at the policy state the interval is conditional on and carried as a named line.  The post-2050 continuation rule IS inside this interval: every electricity member continues along its own 2045-2050 slope at a decreasing rate after 2050 with the enacted statutory floors applied on top, and the linear trend and frozen continuations are delivered beside the interval as named lines.  The fuel-to-direct-current conversion coefficient IS priced here: it is drawn triangular on the declared list, support 0.17 to 0.2744 with its mode at the delivered central 0.21, so the two registered branches are the endpoints of the support this interval samples rather than values outside it, and each of them is also delivered as a named line.","The electricity-scenario axis changes the carbon content of a kilowatt hour, not the number of kilowatt hours.  Its contribution to the energy interval is therefore exactly zero, and an energy figure must not be captioned as though the electricity axis were inside it.  The same holds for the post-2050 continuation rule ON THAT AXIS and for the reading of the statutory floor: the delivered central, the two electricity-axis continuation lines and the enforceable-standard line carry the same energy in every entry and in every year, bitwise, and they part company only in carbon.  The two VEHICLE-axis continuation lines are a different object and are not covered by this sentence: a rule on that axis moves how much of the deployed stock is electric, so it moves the kilowatt hours as well as the carbon, and the movement is reported rather than gated."
V33_POLICY_CONDITIONAL,REAL_CAPACITY_FHWA_MV1_2024_REGISTERED_AUTOMOBILES_AND_STI_V2_INTERSECTIONS,grid_intensity_kg_per_kwh,2031,electricity-weighted mean: national grid carbon over national electricity,0.21,0.14889808730239237,0.1822868722154103,0.20931356183063074,0.180839909683943,0.16704132023132373,1.0080013451344683,"Not priced by this interval: the deployment scale, held at 30 per cent of registered automobiles and 30 per cent of signalized intersections by 2075 in every draw, against its own declared range of 15 to 45 per cent -- the model is exactly linear in that scale, so the two declared levels are delivered beside the interval as named lines, each of them the central rescaled, and never as width; the reading of the statutory floor itself, held at the statutory-targets-honoured reading in every draw, with the enforceable-standard reading delivered beside the interval as a named line rather than as width; the vehicle load model, held at the inherited one, with the single paired dynamometer measurement in the build's own precedent table delivered beside the interval as a named measured-load line; the computing workload growth of 2 per cent a year and the hardware efficiency floor of 0.25, neither of which is drawn or varied anywhere in this build; and the published market case, held at the policy state the interval is conditional on and carried as a named line.  The post-2050 continuation rule IS inside this interval: every electricity member continues along its own 2045-2050 slope at a decreasing rate after 2050 with the enacted statutory floors applied on top, and the linear trend and frozen continuations are delivered beside the interval as named lines.  The fuel-to-direct-current conversion coefficient IS priced here: it is drawn triangular on the declared list, support 0.17 to 0.2744 with its mode at the delivered central 0.21, so the two registered branches are the endpoints of the support this interval samples rather than values outside it, and each of them is also delivered as a named line.","The electricity-scenario axis changes the carbon content of a kilowatt hour, not the number of kilowatt hours.  Its contribution to the energy interval is therefore exactly zero, and an energy figure must not be captioned as though the electricity axis were inside it.  The same holds for the post-2050 continuation rule ON THAT AXIS and for the reading of the statutory floor: the delivered central, the two electricity-axis continuation lines and the enforceable-standard line carry the same energy in every entry and in every year, bitwise, and they part company only in carbon.  The two VEHICLE-axis continuation lines are a different object and are not covered by this sentence: a rule on that axis moves how much of the deployed stock is electric, so it moves the kilowatt hours as well as the carbon, and the movement is reported rather than gated."
V33_POLICY_CONDITIONAL,REAL_CAPACITY_FHWA_MV1_2024_REGISTERED_AUTOMOBILES_AND_STI_V2_INTERSECTIONS,grid_intensity_kg_per_kwh,2032,electricity-weighted mean: national grid carbon over national electricity,0.21,0.141062548023499,0.1740488361021555,0.20492230180119814,0.17200160989799593,0.18563708158188352,1.0119023665265323,"Not priced by this interval: the deployment scale, held at 30 per cent of registered automobiles and 30 per cent of signalized intersections by 2075 in every draw, against its own declared range of 15 to 45 per cent -- the model is exactly linear in that scale, so the two declared levels are delivered beside the interval as named lines, each of them the central rescaled, and never as width; the reading of the statutory floor itself, held at the statutory-targets-honoured reading in every draw, with the enforceable-standard reading delivered beside the interval as a named line rather than as width; the vehicle load model, held at the inherited one, with the single paired dynamometer measurement in the build's own precedent table delivered beside the interval as a named measured-load line; the computing workload growth of 2 per cent a year and the hardware efficiency floor of 0.25, neither of which is drawn or varied anywhere in this build; and the published market case, held at the policy state the interval is conditional on and carried as a named line.  The post-2050 continuation rule IS inside this interval: every electricity member continues along its own 2045-2050 slope at a decreasing rate after 2050 with the enacted statutory floors applied on top, and the linear trend and frozen continuations are delivered beside the interval as named lines.  The fuel-to-direct-current conversion coefficient IS priced here: it is drawn triangular on the declared list, support 0.17 to 0.2744 with its mode at the delivered central 0.21, so the two registered branches are the endpoints of the support this interval samples rather than values outside it, and each of them is also delivered as a named line.","The electricity-scenario axis changes the carbon content of a kilowatt hour, not the number of kilowatt hours.  Its contribution to the energy interval is therefore exactly zero, and an energy figure must not be captioned as though the electricity axis were inside it.  The same holds for the post-2050 continuation rule ON THAT AXIS and for the reading of the statutory floor: the delivered central, the two electricity-axis continuation lines and the enforceable-standard line carry the same energy in every entry and in every year, bitwise, and they part company only in carbon.  The two VEHICLE-axis continuation lines are a different object and are not covered by this sentence: a rule on that axis moves how much of the deployed stock is electric, so it moves the kilowatt hours as well as the carbon, and the movement is reported rather than gated."
V33_POLICY_CONDITIONAL,REAL_CAPACITY_FHWA_MV1_2024_REGISTERED_AUTOMOBILES_AND_STI_V2_INTERSECTIONS,grid_intensity_kg_per_kwh,2033,electricity-weighted mean: national grid carbon over national electricity,0.21,0.13267848397885534,0.16627081877483746,0.20262738997798713,0.16253750621860957,0.21517773843857294,1.0229689297140234,"Not priced by this interval: the deployment scale, held at 30 per cent of registered automobiles and 30 per cent of signalized intersections by 2075 in every draw, against its own declared range of 15 to 45 per cent -- the model is exactly linear in that scale, so the two declared levels are delivered beside the interval as named lines, each of them the central rescaled, and never as width; the reading of the statutory floor itself, held at the statutory-targets-honoured reading in every draw, with the enforceable-standard reading delivered beside the interval as a named line rather than as width; the vehicle load model, held at the inherited one, with the single paired dynamometer measurement in the build's own precedent table delivered beside the interval as a named measured-load line; the computing workload growth of 2 per cent a year and the hardware efficiency floor of 0.25, neither of which is drawn or varied anywhere in this build; and the published market case, held at the policy state the interval is conditional on and carried as a named line.  The post-2050 continuation rule IS inside this interval: every electricity member continues along its own 2045-2050 slope at a decreasing rate after 2050 with the enacted statutory floors applied on top, and the linear trend and frozen continuations are delivered beside the interval as named lines.  The fuel-to-direct-current conversion coefficient IS priced here: it is drawn triangular on the declared list, support 0.17 to 0.2744 with its mode at the delivered central 0.21, so the two registered branches are the endpoints of the support this interval samples rather than values outside it, and each of them is also delivered as a named line.","The electricity-scenario axis changes the carbon content of a kilowatt hour, not the number of kilowatt hours.  Its contribution to the energy interval is therefore exactly zero, and an energy figure must not be captioned as though the electricity axis were inside it.  The same holds for the post-2050 continuation rule ON THAT AXIS and for the reading of the statutory floor: the delivered central, the two electricity-axis continuation lines and the enforceable-standard line carry the same energy in every entry and in every year, bitwise, and they part company only in carbon.  The two VEHICLE-axis continuation lines are a different object and are not covered by this sentence: a rule on that axis moves how much of the deployed stock is electric, so it moves the kilowatt hours as well as the carbon, and the movement is reported rather than gated."
V33_POLICY_CONDITIONAL,REAL_CAPACITY_FHWA_MV1_2024_REGISTERED_AUTOMOBILES_AND_STI_V2_INTERSECTIONS,grid_intensity_kg_per_kwh,2034,electricity-weighted mean: national grid carbon over national electricity,0.21,0.12517334031137,0.15849528807967989,0.19814107514516024,0.15374052883623868,0.2373080650435189,1.030927168518497,"Not priced by this interval: the deployment scale, held at 30 per cent of registered automobiles and 30 per cent of signalized intersections by 2075 in every draw, against its own declared range of 15 to 45 per cent -- the model is exactly linear in that scale, so the two declared levels are delivered beside the interval as named lines, each of them the central rescaled, and never as width; the reading of the statutory floor itself, held at the statutory-targets-honoured reading in every draw, with the enforceable-standard reading delivered beside the interval as a named line rather than as width; the vehicle load model, held at the inherited one, with the single paired dynamometer measurement in the build's own precedent table delivered beside the interval as a named measured-load line; the computing workload growth of 2 per cent a year and the hardware efficiency floor of 0.25, neither of which is drawn or varied anywhere in this build; and the published market case, held at the policy state the interval is conditional on and carried as a named line.  The post-2050 continuation rule IS inside this interval: every electricity member continues along its own 2045-2050 slope at a decreasing rate after 2050 with the enacted statutory floors applied on top, and the linear trend and frozen continuations are delivered beside the interval as named lines.  The fuel-to-direct-current conversion coefficient IS priced here: it is drawn triangular on the declared list, support 0.17 to 0.2744 with its mode at the delivered central 0.21, so the two registered branches are the endpoints of the support this interval samples rather than values outside it, and each of them is also delivered as a named line.","The electricity-scenario axis changes the carbon content of a kilowatt hour, not the number of kilowatt hours.  Its contribution to the energy interval is therefore exactly zero, and an energy figure must not be captioned as though the electricity axis were inside it.  The same holds for the post-2050 continuation rule ON THAT AXIS and for the reading of the statutory floor: the delivered central, the two electricity-axis continuation lines and the enforceable-standard line carry the same energy in every entry and in every year, bitwise, and they part company only in carbon.  The two VEHICLE-axis continuation lines are a different object and are not covered by this sentence: a rule on that axis moves how much of the deployed stock is electric, so it moves the kilowatt hours as well as the carbon, and the movement is reported rather than gated."
V33_POLICY_CONDITIONAL,REAL_CAPACITY_FHWA_MV1_2024_REGISTERED_AUTOMOBILES_AND_STI_V2_INTERSECTIONS,grid_intensity_kg_per_kwh,2035,electricity-weighted mean: national grid carbon over national electricity,0.21,0.09802785172151972,0.12113496298165434,0.15691650236893495,0.11753364360534205,0.25051827221979645,1.0306407532842674,"Not priced by this interval: the deployment scale, held at 30 per cent of registered automobiles and 30 per cent of signalized intersections by 2075 in every draw, against its own declared range of 15 to 45 per cent -- the model is exactly linear in that scale, so the two declared levels are delivered beside the interval as named lines, each of them the central rescaled, and never as width; the reading of the statutory floor itself, held at the statutory-targets-honoured reading in every draw, with the enforceable-standard reading delivered beside the interval as a named line rather than as width; the vehicle load model, held at the inherited one, with the single paired dynamometer measurement in the build's own precedent table delivered beside the interval as a named measured-load line; the computing workload growth of 2 per cent a year and the hardware efficiency floor of 0.25, neither of which is drawn or varied anywhere in this build; and the published market case, held at the policy state the interval is conditional on and carried as a named line.  The post-2050 continuation rule IS inside this interval: every electricity member continues along its own 2045-2050 slope at a decreasing rate after 2050 with the enacted statutory floors applied on top, and the linear trend and frozen continuations are delivered beside the interval as named lines.  The fuel-to-direct-current conversion coefficient IS priced here: it is drawn triangular on the declared list, support 0.17 to 0.2744 with its mode at the delivered central 0.21, so the two registered branches are the endpoints of the support this interval samples rather than values outside it, and each of them is also delivered as a named line.","The electricity-scenario axis changes the carbon content of a kilowatt hour, not the number of kilowatt hours.  Its contribution to the energy interval is therefore exactly zero, and an energy figure must not be captioned as though the electricity axis were inside it.  The same holds for the post-2050 continuation rule ON THAT AXIS and for the reading of the statutory floor: the delivered central, the two electricity-axis continuation lines and the enforceable-standard line carry the same energy in every entry and in every year, bitwise, and they part company only in carbon.  The two VEHICLE-axis continuation lines are a different object and are not covered by this sentence: a rule on that axis moves how much of the deployed stock is electric, so it moves the kilowatt hours as well as the carbon, and the movement is reported rather than gated."
V33_POLICY_CONDITIONAL,REAL_CAPACITY_FHWA_MV1_2024_REGISTERED_AUTOMOBILES_AND_STI_V2_INTERSECTIONS,grid_intensity_kg_per_kwh,2036,electricity-weighted mean: national grid carbon over national electricity,0.21,0.09515860486077439,0.11820917817435318,0.1575478654534949,0.11394217902008467,0.27377596746558225,1.0374488112388685,"Not priced by this interval: the deployment scale, held at 30 per cent of registered automobiles and 30 per cent of signalized intersections by 2075 in every draw, against its own declared range of 15 to 45 per cent -- the model is exactly linear in that scale, so the two declared levels are delivered beside the interval as named lines, each of them the central rescaled, and never as width; the reading of the statutory floor itself, held at the statutory-targets-honoured reading in every draw, with the enforceable-standard reading delivered beside the interval as a named line rather than as width; the vehicle load model, held at the inherited one, with the single paired dynamometer measurement in the build's own precedent table delivered beside the interval as a named measured-load line; the computing workload growth of 2 per cent a year and the hardware efficiency floor of 0.25, neither of which is drawn or varied anywhere in this build; and the published market case, held at the policy state the interval is conditional on and carried as a named line.  The post-2050 continuation rule IS inside this interval: every electricity member continues along its own 2045-2050 slope at a decreasing rate after 2050 with the enacted statutory floors applied on top, and the linear trend and frozen continuations are delivered beside the interval as named lines.  The fuel-to-direct-current conversion coefficient IS priced here: it is drawn triangular on the declared list, support 0.17 to 0.2744 with its mode at the delivered central 0.21, so the two registered branches are the endpoints of the support this interval samples rather than values outside it, and each of them is also delivered as a named line.","The electricity-scenario axis changes the carbon content of a kilowatt hour, not the number of kilowatt hours.  Its contribution to the energy interval is therefore exactly zero, and an energy figure must not be captioned as though the electricity axis were inside it.  The same holds for the post-2050 continuation rule ON THAT AXIS and for the reading of the statutory floor: the delivered central, the two electricity-axis continuation lines and the enforceable-standard line carry the same energy in every entry and in every year, bitwise, and they part company only in carbon.  The two VEHICLE-axis continuation lines are a different object and are not covered by this sentence: a rule on that axis moves how much of the deployed stock is electric, so it moves the kilowatt hours as well as the carbon, and the movement is reported rather than gated."
V33_POLICY_CONDITIONAL,REAL_CAPACITY_FHWA_MV1_2024_REGISTERED_AUTOMOBILES_AND_STI_V2_INTERSECTIONS,grid_intensity_kg_per_kwh,2037,electricity-weighted mean: national grid carbon over national electricity,0.21,0.0923712140133837,0.11542077369375897,0.15718132137514768,0.11035110508166113,0.29365409305961965,1.045941258208028,"Not priced by this interval: the deployment scale, held at 30 per cent of registered automobiles and 30 per cent of signalized intersections by 2075 in every draw, against its own declared range of 15 to 45 per cent -- the model is exactly linear in that scale, so the two declared levels are delivered beside the interval as named lines, each of them the central rescaled, and never as width; the reading of the statutory floor itself, held at the statutory-targets-honoured reading in every draw, with the enforceable-standard reading delivered beside the interval as a named line rather than as width; the vehicle load model, held at the inherited one, with the single paired dynamometer measurement in the build's own precedent table delivered beside the interval as a named measured-load line; the computing workload growth of 2 per cent a year and the hardware efficiency floor of 0.25, neither of which is drawn or varied anywhere in this build; and the published market case, held at the policy state the interval is conditional on and carried as a named line.  The post-2050 continuation rule IS inside this interval: every electricity member continues along its own 2045-2050 slope at a decreasing rate after 2050 with the enacted statutory floors applied on top, and the linear trend and frozen continuations are delivered beside the interval as named lines.  The fuel-to-direct-current conversion coefficient IS priced here: it is drawn triangular on the declared list, support 0.17 to 0.2744 with its mode at the delivered central 0.21, so the two registered branches are the endpoints of the support this interval samples rather than values outside it, and each of them is also delivered as a named line.","The electricity-scenario axis changes the carbon content of a kilowatt hour, not the number of kilowatt hours.  Its contribution to the energy interval is therefore exactly zero, and an energy figure must not be captioned as though the electricity axis were inside it.  The same holds for the post-2050 continuation rule ON THAT AXIS and for the reading of the statutory floor: the delivered central, the two electricity-axis continuation lines and the enforceable-standard line carry the same energy in every entry and in every year, bitwise, and they part company only in carbon.  The two VEHICLE-axis continuation lines are a different object and are not covered by this sentence: a rule on that axis moves how much of the deployed stock is electric, so it moves the kilowatt hours as well as the carbon, and the movement is reported rather than gated."
V33_POLICY_CONDITIONAL,REAL_CAPACITY_FHWA_MV1_2024_REGISTERED_AUTOMOBILES_AND_STI_V2_INTERSECTIONS,grid_intensity_kg_per_kwh,2038,electricity-weighted mean: national grid carbon over national electricity,0.21,0.08928307959480733,0.1122667924150956,0.15408560220830023,0.1066789553499884,0.30372683347381474,1.0523799379809713,"Not priced by this interval: the deployment scale, held at 30 per cent of registered automobiles and 30 per cent of signalized intersections by 2075 in every draw, against its own declared range of 15 to 45 per cent -- the model is exactly linear in that scale, so the two declared levels are delivered beside the interval as named lines, each of them the central rescaled, and never as width; the reading of the statutory floor itself, held at the statutory-targets-honoured reading in every draw, with the enforceable-standard reading delivered beside the interval as a named line rather than as width; the vehicle load model, held at the inherited one, with the single paired dynamometer measurement in the build's own precedent table delivered beside the interval as a named measured-load line; the computing workload growth of 2 per cent a year and the hardware efficiency floor of 0.25, neither of which is drawn or varied anywhere in this build; and the published market case, held at the policy state the interval is conditional on and carried as a named line.  The post-2050 continuation rule IS inside this interval: every electricity member continues along its own 2045-2050 slope at a decreasing rate after 2050 with the enacted statutory floors applied on top, and the linear trend and frozen continuations are delivered beside the interval as named lines.  The fuel-to-direct-current conversion coefficient IS priced here: it is drawn triangular on the declared list, support 0.17 to 0.2744 with its mode at the delivered central 0.21, so the two registered branches are the endpoints of the support this interval samples rather than values outside it, and each of them is also delivered as a named line.","The electricity-scenario axis changes the carbon content of a kilowatt hour, not the number of kilowatt hours.  Its contribution to the energy interval is therefore exactly zero, and an energy figure must not be captioned as though the electricity axis were inside it.  The same holds for the post-2050 continuation rule ON THAT AXIS and for the reading of the statutory floor: the delivered central, the two electricity-axis continuation lines and the enforceable-standard line carry the same energy in every entry and in every year, bitwise, and they part company only in carbon.  The two VEHICLE-axis continuation lines are a different object and are not covered by this sentence: a rule on that axis moves how much of the deployed stock is electric, so it moves the kilowatt hours as well as the carbon, and the movement is reported rather than gated."
V33_POLICY_CONDITIONAL,REAL_CAPACITY_FHWA_MV1_2024_REGISTERED_AUTOMOBILES_AND_STI_V2_INTERSECTIONS,grid_intensity_kg_per_kwh,2039,electricity-weighted mean: national grid carbon over national electricity,0.21,0.08637384398728236,0.10941918431739346,0.1509661023786822,0.10297204722524167,0.31363976987905434,1.0626105556399135,"Not priced by this interval: the deployment scale, held at 30 per cent of registered automobiles and 30 per cent of signalized intersections by 2075 in every draw, against its own declared range of 15 to 45 per cent -- the model is exactly linear in that scale, so the two declared levels are delivered beside the interval as named lines, each of them the central rescaled, and never as width; the reading of the statutory floor itself, held at the statutory-targets-honoured reading in every draw, with the enforceable-standard reading delivered beside the interval as a named line rather than as width; the vehicle load model, held at the inherited one, with the single paired dynamometer measurement in the build's own precedent table delivered beside the interval as a named measured-load line; the computing workload growth of 2 per cent a year and the hardware efficiency floor of 0.25, neither of which is drawn or varied anywhere in this build; and the published market case, held at the policy state the interval is conditional on and carried as a named line.  The post-2050 continuation rule IS inside this interval: every electricity member continues along its own 2045-2050 slope at a decreasing rate after 2050 with the enacted statutory floors applied on top, and the linear trend and frozen continuations are delivered beside the interval as named lines.  The fuel-to-direct-current conversion coefficient IS priced here: it is drawn triangular on the declared list, support 0.17 to 0.2744 with its mode at the delivered central 0.21, so the two registered branches are the endpoints of the support this interval samples rather than values outside it, and each of them is also delivered as a named line.","The electricity-scenario axis changes the carbon content of a kilowatt hour, not the number of kilowatt hours.  Its contribution to the energy interval is therefore exactly zero, and an energy figure must not be captioned as though the electricity axis were inside it.  The same holds for the post-2050 continuation rule ON THAT AXIS and for the reading of the statutory floor: the delivered central, the two electricity-axis continuation lines and the enforceable-standard line carry the same energy in every entry and in every year, bitwise, and they part company only in carbon.  The two VEHICLE-axis continuation lines are a different object and are not covered by this sentence: a rule on that axis moves how much of the deployed stock is electric, so it moves the kilowatt hours as well as the carbon, and the movement is reported rather than gated."
V33_POLICY_CONDITIONAL,REAL_CAPACITY_FHWA_MV1_2024_REGISTERED_AUTOMOBILES_AND_STI_V2_INTERSECTIONS,grid_intensity_kg_per_kwh,2040,electricity-weighted mean: national grid carbon over national electricity,0.21,0.06337706146372563,0.0817298815639162,0.11795096739496784,0.07796499918805377,0.3499897806681715,1.0482893915868763,"Not priced by this interval: the deployment scale, held at 30 per cent of registered automobiles and 30 per cent of signalized intersections by 2075 in every draw, against its own declared range of 15 to 45 per cent -- the model is exactly linear in that scale, so the two declared levels are delivered beside the interval as named lines, each of them the central rescaled, and never as width; the reading of the statutory floor itself, held at the statutory-targets-honoured reading in every draw, with the enforceable-standard reading delivered beside the interval as a named line rather than as width; the vehicle load model, held at the inherited one, with the single paired dynamometer measurement in the build's own precedent table delivered beside the interval as a named measured-load line; the computing workload growth of 2 per cent a year and the hardware efficiency floor of 0.25, neither of which is drawn or varied anywhere in this build; and the published market case, held at the policy state the interval is conditional on and carried as a named line.  The post-2050 continuation rule IS inside this interval: every electricity member continues along its own 2045-2050 slope at a decreasing rate after 2050 with the enacted statutory floors applied on top, and the linear trend and frozen continuations are delivered beside the interval as named lines.  The fuel-to-direct-current conversion coefficient IS priced here: it is drawn triangular on the declared list, support 0.17 to 0.2744 with its mode at the delivered central 0.21, so the two registered branches are the endpoints of the support this interval samples rather than values outside it, and each of them is also delivered as a named line.","The electricity-scenario axis changes the carbon content of a kilowatt hour, not the number of kilowatt hours.  Its contribution to the energy interval is therefore exactly zero, and an energy figure must not be captioned as though the electricity axis were inside it.  The same holds for the post-2050 continuation rule ON THAT AXIS and for the reading of the statutory floor: the delivered central, the two electricity-axis continuation lines and the enforceable-standard line carry the same energy in every entry and in every year, bitwise, and they part company only in carbon.  The two VEHICLE-axis continuation lines are a different object and are not covered by this sentence: a rule on that axis moves how much of the deployed stock is electric, so it moves the kilowatt hours as well as the carbon, and the movement is reported rather than gated."
V33_POLICY_CONDITIONAL,REAL_CAPACITY_FHWA_MV1_2024_REGISTERED_AUTOMOBILES_AND_STI_V2_INTERSECTIONS,grid_intensity_kg_per_kwh,2041,electricity-weighted mean: national grid carbon over national electricity,0.21,0.0632827052021398,0.08188007549656878,0.11606280877138625,0.07808085457894687,0.33798364435087574,1.048657522232682,"Not priced by this interval: the deployment scale, held at 30 per cent of registered automobiles and 30 per cent of signalized intersections by 2075 in every draw, against its own declared range of 15 to 45 per cent -- the model is exactly linear in that scale, so the two declared levels are delivered beside the interval as named lines, each of them the central rescaled, and never as width; the reading of the statutory floor itself, held at the statutory-targets-honoured reading in every draw, with the enforceable-standard reading delivered beside the interval as a named line rather than as width; the vehicle load model, held at the inherited one, with the single paired dynamometer measurement in the build's own precedent table delivered beside the interval as a named measured-load line; the computing workload growth of 2 per cent a year and the hardware efficiency floor of 0.25, neither of which is drawn or varied anywhere in this build; and the published market case, held at the policy state the interval is conditional on and carried as a named line.  The post-2050 continuation rule IS inside this interval: every electricity member continues along its own 2045-2050 slope at a decreasing rate after 2050 with the enacted statutory floors applied on top, and the linear trend and frozen continuations are delivered beside the interval as named lines.  The fuel-to-direct-current conversion coefficient IS priced here: it is drawn triangular on the declared list, support 0.17 to 0.2744 with its mode at the delivered central 0.21, so the two registered branches are the endpoints of the support this interval samples rather than values outside it, and each of them is also delivered as a named line.","The electricity-scenario axis changes the carbon content of a kilowatt hour, not the number of kilowatt hours.  Its contribution to the energy interval is therefore exactly zero, and an energy figure must not be captioned as though the electricity axis were inside it.  The same holds for the post-2050 continuation rule ON THAT AXIS and for the reading of the statutory floor: the delivered central, the two electricity-axis continuation lines and the enforceable-standard line carry the same energy in every entry and in every year, bitwise, and they part company only in carbon.  The two VEHICLE-axis continuation lines are a different object and are not covered by this sentence: a rule on that axis moves how much of the deployed stock is electric, so it moves the kilowatt hours as well as the carbon, and the movement is reported rather than gated."
V33_POLICY_CONDITIONAL,REAL_CAPACITY_FHWA_MV1_2024_REGISTERED_AUTOMOBILES_AND_STI_V2_INTERSECTIONS,grid_intensity_kg_per_kwh,2042,electricity-weighted mean: national grid carbon over national electricity,0.21,0.06310282009354437,0.08206954727516716,0.11435218086944679,0.07820743001657113,0.32765020385558863,1.0493829967022021,"Not priced by this interval: the deployment scale, held at 30 per cent of registered automobiles and 30 per cent of signalized intersections by 2075 in every draw, against its own declared range of 15 to 45 per cent -- the model is exactly linear in that scale, so the two declared levels are delivered beside the interval as named lines, each of them the central rescaled, and never as width; the reading of the statutory floor itself, held at the statutory-targets-honoured reading in every draw, with the enforceable-standard reading delivered beside the interval as a named line rather than as width; the vehicle load model, held at the inherited one, with the single paired dynamometer measurement in the build's own precedent table delivered beside the interval as a named measured-load line; the computing workload growth of 2 per cent a year and the hardware efficiency floor of 0.25, neither of which is drawn or varied anywhere in this build; and the published market case, held at the policy state the interval is conditional on and carried as a named line.  The post-2050 continuation rule IS inside this interval: every electricity member continues along its own 2045-2050 slope at a decreasing rate after 2050 with the enacted statutory floors applied on top, and the linear trend and frozen continuations are delivered beside the interval as named lines.  The fuel-to-direct-current conversion coefficient IS priced here: it is drawn triangular on the declared list, support 0.17 to 0.2744 with its mode at the delivered central 0.21, so the two registered branches are the endpoints of the support this interval samples rather than values outside it, and each of them is also delivered as a named line.","The electricity-scenario axis changes the carbon content of a kilowatt hour, not the number of kilowatt hours.  Its contribution to the energy interval is therefore exactly zero, and an energy figure must not be captioned as though the electricity axis were inside it.  The same holds for the post-2050 continuation rule ON THAT AXIS and for the reading of the statutory floor: the delivered central, the two electricity-axis continuation lines and the enforceable-standard line carry the same energy in every entry and in every year, bitwise, and they part company only in carbon.  The two VEHICLE-axis continuation lines are a different object and are not covered by this sentence: a rule on that axis moves how much of the deployed stock is electric, so it moves the kilowatt hours as well as the carbon, and the movement is reported rather than gated."
V33_POLICY_CONDITIONAL,REAL_CAPACITY_FHWA_MV1_2024_REGISTERED_AUTOMOBILES_AND_STI_V2_INTERSECTIONS,grid_intensity_kg_per_kwh,2043,electricity-weighted mean: national grid carbon over national electricity,0.21,0.06293553647340296,0.08224641920017808,0.11330051176054412,0.07835274022436378,0.3213989398642638,1.0496942284936648,"Not priced by this interval: the deployment scale, held at 30 per cent of registered automobiles and 30 per cent of signalized intersections by 2075 in every draw, against its own declared range of 15 to 45 per cent -- the model is exactly linear in that scale, so the two declared levels are delivered beside the interval as named lines, each of them the central rescaled, and never as width; the reading of the statutory floor itself, held at the statutory-targets-honoured reading in every draw, with the enforceable-standard reading delivered beside the interval as a named line rather than as width; the vehicle load model, held at the inherited one, with the single paired dynamometer measurement in the build's own precedent table delivered beside the interval as a named measured-load line; the computing workload growth of 2 per cent a year and the hardware efficiency floor of 0.25, neither of which is drawn or varied anywhere in this build; and the published market case, held at the policy state the interval is conditional on and carried as a named line.  The post-2050 continuation rule IS inside this interval: every electricity member continues along its own 2045-2050 slope at a decreasing rate after 2050 with the enacted statutory floors applied on top, and the linear trend and frozen continuations are delivered beside the interval as named lines.  The fuel-to-direct-current conversion coefficient IS priced here: it is drawn triangular on the declared list, support 0.17 to 0.2744 with its mode at the delivered central 0.21, so the two registered branches are the endpoints of the support this interval samples rather than values outside it, and each of them is also delivered as a named line.","The electricity-scenario axis changes the carbon content of a kilowatt hour, not the number of kilowatt hours.  Its contribution to the energy interval is therefore exactly zero, and an energy figure must not be captioned as though the electricity axis were inside it.  The same holds for the post-2050 continuation rule ON THAT AXIS and for the reading of the statutory floor: the delivered central, the two electricity-axis continuation lines and the enforceable-standard line carry the same energy in every entry and in every year, bitwise, and they part company only in carbon.  The two VEHICLE-axis continuation lines are a different object and are not covered by this sentence: a rule on that axis moves how much of the deployed stock is electric, so it moves the kilowatt hours as well as the carbon, and the movement is reported rather than gated."
V33_POLICY_CONDITIONAL,REAL_CAPACITY_FHWA_MV1_2024_REGISTERED_AUTOMOBILES_AND_STI_V2_INTERSECTIONS,grid_intensity_kg_per_kwh,2044,electricity-weighted mean: national grid carbon over national electricity,0.21,0.06268166973668171,0.08252185813840177,0.11231306608563281,0.07850730930521531,0.3160941114157764,1.0511359880846123,"Not priced by this interval: the deployment scale, held at 30 per cent of registered automobiles and 30 per cent of signalized intersections by 2075 in every draw, against its own declared range of 15 to 45 per cent -- the model is exactly linear in that scale, so the two declared levels are delivered beside the interval as named lines, each of them the central rescaled, and never as width; the reading of the statutory floor itself, held at the statutory-targets-honoured reading in every draw, with the enforceable-standard reading delivered beside the interval as a named line rather than as width; the vehicle load model, held at the inherited one, with the single paired dynamometer measurement in the build's own precedent table delivered beside the interval as a named measured-load line; the computing workload growth of 2 per cent a year and the hardware efficiency floor of 0.25, neither of which is drawn or varied anywhere in this build; and the published market case, held at the policy state the interval is conditional on and carried as a named line.  The post-2050 continuation rule IS inside this interval: every electricity member continues along its own 2045-2050 slope at a decreasing rate after 2050 with the enacted statutory floors applied on top, and the linear trend and frozen continuations are delivered beside the interval as named lines.  The fuel-to-direct-current conversion coefficient IS priced here: it is drawn triangular on the declared list, support 0.17 to 0.2744 with its mode at the delivered central 0.21, so the two registered branches are the endpoints of the support this interval samples rather than values outside it, and each of them is also delivered as a named line.","The electricity-scenario axis changes the carbon content of a kilowatt hour, not the number of kilowatt hours.  Its contribution to the energy interval is therefore exactly zero, and an energy figure must not be captioned as though the electricity axis were inside it.  The same holds for the post-2050 continuation rule ON THAT AXIS and for the reading of the statutory floor: the delivered central, the two electricity-axis continuation lines and the enforceable-standard line carry the same energy in every entry and in every year, bitwise, and they part company only in carbon.  The two VEHICLE-axis continuation lines are a different object and are not covered by this sentence: a rule on that axis moves how much of the deployed stock is electric, so it moves the kilowatt hours as well as the carbon, and the movement is reported rather than gated."
V33_POLICY_CONDITIONAL,REAL_CAPACITY_FHWA_MV1_2024_REGISTERED_AUTOMOBILES_AND_STI_V2_INTERSECTIONS,grid_intensity_kg_per_kwh,2045,electricity-weighted mean: national grid carbon over national electricity,0.21,0.04804188396577033,0.06826510989478349,0.09780133627876761,0.06404154169873356,0.38849355428603993,1.0659504453518402,"Not priced by this interval: the deployment scale, held at 30 per cent of registered automobiles and 30 per cent of signalized intersections by 2075 in every draw, against its own declared range of 15 to 45 per cent -- the model is exactly linear in that scale, so the two declared levels are delivered beside the interval as named lines, each of them the central rescaled, and never as width; the reading of the statutory floor itself, held at the statutory-targets-honoured reading in every draw, with the enforceable-standard reading delivered beside the interval as a named line rather than as width; the vehicle load model, held at the inherited one, with the single paired dynamometer measurement in the build's own precedent table delivered beside the interval as a named measured-load line; the computing workload growth of 2 per cent a year and the hardware efficiency floor of 0.25, neither of which is drawn or varied anywhere in this build; and the published market case, held at the policy state the interval is conditional on and carried as a named line.  The post-2050 continuation rule IS inside this interval: every electricity member continues along its own 2045-2050 slope at a decreasing rate after 2050 with the enacted statutory floors applied on top, and the linear trend and frozen continuations are delivered beside the interval as named lines.  The fuel-to-direct-current conversion coefficient IS priced here: it is drawn triangular on the declared list, support 0.17 to 0.2744 with its mode at the delivered central 0.21, so the two registered branches are the endpoints of the support this interval samples rather than values outside it, and each of them is also delivered as a named line.","The electricity-scenario axis changes the carbon content of a kilowatt hour, not the number of kilowatt hours.  Its contribution to the energy interval is therefore exactly zero, and an energy figure must not be captioned as though the electricity axis were inside it.  The same holds for the post-2050 continuation rule ON THAT AXIS and for the reading of the statutory floor: the delivered central, the two electricity-axis continuation lines and the enforceable-standard line carry the same energy in every entry and in every year, bitwise, and they part company only in carbon.  The two VEHICLE-axis continuation lines are a different object and are not covered by this sentence: a rule on that axis moves how much of the deployed stock is electric, so it moves the kilowatt hours as well as the carbon, and the movement is reported rather than gated."
V33_POLICY_CONDITIONAL,REAL_CAPACITY_FHWA_MV1_2024_REGISTERED_AUTOMOBILES_AND_STI_V2_INTERSECTIONS,grid_intensity_kg_per_kwh,2046,electricity-weighted mean: national grid carbon over national electricity,0.21,0.04835257586208036,0.06858860025419866,0.09800038975013028,0.06455638608316058,0.3845306165690126,1.0624603453768902,"Not priced by this interval: the deployment scale, held at 30 per cent of registered automobiles and 30 per cent of signalized intersections by 2075 in every draw, against its own declared range of 15 to 45 per cent -- the model is exactly linear in that scale, so the two declared levels are delivered beside the interval as named lines, each of them the central rescaled, and never as width; the reading of the statutory floor itself, held at the statutory-targets-honoured reading in every draw, with the enforceable-standard reading delivered beside the interval as a named line rather than as width; the vehicle load model, held at the inherited one, with the single paired dynamometer measurement in the build's own precedent table delivered beside the interval as a named measured-load line; the computing workload growth of 2 per cent a year and the hardware efficiency floor of 0.25, neither of which is drawn or varied anywhere in this build; and the published market case, held at the policy state the interval is conditional on and carried as a named line.  The post-2050 continuation rule IS inside this interval: every electricity member continues along its own 2045-2050 slope at a decreasing rate after 2050 with the enacted statutory floors applied on top, and the linear trend and frozen continuations are delivered beside the interval as named lines.  The fuel-to-direct-current conversion coefficient IS priced here: it is drawn triangular on the declared list, support 0.17 to 0.2744 with its mode at the delivered central 0.21, so the two registered branches are the endpoints of the support this interval samples rather than values outside it, and each of them is also delivered as a named line.","The electricity-scenario axis changes the carbon content of a kilowatt hour, not the number of kilowatt hours.  Its contribution to the energy interval is therefore exactly zero, and an energy figure must not be captioned as though the electricity axis were inside it.  The same holds for the post-2050 continuation rule ON THAT AXIS and for the reading of the statutory floor: the delivered central, the two electricity-axis continuation lines and the enforceable-standard line carry the same energy in every entry and in every year, bitwise, and they part company only in carbon.  The two VEHICLE-axis continuation lines are a different object and are not covered by this sentence: a rule on that axis moves how much of the deployed stock is electric, so it moves the kilowatt hours as well as the carbon, and the movement is reported rather than gated."
V33_POLICY_CONDITIONAL,REAL_CAPACITY_FHWA_MV1_2024_REGISTERED_AUTOMOBILES_AND_STI_V2_INTERSECTIONS,grid_intensity_kg_per_kwh,2047,electricity-weighted mean: national grid carbon over national electricity,0.21,0.04856397701555052,0.06903988946201317,0.09840196930657805,0.06509304950879059,0.38282115116067095,1.0606338154842412,"Not priced by this interval: the deployment scale, held at 30 per cent of registered automobiles and 30 per cent of signalized intersections by 2075 in every draw, against its own declared range of 15 to 45 per cent -- the model is exactly linear in that scale, so the two declared levels are delivered beside the interval as named lines, each of them the central rescaled, and never as width; the reading of the statutory floor itself, held at the statutory-targets-honoured reading in every draw, with the enforceable-standard reading delivered beside the interval as a named line rather than as width; the vehicle load model, held at the inherited one, with the single paired dynamometer measurement in the build's own precedent table delivered beside the interval as a named measured-load line; the computing workload growth of 2 per cent a year and the hardware efficiency floor of 0.25, neither of which is drawn or varied anywhere in this build; and the published market case, held at the policy state the interval is conditional on and carried as a named line.  The post-2050 continuation rule IS inside this interval: every electricity member continues along its own 2045-2050 slope at a decreasing rate after 2050 with the enacted statutory floors applied on top, and the linear trend and frozen continuations are delivered beside the interval as named lines.  The fuel-to-direct-current conversion coefficient IS priced here: it is drawn triangular on the declared list, support 0.17 to 0.2744 with its mode at the delivered central 0.21, so the two registered branches are the endpoints of the support this interval samples rather than values outside it, and each of them is also delivered as a named line.","The electricity-scenario axis changes the carbon content of a kilowatt hour, not the number of kilowatt hours.  Its contribution to the energy interval is therefore exactly zero, and an energy figure must not be captioned as though the electricity axis were inside it.  The same holds for the post-2050 continuation rule ON THAT AXIS and for the reading of the statutory floor: the delivered central, the two electricity-axis continuation lines and the enforceable-standard line carry the same energy in every entry and in every year, bitwise, and they part company only in carbon.  The two VEHICLE-axis continuation lines are a different object and are not covered by this sentence: a rule on that axis moves how much of the deployed stock is electric, so it moves the kilowatt hours as well as the carbon, and the movement is reported rather than gated."
V33_POLICY_CONDITIONAL,REAL_CAPACITY_FHWA_MV1_2024_REGISTERED_AUTOMOBILES_AND_STI_V2_INTERSECTIONS,grid_intensity_kg_per_kwh,2048,electricity-weighted mean: national grid carbon over national electricity,0.21,0.04865864411223243,0.0695752206946931,0.09886095995796691,0.06564217352185224,0.3823937657169606,1.0599164677496786,"Not priced by this interval: the deployment scale, held at 30 per cent of registered automobiles and 30 per cent of signalized intersections by 2075 in every draw, against its own declared range of 15 to 45 per cent -- the model is exactly linear in that scale, so the two declared levels are delivered beside the interval as named lines, each of them the central rescaled, and never as width; the reading of the statutory floor itself, held at the statutory-targets-honoured reading in every draw, with the enforceable-standard reading delivered beside the interval as a named line rather than as width; the vehicle load model, held at the inherited one, with the single paired dynamometer measurement in the build's own precedent table delivered beside the interval as a named measured-load line; the computing workload growth of 2 per cent a year and the hardware efficiency floor of 0.25, neither of which is drawn or varied anywhere in this build; and the published market case, held at the policy state the interval is conditional on and carried as a named line.  The post-2050 continuation rule IS inside this interval: every electricity member continues along its own 2045-2050 slope at a decreasing rate after 2050 with the enacted statutory floors applied on top, and the linear trend and frozen continuations are delivered beside the interval as named lines.  The fuel-to-direct-current conversion coefficient IS priced here: it is drawn triangular on the declared list, support 0.17 to 0.2744 with its mode at the delivered central 0.21, so the two registered branches are the endpoints of the support this interval samples rather than values outside it, and each of them is also delivered as a named line.","The electricity-scenario axis changes the carbon content of a kilowatt hour, not the number of kilowatt hours.  Its contribution to the energy interval is therefore exactly zero, and an energy figure must not be captioned as though the electricity axis were inside it.  The same holds for the post-2050 continuation rule ON THAT AXIS and for the reading of the statutory floor: the delivered central, the two electricity-axis continuation lines and the enforceable-standard line carry the same energy in every entry and in every year, bitwise, and they part company only in carbon.  The two VEHICLE-axis continuation lines are a different object and are not covered by this sentence: a rule on that axis moves how much of the deployed stock is electric, so it moves the kilowatt hours as well as the carbon, and the movement is reported rather than gated."
V33_POLICY_CONDITIONAL,REAL_CAPACITY_FHWA_MV1_2024_REGISTERED_AUTOMOBILES_AND_STI_V2_INTERSECTIONS,grid_intensity_kg_per_kwh,2049,electricity-weighted mean: national grid carbon over national electricity,0.21,0.048939610492808726,0.06999870301098915,0.09887373466079359,0.06614602583811785,0.37745369835363124,1.0582450286930334,"Not priced by this interval: the deployment scale, held at 30 per cent of registered automobiles and 30 per cent of signalized intersections by 2075 in every draw, against its own declared range of 15 to 45 per cent -- the model is exactly linear in that scale, so the two declared levels are delivered beside the interval as named lines, each of them the central rescaled, and never as width; the reading of the statutory floor itself, held at the statutory-targets-honoured reading in every draw, with the enforceable-standard reading delivered beside the interval as a named line rather than as width; the vehicle load model, held at the inherited one, with the single paired dynamometer measurement in the build's own precedent table delivered beside the interval as a named measured-load line; the computing workload growth of 2 per cent a year and the hardware efficiency floor of 0.25, neither of which is drawn or varied anywhere in this build; and the published market case, held at the policy state the interval is conditional on and carried as a named line.  The post-2050 continuation rule IS inside this interval: every electricity member continues along its own 2045-2050 slope at a decreasing rate after 2050 with the enacted statutory floors applied on top, and the linear trend and frozen continuations are delivered beside the interval as named lines.  The fuel-to-direct-current conversion coefficient IS priced here: it is drawn triangular on the declared list, support 0.17 to 0.2744 with its mode at the delivered central 0.21, so the two registered branches are the endpoints of the support this interval samples rather than values outside it, and each of them is also delivered as a named line.","The electricity-scenario axis changes the carbon content of a kilowatt hour, not the number of kilowatt hours.  Its contribution to the energy interval is therefore exactly zero, and an energy figure must not be captioned as though the electricity axis were inside it.  The same holds for the post-2050 continuation rule ON THAT AXIS and for the reading of the statutory floor: the delivered central, the two electricity-axis continuation lines and the enforceable-standard line carry the same energy in every entry and in every year, bitwise, and they part company only in carbon.  The two VEHICLE-axis continuation lines are a different object and are not covered by this sentence: a rule on that axis moves how much of the deployed stock is electric, so it moves the kilowatt hours as well as the carbon, and the movement is reported rather than gated."
V33_POLICY_CONDITIONAL,REAL_CAPACITY_FHWA_MV1_2024_REGISTERED_AUTOMOBILES_AND_STI_V2_INTERSECTIONS,grid_intensity_kg_per_kwh,2050,electricity-weighted mean: national grid carbon over national electricity,0.21,0.041398934363359396,0.06050895427944229,0.08570579689114811,0.0573360517003423,0.38637873740723766,1.0553387002593528,"Not priced by this interval: the deployment scale, held at 30 per cent of registered automobiles and 30 per cent of signalized intersections by 2075 in every draw, against its own declared range of 15 to 45 per cent -- the model is exactly linear in that scale, so the two declared levels are delivered beside the interval as named lines, each of them the central rescaled, and never as width; the reading of the statutory floor itself, held at the statutory-targets-honoured reading in every draw, with the enforceable-standard reading delivered beside the interval as a named line rather than as width; the vehicle load model, held at the inherited one, with the single paired dynamometer measurement in the build's own precedent table delivered beside the interval as a named measured-load line; the computing workload growth of 2 per cent a year and the hardware efficiency floor of 0.25, neither of which is drawn or varied anywhere in this build; and the published market case, held at the policy state the interval is conditional on and carried as a named line.  The post-2050 continuation rule IS inside this interval: every electricity member continues along its own 2045-2050 slope at a decreasing rate after 2050 with the enacted statutory floors applied on top, and the linear trend and frozen continuations are delivered beside the interval as named lines.  The fuel-to-direct-current conversion coefficient IS priced here: it is drawn triangular on the declared list, support 0.17 to 0.2744 with its mode at the delivered central 0.21, so the two registered branches are the endpoints of the support this interval samples rather than values outside it, and each of them is also delivered as a named line.","The electricity-scenario axis changes the carbon content of a kilowatt hour, not the number of kilowatt hours.  Its contribution to the energy interval is therefore exactly zero, and an energy figure must not be captioned as though the electricity axis were inside it.  The same holds for the post-2050 continuation rule ON THAT AXIS and for the reading of the statutory floor: the delivered central, the two electricity-axis continuation lines and the enforceable-standard line carry the same energy in every entry and in every year, bitwise, and they part company only in carbon.  The two VEHICLE-axis continuation lines are a different object and are not covered by this sentence: a rule on that axis moves how much of the deployed stock is electric, so it moves the kilowatt hours as well as the carbon, and the movement is reported rather than gated."
V33_POLICY_CONDITIONAL,REAL_CAPACITY_FHWA_MV1_2024_REGISTERED_AUTOMOBILES_AND_STI_V2_INTERSECTIONS,grid_intensity_kg_per_kwh,2051,electricity-weighted mean: national grid carbon over national electricity,0.21,0.04130870346752599,0.060742982641583995,0.08600513989515574,0.057611501631081696,0.3879124407643958,1.0543551360725658,"Not priced by this interval: the deployment scale, held at 30 per cent of registered automobiles and 30 per cent of signalized intersections by 2075 in every draw, against its own declared range of 15 to 45 per cent -- the model is exactly linear in that scale, so the two declared levels are delivered beside the interval as named lines, each of them the central rescaled, and never as width; the reading of the statutory floor itself, held at the statutory-targets-honoured reading in every draw, with the enforceable-standard reading delivered beside the interval as a named line rather than as width; the vehicle load model, held at the inherited one, with the single paired dynamometer measurement in the build's own precedent table delivered beside the interval as a named measured-load line; the computing workload growth of 2 per cent a year and the hardware efficiency floor of 0.25, neither of which is drawn or varied anywhere in this build; and the published market case, held at the policy state the interval is conditional on and carried as a named line.  The post-2050 continuation rule IS inside this interval: every electricity member continues along its own 2045-2050 slope at a decreasing rate after 2050 with the enacted statutory floors applied on top, and the linear trend and frozen continuations are delivered beside the interval as named lines.  The fuel-to-direct-current conversion coefficient IS priced here: it is drawn triangular on the declared list, support 0.17 to 0.2744 with its mode at the delivered central 0.21, so the two registered branches are the endpoints of the support this interval samples rather than values outside it, and each of them is also delivered as a named line.","The electricity-scenario axis changes the carbon content of a kilowatt hour, not the number of kilowatt hours.  Its contribution to the energy interval is therefore exactly zero, and an energy figure must not be captioned as though the electricity axis were inside it.  The same holds for the post-2050 continuation rule ON THAT AXIS and for the reading of the statutory floor: the delivered central, the two electricity-axis continuation lines and the enforceable-standard line carry the same energy in every entry and in every year, bitwise, and they part company only in carbon.  The two VEHICLE-axis continuation lines are a different object and are not covered by this sentence: a rule on that axis moves how much of the deployed stock is electric, so it moves the kilowatt hours as well as the carbon, and the movement is reported rather than gated."
V33_POLICY_CONDITIONAL,REAL_CAPACITY_FHWA_MV1_2024_REGISTERED_AUTOMOBILES_AND_STI_V2_INTERSECTIONS,grid_intensity_kg_per_kwh,2052,electricity-weighted mean: national grid carbon over national electricity,0.21,0.041187075699708,0.06095767353346508,0.08624872465721804,0.0578629049264495,0.38938287850211334,1.0534845011834333,"Not priced by this interval: the deployment scale, held at 30 per cent of registered automobiles and 30 per cent of signalized intersections by 2075 in every draw, against its own declared range of 15 to 45 per cent -- the model is exactly linear in that scale, so the two declared levels are delivered beside the interval as named lines, each of them the central rescaled, and never as width; the reading of the statutory floor itself, held at the statutory-targets-honoured reading in every draw, with the enforceable-standard reading delivered beside the interval as a named line rather than as width; the vehicle load model, held at the inherited one, with the single paired dynamometer measurement in the build's own precedent table delivered beside the interval as a named measured-load line; the computing workload growth of 2 per cent a year and the hardware efficiency floor of 0.25, neither of which is drawn or varied anywhere in this build; and the published market case, held at the policy state the interval is conditional on and carried as a named line.  The post-2050 continuation rule IS inside this interval: every electricity member continues along its own 2045-2050 slope at a decreasing rate after 2050 with the enacted statutory floors applied on top, and the linear trend and frozen continuations are delivered beside the interval as named lines.  The fuel-to-direct-current conversion coefficient IS priced here: it is drawn triangular on the declared list, support 0.17 to 0.2744 with its mode at the delivered central 0.21, so the two registered branches are the endpoints of the support this interval samples rather than values outside it, and each of them is also delivered as a named line.","The electricity-scenario axis changes the carbon content of a kilowatt hour, not the number of kilowatt hours.  Its contribution to the energy interval is therefore exactly zero, and an energy figure must not be captioned as though the electricity axis were inside it.  The same holds for the post-2050 continuation rule ON THAT AXIS and for the reading of the statutory floor: the delivered central, the two electricity-axis continuation lines and the enforceable-standard line carry the same energy in every entry and in every year, bitwise, and they part company only in carbon.  The two VEHICLE-axis continuation lines are a different object and are not covered by this sentence: a rule on that axis moves how much of the deployed stock is electric, so it moves the kilowatt hours as well as the carbon, and the movement is reported rather than gated."
V33_POLICY_CONDITIONAL,REAL_CAPACITY_FHWA_MV1_2024_REGISTERED_AUTOMOBILES_AND_STI_V2_INTERSECTIONS,grid_intensity_kg_per_kwh,2053,electricity-weighted mean: national grid carbon over national electricity,0.21,0.041044137915391125,0.061170217515437,0.0866097147758254,0.0580979632664655,0.3921443566915452,1.052880584382634,"Not priced by this interval: the deployment scale, held at 30 per cent of registered automobiles and 30 per cent of signalized intersections by 2075 in every draw, against its own declared range of 15 to 45 per cent -- the model is exactly linear in that scale, so the two declared levels are delivered beside the interval as named lines, each of them the central rescaled, and never as width; the reading of the statutory floor itself, held at the statutory-targets-honoured reading in every draw, with the enforceable-standard reading delivered beside the interval as a named line rather than as width; the vehicle load model, held at the inherited one, with the single paired dynamometer measurement in the build's own precedent table delivered beside the interval as a named measured-load line; the computing workload growth of 2 per cent a year and the hardware efficiency floor of 0.25, neither of which is drawn or varied anywhere in this build; and the published market case, held at the policy state the interval is conditional on and carried as a named line.  The post-2050 continuation rule IS inside this interval: every electricity member continues along its own 2045-2050 slope at a decreasing rate after 2050 with the enacted statutory floors applied on top, and the linear trend and frozen continuations are delivered beside the interval as named lines.  The fuel-to-direct-current conversion coefficient IS priced here: it is drawn triangular on the declared list, support 0.17 to 0.2744 with its mode at the delivered central 0.21, so the two registered branches are the endpoints of the support this interval samples rather than values outside it, and each of them is also delivered as a named line.","The electricity-scenario axis changes the carbon content of a kilowatt hour, not the number of kilowatt hours.  Its contribution to the energy interval is therefore exactly zero, and an energy figure must not be captioned as though the electricity axis were inside it.  The same holds for the post-2050 continuation rule ON THAT AXIS and for the reading of the statutory floor: the delivered central, the two electricity-axis continuation lines and the enforceable-standard line carry the same energy in every entry and in every year, bitwise, and they part company only in carbon.  The two VEHICLE-axis continuation lines are a different object and are not covered by this sentence: a rule on that axis moves how much of the deployed stock is electric, so it moves the kilowatt hours as well as the carbon, and the movement is reported rather than gated."
V33_POLICY_CONDITIONAL,REAL_CAPACITY_FHWA_MV1_2024_REGISTERED_AUTOMOBILES_AND_STI_V2_INTERSECTIONS,grid_intensity_kg_per_kwh,2054,electricity-weighted mean: national grid carbon over national electricity,0.21,0.040856531769148816,0.06135243459409312,0.08717184445022277,0.058323166795462775,0.39705759499908566,1.051939357292684,"Not priced by this interval: the deployment scale, held at 30 per cent of registered automobiles and 30 per cent of signalized intersections by 2075 in every draw, against its own declared range of 15 to 45 per cent -- the model is exactly linear in that scale, so the two declared levels are delivered beside the interval as named lines, each of them the central rescaled, and never as width; the reading of the statutory floor itself, held at the statutory-targets-honoured reading in every draw, with the enforceable-standard reading delivered beside the interval as a named line rather than as width; the vehicle load model, held at the inherited one, with the single paired dynamometer measurement in the build's own precedent table delivered beside the interval as a named measured-load line; the computing workload growth of 2 per cent a year and the hardware efficiency floor of 0.25, neither of which is drawn or varied anywhere in this build; and the published market case, held at the policy state the interval is conditional on and carried as a named line.  The post-2050 continuation rule IS inside this interval: every electricity member continues along its own 2045-2050 slope at a decreasing rate after 2050 with the enacted statutory floors applied on top, and the linear trend and frozen continuations are delivered beside the interval as named lines.  The fuel-to-direct-current conversion coefficient IS priced here: it is drawn triangular on the declared list, support 0.17 to 0.2744 with its mode at the delivered central 0.21, so the two registered branches are the endpoints of the support this interval samples rather than values outside it, and each of them is also delivered as a named line.","The electricity-scenario axis changes the carbon content of a kilowatt hour, not the number of kilowatt hours.  Its contribution to the energy interval is therefore exactly zero, and an energy figure must not be captioned as though the electricity axis were inside it.  The same holds for the post-2050 continuation rule ON THAT AXIS and for the reading of the statutory floor: the delivered central, the two electricity-axis continuation lines and the enforceable-standard line carry the same energy in every entry and in every year, bitwise, and they part company only in carbon.  The two VEHICLE-axis continuation lines are a different object and are not covered by this sentence: a rule on that axis moves how much of the deployed stock is electric, so it moves the kilowatt hours as well as the carbon, and the movement is reported rather than gated."
V33_POLICY_CONDITIONAL,REAL_CAPACITY_FHWA_MV1_2024_REGISTERED_AUTOMOBILES_AND_STI_V2_INTERSECTIONS,grid_intensity_kg_per_kwh,2055,electricity-weighted mean: national grid carbon over national electricity,0.21,0.04070048174241647,0.0615049213053968,0.0878091517724647,0.058539326431530266,0.40236771501930635,1.050659873535361,"Not priced by this interval: the deployment scale, held at 30 per cent of registered automobiles and 30 per cent of signalized intersections by 2075 in every draw, against its own declared range of 15 to 45 per cent -- the model is exactly linear in that scale, so the two declared levels are delivered beside the interval as named lines, each of them the central rescaled, and never as width; the reading of the statutory floor itself, held at the statutory-targets-honoured reading in every draw, with the enforceable-standard reading delivered beside the interval as a named line rather than as width; the vehicle load model, held at the inherited one, with the single paired dynamometer measurement in the build's own precedent table delivered beside the interval as a named measured-load line; the computing workload growth of 2 per cent a year and the hardware efficiency floor of 0.25, neither of which is drawn or varied anywhere in this build; and the published market case, held at the policy state the interval is conditional on and carried as a named line.  The post-2050 continuation rule IS inside this interval: every electricity member continues along its own 2045-2050 slope at a decreasing rate after 2050 with the enacted statutory floors applied on top, and the linear trend and frozen continuations are delivered beside the interval as named lines.  The fuel-to-direct-current conversion coefficient IS priced here: it is drawn triangular on the declared list, support 0.17 to 0.2744 with its mode at the delivered central 0.21, so the two registered branches are the endpoints of the support this interval samples rather than values outside it, and each of them is also delivered as a named line.","The electricity-scenario axis changes the carbon content of a kilowatt hour, not the number of kilowatt hours.  Its contribution to the energy interval is therefore exactly zero, and an energy figure must not be captioned as though the electricity axis were inside it.  The same holds for the post-2050 continuation rule ON THAT AXIS and for the reading of the statutory floor: the delivered central, the two electricity-axis continuation lines and the enforceable-standard line carry the same energy in every entry and in every year, bitwise, and they part company only in carbon.  The two VEHICLE-axis continuation lines are a different object and are not covered by this sentence: a rule on that axis moves how much of the deployed stock is electric, so it moves the kilowatt hours as well as the carbon, and the movement is reported rather than gated."
V33_POLICY_CONDITIONAL,REAL_CAPACITY_FHWA_MV1_2024_REGISTERED_AUTOMOBILES_AND_STI_V2_INTERSECTIONS,grid_intensity_kg_per_kwh,2056,electricity-weighted mean: national grid carbon over national electricity,0.21,0.04043517490567474,0.06167174883911869,0.08844093465294199,0.0587479573929237,0.4085738626297298,1.049768393250506,"Not priced by this interval: the deployment scale, held at 30 per cent of registered automobiles and 30 per cent of signalized intersections by 2075 in every draw, against its own declared range of 15 to 45 per cent -- the model is exactly linear in that scale, so the two declared levels are delivered beside the interval as named lines, each of them the central rescaled, and never as width; the reading of the statutory floor itself, held at the statutory-targets-honoured reading in every draw, with the enforceable-standard reading delivered beside the interval as a named line rather than as width; the vehicle load model, held at the inherited one, with the single paired dynamometer measurement in the build's own precedent table delivered beside the interval as a named measured-load line; the computing workload growth of 2 per cent a year and the hardware efficiency floor of 0.25, neither of which is drawn or varied anywhere in this build; and the published market case, held at the policy state the interval is conditional on and carried as a named line.  The post-2050 continuation rule IS inside this interval: every electricity member continues along its own 2045-2050 slope at a decreasing rate after 2050 with the enacted statutory floors applied on top, and the linear trend and frozen continuations are delivered beside the interval as named lines.  The fuel-to-direct-current conversion coefficient IS priced here: it is drawn triangular on the declared list, support 0.17 to 0.2744 with its mode at the delivered central 0.21, so the two registered branches are the endpoints of the support this interval samples rather than values outside it, and each of them is also delivered as a named line.","The electricity-scenario axis changes the carbon content of a kilowatt hour, not the number of kilowatt hours.  Its contribution to the energy interval is therefore exactly zero, and an energy figure must not be captioned as though the electricity axis were inside it.  The same holds for the post-2050 continuation rule ON THAT AXIS and for the reading of the statutory floor: the delivered central, the two electricity-axis continuation lines and the enforceable-standard line carry the same energy in every entry and in every year, bitwise, and they part company only in carbon.  The two VEHICLE-axis continuation lines are a different object and are not covered by this sentence: a rule on that axis moves how much of the deployed stock is electric, so it moves the kilowatt hours as well as the carbon, and the movement is reported rather than gated."
V33_POLICY_CONDITIONAL,REAL_CAPACITY_FHWA_MV1_2024_REGISTERED_AUTOMOBILES_AND_STI_V2_INTERSECTIONS,grid_intensity_kg_per_kwh,2057,electricity-weighted mean: national grid carbon over national electricity,0.21,0.040207811812547026,0.06190553162590989,0.08907674901304005,0.05895678214736887,0.414447120590298,1.0500154413307412,"Not priced by this interval: the deployment scale, held at 30 per cent of registered automobiles and 30 per cent of signalized intersections by 2075 in every draw, against its own declared range of 15 to 45 per cent -- the model is exactly linear in that scale, so the two declared levels are delivered beside the interval as named lines, each of them the central rescaled, and never as width; the reading of the statutory floor itself, held at the statutory-targets-honoured reading in every draw, with the enforceable-standard reading delivered beside the interval as a named line rather than as width; the vehicle load model, held at the inherited one, with the single paired dynamometer measurement in the build's own precedent table delivered beside the interval as a named measured-load line; the computing workload growth of 2 per cent a year and the hardware efficiency floor of 0.25, neither of which is drawn or varied anywhere in this build; and the published market case, held at the policy state the interval is conditional on and carried as a named line.  The post-2050 continuation rule IS inside this interval: every electricity member continues along its own 2045-2050 slope at a decreasing rate after 2050 with the enacted statutory floors applied on top, and the linear trend and frozen continuations are delivered beside the interval as named lines.  The fuel-to-direct-current conversion coefficient IS priced here: it is drawn triangular on the declared list, support 0.17 to 0.2744 with its mode at the delivered central 0.21, so the two registered branches are the endpoints of the support this interval samples rather than values outside it, and each of them is also delivered as a named line.","The electricity-scenario axis changes the carbon content of a kilowatt hour, not the number of kilowatt hours.  Its contribution to the energy interval is therefore exactly zero, and an energy figure must not be captioned as though the electricity axis were inside it.  The same holds for the post-2050 continuation rule ON THAT AXIS and for the reading of the statutory floor: the delivered central, the two electricity-axis continuation lines and the enforceable-standard line carry the same energy in every entry and in every year, bitwise, and they part company only in carbon.  The two VEHICLE-axis continuation lines are a different object and are not covered by this sentence: a rule on that axis moves how much of the deployed stock is electric, so it moves the kilowatt hours as well as the carbon, and the movement is reported rather than gated."
V33_POLICY_CONDITIONAL,REAL_CAPACITY_FHWA_MV1_2024_REGISTERED_AUTOMOBILES_AND_STI_V2_INTERSECTIONS,grid_intensity_kg_per_kwh,2058,electricity-weighted mean: national grid carbon over national electricity,0.21,0.040038335237822915,0.06211103120807067,0.08982584038317214,0.0591664263112244,0.420741189297621,1.0497681722630534,"Not priced by this interval: the deployment scale, held at 30 per cent of registered automobiles and 30 per cent of signalized intersections by 2075 in every draw, against its own declared range of 15 to 45 per cent -- the model is exactly linear in that scale, so the two declared levels are delivered beside the interval as named lines, each of them the central rescaled, and never as width; the reading of the statutory floor itself, held at the statutory-targets-honoured reading in every draw, with the enforceable-standard reading delivered beside the interval as a named line rather than as width; the vehicle load model, held at the inherited one, with the single paired dynamometer measurement in the build's own precedent table delivered beside the interval as a named measured-load line; the computing workload growth of 2 per cent a year and the hardware efficiency floor of 0.25, neither of which is drawn or varied anywhere in this build; and the published market case, held at the policy state the interval is conditional on and carried as a named line.  The post-2050 continuation rule IS inside this interval: every electricity member continues along its own 2045-2050 slope at a decreasing rate after 2050 with the enacted statutory floors applied on top, and the linear trend and frozen continuations are delivered beside the interval as named lines.  The fuel-to-direct-current conversion coefficient IS priced here: it is drawn triangular on the declared list, support 0.17 to 0.2744 with its mode at the delivered central 0.21, so the two registered branches are the endpoints of the support this interval samples rather than values outside it, and each of them is also delivered as a named line.","The electricity-scenario axis changes the carbon content of a kilowatt hour, not the number of kilowatt hours.  Its contribution to the energy interval is therefore exactly zero, and an energy figure must not be captioned as though the electricity axis were inside it.  The same holds for the post-2050 continuation rule ON THAT AXIS and for the reading of the statutory floor: the delivered central, the two electricity-axis continuation lines and the enforceable-standard line carry the same energy in every entry and in every year, bitwise, and they part company only in carbon.  The two VEHICLE-axis continuation lines are a different object and are not covered by this sentence: a rule on that axis moves how much of the deployed stock is electric, so it moves the kilowatt hours as well as the carbon, and the movement is reported rather than gated."
V33_POLICY_CONDITIONAL,REAL_CAPACITY_FHWA_MV1_2024_REGISTERED_AUTOMOBILES_AND_STI_V2_INTERSECTIONS,grid_intensity_kg_per_kwh,2059,electricity-weighted mean: national grid carbon over national electricity,0.21,0.0398780371167271,0.06229132569630759,0.09058368001507097,0.05938143794050137,0.4269485941814813,1.049003322531897,"Not priced by this interval: the deployment scale, held at 30 per cent of registered automobiles and 30 per cent of signalized intersections by 2075 in every draw, against its own declared range of 15 to 45 per cent -- the model is exactly linear in that scale, so the two declared levels are delivered beside the interval as named lines, each of them the central rescaled, and never as width; the reading of the statutory floor itself, held at the statutory-targets-honoured reading in every draw, with the enforceable-standard reading delivered beside the interval as a named line rather than as width; the vehicle load model, held at the inherited one, with the single paired dynamometer measurement in the build's own precedent table delivered beside the interval as a named measured-load line; the computing workload growth of 2 per cent a year and the hardware efficiency floor of 0.25, neither of which is drawn or varied anywhere in this build; and the published market case, held at the policy state the interval is conditional on and carried as a named line.  The post-2050 continuation rule IS inside this interval: every electricity member continues along its own 2045-2050 slope at a decreasing rate after 2050 with the enacted statutory floors applied on top, and the linear trend and frozen continuations are delivered beside the interval as named lines.  The fuel-to-direct-current conversion coefficient IS priced here: it is drawn triangular on the declared list, support 0.17 to 0.2744 with its mode at the delivered central 0.21, so the two registered branches are the endpoints of the support this interval samples rather than values outside it, and each of them is also delivered as a named line.","The electricity-scenario axis changes the carbon content of a kilowatt hour, not the number of kilowatt hours.  Its contribution to the energy interval is therefore exactly zero, and an energy figure must not be captioned as though the electricity axis were inside it.  The same holds for the post-2050 continuation rule ON THAT AXIS and for the reading of the statutory floor: the delivered central, the two electricity-axis continuation lines and the enforceable-standard line carry the same energy in every entry and in every year, bitwise, and they part company only in carbon.  The two VEHICLE-axis continuation lines are a different object and are not covered by this sentence: a rule on that axis moves how much of the deployed stock is electric, so it moves the kilowatt hours as well as the carbon, and the movement is reported rather than gated."
V33_POLICY_CONDITIONAL,REAL_CAPACITY_FHWA_MV1_2024_REGISTERED_AUTOMOBILES_AND_STI_V2_INTERSECTIONS,grid_intensity_kg_per_kwh,2060,electricity-weighted mean: national grid carbon over national electricity,0.21,0.039722483642773844,0.06249913180019222,0.09134060664583239,0.05959975866758778,0.43303969812154713,1.0486473971945998,"Not priced by this interval: the deployment scale, held at 30 per cent of registered automobiles and 30 per cent of signalized intersections by 2075 in every draw, against its own declared range of 15 to 45 per cent -- the model is exactly linear in that scale, so the two declared levels are delivered beside the interval as named lines, each of them the central rescaled, and never as width; the reading of the statutory floor itself, held at the statutory-targets-honoured reading in every draw, with the enforceable-standard reading delivered beside the interval as a named line rather than as width; the vehicle load model, held at the inherited one, with the single paired dynamometer measurement in the build's own precedent table delivered beside the interval as a named measured-load line; the computing workload growth of 2 per cent a year and the hardware efficiency floor of 0.25, neither of which is drawn or varied anywhere in this build; and the published market case, held at the policy state the interval is conditional on and carried as a named line.  The post-2050 continuation rule IS inside this interval: every electricity member continues along its own 2045-2050 slope at a decreasing rate after 2050 with the enacted statutory floors applied on top, and the linear trend and frozen continuations are delivered beside the interval as named lines.  The fuel-to-direct-current conversion coefficient IS priced here: it is drawn triangular on the declared list, support 0.17 to 0.2744 with its mode at the delivered central 0.21, so the two registered branches are the endpoints of the support this interval samples rather than values outside it, and each of them is also delivered as a named line.","The electricity-scenario axis changes the carbon content of a kilowatt hour, not the number of kilowatt hours.  Its contribution to the energy interval is therefore exactly zero, and an energy figure must not be captioned as though the electricity axis were inside it.  The same holds for the post-2050 continuation rule ON THAT AXIS and for the reading of the statutory floor: the delivered central, the two electricity-axis continuation lines and the enforceable-standard line carry the same energy in every entry and in every year, bitwise, and they part company only in carbon.  The two VEHICLE-axis continuation lines are a different object and are not covered by this sentence: a rule on that axis moves how much of the deployed stock is electric, so it moves the kilowatt hours as well as the carbon, and the movement is reported rather than gated."
V33_POLICY_CONDITIONAL,REAL_CAPACITY_FHWA_MV1_2024_REGISTERED_AUTOMOBILES_AND_STI_V2_INTERSECTIONS,grid_intensity_kg_per_kwh,2061,electricity-weighted mean: national grid carbon over national electricity,0.21,0.03952078073093203,0.06272744897788232,0.09195245487131308,0.059792416854377535,0.43844752310377977,1.0490870293912513,"Not priced by this interval: the deployment scale, held at 30 per cent of registered automobiles and 30 per cent of signalized intersections by 2075 in every draw, against its own declared range of 15 to 45 per cent -- the model is exactly linear in that scale, so the two declared levels are delivered beside the interval as named lines, each of them the central rescaled, and never as width; the reading of the statutory floor itself, held at the statutory-targets-honoured reading in every draw, with the enforceable-standard reading delivered beside the interval as a named line rather than as width; the vehicle load model, held at the inherited one, with the single paired dynamometer measurement in the build's own precedent table delivered beside the interval as a named measured-load line; the computing workload growth of 2 per cent a year and the hardware efficiency floor of 0.25, neither of which is drawn or varied anywhere in this build; and the published market case, held at the policy state the interval is conditional on and carried as a named line.  The post-2050 continuation rule IS inside this interval: every electricity member continues along its own 2045-2050 slope at a decreasing rate after 2050 with the enacted statutory floors applied on top, and the linear trend and frozen continuations are delivered beside the interval as named lines.  The fuel-to-direct-current conversion coefficient IS priced here: it is drawn triangular on the declared list, support 0.17 to 0.2744 with its mode at the delivered central 0.21, so the two registered branches are the endpoints of the support this interval samples rather than values outside it, and each of them is also delivered as a named line.","The electricity-scenario axis changes the carbon content of a kilowatt hour, not the number of kilowatt hours.  Its contribution to the energy interval is therefore exactly zero, and an energy figure must not be captioned as though the electricity axis were inside it.  The same holds for the post-2050 continuation rule ON THAT AXIS and for the reading of the statutory floor: the delivered central, the two electricity-axis continuation lines and the enforceable-standard line carry the same energy in every entry and in every year, bitwise, and they part company only in carbon.  The two VEHICLE-axis continuation lines are a different object and are not covered by this sentence: a rule on that axis moves how much of the deployed stock is electric, so it moves the kilowatt hours as well as the carbon, and the movement is reported rather than gated."
V33_POLICY_CONDITIONAL,REAL_CAPACITY_FHWA_MV1_2024_REGISTERED_AUTOMOBILES_AND_STI_V2_INTERSECTIONS,grid_intensity_kg_per_kwh,2062,electricity-weighted mean: national grid carbon over national electricity,0.21,0.03928243430884411,0.0628850082329554,0.0924773115877997,0.05994136455386081,0.4437242768402186,1.0491087198465352,"Not priced by this interval: the deployment scale, held at 30 per cent of registered automobiles and 30 per cent of signalized intersections by 2075 in every draw, against its own declared range of 15 to 45 per cent -- the model is exactly linear in that scale, so the two declared levels are delivered beside the interval as named lines, each of them the central rescaled, and never as width; the reading of the statutory floor itself, held at the statutory-targets-honoured reading in every draw, with the enforceable-standard reading delivered beside the interval as a named line rather than as width; the vehicle load model, held at the inherited one, with the single paired dynamometer measurement in the build's own precedent table delivered beside the interval as a named measured-load line; the computing workload growth of 2 per cent a year and the hardware efficiency floor of 0.25, neither of which is drawn or varied anywhere in this build; and the published market case, held at the policy state the interval is conditional on and carried as a named line.  The post-2050 continuation rule IS inside this interval: every electricity member continues along its own 2045-2050 slope at a decreasing rate after 2050 with the enacted statutory floors applied on top, and the linear trend and frozen continuations are delivered beside the interval as named lines.  The fuel-to-direct-current conversion coefficient IS priced here: it is drawn triangular on the declared list, support 0.17 to 0.2744 with its mode at the delivered central 0.21, so the two registered branches are the endpoints of the support this interval samples rather than values outside it, and each of them is also delivered as a named line.","The electricity-scenario axis changes the carbon content of a kilowatt hour, not the number of kilowatt hours.  Its contribution to the energy interval is therefore exactly zero, and an energy figure must not be captioned as though the electricity axis were inside it.  The same holds for the post-2050 continuation rule ON THAT AXIS and for the reading of the statutory floor: the delivered central, the two electricity-axis continuation lines and the enforceable-standard line carry the same energy in every entry and in every year, bitwise, and they part company only in carbon.  The two VEHICLE-axis continuation lines are a different object and are not covered by this sentence: a rule on that axis moves how much of the deployed stock is electric, so it moves the kilowatt hours as well as the carbon, and the movement is reported rather than gated."
V33_POLICY_CONDITIONAL,REAL_CAPACITY_FHWA_MV1_2024_REGISTERED_AUTOMOBILES_AND_STI_V2_INTERSECTIONS,grid_intensity_kg_per_kwh,2063,electricity-weighted mean: national grid carbon over national electricity,0.21,0.0390592804705397,0.0630899984535317,0.09306047008408751,0.06009115190491212,0.44932729613004396,1.0499049602737678,"Not priced by this interval: the deployment scale, held at 30 per cent of registered automobiles and 30 per cent of signalized intersections by 2075 in every draw, against its own declared range of 15 to 45 per cent -- the model is exactly linear in that scale, so the two declared levels are delivered beside the interval as named lines, each of them the central rescaled, and never as width; the reading of the statutory floor itself, held at the statutory-targets-honoured reading in every draw, with the enforceable-standard reading delivered beside the interval as a named line rather than as width; the vehicle load model, held at the inherited one, with the single paired dynamometer measurement in the build's own precedent table delivered beside the interval as a named measured-load line; the computing workload growth of 2 per cent a year and the hardware efficiency floor of 0.25, neither of which is drawn or varied anywhere in this build; and the published market case, held at the policy state the interval is conditional on and carried as a named line.  The post-2050 continuation rule IS inside this interval: every electricity member continues along its own 2045-2050 slope at a decreasing rate after 2050 with the enacted statutory floors applied on top, and the linear trend and frozen continuations are delivered beside the interval as named lines.  The fuel-to-direct-current conversion coefficient IS priced here: it is drawn triangular on the declared list, support 0.17 to 0.2744 with its mode at the delivered central 0.21, so the two registered branches are the endpoints of the support this interval samples rather than values outside it, and each of them is also delivered as a named line.","The electricity-scenario axis changes the carbon content of a kilowatt hour, not the number of kilowatt hours.  Its contribution to the energy interval is therefore exactly zero, and an energy figure must not be captioned as though the electricity axis were inside it.  The same holds for the post-2050 continuation rule ON THAT AXIS and for the reading of the statutory floor: the delivered central, the two electricity-axis continuation lines and the enforceable-standard line carry the same energy in every entry and in every year, bitwise, and they part company only in carbon.  The two VEHICLE-axis continuation lines are a different object and are not covered by this sentence: a rule on that axis moves how much of the deployed stock is electric, so it moves the kilowatt hours as well as the carbon, and the movement is reported rather than gated."
V33_POLICY_CONDITIONAL,REAL_CAPACITY_FHWA_MV1_2024_REGISTERED_AUTOMOBILES_AND_STI_V2_INTERSECTIONS,grid_intensity_kg_per_kwh,2064,electricity-weighted mean: national grid carbon over national electricity,0.21,0.03889379967380216,0.06319746230700667,0.09363077108194104,0.060220035778248186,0.4544747499793929,1.0494424569876117,"Not priced by this interval: the deployment scale, held at 30 per cent of registered automobiles and 30 per cent of signalized intersections by 2075 in every draw, against its own declared range of 15 to 45 per cent -- the model is exactly linear in that scale, so the two declared levels are delivered beside the interval as named lines, each of them the central rescaled, and never as width; the reading of the statutory floor itself, held at the statutory-targets-honoured reading in every draw, with the enforceable-standard reading delivered beside the interval as a named line rather than as width; the vehicle load model, held at the inherited one, with the single paired dynamometer measurement in the build's own precedent table delivered beside the interval as a named measured-load line; the computing workload growth of 2 per cent a year and the hardware efficiency floor of 0.25, neither of which is drawn or varied anywhere in this build; and the published market case, held at the policy state the interval is conditional on and carried as a named line.  The post-2050 continuation rule IS inside this interval: every electricity member continues along its own 2045-2050 slope at a decreasing rate after 2050 with the enacted statutory floors applied on top, and the linear trend and frozen continuations are delivered beside the interval as named lines.  The fuel-to-direct-current conversion coefficient IS priced here: it is drawn triangular on the declared list, support 0.17 to 0.2744 with its mode at the delivered central 0.21, so the two registered branches are the endpoints of the support this interval samples rather than values outside it, and each of them is also delivered as a named line.","The electricity-scenario axis changes the carbon content of a kilowatt hour, not the number of kilowatt hours.  Its contribution to the energy interval is therefore exactly zero, and an energy figure must not be captioned as though the electricity axis were inside it.  The same holds for the post-2050 continuation rule ON THAT AXIS and for the reading of the statutory floor: the delivered central, the two electricity-axis continuation lines and the enforceable-standard line carry the same energy in every entry and in every year, bitwise, and they part company only in carbon.  The two VEHICLE-axis continuation lines are a different object and are not covered by this sentence: a rule on that axis moves how much of the deployed stock is electric, so it moves the kilowatt hours as well as the carbon, and the movement is reported rather than gated."
V33_POLICY_CONDITIONAL,REAL_CAPACITY_FHWA_MV1_2024_REGISTERED_AUTOMOBILES_AND_STI_V2_INTERSECTIONS,grid_intensity_kg_per_kwh,2065,electricity-weighted mean: national grid carbon over national electricity,0.21,0.03870768851326205,0.06317106029836511,0.0941040319896669,0.06033283516542172,0.45908951008615867,1.0470427939473006,"Not priced by this interval: the deployment scale, held at 30 per cent of registered automobiles and 30 per cent of signalized intersections by 2075 in every draw, against its own declared range of 15 to 45 per cent -- the model is exactly linear in that scale, so the two declared levels are delivered beside the interval as named lines, each of them the central rescaled, and never as width; the reading of the statutory floor itself, held at the statutory-targets-honoured reading in every draw, with the enforceable-standard reading delivered beside the interval as a named line rather than as width; the vehicle load model, held at the inherited one, with the single paired dynamometer measurement in the build's own precedent table delivered beside the interval as a named measured-load line; the computing workload growth of 2 per cent a year and the hardware efficiency floor of 0.25, neither of which is drawn or varied anywhere in this build; and the published market case, held at the policy state the interval is conditional on and carried as a named line.  The post-2050 continuation rule IS inside this interval: every electricity member continues along its own 2045-2050 slope at a decreasing rate after 2050 with the enacted statutory floors applied on top, and the linear trend and frozen continuations are delivered beside the interval as named lines.  The fuel-to-direct-current conversion coefficient IS priced here: it is drawn triangular on the declared list, support 0.17 to 0.2744 with its mode at the delivered central 0.21, so the two registered branches are the endpoints of the support this interval samples rather than values outside it, and each of them is also delivered as a named line.","The electricity-scenario axis changes the carbon content of a kilowatt hour, not the number of kilowatt hours.  Its contribution to the energy interval is therefore exactly zero, and an energy figure must not be captioned as though the electricity axis were inside it.  The same holds for the post-2050 continuation rule ON THAT AXIS and for the reading of the statutory floor: the delivered central, the two electricity-axis continuation lines and the enforceable-standard line carry the same energy in every entry and in every year, bitwise, and they part company only in carbon.  The two VEHICLE-axis continuation lines are a different object and are not covered by this sentence: a rule on that axis moves how much of the deployed stock is electric, so it moves the kilowatt hours as well as the carbon, and the movement is reported rather than gated."
V33_POLICY_CONDITIONAL,REAL_CAPACITY_FHWA_MV1_2024_REGISTERED_AUTOMOBILES_AND_STI_V2_INTERSECTIONS,grid_intensity_kg_per_kwh,2066,electricity-weighted mean: national grid carbon over national electricity,0.21,0.038519852684355135,0.06316946615706179,0.09466307411828317,0.060434557480473515,0.4644960083646512,1.045254053154471,"Not priced by this interval: the deployment scale, held at 30 per cent of registered automobiles and 30 per cent of signalized intersections by 2075 in every draw, against its own declared range of 15 to 45 per cent -- the model is exactly linear in that scale, so the two declared levels are delivered beside the interval as named lines, each of them the central rescaled, and never as width; the reading of the statutory floor itself, held at the statutory-targets-honoured reading in every draw, with the enforceable-standard reading delivered beside the interval as a named line rather than as width; the vehicle load model, held at the inherited one, with the single paired dynamometer measurement in the build's own precedent table delivered beside the interval as a named measured-load line; the computing workload growth of 2 per cent a year and the hardware efficiency floor of 0.25, neither of which is drawn or varied anywhere in this build; and the published market case, held at the policy state the interval is conditional on and carried as a named line.  The post-2050 continuation rule IS inside this interval: every electricity member continues along its own 2045-2050 slope at a decreasing rate after 2050 with the enacted statutory floors applied on top, and the linear trend and frozen continuations are delivered beside the interval as named lines.  The fuel-to-direct-current conversion coefficient IS priced here: it is drawn triangular on the declared list, support 0.17 to 0.2744 with its mode at the delivered central 0.21, so the two registered branches are the endpoints of the support this interval samples rather than values outside it, and each of them is also delivered as a named line.","The electricity-scenario axis changes the carbon content of a kilowatt hour, not the number of kilowatt hours.  Its contribution to the energy interval is therefore exactly zero, and an energy figure must not be captioned as though the electricity axis were inside it.  The same holds for the post-2050 continuation rule ON THAT AXIS and for the reading of the statutory floor: the delivered central, the two electricity-axis continuation lines and the enforceable-standard line carry the same energy in every entry and in every year, bitwise, and they part company only in carbon.  The two VEHICLE-axis continuation lines are a different object and are not covered by this sentence: a rule on that axis moves how much of the deployed stock is electric, so it moves the kilowatt hours as well as the carbon, and the movement is reported rather than gated."
V33_POLICY_CONDITIONAL,REAL_CAPACITY_FHWA_MV1_2024_REGISTERED_AUTOMOBILES_AND_STI_V2_INTERSECTIONS,grid_intensity_kg_per_kwh,2067,electricity-weighted mean: national grid carbon over national electricity,0.21,0.03832136954018925,0.06321041897507548,0.09520673586366883,0.06052721763281346,0.469915589616005,1.0443304920860492,"Not priced by this interval: the deployment scale, held at 30 per cent of registered automobiles and 30 per cent of signalized intersections by 2075 in every draw, against its own declared range of 15 to 45 per cent -- the model is exactly linear in that scale, so the two declared levels are delivered beside the interval as named lines, each of them the central rescaled, and never as width; the reading of the statutory floor itself, held at the statutory-targets-honoured reading in every draw, with the enforceable-standard reading delivered beside the interval as a named line rather than as width; the vehicle load model, held at the inherited one, with the single paired dynamometer measurement in the build's own precedent table delivered beside the interval as a named measured-load line; the computing workload growth of 2 per cent a year and the hardware efficiency floor of 0.25, neither of which is drawn or varied anywhere in this build; and the published market case, held at the policy state the interval is conditional on and carried as a named line.  The post-2050 continuation rule IS inside this interval: every electricity member continues along its own 2045-2050 slope at a decreasing rate after 2050 with the enacted statutory floors applied on top, and the linear trend and frozen continuations are delivered beside the interval as named lines.  The fuel-to-direct-current conversion coefficient IS priced here: it is drawn triangular on the declared list, support 0.17 to 0.2744 with its mode at the delivered central 0.21, so the two registered branches are the endpoints of the support this interval samples rather than values outside it, and each of them is also delivered as a named line.","The electricity-scenario axis changes the carbon content of a kilowatt hour, not the number of kilowatt hours.  Its contribution to the energy interval is therefore exactly zero, and an energy figure must not be captioned as though the electricity axis were inside it.  The same holds for the post-2050 continuation rule ON THAT AXIS and for the reading of the statutory floor: the delivered central, the two electricity-axis continuation lines and the enforceable-standard line carry the same energy in every entry and in every year, bitwise, and they part company only in carbon.  The two VEHICLE-axis continuation lines are a different object and are not covered by this sentence: a rule on that axis moves how much of the deployed stock is electric, so it moves the kilowatt hours as well as the carbon, and the movement is reported rather than gated."
V33_POLICY_CONDITIONAL,REAL_CAPACITY_FHWA_MV1_2024_REGISTERED_AUTOMOBILES_AND_STI_V2_INTERSECTIONS,grid_intensity_kg_per_kwh,2068,electricity-weighted mean: national grid carbon over national electricity,0.21,0.038132743732974435,0.06319888246342234,0.09573879553701124,0.06061289708551187,0.4751963243298448,1.0426639461608673,"Not priced by this interval: the deployment scale, held at 30 per cent of registered automobiles and 30 per cent of signalized intersections by 2075 in every draw, against its own declared range of 15 to 45 per cent -- the model is exactly linear in that scale, so the two declared levels are delivered beside the interval as named lines, each of them the central rescaled, and never as width; the reading of the statutory floor itself, held at the statutory-targets-honoured reading in every draw, with the enforceable-standard reading delivered beside the interval as a named line rather than as width; the vehicle load model, held at the inherited one, with the single paired dynamometer measurement in the build's own precedent table delivered beside the interval as a named measured-load line; the computing workload growth of 2 per cent a year and the hardware efficiency floor of 0.25, neither of which is drawn or varied anywhere in this build; and the published market case, held at the policy state the interval is conditional on and carried as a named line.  The post-2050 continuation rule IS inside this interval: every electricity member continues along its own 2045-2050 slope at a decreasing rate after 2050 with the enacted statutory floors applied on top, and the linear trend and frozen continuations are delivered beside the interval as named lines.  The fuel-to-direct-current conversion coefficient IS priced here: it is drawn triangular on the declared list, support 0.17 to 0.2744 with its mode at the delivered central 0.21, so the two registered branches are the endpoints of the support this interval samples rather than values outside it, and each of them is also delivered as a named line.","The electricity-scenario axis changes the carbon content of a kilowatt hour, not the number of kilowatt hours.  Its contribution to the energy interval is therefore exactly zero, and an energy figure must not be captioned as though the electricity axis were inside it.  The same holds for the post-2050 continuation rule ON THAT AXIS and for the reading of the statutory floor: the delivered central, the two electricity-axis continuation lines and the enforceable-standard line carry the same energy in every entry and in every year, bitwise, and they part company only in carbon.  The two VEHICLE-axis continuation lines are a different object and are not covered by this sentence: a rule on that axis moves how much of the deployed stock is electric, so it moves the kilowatt hours as well as the carbon, and the movement is reported rather than gated."
V33_POLICY_CONDITIONAL,REAL_CAPACITY_FHWA_MV1_2024_REGISTERED_AUTOMOBILES_AND_STI_V2_INTERSECTIONS,grid_intensity_kg_per_kwh,2069,electricity-weighted mean: national grid carbon over national electricity,0.21,0.037910819068939255,0.06322201706939792,0.09626914164752284,0.0606968073597504,0.48073634443977753,1.0416036661480494,"Not priced by this interval: the deployment scale, held at 30 per cent of registered automobiles and 30 per cent of signalized intersections by 2075 in every draw, against its own declared range of 15 to 45 per cent -- the model is exactly linear in that scale, so the two declared levels are delivered beside the interval as named lines, each of them the central rescaled, and never as width; the reading of the statutory floor itself, held at the statutory-targets-honoured reading in every draw, with the enforceable-standard reading delivered beside the interval as a named line rather than as width; the vehicle load model, held at the inherited one, with the single paired dynamometer measurement in the build's own precedent table delivered beside the interval as a named measured-load line; the computing workload growth of 2 per cent a year and the hardware efficiency floor of 0.25, neither of which is drawn or varied anywhere in this build; and the published market case, held at the policy state the interval is conditional on and carried as a named line.  The post-2050 continuation rule IS inside this interval: every electricity member continues along its own 2045-2050 slope at a decreasing rate after 2050 with the enacted statutory floors applied on top, and the linear trend and frozen continuations are delivered beside the interval as named lines.  The fuel-to-direct-current conversion coefficient IS priced here: it is drawn triangular on the declared list, support 0.17 to 0.2744 with its mode at the delivered central 0.21, so the two registered branches are the endpoints of the support this interval samples rather than values outside it, and each of them is also delivered as a named line.","The electricity-scenario axis changes the carbon content of a kilowatt hour, not the number of kilowatt hours.  Its contribution to the energy interval is therefore exactly zero, and an energy figure must not be captioned as though the electricity axis were inside it.  The same holds for the post-2050 continuation rule ON THAT AXIS and for the reading of the statutory floor: the delivered central, the two electricity-axis continuation lines and the enforceable-standard line carry the same energy in every entry and in every year, bitwise, and they part company only in carbon.  The two VEHICLE-axis continuation lines are a different object and are not covered by this sentence: a rule on that axis moves how much of the deployed stock is electric, so it moves the kilowatt hours as well as the carbon, and the movement is reported rather than gated."
V33_POLICY_CONDITIONAL,REAL_CAPACITY_FHWA_MV1_2024_REGISTERED_AUTOMOBILES_AND_STI_V2_INTERSECTIONS,grid_intensity_kg_per_kwh,2070,electricity-weighted mean: national grid carbon over national electricity,0.21,0.03769818849649895,0.06318708383047256,0.09680071174952203,0.06078046556085403,0.48619669747222505,1.039595258894636,"Not priced by this interval: the deployment scale, held at 30 per cent of registered automobiles and 30 per cent of signalized intersections by 2075 in every draw, against its own declared range of 15 to 45 per cent -- the model is exactly linear in that scale, so the two declared levels are delivered beside the interval as named lines, each of them the central rescaled, and never as width; the reading of the statutory floor itself, held at the statutory-targets-honoured reading in every draw, with the enforceable-standard reading delivered beside the interval as a named line rather than as width; the vehicle load model, held at the inherited one, with the single paired dynamometer measurement in the build's own precedent table delivered beside the interval as a named measured-load line; the computing workload growth of 2 per cent a year and the hardware efficiency floor of 0.25, neither of which is drawn or varied anywhere in this build; and the published market case, held at the policy state the interval is conditional on and carried as a named line.  The post-2050 continuation rule IS inside this interval: every electricity member continues along its own 2045-2050 slope at a decreasing rate after 2050 with the enacted statutory floors applied on top, and the linear trend and frozen continuations are delivered beside the interval as named lines.  The fuel-to-direct-current conversion coefficient IS priced here: it is drawn triangular on the declared list, support 0.17 to 0.2744 with its mode at the delivered central 0.21, so the two registered branches are the endpoints of the support this interval samples rather than values outside it, and each of them is also delivered as a named line.","The electricity-scenario axis changes the carbon content of a kilowatt hour, not the number of kilowatt hours.  Its contribution to the energy interval is therefore exactly zero, and an energy figure must not be captioned as though the electricity axis were inside it.  The same holds for the post-2050 continuation rule ON THAT AXIS and for the reading of the statutory floor: the delivered central, the two electricity-axis continuation lines and the enforceable-standard line carry the same energy in every entry and in every year, bitwise, and they part company only in carbon.  The two VEHICLE-axis continuation lines are a different object and are not covered by this sentence: a rule on that axis moves how much of the deployed stock is electric, so it moves the kilowatt hours as well as the carbon, and the movement is reported rather than gated."
V33_POLICY_CONDITIONAL,REAL_CAPACITY_FHWA_MV1_2024_REGISTERED_AUTOMOBILES_AND_STI_V2_INTERSECTIONS,grid_intensity_kg_per_kwh,2071,electricity-weighted mean: national grid carbon over national electricity,0.21,0.037510411981206096,0.06317098151107454,0.09733993622153404,0.060867495476786125,0.49147351777555853,1.037844271663304,"Not priced by this interval: the deployment scale, held at 30 per cent of registered automobiles and 30 per cent of signalized intersections by 2075 in every draw, against its own declared range of 15 to 45 per cent -- the model is exactly linear in that scale, so the two declared levels are delivered beside the interval as named lines, each of them the central rescaled, and never as width; the reading of the statutory floor itself, held at the statutory-targets-honoured reading in every draw, with the enforceable-standard reading delivered beside the interval as a named line rather than as width; the vehicle load model, held at the inherited one, with the single paired dynamometer measurement in the build's own precedent table delivered beside the interval as a named measured-load line; the computing workload growth of 2 per cent a year and the hardware efficiency floor of 0.25, neither of which is drawn or varied anywhere in this build; and the published market case, held at the policy state the interval is conditional on and carried as a named line.  The post-2050 continuation rule IS inside this interval: every electricity member continues along its own 2045-2050 slope at a decreasing rate after 2050 with the enacted statutory floors applied on top, and the linear trend and frozen continuations are delivered beside the interval as named lines.  The fuel-to-direct-current conversion coefficient IS priced here: it is drawn triangular on the declared list, support 0.17 to 0.2744 with its mode at the delivered central 0.21, so the two registered branches are the endpoints of the support this interval samples rather than values outside it, and each of them is also delivered as a named line.","The electricity-scenario axis changes the carbon content of a kilowatt hour, not the number of kilowatt hours.  Its contribution to the energy interval is therefore exactly zero, and an energy figure must not be captioned as though the electricity axis were inside it.  The same holds for the post-2050 continuation rule ON THAT AXIS and for the reading of the statutory floor: the delivered central, the two electricity-axis continuation lines and the enforceable-standard line carry the same energy in every entry and in every year, bitwise, and they part company only in carbon.  The two VEHICLE-axis continuation lines are a different object and are not covered by this sentence: a rule on that axis moves how much of the deployed stock is electric, so it moves the kilowatt hours as well as the carbon, and the movement is reported rather than gated."
V33_POLICY_CONDITIONAL,REAL_CAPACITY_FHWA_MV1_2024_REGISTERED_AUTOMOBILES_AND_STI_V2_INTERSECTIONS,grid_intensity_kg_per_kwh,2072,electricity-weighted mean: national grid carbon over national electricity,0.21,0.0373275011552808,0.06314081761622206,0.0978758057906601,0.060957863184367106,0.4966406421781133,1.0358108752147792,"Not priced by this interval: the deployment scale, held at 30 per cent of registered automobiles and 30 per cent of signalized intersections by 2075 in every draw, against its own declared range of 15 to 45 per cent -- the model is exactly linear in that scale, so the two declared levels are delivered beside the interval as named lines, each of them the central rescaled, and never as width; the reading of the statutory floor itself, held at the statutory-targets-honoured reading in every draw, with the enforceable-standard reading delivered beside the interval as a named line rather than as width; the vehicle load model, held at the inherited one, with the single paired dynamometer measurement in the build's own precedent table delivered beside the interval as a named measured-load line; the computing workload growth of 2 per cent a year and the hardware efficiency floor of 0.25, neither of which is drawn or varied anywhere in this build; and the published market case, held at the policy state the interval is conditional on and carried as a named line.  The post-2050 continuation rule IS inside this interval: every electricity member continues along its own 2045-2050 slope at a decreasing rate after 2050 with the enacted statutory floors applied on top, and the linear trend and frozen continuations are delivered beside the interval as named lines.  The fuel-to-direct-current conversion coefficient IS priced here: it is drawn triangular on the declared list, support 0.17 to 0.2744 with its mode at the delivered central 0.21, so the two registered branches are the endpoints of the support this interval samples rather than values outside it, and each of them is also delivered as a named line.","The electricity-scenario axis changes the carbon content of a kilowatt hour, not the number of kilowatt hours.  Its contribution to the energy interval is therefore exactly zero, and an energy figure must not be captioned as though the electricity axis were inside it.  The same holds for the post-2050 continuation rule ON THAT AXIS and for the reading of the statutory floor: the delivered central, the two electricity-axis continuation lines and the enforceable-standard line carry the same energy in every entry and in every year, bitwise, and they part company only in carbon.  The two VEHICLE-axis continuation lines are a different object and are not covered by this sentence: a rule on that axis moves how much of the deployed stock is electric, so it moves the kilowatt hours as well as the carbon, and the movement is reported rather than gated."
V33_POLICY_CONDITIONAL,REAL_CAPACITY_FHWA_MV1_2024_REGISTERED_AUTOMOBILES_AND_STI_V2_INTERSECTIONS,grid_intensity_kg_per_kwh,2073,electricity-weighted mean: national grid carbon over national electricity,0.21,0.03714036645656246,0.06315217755711391,0.09827129328305596,0.061031472269705574,0.5008147809080242,1.0347477327441272,"Not priced by this interval: the deployment scale, held at 30 per cent of registered automobiles and 30 per cent of signalized intersections by 2075 in every draw, against its own declared range of 15 to 45 per cent -- the model is exactly linear in that scale, so the two declared levels are delivered beside the interval as named lines, each of them the central rescaled, and never as width; the reading of the statutory floor itself, held at the statutory-targets-honoured reading in every draw, with the enforceable-standard reading delivered beside the interval as a named line rather than as width; the vehicle load model, held at the inherited one, with the single paired dynamometer measurement in the build's own precedent table delivered beside the interval as a named measured-load line; the computing workload growth of 2 per cent a year and the hardware efficiency floor of 0.25, neither of which is drawn or varied anywhere in this build; and the published market case, held at the policy state the interval is conditional on and carried as a named line.  The post-2050 continuation rule IS inside this interval: every electricity member continues along its own 2045-2050 slope at a decreasing rate after 2050 with the enacted statutory floors applied on top, and the linear trend and frozen continuations are delivered beside the interval as named lines.  The fuel-to-direct-current conversion coefficient IS priced here: it is drawn triangular on the declared list, support 0.17 to 0.2744 with its mode at the delivered central 0.21, so the two registered branches are the endpoints of the support this interval samples rather than values outside it, and each of them is also delivered as a named line.","The electricity-scenario axis changes the carbon content of a kilowatt hour, not the number of kilowatt hours.  Its contribution to the energy interval is therefore exactly zero, and an energy figure must not be captioned as though the electricity axis were inside it.  The same holds for the post-2050 continuation rule ON THAT AXIS and for the reading of the statutory floor: the delivered central, the two electricity-axis continuation lines and the enforceable-standard line carry the same energy in every entry and in every year, bitwise, and they part company only in carbon.  The two VEHICLE-axis continuation lines are a different object and are not covered by this sentence: a rule on that axis moves how much of the deployed stock is electric, so it moves the kilowatt hours as well as the carbon, and the movement is reported rather than gated."
V33_POLICY_CONDITIONAL,REAL_CAPACITY_FHWA_MV1_2024_REGISTERED_AUTOMOBILES_AND_STI_V2_INTERSECTIONS,grid_intensity_kg_per_kwh,2074,electricity-weighted mean: national grid carbon over national electricity,0.21,0.03694814052366844,0.06302733709542085,0.09865457000432193,0.06107390086803177,0.5051783871967543,1.03198479546296,"Not priced by this interval: the deployment scale, held at 30 per cent of registered automobiles and 30 per cent of signalized intersections by 2075 in every draw, against its own declared range of 15 to 45 per cent -- the model is exactly linear in that scale, so the two declared levels are delivered beside the interval as named lines, each of them the central rescaled, and never as width; the reading of the statutory floor itself, held at the statutory-targets-honoured reading in every draw, with the enforceable-standard reading delivered beside the interval as a named line rather than as width; the vehicle load model, held at the inherited one, with the single paired dynamometer measurement in the build's own precedent table delivered beside the interval as a named measured-load line; the computing workload growth of 2 per cent a year and the hardware efficiency floor of 0.25, neither of which is drawn or varied anywhere in this build; and the published market case, held at the policy state the interval is conditional on and carried as a named line.  The post-2050 continuation rule IS inside this interval: every electricity member continues along its own 2045-2050 slope at a decreasing rate after 2050 with the enacted statutory floors applied on top, and the linear trend and frozen continuations are delivered beside the interval as named lines.  The fuel-to-direct-current conversion coefficient IS priced here: it is drawn triangular on the declared list, support 0.17 to 0.2744 with its mode at the delivered central 0.21, so the two registered branches are the endpoints of the support this interval samples rather than values outside it, and each of them is also delivered as a named line.","The electricity-scenario axis changes the carbon content of a kilowatt hour, not the number of kilowatt hours.  Its contribution to the energy interval is therefore exactly zero, and an energy figure must not be captioned as though the electricity axis were inside it.  The same holds for the post-2050 continuation rule ON THAT AXIS and for the reading of the statutory floor: the delivered central, the two electricity-axis continuation lines and the enforceable-standard line carry the same energy in every entry and in every year, bitwise, and they part company only in carbon.  The two VEHICLE-axis continuation lines are a different object and are not covered by this sentence: a rule on that axis moves how much of the deployed stock is electric, so it moves the kilowatt hours as well as the carbon, and the movement is reported rather than gated."
V33_POLICY_CONDITIONAL,REAL_CAPACITY_FHWA_MV1_2024_REGISTERED_AUTOMOBILES_AND_STI_V2_INTERSECTIONS,grid_intensity_kg_per_kwh,2075,electricity-weighted mean: national grid carbon over national electricity,0.21,0.03676205959072207,0.06296994130515554,0.09904568702022755,0.06111302355362525,0.5095773683562969,1.0303849759601713,"Not priced by this interval: the deployment scale, held at 30 per cent of registered automobiles and 30 per cent of signalized intersections by 2075 in every draw, against its own declared range of 15 to 45 per cent -- the model is exactly linear in that scale, so the two declared levels are delivered beside the interval as named lines, each of them the central rescaled, and never as width; the reading of the statutory floor itself, held at the statutory-targets-honoured reading in every draw, with the enforceable-standard reading delivered beside the interval as a named line rather than as width; the vehicle load model, held at the inherited one, with the single paired dynamometer measurement in the build's own precedent table delivered beside the interval as a named measured-load line; the computing workload growth of 2 per cent a year and the hardware efficiency floor of 0.25, neither of which is drawn or varied anywhere in this build; and the published market case, held at the policy state the interval is conditional on and carried as a named line.  The post-2050 continuation rule IS inside this interval: every electricity member continues along its own 2045-2050 slope at a decreasing rate after 2050 with the enacted statutory floors applied on top, and the linear trend and frozen continuations are delivered beside the interval as named lines.  The fuel-to-direct-current conversion coefficient IS priced here: it is drawn triangular on the declared list, support 0.17 to 0.2744 with its mode at the delivered central 0.21, so the two registered branches are the endpoints of the support this interval samples rather than values outside it, and each of them is also delivered as a named line.","The electricity-scenario axis changes the carbon content of a kilowatt hour, not the number of kilowatt hours.  Its contribution to the energy interval is therefore exactly zero, and an energy figure must not be captioned as though the electricity axis were inside it.  The same holds for the post-2050 continuation rule ON THAT AXIS and for the reading of the statutory floor: the delivered central, the two electricity-axis continuation lines and the enforceable-standard line carry the same energy in every entry and in every year, bitwise, and they part company only in carbon.  The two VEHICLE-axis continuation lines are a different object and are not covered by this sentence: a rule on that axis moves how much of the deployed stock is electric, so it moves the kilowatt hours as well as the carbon, and the movement is reported rather than gated."
V33_POLICY_CONDITIONAL,EQUAL_SIZE_COMPARISON_1000000_VEHICLES_AT_THE_MEASURED_NATIONAL_RATIO_2988_STI_UNITS_PER_MILLION_VEHICLES,energy_kwh_eq,2025,sum over the 51 entries,0.21,18827865.30502375,24296952.50108904,30857260.51806893,25197232.918704733,0.23870468737294095,0.9642706633494115,"Not priced by this interval: the deployment scale, held at 30 per cent of registered automobiles and 30 per cent of signalized intersections by 2075 in every draw, against its own declared range of 15 to 45 per cent -- the model is exactly linear in that scale, so the two declared levels are delivered beside the interval as named lines, each of them the central rescaled, and never as width; the reading of the statutory floor itself, held at the statutory-targets-honoured reading in every draw, with the enforceable-standard reading delivered beside the interval as a named line rather than as width; the vehicle load model, held at the inherited one, with the single paired dynamometer measurement in the build's own precedent table delivered beside the interval as a named measured-load line; the computing workload growth of 2 per cent a year and the hardware efficiency floor of 0.25, neither of which is drawn or varied anywhere in this build; and the published market case, held at the policy state the interval is conditional on and carried as a named line.  The post-2050 continuation rule IS inside this interval: every electricity member continues along its own 2045-2050 slope at a decreasing rate after 2050 with the enacted statutory floors applied on top, and the linear trend and frozen continuations are delivered beside the interval as named lines.  The fuel-to-direct-current conversion coefficient IS priced here: it is drawn triangular on the declared list, support 0.17 to 0.2744 with its mode at the delivered central 0.21, so the two registered branches are the endpoints of the support this interval samples rather than values outside it, and each of them is also delivered as a named line.","The electricity-scenario axis changes the carbon content of a kilowatt hour, not the number of kilowatt hours.  Its contribution to the energy interval is therefore exactly zero, and an energy figure must not be captioned as though the electricity axis were inside it.  The same holds for the post-2050 continuation rule ON THAT AXIS and for the reading of the statutory floor: the delivered central, the two electricity-axis continuation lines and the enforceable-standard line carry the same energy in every entry and in every year, bitwise, and they part company only in carbon.  The two VEHICLE-axis continuation lines are a different object and are not covered by this sentence: a rule on that axis moves how much of the deployed stock is electric, so it moves the kilowatt hours as well as the carbon, and the movement is reported rather than gated."
V33_POLICY_CONDITIONAL,EQUAL_SIZE_COMPARISON_1000000_VEHICLES_AT_THE_MEASURED_NATIONAL_RATIO_2988_STI_UNITS_PER_MILLION_VEHICLES,energy_kwh_eq,2026,sum over the 51 entries,0.21,74069812.65133208,95383743.99255586,120959521.05869503,98879199.99681334,0.23710602638812867,0.9646492285094324,"Not priced by this interval: the deployment scale, held at 30 per cent of registered automobiles and 30 per cent of signalized intersections by 2075 in every draw, against its own declared range of 15 to 45 per cent -- the model is exactly linear in that scale, so the two declared levels are delivered beside the interval as named lines, each of them the central rescaled, and never as width; the reading of the statutory floor itself, held at the statutory-targets-honoured reading in every draw, with the enforceable-standard reading delivered beside the interval as a named line rather than as width; the vehicle load model, held at the inherited one, with the single paired dynamometer measurement in the build's own precedent table delivered beside the interval as a named measured-load line; the computing workload growth of 2 per cent a year and the hardware efficiency floor of 0.25, neither of which is drawn or varied anywhere in this build; and the published market case, held at the policy state the interval is conditional on and carried as a named line.  The post-2050 continuation rule IS inside this interval: every electricity member continues along its own 2045-2050 slope at a decreasing rate after 2050 with the enacted statutory floors applied on top, and the linear trend and frozen continuations are delivered beside the interval as named lines.  The fuel-to-direct-current conversion coefficient IS priced here: it is drawn triangular on the declared list, support 0.17 to 0.2744 with its mode at the delivered central 0.21, so the two registered branches are the endpoints of the support this interval samples rather than values outside it, and each of them is also delivered as a named line.","The electricity-scenario axis changes the carbon content of a kilowatt hour, not the number of kilowatt hours.  Its contribution to the energy interval is therefore exactly zero, and an energy figure must not be captioned as though the electricity axis were inside it.  The same holds for the post-2050 continuation rule ON THAT AXIS and for the reading of the statutory floor: the delivered central, the two electricity-axis continuation lines and the enforceable-standard line carry the same energy in every entry and in every year, bitwise, and they part company only in carbon.  The two VEHICLE-axis continuation lines are a different object and are not covered by this sentence: a rule on that axis moves how much of the deployed stock is electric, so it moves the kilowatt hours as well as the carbon, and the movement is reported rather than gated."
V33_POLICY_CONDITIONAL,EQUAL_SIZE_COMPARISON_1000000_VEHICLES_AT_THE_MEASURED_NATIONAL_RATIO_2988_STI_UNITS_PER_MILLION_VEHICLES,energy_kwh_eq,2027,sum over the 51 entries,0.21,162181144.0266204,208524015.0416354,264112723.84169072,215897067.7238946,0.2360652251781115,0.9658492226875058,"Not priced by this interval: the deployment scale, held at 30 per cent of registered automobiles and 30 per cent of signalized intersections by 2075 in every draw, against its own declared range of 15 to 45 per cent -- the model is exactly linear in that scale, so the two declared levels are delivered beside the interval as named lines, each of them the central rescaled, and never as width; the reading of the statutory floor itself, held at the statutory-targets-honoured reading in every draw, with the enforceable-standard reading delivered beside the interval as a named line rather than as width; the vehicle load model, held at the inherited one, with the single paired dynamometer measurement in the build's own precedent table delivered beside the interval as a named measured-load line; the computing workload growth of 2 per cent a year and the hardware efficiency floor of 0.25, neither of which is drawn or varied anywhere in this build; and the published market case, held at the policy state the interval is conditional on and carried as a named line.  The post-2050 continuation rule IS inside this interval: every electricity member continues along its own 2045-2050 slope at a decreasing rate after 2050 with the enacted statutory floors applied on top, and the linear trend and frozen continuations are delivered beside the interval as named lines.  The fuel-to-direct-current conversion coefficient IS priced here: it is drawn triangular on the declared list, support 0.17 to 0.2744 with its mode at the delivered central 0.21, so the two registered branches are the endpoints of the support this interval samples rather than values outside it, and each of them is also delivered as a named line.","The electricity-scenario axis changes the carbon content of a kilowatt hour, not the number of kilowatt hours.  Its contribution to the energy interval is therefore exactly zero, and an energy figure must not be captioned as though the electricity axis were inside it.  The same holds for the post-2050 continuation rule ON THAT AXIS and for the reading of the statutory floor: the delivered central, the two electricity-axis continuation lines and the enforceable-standard line carry the same energy in every entry and in every year, bitwise, and they part company only in carbon.  The two VEHICLE-axis continuation lines are a different object and are not covered by this sentence: a rule on that axis moves how much of the deployed stock is electric, so it moves the kilowatt hours as well as the carbon, and the movement is reported rather than gated."
V33_POLICY_CONDITIONAL,EQUAL_SIZE_COMPARISON_1000000_VEHICLES_AT_THE_MEASURED_NATIONAL_RATIO_2988_STI_UNITS_PER_MILLION_VEHICLES,energy_kwh_eq,2028,sum over the 51 entries,0.21,262445069.44770914,337131655.95735335,426780807.4731784,348906696.28211886,0.23550098031450606,0.9662516069475363,"Not priced by this interval: the deployment scale, held at 30 per cent of registered automobiles and 30 per cent of signalized intersections by 2075 in every draw, against its own declared range of 15 to 45 per cent -- the model is exactly linear in that scale, so the two declared levels are delivered beside the interval as named lines, each of them the central rescaled, and never as width; the reading of the statutory floor itself, held at the statutory-targets-honoured reading in every draw, with the enforceable-standard reading delivered beside the interval as a named line rather than as width; the vehicle load model, held at the inherited one, with the single paired dynamometer measurement in the build's own precedent table delivered beside the interval as a named measured-load line; the computing workload growth of 2 per cent a year and the hardware efficiency floor of 0.25, neither of which is drawn or varied anywhere in this build; and the published market case, held at the policy state the interval is conditional on and carried as a named line.  The post-2050 continuation rule IS inside this interval: every electricity member continues along its own 2045-2050 slope at a decreasing rate after 2050 with the enacted statutory floors applied on top, and the linear trend and frozen continuations are delivered beside the interval as named lines.  The fuel-to-direct-current conversion coefficient IS priced here: it is drawn triangular on the declared list, support 0.17 to 0.2744 with its mode at the delivered central 0.21, so the two registered branches are the endpoints of the support this interval samples rather than values outside it, and each of them is also delivered as a named line.","The electricity-scenario axis changes the carbon content of a kilowatt hour, not the number of kilowatt hours.  Its contribution to the energy interval is therefore exactly zero, and an energy figure must not be captioned as though the electricity axis were inside it.  The same holds for the post-2050 continuation rule ON THAT AXIS and for the reading of the statutory floor: the delivered central, the two electricity-axis continuation lines and the enforceable-standard line carry the same energy in every entry and in every year, bitwise, and they part company only in carbon.  The two VEHICLE-axis continuation lines are a different object and are not covered by this sentence: a rule on that axis moves how much of the deployed stock is electric, so it moves the kilowatt hours as well as the carbon, and the movement is reported rather than gated."
V33_POLICY_CONDITIONAL,EQUAL_SIZE_COMPARISON_1000000_VEHICLES_AT_THE_MEASURED_NATIONAL_RATIO_2988_STI_UNITS_PER_MILLION_VEHICLES,energy_kwh_eq,2029,sum over the 51 entries,0.21,367742546.564876,472700938.119197,598571885.1510768,488861770.88007313,0.23608855543219343,0.9669419174835812,"Not priced by this interval: the deployment scale, held at 30 per cent of registered automobiles and 30 per cent of signalized intersections by 2075 in every draw, against its own declared range of 15 to 45 per cent -- the model is exactly linear in that scale, so the two declared levels are delivered beside the interval as named lines, each of them the central rescaled, and never as width; the reading of the statutory floor itself, held at the statutory-targets-honoured reading in every draw, with the enforceable-standard reading delivered beside the interval as a named line rather than as width; the vehicle load model, held at the inherited one, with the single paired dynamometer measurement in the build's own precedent table delivered beside the interval as a named measured-load line; the computing workload growth of 2 per cent a year and the hardware efficiency floor of 0.25, neither of which is drawn or varied anywhere in this build; and the published market case, held at the policy state the interval is conditional on and carried as a named line.  The post-2050 continuation rule IS inside this interval: every electricity member continues along its own 2045-2050 slope at a decreasing rate after 2050 with the enacted statutory floors applied on top, and the linear trend and frozen continuations are delivered beside the interval as named lines.  The fuel-to-direct-current conversion coefficient IS priced here: it is drawn triangular on the declared list, support 0.17 to 0.2744 with its mode at the delivered central 0.21, so the two registered branches are the endpoints of the support this interval samples rather than values outside it, and each of them is also delivered as a named line.","The electricity-scenario axis changes the carbon content of a kilowatt hour, not the number of kilowatt hours.  Its contribution to the energy interval is therefore exactly zero, and an energy figure must not be captioned as though the electricity axis were inside it.  The same holds for the post-2050 continuation rule ON THAT AXIS and for the reading of the statutory floor: the delivered central, the two electricity-axis continuation lines and the enforceable-standard line carry the same energy in every entry and in every year, bitwise, and they part company only in carbon.  The two VEHICLE-axis continuation lines are a different object and are not covered by this sentence: a rule on that axis moves how much of the deployed stock is electric, so it moves the kilowatt hours as well as the carbon, and the movement is reported rather than gated."
V33_POLICY_CONDITIONAL,EQUAL_SIZE_COMPARISON_1000000_VEHICLES_AT_THE_MEASURED_NATIONAL_RATIO_2988_STI_UNITS_PER_MILLION_VEHICLES,energy_kwh_eq,2030,sum over the 51 entries,0.21,474569617.9346593,609180515.4673618,770892634.8413126,629901778.7213733,0.2352136689533996,0.9671039772326516,"Not priced by this interval: the deployment scale, held at 30 per cent of registered automobiles and 30 per cent of signalized intersections by 2075 in every draw, against its own declared range of 15 to 45 per cent -- the model is exactly linear in that scale, so the two declared levels are delivered beside the interval as named lines, each of them the central rescaled, and never as width; the reading of the statutory floor itself, held at the statutory-targets-honoured reading in every draw, with the enforceable-standard reading delivered beside the interval as a named line rather than as width; the vehicle load model, held at the inherited one, with the single paired dynamometer measurement in the build's own precedent table delivered beside the interval as a named measured-load line; the computing workload growth of 2 per cent a year and the hardware efficiency floor of 0.25, neither of which is drawn or varied anywhere in this build; and the published market case, held at the policy state the interval is conditional on and carried as a named line.  The post-2050 continuation rule IS inside this interval: every electricity member continues along its own 2045-2050 slope at a decreasing rate after 2050 with the enacted statutory floors applied on top, and the linear trend and frozen continuations are delivered beside the interval as named lines.  The fuel-to-direct-current conversion coefficient IS priced here: it is drawn triangular on the declared list, support 0.17 to 0.2744 with its mode at the delivered central 0.21, so the two registered branches are the endpoints of the support this interval samples rather than values outside it, and each of them is also delivered as a named line.","The electricity-scenario axis changes the carbon content of a kilowatt hour, not the number of kilowatt hours.  Its contribution to the energy interval is therefore exactly zero, and an energy figure must not be captioned as though the electricity axis were inside it.  The same holds for the post-2050 continuation rule ON THAT AXIS and for the reading of the statutory floor: the delivered central, the two electricity-axis continuation lines and the enforceable-standard line carry the same energy in every entry and in every year, bitwise, and they part company only in carbon.  The two VEHICLE-axis continuation lines are a different object and are not covered by this sentence: a rule on that axis moves how much of the deployed stock is electric, so it moves the kilowatt hours as well as the carbon, and the movement is reported rather than gated."
V33_POLICY_CONDITIONAL,EQUAL_SIZE_COMPARISON_1000000_VEHICLES_AT_THE_MEASURED_NATIONAL_RATIO_2988_STI_UNITS_PER_MILLION_VEHICLES,energy_kwh_eq,2031,sum over the 51 entries,0.21,578551616.8249958,743970937.5923008,939617471.1875796,768866477.639521,0.23480400359701187,0.9676204636679552,"Not priced by this interval: the deployment scale, held at 30 per cent of registered automobiles and 30 per cent of signalized intersections by 2075 in every draw, against its own declared range of 15 to 45 per cent -- the model is exactly linear in that scale, so the two declared levels are delivered beside the interval as named lines, each of them the central rescaled, and never as width; the reading of the statutory floor itself, held at the statutory-targets-honoured reading in every draw, with the enforceable-standard reading delivered beside the interval as a named line rather than as width; the vehicle load model, held at the inherited one, with the single paired dynamometer measurement in the build's own precedent table delivered beside the interval as a named measured-load line; the computing workload growth of 2 per cent a year and the hardware efficiency floor of 0.25, neither of which is drawn or varied anywhere in this build; and the published market case, held at the policy state the interval is conditional on and carried as a named line.  The post-2050 continuation rule IS inside this interval: every electricity member continues along its own 2045-2050 slope at a decreasing rate after 2050 with the enacted statutory floors applied on top, and the linear trend and frozen continuations are delivered beside the interval as named lines.  The fuel-to-direct-current conversion coefficient IS priced here: it is drawn triangular on the declared list, support 0.17 to 0.2744 with its mode at the delivered central 0.21, so the two registered branches are the endpoints of the support this interval samples rather than values outside it, and each of them is also delivered as a named line.","The electricity-scenario axis changes the carbon content of a kilowatt hour, not the number of kilowatt hours.  Its contribution to the energy interval is therefore exactly zero, and an energy figure must not be captioned as though the electricity axis were inside it.  The same holds for the post-2050 continuation rule ON THAT AXIS and for the reading of the statutory floor: the delivered central, the two electricity-axis continuation lines and the enforceable-standard line carry the same energy in every entry and in every year, bitwise, and they part company only in carbon.  The two VEHICLE-axis continuation lines are a different object and are not covered by this sentence: a rule on that axis moves how much of the deployed stock is electric, so it moves the kilowatt hours as well as the carbon, and the movement is reported rather than gated."
V33_POLICY_CONDITIONAL,EQUAL_SIZE_COMPARISON_1000000_VEHICLES_AT_THE_MEASURED_NATIONAL_RATIO_2988_STI_UNITS_PER_MILLION_VEHICLES,energy_kwh_eq,2032,sum over the 51 entries,0.21,681013972.6021532,873148436.8344331,1101730937.65415,904237864.400783,0.2326362241702829,0.9656180870207729,"Not priced by this interval: the deployment scale, held at 30 per cent of registered automobiles and 30 per cent of signalized intersections by 2075 in every draw, against its own declared range of 15 to 45 per cent -- the model is exactly linear in that scale, so the two declared levels are delivered beside the interval as named lines, each of them the central rescaled, and never as width; the reading of the statutory floor itself, held at the statutory-targets-honoured reading in every draw, with the enforceable-standard reading delivered beside the interval as a named line rather than as width; the vehicle load model, held at the inherited one, with the single paired dynamometer measurement in the build's own precedent table delivered beside the interval as a named measured-load line; the computing workload growth of 2 per cent a year and the hardware efficiency floor of 0.25, neither of which is drawn or varied anywhere in this build; and the published market case, held at the policy state the interval is conditional on and carried as a named line.  The post-2050 continuation rule IS inside this interval: every electricity member continues along its own 2045-2050 slope at a decreasing rate after 2050 with the enacted statutory floors applied on top, and the linear trend and frozen continuations are delivered beside the interval as named lines.  The fuel-to-direct-current conversion coefficient IS priced here: it is drawn triangular on the declared list, support 0.17 to 0.2744 with its mode at the delivered central 0.21, so the two registered branches are the endpoints of the support this interval samples rather than values outside it, and each of them is also delivered as a named line.","The electricity-scenario axis changes the carbon content of a kilowatt hour, not the number of kilowatt hours.  Its contribution to the energy interval is therefore exactly zero, and an energy figure must not be captioned as though the electricity axis were inside it.  The same holds for the post-2050 continuation rule ON THAT AXIS and for the reading of the statutory floor: the delivered central, the two electricity-axis continuation lines and the enforceable-standard line carry the same energy in every entry and in every year, bitwise, and they part company only in carbon.  The two VEHICLE-axis continuation lines are a different object and are not covered by this sentence: a rule on that axis moves how much of the deployed stock is electric, so it moves the kilowatt hours as well as the carbon, and the movement is reported rather than gated."
V33_POLICY_CONDITIONAL,EQUAL_SIZE_COMPARISON_1000000_VEHICLES_AT_THE_MEASURED_NATIONAL_RATIO_2988_STI_UNITS_PER_MILLION_VEHICLES,energy_kwh_eq,2033,sum over the 51 entries,0.21,784852247.3662242,1004142993.5915256,1270554383.8939824,1041706428.9225724,0.2331281266211036,0.9639404785377984,"Not priced by this interval: the deployment scale, held at 30 per cent of registered automobiles and 30 per cent of signalized intersections by 2075 in every draw, against its own declared range of 15 to 45 per cent -- the model is exactly linear in that scale, so the two declared levels are delivered beside the interval as named lines, each of them the central rescaled, and never as width; the reading of the statutory floor itself, held at the statutory-targets-honoured reading in every draw, with the enforceable-standard reading delivered beside the interval as a named line rather than as width; the vehicle load model, held at the inherited one, with the single paired dynamometer measurement in the build's own precedent table delivered beside the interval as a named measured-load line; the computing workload growth of 2 per cent a year and the hardware efficiency floor of 0.25, neither of which is drawn or varied anywhere in this build; and the published market case, held at the policy state the interval is conditional on and carried as a named line.  The post-2050 continuation rule IS inside this interval: every electricity member continues along its own 2045-2050 slope at a decreasing rate after 2050 with the enacted statutory floors applied on top, and the linear trend and frozen continuations are delivered beside the interval as named lines.  The fuel-to-direct-current conversion coefficient IS priced here: it is drawn triangular on the declared list, support 0.17 to 0.2744 with its mode at the delivered central 0.21, so the two registered branches are the endpoints of the support this interval samples rather than values outside it, and each of them is also delivered as a named line.","The electricity-scenario axis changes the carbon content of a kilowatt hour, not the number of kilowatt hours.  Its contribution to the energy interval is therefore exactly zero, and an energy figure must not be captioned as though the electricity axis were inside it.  The same holds for the post-2050 continuation rule ON THAT AXIS and for the reading of the statutory floor: the delivered central, the two electricity-axis continuation lines and the enforceable-standard line carry the same energy in every entry and in every year, bitwise, and they part company only in carbon.  The two VEHICLE-axis continuation lines are a different object and are not covered by this sentence: a rule on that axis moves how much of the deployed stock is electric, so it moves the kilowatt hours as well as the carbon, and the movement is reported rather than gated."
V33_POLICY_CONDITIONAL,EQUAL_SIZE_COMPARISON_1000000_VEHICLES_AT_THE_MEASURED_NATIONAL_RATIO_2988_STI_UNITS_PER_MILLION_VEHICLES,energy_kwh_eq,2034,sum over the 51 entries,0.21,896272298.1979594,1146424369.0518117,1450287762.1406684,1190325624.6484687,0.23271592767160784,0.9631182806724655,"Not priced by this interval: the deployment scale, held at 30 per cent of registered automobiles and 30 per cent of signalized intersections by 2075 in every draw, against its own declared range of 15 to 45 per cent -- the model is exactly linear in that scale, so the two declared levels are delivered beside the interval as named lines, each of them the central rescaled, and never as width; the reading of the statutory floor itself, held at the statutory-targets-honoured reading in every draw, with the enforceable-standard reading delivered beside the interval as a named line rather than as width; the vehicle load model, held at the inherited one, with the single paired dynamometer measurement in the build's own precedent table delivered beside the interval as a named measured-load line; the computing workload growth of 2 per cent a year and the hardware efficiency floor of 0.25, neither of which is drawn or varied anywhere in this build; and the published market case, held at the policy state the interval is conditional on and carried as a named line.  The post-2050 continuation rule IS inside this interval: every electricity member continues along its own 2045-2050 slope at a decreasing rate after 2050 with the enacted statutory floors applied on top, and the linear trend and frozen continuations are delivered beside the interval as named lines.  The fuel-to-direct-current conversion coefficient IS priced here: it is drawn triangular on the declared list, support 0.17 to 0.2744 with its mode at the delivered central 0.21, so the two registered branches are the endpoints of the support this interval samples rather than values outside it, and each of them is also delivered as a named line.","The electricity-scenario axis changes the carbon content of a kilowatt hour, not the number of kilowatt hours.  Its contribution to the energy interval is therefore exactly zero, and an energy figure must not be captioned as though the electricity axis were inside it.  The same holds for the post-2050 continuation rule ON THAT AXIS and for the reading of the statutory floor: the delivered central, the two electricity-axis continuation lines and the enforceable-standard line carry the same energy in every entry and in every year, bitwise, and they part company only in carbon.  The two VEHICLE-axis continuation lines are a different object and are not covered by this sentence: a rule on that axis moves how much of the deployed stock is electric, so it moves the kilowatt hours as well as the carbon, and the movement is reported rather than gated."
V33_POLICY_CONDITIONAL,EQUAL_SIZE_COMPARISON_1000000_VEHICLES_AT_THE_MEASURED_NATIONAL_RATIO_2988_STI_UNITS_PER_MILLION_VEHICLES,energy_kwh_eq,2035,sum over the 51 entries,0.21,1016728316.2007883,1298497375.2274003,1640307045.4425285,1348986135.9073827,0.23112866494446807,0.9625728098042893,"Not priced by this interval: the deployment scale, held at 30 per cent of registered automobiles and 30 per cent of signalized intersections by 2075 in every draw, against its own declared range of 15 to 45 per cent -- the model is exactly linear in that scale, so the two declared levels are delivered beside the interval as named lines, each of them the central rescaled, and never as width; the reading of the statutory floor itself, held at the statutory-targets-honoured reading in every draw, with the enforceable-standard reading delivered beside the interval as a named line rather than as width; the vehicle load model, held at the inherited one, with the single paired dynamometer measurement in the build's own precedent table delivered beside the interval as a named measured-load line; the computing workload growth of 2 per cent a year and the hardware efficiency floor of 0.25, neither of which is drawn or varied anywhere in this build; and the published market case, held at the policy state the interval is conditional on and carried as a named line.  The post-2050 continuation rule IS inside this interval: every electricity member continues along its own 2045-2050 slope at a decreasing rate after 2050 with the enacted statutory floors applied on top, and the linear trend and frozen continuations are delivered beside the interval as named lines.  The fuel-to-direct-current conversion coefficient IS priced here: it is drawn triangular on the declared list, support 0.17 to 0.2744 with its mode at the delivered central 0.21, so the two registered branches are the endpoints of the support this interval samples rather than values outside it, and each of them is also delivered as a named line.","The electricity-scenario axis changes the carbon content of a kilowatt hour, not the number of kilowatt hours.  Its contribution to the energy interval is therefore exactly zero, and an energy figure must not be captioned as though the electricity axis were inside it.  The same holds for the post-2050 continuation rule ON THAT AXIS and for the reading of the statutory floor: the delivered central, the two electricity-axis continuation lines and the enforceable-standard line carry the same energy in every entry and in every year, bitwise, and they part company only in carbon.  The two VEHICLE-axis continuation lines are a different object and are not covered by this sentence: a rule on that axis moves how much of the deployed stock is electric, so it moves the kilowatt hours as well as the carbon, and the movement is reported rather than gated."
V33_POLICY_CONDITIONAL,EQUAL_SIZE_COMPARISON_1000000_VEHICLES_AT_THE_MEASURED_NATIONAL_RATIO_2988_STI_UNITS_PER_MILLION_VEHICLES,energy_kwh_eq,2036,sum over the 51 entries,0.21,1144380252.3160453,1459569588.0462165,1849133608.4776492,1518823692.0172257,0.23200630852208584,0.9609868450943697,"Not priced by this interval: the deployment scale, held at 30 per cent of registered automobiles and 30 per cent of signalized intersections by 2075 in every draw, against its own declared range of 15 to 45 per cent -- the model is exactly linear in that scale, so the two declared levels are delivered beside the interval as named lines, each of them the central rescaled, and never as width; the reading of the statutory floor itself, held at the statutory-targets-honoured reading in every draw, with the enforceable-standard reading delivered beside the interval as a named line rather than as width; the vehicle load model, held at the inherited one, with the single paired dynamometer measurement in the build's own precedent table delivered beside the interval as a named measured-load line; the computing workload growth of 2 per cent a year and the hardware efficiency floor of 0.25, neither of which is drawn or varied anywhere in this build; and the published market case, held at the policy state the interval is conditional on and carried as a named line.  The post-2050 continuation rule IS inside this interval: every electricity member continues along its own 2045-2050 slope at a decreasing rate after 2050 with the enacted statutory floors applied on top, and the linear trend and frozen continuations are delivered beside the interval as named lines.  The fuel-to-direct-current conversion coefficient IS priced here: it is drawn triangular on the declared list, support 0.17 to 0.2744 with its mode at the delivered central 0.21, so the two registered branches are the endpoints of the support this interval samples rather than values outside it, and each of them is also delivered as a named line.","The electricity-scenario axis changes the carbon content of a kilowatt hour, not the number of kilowatt hours.  Its contribution to the energy interval is therefore exactly zero, and an energy figure must not be captioned as though the electricity axis were inside it.  The same holds for the post-2050 continuation rule ON THAT AXIS and for the reading of the statutory floor: the delivered central, the two electricity-axis continuation lines and the enforceable-standard line carry the same energy in every entry and in every year, bitwise, and they part company only in carbon.  The two VEHICLE-axis continuation lines are a different object and are not covered by this sentence: a rule on that axis moves how much of the deployed stock is electric, so it moves the kilowatt hours as well as the carbon, and the movement is reported rather than gated."
V33_POLICY_CONDITIONAL,EQUAL_SIZE_COMPARISON_1000000_VEHICLES_AT_THE_MEASURED_NATIONAL_RATIO_2988_STI_UNITS_PER_MILLION_VEHICLES,energy_kwh_eq,2037,sum over the 51 entries,0.21,1280630681.1622927,1631146734.1639466,2069808132.0084188,1700065751.845298,0.23210203781516428,0.9594609693145428,"Not priced by this interval: the deployment scale, held at 30 per cent of registered automobiles and 30 per cent of signalized intersections by 2075 in every draw, against its own declared range of 15 to 45 per cent -- the model is exactly linear in that scale, so the two declared levels are delivered beside the interval as named lines, each of them the central rescaled, and never as width; the reading of the statutory floor itself, held at the statutory-targets-honoured reading in every draw, with the enforceable-standard reading delivered beside the interval as a named line rather than as width; the vehicle load model, held at the inherited one, with the single paired dynamometer measurement in the build's own precedent table delivered beside the interval as a named measured-load line; the computing workload growth of 2 per cent a year and the hardware efficiency floor of 0.25, neither of which is drawn or varied anywhere in this build; and the published market case, held at the policy state the interval is conditional on and carried as a named line.  The post-2050 continuation rule IS inside this interval: every electricity member continues along its own 2045-2050 slope at a decreasing rate after 2050 with the enacted statutory floors applied on top, and the linear trend and frozen continuations are delivered beside the interval as named lines.  The fuel-to-direct-current conversion coefficient IS priced here: it is drawn triangular on the declared list, support 0.17 to 0.2744 with its mode at the delivered central 0.21, so the two registered branches are the endpoints of the support this interval samples rather than values outside it, and each of them is also delivered as a named line.","The electricity-scenario axis changes the carbon content of a kilowatt hour, not the number of kilowatt hours.  Its contribution to the energy interval is therefore exactly zero, and an energy figure must not be captioned as though the electricity axis were inside it.  The same holds for the post-2050 continuation rule ON THAT AXIS and for the reading of the statutory floor: the delivered central, the two electricity-axis continuation lines and the enforceable-standard line carry the same energy in every entry and in every year, bitwise, and they part company only in carbon.  The two VEHICLE-axis continuation lines are a different object and are not covered by this sentence: a rule on that axis moves how much of the deployed stock is electric, so it moves the kilowatt hours as well as the carbon, and the movement is reported rather than gated."
V33_POLICY_CONDITIONAL,EQUAL_SIZE_COMPARISON_1000000_VEHICLES_AT_THE_MEASURED_NATIONAL_RATIO_2988_STI_UNITS_PER_MILLION_VEHICLES,energy_kwh_eq,2038,sum over the 51 entries,0.21,1423318241.9105608,1813151517.9388385,2298455097.4022765,1892307518.6327791,0.2312353692184279,0.9581695892900473,"Not priced by this interval: the deployment scale, held at 30 per cent of registered automobiles and 30 per cent of signalized intersections by 2075 in every draw, against its own declared range of 15 to 45 per cent -- the model is exactly linear in that scale, so the two declared levels are delivered beside the interval as named lines, each of them the central rescaled, and never as width; the reading of the statutory floor itself, held at the statutory-targets-honoured reading in every draw, with the enforceable-standard reading delivered beside the interval as a named line rather than as width; the vehicle load model, held at the inherited one, with the single paired dynamometer measurement in the build's own precedent table delivered beside the interval as a named measured-load line; the computing workload growth of 2 per cent a year and the hardware efficiency floor of 0.25, neither of which is drawn or varied anywhere in this build; and the published market case, held at the policy state the interval is conditional on and carried as a named line.  The post-2050 continuation rule IS inside this interval: every electricity member continues along its own 2045-2050 slope at a decreasing rate after 2050 with the enacted statutory floors applied on top, and the linear trend and frozen continuations are delivered beside the interval as named lines.  The fuel-to-direct-current conversion coefficient IS priced here: it is drawn triangular on the declared list, support 0.17 to 0.2744 with its mode at the delivered central 0.21, so the two registered branches are the endpoints of the support this interval samples rather than values outside it, and each of them is also delivered as a named line.","The electricity-scenario axis changes the carbon content of a kilowatt hour, not the number of kilowatt hours.  Its contribution to the energy interval is therefore exactly zero, and an energy figure must not be captioned as though the electricity axis were inside it.  The same holds for the post-2050 continuation rule ON THAT AXIS and for the reading of the statutory floor: the delivered central, the two electricity-axis continuation lines and the enforceable-standard line carry the same energy in every entry and in every year, bitwise, and they part company only in carbon.  The two VEHICLE-axis continuation lines are a different object and are not covered by this sentence: a rule on that axis moves how much of the deployed stock is electric, so it moves the kilowatt hours as well as the carbon, and the movement is reported rather than gated."
V33_POLICY_CONDITIONAL,EQUAL_SIZE_COMPARISON_1000000_VEHICLES_AT_THE_MEASURED_NATIONAL_RATIO_2988_STI_UNITS_PER_MILLION_VEHICLES,energy_kwh_eq,2039,sum over the 51 entries,0.21,1573547697.4965506,2004750495.2612486,2542562409.3745494,2092852709.8953807,0.23150571162899436,0.9579032895064382,"Not priced by this interval: the deployment scale, held at 30 per cent of registered automobiles and 30 per cent of signalized intersections by 2075 in every draw, against its own declared range of 15 to 45 per cent -- the model is exactly linear in that scale, so the two declared levels are delivered beside the interval as named lines, each of them the central rescaled, and never as width; the reading of the statutory floor itself, held at the statutory-targets-honoured reading in every draw, with the enforceable-standard reading delivered beside the interval as a named line rather than as width; the vehicle load model, held at the inherited one, with the single paired dynamometer measurement in the build's own precedent table delivered beside the interval as a named measured-load line; the computing workload growth of 2 per cent a year and the hardware efficiency floor of 0.25, neither of which is drawn or varied anywhere in this build; and the published market case, held at the policy state the interval is conditional on and carried as a named line.  The post-2050 continuation rule IS inside this interval: every electricity member continues along its own 2045-2050 slope at a decreasing rate after 2050 with the enacted statutory floors applied on top, and the linear trend and frozen continuations are delivered beside the interval as named lines.  The fuel-to-direct-current conversion coefficient IS priced here: it is drawn triangular on the declared list, support 0.17 to 0.2744 with its mode at the delivered central 0.21, so the two registered branches are the endpoints of the support this interval samples rather than values outside it, and each of them is also delivered as a named line.","The electricity-scenario axis changes the carbon content of a kilowatt hour, not the number of kilowatt hours.  Its contribution to the energy interval is therefore exactly zero, and an energy figure must not be captioned as though the electricity axis were inside it.  The same holds for the post-2050 continuation rule ON THAT AXIS and for the reading of the statutory floor: the delivered central, the two electricity-axis continuation lines and the enforceable-standard line carry the same energy in every entry and in every year, bitwise, and they part company only in carbon.  The two VEHICLE-axis continuation lines are a different object and are not covered by this sentence: a rule on that axis moves how much of the deployed stock is electric, so it moves the kilowatt hours as well as the carbon, and the movement is reported rather than gated."
V33_POLICY_CONDITIONAL,EQUAL_SIZE_COMPARISON_1000000_VEHICLES_AT_THE_MEASURED_NATIONAL_RATIO_2988_STI_UNITS_PER_MILLION_VEHICLES,energy_kwh_eq,2040,sum over the 51 entries,0.21,1727226017.3316061,2202513010.8960238,2795893874.2157807,2298825346.1542034,0.23243780974313505,0.9581036743746956,"Not priced by this interval: the deployment scale, held at 30 per cent of registered automobiles and 30 per cent of signalized intersections by 2075 in every draw, against its own declared range of 15 to 45 per cent -- the model is exactly linear in that scale, so the two declared levels are delivered beside the interval as named lines, each of them the central rescaled, and never as width; the reading of the statutory floor itself, held at the statutory-targets-honoured reading in every draw, with the enforceable-standard reading delivered beside the interval as a named line rather than as width; the vehicle load model, held at the inherited one, with the single paired dynamometer measurement in the build's own precedent table delivered beside the interval as a named measured-load line; the computing workload growth of 2 per cent a year and the hardware efficiency floor of 0.25, neither of which is drawn or varied anywhere in this build; and the published market case, held at the policy state the interval is conditional on and carried as a named line.  The post-2050 continuation rule IS inside this interval: every electricity member continues along its own 2045-2050 slope at a decreasing rate after 2050 with the enacted statutory floors applied on top, and the linear trend and frozen continuations are delivered beside the interval as named lines.  The fuel-to-direct-current conversion coefficient IS priced here: it is drawn triangular on the declared list, support 0.17 to 0.2744 with its mode at the delivered central 0.21, so the two registered branches are the endpoints of the support this interval samples rather than values outside it, and each of them is also delivered as a named line.","The electricity-scenario axis changes the carbon content of a kilowatt hour, not the number of kilowatt hours.  Its contribution to the energy interval is therefore exactly zero, and an energy figure must not be captioned as though the electricity axis were inside it.  The same holds for the post-2050 continuation rule ON THAT AXIS and for the reading of the statutory floor: the delivered central, the two electricity-axis continuation lines and the enforceable-standard line carry the same energy in every entry and in every year, bitwise, and they part company only in carbon.  The two VEHICLE-axis continuation lines are a different object and are not covered by this sentence: a rule on that axis moves how much of the deployed stock is electric, so it moves the kilowatt hours as well as the carbon, and the movement is reported rather than gated."
V33_POLICY_CONDITIONAL,EQUAL_SIZE_COMPARISON_1000000_VEHICLES_AT_THE_MEASURED_NATIONAL_RATIO_2988_STI_UNITS_PER_MILLION_VEHICLES,energy_kwh_eq,2041,sum over the 51 entries,0.21,1888684446.7799459,2406849878.6770267,3059077387.2893987,2508793077.6241164,0.233258165240523,0.9593656408508461,"Not priced by this interval: the deployment scale, held at 30 per cent of registered automobiles and 30 per cent of signalized intersections by 2075 in every draw, against its own declared range of 15 to 45 per cent -- the model is exactly linear in that scale, so the two declared levels are delivered beside the interval as named lines, each of them the central rescaled, and never as width; the reading of the statutory floor itself, held at the statutory-targets-honoured reading in every draw, with the enforceable-standard reading delivered beside the interval as a named line rather than as width; the vehicle load model, held at the inherited one, with the single paired dynamometer measurement in the build's own precedent table delivered beside the interval as a named measured-load line; the computing workload growth of 2 per cent a year and the hardware efficiency floor of 0.25, neither of which is drawn or varied anywhere in this build; and the published market case, held at the policy state the interval is conditional on and carried as a named line.  The post-2050 continuation rule IS inside this interval: every electricity member continues along its own 2045-2050 slope at a decreasing rate after 2050 with the enacted statutory floors applied on top, and the linear trend and frozen continuations are delivered beside the interval as named lines.  The fuel-to-direct-current conversion coefficient IS priced here: it is drawn triangular on the declared list, support 0.17 to 0.2744 with its mode at the delivered central 0.21, so the two registered branches are the endpoints of the support this interval samples rather than values outside it, and each of them is also delivered as a named line.","The electricity-scenario axis changes the carbon content of a kilowatt hour, not the number of kilowatt hours.  Its contribution to the energy interval is therefore exactly zero, and an energy figure must not be captioned as though the electricity axis were inside it.  The same holds for the post-2050 continuation rule ON THAT AXIS and for the reading of the statutory floor: the delivered central, the two electricity-axis continuation lines and the enforceable-standard line carry the same energy in every entry and in every year, bitwise, and they part company only in carbon.  The two VEHICLE-axis continuation lines are a different object and are not covered by this sentence: a rule on that axis moves how much of the deployed stock is electric, so it moves the kilowatt hours as well as the carbon, and the movement is reported rather than gated."
V33_POLICY_CONDITIONAL,EQUAL_SIZE_COMPARISON_1000000_VEHICLES_AT_THE_MEASURED_NATIONAL_RATIO_2988_STI_UNITS_PER_MILLION_VEHICLES,energy_kwh_eq,2042,sum over the 51 entries,0.21,2054256627.3593745,2621195185.418977,3324969699.7667613,2723358196.6105967,0.23329892373116307,0.9624863848909891,"Not priced by this interval: the deployment scale, held at 30 per cent of registered automobiles and 30 per cent of signalized intersections by 2075 in every draw, against its own declared range of 15 to 45 per cent -- the model is exactly linear in that scale, so the two declared levels are delivered beside the interval as named lines, each of them the central rescaled, and never as width; the reading of the statutory floor itself, held at the statutory-targets-honoured reading in every draw, with the enforceable-standard reading delivered beside the interval as a named line rather than as width; the vehicle load model, held at the inherited one, with the single paired dynamometer measurement in the build's own precedent table delivered beside the interval as a named measured-load line; the computing workload growth of 2 per cent a year and the hardware efficiency floor of 0.25, neither of which is drawn or varied anywhere in this build; and the published market case, held at the policy state the interval is conditional on and carried as a named line.  The post-2050 continuation rule IS inside this interval: every electricity member continues along its own 2045-2050 slope at a decreasing rate after 2050 with the enacted statutory floors applied on top, and the linear trend and frozen continuations are delivered beside the interval as named lines.  The fuel-to-direct-current conversion coefficient IS priced here: it is drawn triangular on the declared list, support 0.17 to 0.2744 with its mode at the delivered central 0.21, so the two registered branches are the endpoints of the support this interval samples rather than values outside it, and each of them is also delivered as a named line.","The electricity-scenario axis changes the carbon content of a kilowatt hour, not the number of kilowatt hours.  Its contribution to the energy interval is therefore exactly zero, and an energy figure must not be captioned as though the electricity axis were inside it.  The same holds for the post-2050 continuation rule ON THAT AXIS and for the reading of the statutory floor: the delivered central, the two electricity-axis continuation lines and the enforceable-standard line carry the same energy in every entry and in every year, bitwise, and they part company only in carbon.  The two VEHICLE-axis continuation lines are a different object and are not covered by this sentence: a rule on that axis moves how much of the deployed stock is electric, so it moves the kilowatt hours as well as the carbon, and the movement is reported rather than gated."
V33_POLICY_CONDITIONAL,EQUAL_SIZE_COMPARISON_1000000_VEHICLES_AT_THE_MEASURED_NATIONAL_RATIO_2988_STI_UNITS_PER_MILLION_VEHICLES,energy_kwh_eq,2043,sum over the 51 entries,0.21,2227178237.869182,2845639349.417646,3605386077.479649,2944356254.001135,0.2340423034300957,0.9664724999057634,"Not priced by this interval: the deployment scale, held at 30 per cent of registered automobiles and 30 per cent of signalized intersections by 2075 in every draw, against its own declared range of 15 to 45 per cent -- the model is exactly linear in that scale, so the two declared levels are delivered beside the interval as named lines, each of them the central rescaled, and never as width; the reading of the statutory floor itself, held at the statutory-targets-honoured reading in every draw, with the enforceable-standard reading delivered beside the interval as a named line rather than as width; the vehicle load model, held at the inherited one, with the single paired dynamometer measurement in the build's own precedent table delivered beside the interval as a named measured-load line; the computing workload growth of 2 per cent a year and the hardware efficiency floor of 0.25, neither of which is drawn or varied anywhere in this build; and the published market case, held at the policy state the interval is conditional on and carried as a named line.  The post-2050 continuation rule IS inside this interval: every electricity member continues along its own 2045-2050 slope at a decreasing rate after 2050 with the enacted statutory floors applied on top, and the linear trend and frozen continuations are delivered beside the interval as named lines.  The fuel-to-direct-current conversion coefficient IS priced here: it is drawn triangular on the declared list, support 0.17 to 0.2744 with its mode at the delivered central 0.21, so the two registered branches are the endpoints of the support this interval samples rather than values outside it, and each of them is also delivered as a named line.","The electricity-scenario axis changes the carbon content of a kilowatt hour, not the number of kilowatt hours.  Its contribution to the energy interval is therefore exactly zero, and an energy figure must not be captioned as though the electricity axis were inside it.  The same holds for the post-2050 continuation rule ON THAT AXIS and for the reading of the statutory floor: the delivered central, the two electricity-axis continuation lines and the enforceable-standard line carry the same energy in every entry and in every year, bitwise, and they part company only in carbon.  The two VEHICLE-axis continuation lines are a different object and are not covered by this sentence: a rule on that axis moves how much of the deployed stock is electric, so it moves the kilowatt hours as well as the carbon, and the movement is reported rather than gated."
V33_POLICY_CONDITIONAL,EQUAL_SIZE_COMPARISON_1000000_VEHICLES_AT_THE_MEASURED_NATIONAL_RATIO_2988_STI_UNITS_PER_MILLION_VEHICLES,energy_kwh_eq,2044,sum over the 51 entries,0.21,2410679109.8364973,3078502569.1770363,3896765200.6053767,3174141800.8425174,0.23409258061098992,0.9698692630429757,"Not priced by this interval: the deployment scale, held at 30 per cent of registered automobiles and 30 per cent of signalized intersections by 2075 in every draw, against its own declared range of 15 to 45 per cent -- the model is exactly linear in that scale, so the two declared levels are delivered beside the interval as named lines, each of them the central rescaled, and never as width; the reading of the statutory floor itself, held at the statutory-targets-honoured reading in every draw, with the enforceable-standard reading delivered beside the interval as a named line rather than as width; the vehicle load model, held at the inherited one, with the single paired dynamometer measurement in the build's own precedent table delivered beside the interval as a named measured-load line; the computing workload growth of 2 per cent a year and the hardware efficiency floor of 0.25, neither of which is drawn or varied anywhere in this build; and the published market case, held at the policy state the interval is conditional on and carried as a named line.  The post-2050 continuation rule IS inside this interval: every electricity member continues along its own 2045-2050 slope at a decreasing rate after 2050 with the enacted statutory floors applied on top, and the linear trend and frozen continuations are delivered beside the interval as named lines.  The fuel-to-direct-current conversion coefficient IS priced here: it is drawn triangular on the declared list, support 0.17 to 0.2744 with its mode at the delivered central 0.21, so the two registered branches are the endpoints of the support this interval samples rather than values outside it, and each of them is also delivered as a named line.","The electricity-scenario axis changes the carbon content of a kilowatt hour, not the number of kilowatt hours.  Its contribution to the energy interval is therefore exactly zero, and an energy figure must not be captioned as though the electricity axis were inside it.  The same holds for the post-2050 continuation rule ON THAT AXIS and for the reading of the statutory floor: the delivered central, the two electricity-axis continuation lines and the enforceable-standard line carry the same energy in every entry and in every year, bitwise, and they part company only in carbon.  The two VEHICLE-axis continuation lines are a different object and are not covered by this sentence: a rule on that axis moves how much of the deployed stock is electric, so it moves the kilowatt hours as well as the carbon, and the movement is reported rather than gated."
V33_POLICY_CONDITIONAL,EQUAL_SIZE_COMPARISON_1000000_VEHICLES_AT_THE_MEASURED_NATIONAL_RATIO_2988_STI_UNITS_PER_MILLION_VEHICLES,energy_kwh_eq,2045,sum over the 51 entries,0.21,2602081711.561095,3322370186.9206886,4202365742.524969,3414753538.3385086,0.23431911161332483,0.9729458216001233,"Not priced by this interval: the deployment scale, held at 30 per cent of registered automobiles and 30 per cent of signalized intersections by 2075 in every draw, against its own declared range of 15 to 45 per cent -- the model is exactly linear in that scale, so the two declared levels are delivered beside the interval as named lines, each of them the central rescaled, and never as width; the reading of the statutory floor itself, held at the statutory-targets-honoured reading in every draw, with the enforceable-standard reading delivered beside the interval as a named line rather than as width; the vehicle load model, held at the inherited one, with the single paired dynamometer measurement in the build's own precedent table delivered beside the interval as a named measured-load line; the computing workload growth of 2 per cent a year and the hardware efficiency floor of 0.25, neither of which is drawn or varied anywhere in this build; and the published market case, held at the policy state the interval is conditional on and carried as a named line.  The post-2050 continuation rule IS inside this interval: every electricity member continues along its own 2045-2050 slope at a decreasing rate after 2050 with the enacted statutory floors applied on top, and the linear trend and frozen continuations are delivered beside the interval as named lines.  The fuel-to-direct-current conversion coefficient IS priced here: it is drawn triangular on the declared list, support 0.17 to 0.2744 with its mode at the delivered central 0.21, so the two registered branches are the endpoints of the support this interval samples rather than values outside it, and each of them is also delivered as a named line.","The electricity-scenario axis changes the carbon content of a kilowatt hour, not the number of kilowatt hours.  Its contribution to the energy interval is therefore exactly zero, and an energy figure must not be captioned as though the electricity axis were inside it.  The same holds for the post-2050 continuation rule ON THAT AXIS and for the reading of the statutory floor: the delivered central, the two electricity-axis continuation lines and the enforceable-standard line carry the same energy in every entry and in every year, bitwise, and they part company only in carbon.  The two VEHICLE-axis continuation lines are a different object and are not covered by this sentence: a rule on that axis moves how much of the deployed stock is electric, so it moves the kilowatt hours as well as the carbon, and the movement is reported rather than gated."
V33_POLICY_CONDITIONAL,EQUAL_SIZE_COMPARISON_1000000_VEHICLES_AT_THE_MEASURED_NATIONAL_RATIO_2988_STI_UNITS_PER_MILLION_VEHICLES,energy_kwh_eq,2046,sum over the 51 entries,0.21,2802013935.067716,3578247944.9424458,4523424171.771225,3667972204.240659,0.2346542095811593,0.97553845713594,"Not priced by this interval: the deployment scale, held at 30 per cent of registered automobiles and 30 per cent of signalized intersections by 2075 in every draw, against its own declared range of 15 to 45 per cent -- the model is exactly linear in that scale, so the two declared levels are delivered beside the interval as named lines, each of them the central rescaled, and never as width; the reading of the statutory floor itself, held at the statutory-targets-honoured reading in every draw, with the enforceable-standard reading delivered beside the interval as a named line rather than as width; the vehicle load model, held at the inherited one, with the single paired dynamometer measurement in the build's own precedent table delivered beside the interval as a named measured-load line; the computing workload growth of 2 per cent a year and the hardware efficiency floor of 0.25, neither of which is drawn or varied anywhere in this build; and the published market case, held at the policy state the interval is conditional on and carried as a named line.  The post-2050 continuation rule IS inside this interval: every electricity member continues along its own 2045-2050 slope at a decreasing rate after 2050 with the enacted statutory floors applied on top, and the linear trend and frozen continuations are delivered beside the interval as named lines.  The fuel-to-direct-current conversion coefficient IS priced here: it is drawn triangular on the declared list, support 0.17 to 0.2744 with its mode at the delivered central 0.21, so the two registered branches are the endpoints of the support this interval samples rather than values outside it, and each of them is also delivered as a named line.","The electricity-scenario axis changes the carbon content of a kilowatt hour, not the number of kilowatt hours.  Its contribution to the energy interval is therefore exactly zero, and an energy figure must not be captioned as though the electricity axis were inside it.  The same holds for the post-2050 continuation rule ON THAT AXIS and for the reading of the statutory floor: the delivered central, the two electricity-axis continuation lines and the enforceable-standard line carry the same energy in every entry and in every year, bitwise, and they part company only in carbon.  The two VEHICLE-axis continuation lines are a different object and are not covered by this sentence: a rule on that axis moves how much of the deployed stock is electric, so it moves the kilowatt hours as well as the carbon, and the movement is reported rather than gated."
V33_POLICY_CONDITIONAL,EQUAL_SIZE_COMPARISON_1000000_VEHICLES_AT_THE_MEASURED_NATIONAL_RATIO_2988_STI_UNITS_PER_MILLION_VEHICLES,energy_kwh_eq,2047,sum over the 51 entries,0.21,3008348541.872909,3846551678.476053,4864511260.535024,3934217468.107709,0.23589986238799568,0.9777170961335238,"Not priced by this interval: the deployment scale, held at 30 per cent of registered automobiles and 30 per cent of signalized intersections by 2075 in every draw, against its own declared range of 15 to 45 per cent -- the model is exactly linear in that scale, so the two declared levels are delivered beside the interval as named lines, each of them the central rescaled, and never as width; the reading of the statutory floor itself, held at the statutory-targets-honoured reading in every draw, with the enforceable-standard reading delivered beside the interval as a named line rather than as width; the vehicle load model, held at the inherited one, with the single paired dynamometer measurement in the build's own precedent table delivered beside the interval as a named measured-load line; the computing workload growth of 2 per cent a year and the hardware efficiency floor of 0.25, neither of which is drawn or varied anywhere in this build; and the published market case, held at the policy state the interval is conditional on and carried as a named line.  The post-2050 continuation rule IS inside this interval: every electricity member continues along its own 2045-2050 slope at a decreasing rate after 2050 with the enacted statutory floors applied on top, and the linear trend and frozen continuations are delivered beside the interval as named lines.  The fuel-to-direct-current conversion coefficient IS priced here: it is drawn triangular on the declared list, support 0.17 to 0.2744 with its mode at the delivered central 0.21, so the two registered branches are the endpoints of the support this interval samples rather than values outside it, and each of them is also delivered as a named line.","The electricity-scenario axis changes the carbon content of a kilowatt hour, not the number of kilowatt hours.  Its contribution to the energy interval is therefore exactly zero, and an energy figure must not be captioned as though the electricity axis were inside it.  The same holds for the post-2050 continuation rule ON THAT AXIS and for the reading of the statutory floor: the delivered central, the two electricity-axis continuation lines and the enforceable-standard line carry the same energy in every entry and in every year, bitwise, and they part company only in carbon.  The two VEHICLE-axis continuation lines are a different object and are not covered by this sentence: a rule on that axis moves how much of the deployed stock is electric, so it moves the kilowatt hours as well as the carbon, and the movement is reported rather than gated."
V33_POLICY_CONDITIONAL,EQUAL_SIZE_COMPARISON_1000000_VEHICLES_AT_THE_MEASURED_NATIONAL_RATIO_2988_STI_UNITS_PER_MILLION_VEHICLES,energy_kwh_eq,2048,sum over the 51 entries,0.21,3232528322.125583,4122495409.7937384,5223552355.9844265,4213296784.518528,0.23627863590985632,0.9784488538622693,"Not priced by this interval: the deployment scale, held at 30 per cent of registered automobiles and 30 per cent of signalized intersections by 2075 in every draw, against its own declared range of 15 to 45 per cent -- the model is exactly linear in that scale, so the two declared levels are delivered beside the interval as named lines, each of them the central rescaled, and never as width; the reading of the statutory floor itself, held at the statutory-targets-honoured reading in every draw, with the enforceable-standard reading delivered beside the interval as a named line rather than as width; the vehicle load model, held at the inherited one, with the single paired dynamometer measurement in the build's own precedent table delivered beside the interval as a named measured-load line; the computing workload growth of 2 per cent a year and the hardware efficiency floor of 0.25, neither of which is drawn or varied anywhere in this build; and the published market case, held at the policy state the interval is conditional on and carried as a named line.  The post-2050 continuation rule IS inside this interval: every electricity member continues along its own 2045-2050 slope at a decreasing rate after 2050 with the enacted statutory floors applied on top, and the linear trend and frozen continuations are delivered beside the interval as named lines.  The fuel-to-direct-current conversion coefficient IS priced here: it is drawn triangular on the declared list, support 0.17 to 0.2744 with its mode at the delivered central 0.21, so the two registered branches are the endpoints of the support this interval samples rather than values outside it, and each of them is also delivered as a named line.","The electricity-scenario axis changes the carbon content of a kilowatt hour, not the number of kilowatt hours.  Its contribution to the energy interval is therefore exactly zero, and an energy figure must not be captioned as though the electricity axis were inside it.  The same holds for the post-2050 continuation rule ON THAT AXIS and for the reading of the statutory floor: the delivered central, the two electricity-axis continuation lines and the enforceable-standard line carry the same energy in every entry and in every year, bitwise, and they part company only in carbon.  The two VEHICLE-axis continuation lines are a different object and are not covered by this sentence: a rule on that axis moves how much of the deployed stock is electric, so it moves the kilowatt hours as well as the carbon, and the movement is reported rather than gated."
V33_POLICY_CONDITIONAL,EQUAL_SIZE_COMPARISON_1000000_VEHICLES_AT_THE_MEASURED_NATIONAL_RATIO_2988_STI_UNITS_PER_MILLION_VEHICLES,energy_kwh_eq,2049,sum over the 51 entries,0.21,3461593781.6887426,4412300597.258397,5588137790.352688,4506006722.590466,0.23596769152636915,0.9792041754260417,"Not priced by this interval: the deployment scale, held at 30 per cent of registered automobiles and 30 per cent of signalized intersections by 2075 in every draw, against its own declared range of 15 to 45 per cent -- the model is exactly linear in that scale, so the two declared levels are delivered beside the interval as named lines, each of them the central rescaled, and never as width; the reading of the statutory floor itself, held at the statutory-targets-honoured reading in every draw, with the enforceable-standard reading delivered beside the interval as a named line rather than as width; the vehicle load model, held at the inherited one, with the single paired dynamometer measurement in the build's own precedent table delivered beside the interval as a named measured-load line; the computing workload growth of 2 per cent a year and the hardware efficiency floor of 0.25, neither of which is drawn or varied anywhere in this build; and the published market case, held at the policy state the interval is conditional on and carried as a named line.  The post-2050 continuation rule IS inside this interval: every electricity member continues along its own 2045-2050 slope at a decreasing rate after 2050 with the enacted statutory floors applied on top, and the linear trend and frozen continuations are delivered beside the interval as named lines.  The fuel-to-direct-current conversion coefficient IS priced here: it is drawn triangular on the declared list, support 0.17 to 0.2744 with its mode at the delivered central 0.21, so the two registered branches are the endpoints of the support this interval samples rather than values outside it, and each of them is also delivered as a named line.","The electricity-scenario axis changes the carbon content of a kilowatt hour, not the number of kilowatt hours.  Its contribution to the energy interval is therefore exactly zero, and an energy figure must not be captioned as though the electricity axis were inside it.  The same holds for the post-2050 continuation rule ON THAT AXIS and for the reading of the statutory floor: the delivered central, the two electricity-axis continuation lines and the enforceable-standard line carry the same energy in every entry and in every year, bitwise, and they part company only in carbon.  The two VEHICLE-axis continuation lines are a different object and are not covered by this sentence: a rule on that axis moves how much of the deployed stock is electric, so it moves the kilowatt hours as well as the carbon, and the movement is reported rather than gated."
V33_POLICY_CONDITIONAL,EQUAL_SIZE_COMPARISON_1000000_VEHICLES_AT_THE_MEASURED_NATIONAL_RATIO_2988_STI_UNITS_PER_MILLION_VEHICLES,energy_kwh_eq,2050,sum over the 51 entries,0.21,3703293597.7655563,4718949211.898739,5970080052.505569,4812535769.537588,0.2355085305639003,0.9805535871065657,"Not priced by this interval: the deployment scale, held at 30 per cent of registered automobiles and 30 per cent of signalized intersections by 2075 in every draw, against its own declared range of 15 to 45 per cent -- the model is exactly linear in that scale, so the two declared levels are delivered beside the interval as named lines, each of them the central rescaled, and never as width; the reading of the statutory floor itself, held at the statutory-targets-honoured reading in every draw, with the enforceable-standard reading delivered beside the interval as a named line rather than as width; the vehicle load model, held at the inherited one, with the single paired dynamometer measurement in the build's own precedent table delivered beside the interval as a named measured-load line; the computing workload growth of 2 per cent a year and the hardware efficiency floor of 0.25, neither of which is drawn or varied anywhere in this build; and the published market case, held at the policy state the interval is conditional on and carried as a named line.  The post-2050 continuation rule IS inside this interval: every electricity member continues along its own 2045-2050 slope at a decreasing rate after 2050 with the enacted statutory floors applied on top, and the linear trend and frozen continuations are delivered beside the interval as named lines.  The fuel-to-direct-current conversion coefficient IS priced here: it is drawn triangular on the declared list, support 0.17 to 0.2744 with its mode at the delivered central 0.21, so the two registered branches are the endpoints of the support this interval samples rather than values outside it, and each of them is also delivered as a named line.","The electricity-scenario axis changes the carbon content of a kilowatt hour, not the number of kilowatt hours.  Its contribution to the energy interval is therefore exactly zero, and an energy figure must not be captioned as though the electricity axis were inside it.  The same holds for the post-2050 continuation rule ON THAT AXIS and for the reading of the statutory floor: the delivered central, the two electricity-axis continuation lines and the enforceable-standard line carry the same energy in every entry and in every year, bitwise, and they part company only in carbon.  The two VEHICLE-axis continuation lines are a different object and are not covered by this sentence: a rule on that axis moves how much of the deployed stock is electric, so it moves the kilowatt hours as well as the carbon, and the movement is reported rather than gated."
V33_POLICY_CONDITIONAL,EQUAL_SIZE_COMPARISON_1000000_VEHICLES_AT_THE_MEASURED_NATIONAL_RATIO_2988_STI_UNITS_PER_MILLION_VEHICLES,energy_kwh_eq,2051,sum over the 51 entries,0.21,3935498074.3688807,5013340435.500402,6338399443.580641,5108509863.11182,0.23518613388249837,0.9813704132591327,"Not priced by this interval: the deployment scale, held at 30 per cent of registered automobiles and 30 per cent of signalized intersections by 2075 in every draw, against its own declared range of 15 to 45 per cent -- the model is exactly linear in that scale, so the two declared levels are delivered beside the interval as named lines, each of them the central rescaled, and never as width; the reading of the statutory floor itself, held at the statutory-targets-honoured reading in every draw, with the enforceable-standard reading delivered beside the interval as a named line rather than as width; the vehicle load model, held at the inherited one, with the single paired dynamometer measurement in the build's own precedent table delivered beside the interval as a named measured-load line; the computing workload growth of 2 per cent a year and the hardware efficiency floor of 0.25, neither of which is drawn or varied anywhere in this build; and the published market case, held at the policy state the interval is conditional on and carried as a named line.  The post-2050 continuation rule IS inside this interval: every electricity member continues along its own 2045-2050 slope at a decreasing rate after 2050 with the enacted statutory floors applied on top, and the linear trend and frozen continuations are delivered beside the interval as named lines.  The fuel-to-direct-current conversion coefficient IS priced here: it is drawn triangular on the declared list, support 0.17 to 0.2744 with its mode at the delivered central 0.21, so the two registered branches are the endpoints of the support this interval samples rather than values outside it, and each of them is also delivered as a named line.","The electricity-scenario axis changes the carbon content of a kilowatt hour, not the number of kilowatt hours.  Its contribution to the energy interval is therefore exactly zero, and an energy figure must not be captioned as though the electricity axis were inside it.  The same holds for the post-2050 continuation rule ON THAT AXIS and for the reading of the statutory floor: the delivered central, the two electricity-axis continuation lines and the enforceable-standard line carry the same energy in every entry and in every year, bitwise, and they part company only in carbon.  The two VEHICLE-axis continuation lines are a different object and are not covered by this sentence: a rule on that axis moves how much of the deployed stock is electric, so it moves the kilowatt hours as well as the carbon, and the movement is reported rather than gated."
V33_POLICY_CONDITIONAL,EQUAL_SIZE_COMPARISON_1000000_VEHICLES_AT_THE_MEASURED_NATIONAL_RATIO_2988_STI_UNITS_PER_MILLION_VEHICLES,energy_kwh_eq,2052,sum over the 51 entries,0.21,4172897388.4835587,5312917386.059802,6710158609.558289,5412234200.458026,0.23440053840057465,0.9816495719291269,"Not priced by this interval: the deployment scale, held at 30 per cent of registered automobiles and 30 per cent of signalized intersections by 2075 in every draw, against its own declared range of 15 to 45 per cent -- the model is exactly linear in that scale, so the two declared levels are delivered beside the interval as named lines, each of them the central rescaled, and never as width; the reading of the statutory floor itself, held at the statutory-targets-honoured reading in every draw, with the enforceable-standard reading delivered beside the interval as a named line rather than as width; the vehicle load model, held at the inherited one, with the single paired dynamometer measurement in the build's own precedent table delivered beside the interval as a named measured-load line; the computing workload growth of 2 per cent a year and the hardware efficiency floor of 0.25, neither of which is drawn or varied anywhere in this build; and the published market case, held at the policy state the interval is conditional on and carried as a named line.  The post-2050 continuation rule IS inside this interval: every electricity member continues along its own 2045-2050 slope at a decreasing rate after 2050 with the enacted statutory floors applied on top, and the linear trend and frozen continuations are delivered beside the interval as named lines.  The fuel-to-direct-current conversion coefficient IS priced here: it is drawn triangular on the declared list, support 0.17 to 0.2744 with its mode at the delivered central 0.21, so the two registered branches are the endpoints of the support this interval samples rather than values outside it, and each of them is also delivered as a named line.","The electricity-scenario axis changes the carbon content of a kilowatt hour, not the number of kilowatt hours.  Its contribution to the energy interval is therefore exactly zero, and an energy figure must not be captioned as though the electricity axis were inside it.  The same holds for the post-2050 continuation rule ON THAT AXIS and for the reading of the statutory floor: the delivered central, the two electricity-axis continuation lines and the enforceable-standard line carry the same energy in every entry and in every year, bitwise, and they part company only in carbon.  The two VEHICLE-axis continuation lines are a different object and are not covered by this sentence: a rule on that axis moves how much of the deployed stock is electric, so it moves the kilowatt hours as well as the carbon, and the movement is reported rather than gated."
V33_POLICY_CONDITIONAL,EQUAL_SIZE_COMPARISON_1000000_VEHICLES_AT_THE_MEASURED_NATIONAL_RATIO_2988_STI_UNITS_PER_MILLION_VEHICLES,energy_kwh_eq,2053,sum over the 51 entries,0.21,4413310879.7372,5615880996.442042,7086150981.051611,5722151476.553842,0.2335520225448598,0.9814282301775414,"Not priced by this interval: the deployment scale, held at 30 per cent of registered automobiles and 30 per cent of signalized intersections by 2075 in every draw, against its own declared range of 15 to 45 per cent -- the model is exactly linear in that scale, so the two declared levels are delivered beside the interval as named lines, each of them the central rescaled, and never as width; the reading of the statutory floor itself, held at the statutory-targets-honoured reading in every draw, with the enforceable-standard reading delivered beside the interval as a named line rather than as width; the vehicle load model, held at the inherited one, with the single paired dynamometer measurement in the build's own precedent table delivered beside the interval as a named measured-load line; the computing workload growth of 2 per cent a year and the hardware efficiency floor of 0.25, neither of which is drawn or varied anywhere in this build; and the published market case, held at the policy state the interval is conditional on and carried as a named line.  The post-2050 continuation rule IS inside this interval: every electricity member continues along its own 2045-2050 slope at a decreasing rate after 2050 with the enacted statutory floors applied on top, and the linear trend and frozen continuations are delivered beside the interval as named lines.  The fuel-to-direct-current conversion coefficient IS priced here: it is drawn triangular on the declared list, support 0.17 to 0.2744 with its mode at the delivered central 0.21, so the two registered branches are the endpoints of the support this interval samples rather than values outside it, and each of them is also delivered as a named line.","The electricity-scenario axis changes the carbon content of a kilowatt hour, not the number of kilowatt hours.  Its contribution to the energy interval is therefore exactly zero, and an energy figure must not be captioned as though the electricity axis were inside it.  The same holds for the post-2050 continuation rule ON THAT AXIS and for the reading of the statutory floor: the delivered central, the two electricity-axis continuation lines and the enforceable-standard line carry the same energy in every entry and in every year, bitwise, and they part company only in carbon.  The two VEHICLE-axis continuation lines are a different object and are not covered by this sentence: a rule on that axis moves how much of the deployed stock is electric, so it moves the kilowatt hours as well as the carbon, and the movement is reported rather than gated."
V33_POLICY_CONDITIONAL,EQUAL_SIZE_COMPARISON_1000000_VEHICLES_AT_THE_MEASURED_NATIONAL_RATIO_2988_STI_UNITS_PER_MILLION_VEHICLES,energy_kwh_eq,2054,sum over the 51 entries,0.21,4657609280.432052,5922607974.348436,7463392317.742463,6036705334.060709,0.232393572490563,0.9810993988610799,"Not priced by this interval: the deployment scale, held at 30 per cent of registered automobiles and 30 per cent of signalized intersections by 2075 in every draw, against its own declared range of 15 to 45 per cent -- the model is exactly linear in that scale, so the two declared levels are delivered beside the interval as named lines, each of them the central rescaled, and never as width; the reading of the statutory floor itself, held at the statutory-targets-honoured reading in every draw, with the enforceable-standard reading delivered beside the interval as a named line rather than as width; the vehicle load model, held at the inherited one, with the single paired dynamometer measurement in the build's own precedent table delivered beside the interval as a named measured-load line; the computing workload growth of 2 per cent a year and the hardware efficiency floor of 0.25, neither of which is drawn or varied anywhere in this build; and the published market case, held at the policy state the interval is conditional on and carried as a named line.  The post-2050 continuation rule IS inside this interval: every electricity member continues along its own 2045-2050 slope at a decreasing rate after 2050 with the enacted statutory floors applied on top, and the linear trend and frozen continuations are delivered beside the interval as named lines.  The fuel-to-direct-current conversion coefficient IS priced here: it is drawn triangular on the declared list, support 0.17 to 0.2744 with its mode at the delivered central 0.21, so the two registered branches are the endpoints of the support this interval samples rather than values outside it, and each of them is also delivered as a named line.","The electricity-scenario axis changes the carbon content of a kilowatt hour, not the number of kilowatt hours.  Its contribution to the energy interval is therefore exactly zero, and an energy figure must not be captioned as though the electricity axis were inside it.  The same holds for the post-2050 continuation rule ON THAT AXIS and for the reading of the statutory floor: the delivered central, the two electricity-axis continuation lines and the enforceable-standard line carry the same energy in every entry and in every year, bitwise, and they part company only in carbon.  The two VEHICLE-axis continuation lines are a different object and are not covered by this sentence: a rule on that axis moves how much of the deployed stock is electric, so it moves the kilowatt hours as well as the carbon, and the movement is reported rather than gated."
V33_POLICY_CONDITIONAL,EQUAL_SIZE_COMPARISON_1000000_VEHICLES_AT_THE_MEASURED_NATIONAL_RATIO_2988_STI_UNITS_PER_MILLION_VEHICLES,energy_kwh_eq,2055,sum over the 51 entries,0.21,4897920176.5757065,6234882779.530595,7843719874.293927,6354586971.058696,0.23178530021971203,0.9811625535895124,"Not priced by this interval: the deployment scale, held at 30 per cent of registered automobiles and 30 per cent of signalized intersections by 2075 in every draw, against its own declared range of 15 to 45 per cent -- the model is exactly linear in that scale, so the two declared levels are delivered beside the interval as named lines, each of them the central rescaled, and never as width; the reading of the statutory floor itself, held at the statutory-targets-honoured reading in every draw, with the enforceable-standard reading delivered beside the interval as a named line rather than as width; the vehicle load model, held at the inherited one, with the single paired dynamometer measurement in the build's own precedent table delivered beside the interval as a named measured-load line; the computing workload growth of 2 per cent a year and the hardware efficiency floor of 0.25, neither of which is drawn or varied anywhere in this build; and the published market case, held at the policy state the interval is conditional on and carried as a named line.  The post-2050 continuation rule IS inside this interval: every electricity member continues along its own 2045-2050 slope at a decreasing rate after 2050 with the enacted statutory floors applied on top, and the linear trend and frozen continuations are delivered beside the interval as named lines.  The fuel-to-direct-current conversion coefficient IS priced here: it is drawn triangular on the declared list, support 0.17 to 0.2744 with its mode at the delivered central 0.21, so the two registered branches are the endpoints of the support this interval samples rather than values outside it, and each of them is also delivered as a named line.","The electricity-scenario axis changes the carbon content of a kilowatt hour, not the number of kilowatt hours.  Its contribution to the energy interval is therefore exactly zero, and an energy figure must not be captioned as though the electricity axis were inside it.  The same holds for the post-2050 continuation rule ON THAT AXIS and for the reading of the statutory floor: the delivered central, the two electricity-axis continuation lines and the enforceable-standard line carry the same energy in every entry and in every year, bitwise, and they part company only in carbon.  The two VEHICLE-axis continuation lines are a different object and are not covered by this sentence: a rule on that axis moves how much of the deployed stock is electric, so it moves the kilowatt hours as well as the carbon, and the movement is reported rather than gated."
V33_POLICY_CONDITIONAL,EQUAL_SIZE_COMPARISON_1000000_VEHICLES_AT_THE_MEASURED_NATIONAL_RATIO_2988_STI_UNITS_PER_MILLION_VEHICLES,energy_kwh_eq,2056,sum over the 51 entries,0.21,5138592199.079735,6545257543.588548,8231953719.948187,6674486294.382851,0.23173030735502292,0.9806383974594329,"Not priced by this interval: the deployment scale, held at 30 per cent of registered automobiles and 30 per cent of signalized intersections by 2075 in every draw, against its own declared range of 15 to 45 per cent -- the model is exactly linear in that scale, so the two declared levels are delivered beside the interval as named lines, each of them the central rescaled, and never as width; the reading of the statutory floor itself, held at the statutory-targets-honoured reading in every draw, with the enforceable-standard reading delivered beside the interval as a named line rather than as width; the vehicle load model, held at the inherited one, with the single paired dynamometer measurement in the build's own precedent table delivered beside the interval as a named measured-load line; the computing workload growth of 2 per cent a year and the hardware efficiency floor of 0.25, neither of which is drawn or varied anywhere in this build; and the published market case, held at the policy state the interval is conditional on and carried as a named line.  The post-2050 continuation rule IS inside this interval: every electricity member continues along its own 2045-2050 slope at a decreasing rate after 2050 with the enacted statutory floors applied on top, and the linear trend and frozen continuations are delivered beside the interval as named lines.  The fuel-to-direct-current conversion coefficient IS priced here: it is drawn triangular on the declared list, support 0.17 to 0.2744 with its mode at the delivered central 0.21, so the two registered branches are the endpoints of the support this interval samples rather than values outside it, and each of them is also delivered as a named line.","The electricity-scenario axis changes the carbon content of a kilowatt hour, not the number of kilowatt hours.  Its contribution to the energy interval is therefore exactly zero, and an energy figure must not be captioned as though the electricity axis were inside it.  The same holds for the post-2050 continuation rule ON THAT AXIS and for the reading of the statutory floor: the delivered central, the two electricity-axis continuation lines and the enforceable-standard line carry the same energy in every entry and in every year, bitwise, and they part company only in carbon.  The two VEHICLE-axis continuation lines are a different object and are not covered by this sentence: a rule on that axis moves how much of the deployed stock is electric, so it moves the kilowatt hours as well as the carbon, and the movement is reported rather than gated."
V33_POLICY_CONDITIONAL,EQUAL_SIZE_COMPARISON_1000000_VEHICLES_AT_THE_MEASURED_NATIONAL_RATIO_2988_STI_UNITS_PER_MILLION_VEHICLES,energy_kwh_eq,2057,sum over the 51 entries,0.21,5386982906.680863,6858268414.921154,8627032686.215921,6994739439.264661,0.2316061811643177,0.9804894770522211,"Not priced by this interval: the deployment scale, held at 30 per cent of registered automobiles and 30 per cent of signalized intersections by 2075 in every draw, against its own declared range of 15 to 45 per cent -- the model is exactly linear in that scale, so the two declared levels are delivered beside the interval as named lines, each of them the central rescaled, and never as width; the reading of the statutory floor itself, held at the statutory-targets-honoured reading in every draw, with the enforceable-standard reading delivered beside the interval as a named line rather than as width; the vehicle load model, held at the inherited one, with the single paired dynamometer measurement in the build's own precedent table delivered beside the interval as a named measured-load line; the computing workload growth of 2 per cent a year and the hardware efficiency floor of 0.25, neither of which is drawn or varied anywhere in this build; and the published market case, held at the policy state the interval is conditional on and carried as a named line.  The post-2050 continuation rule IS inside this interval: every electricity member continues along its own 2045-2050 slope at a decreasing rate after 2050 with the enacted statutory floors applied on top, and the linear trend and frozen continuations are delivered beside the interval as named lines.  The fuel-to-direct-current conversion coefficient IS priced here: it is drawn triangular on the declared list, support 0.17 to 0.2744 with its mode at the delivered central 0.21, so the two registered branches are the endpoints of the support this interval samples rather than values outside it, and each of them is also delivered as a named line.","The electricity-scenario axis changes the carbon content of a kilowatt hour, not the number of kilowatt hours.  Its contribution to the energy interval is therefore exactly zero, and an energy figure must not be captioned as though the electricity axis were inside it.  The same holds for the post-2050 continuation rule ON THAT AXIS and for the reading of the statutory floor: the delivered central, the two electricity-axis continuation lines and the enforceable-standard line carry the same energy in every entry and in every year, bitwise, and they part company only in carbon.  The two VEHICLE-axis continuation lines are a different object and are not covered by this sentence: a rule on that axis moves how much of the deployed stock is electric, so it moves the kilowatt hours as well as the carbon, and the movement is reported rather than gated."
V33_POLICY_CONDITIONAL,EQUAL_SIZE_COMPARISON_1000000_VEHICLES_AT_THE_MEASURED_NATIONAL_RATIO_2988_STI_UNITS_PER_MILLION_VEHICLES,energy_kwh_eq,2058,sum over the 51 entries,0.21,5636530638.241431,7170311773.726324,9022826755.008581,7314026833.327848,0.23149327955270851,0.9803507612322863,"Not priced by this interval: the deployment scale, held at 30 per cent of registered automobiles and 30 per cent of signalized intersections by 2075 in every draw, against its own declared range of 15 to 45 per cent -- the model is exactly linear in that scale, so the two declared levels are delivered beside the interval as named lines, each of them the central rescaled, and never as width; the reading of the statutory floor itself, held at the statutory-targets-honoured reading in every draw, with the enforceable-standard reading delivered beside the interval as a named line rather than as width; the vehicle load model, held at the inherited one, with the single paired dynamometer measurement in the build's own precedent table delivered beside the interval as a named measured-load line; the computing workload growth of 2 per cent a year and the hardware efficiency floor of 0.25, neither of which is drawn or varied anywhere in this build; and the published market case, held at the policy state the interval is conditional on and carried as a named line.  The post-2050 continuation rule IS inside this interval: every electricity member continues along its own 2045-2050 slope at a decreasing rate after 2050 with the enacted statutory floors applied on top, and the linear trend and frozen continuations are delivered beside the interval as named lines.  The fuel-to-direct-current conversion coefficient IS priced here: it is drawn triangular on the declared list, support 0.17 to 0.2744 with its mode at the delivered central 0.21, so the two registered branches are the endpoints of the support this interval samples rather than values outside it, and each of them is also delivered as a named line.","The electricity-scenario axis changes the carbon content of a kilowatt hour, not the number of kilowatt hours.  Its contribution to the energy interval is therefore exactly zero, and an energy figure must not be captioned as though the electricity axis were inside it.  The same holds for the post-2050 continuation rule ON THAT AXIS and for the reading of the statutory floor: the delivered central, the two electricity-axis continuation lines and the enforceable-standard line carry the same energy in every entry and in every year, bitwise, and they part company only in carbon.  The two VEHICLE-axis continuation lines are a different object and are not covered by this sentence: a rule on that axis moves how much of the deployed stock is electric, so it moves the kilowatt hours as well as the carbon, and the movement is reported rather than gated."
V33_POLICY_CONDITIONAL,EQUAL_SIZE_COMPARISON_1000000_VEHICLES_AT_THE_MEASURED_NATIONAL_RATIO_2988_STI_UNITS_PER_MILLION_VEHICLES,energy_kwh_eq,2059,sum over the 51 entries,0.21,5880481247.60006,7477912087.65695,9406981229.62679,7630758316.381029,0.23107139787512035,0.9799697196023149,"Not priced by this interval: the deployment scale, held at 30 per cent of registered automobiles and 30 per cent of signalized intersections by 2075 in every draw, against its own declared range of 15 to 45 per cent -- the model is exactly linear in that scale, so the two declared levels are delivered beside the interval as named lines, each of them the central rescaled, and never as width; the reading of the statutory floor itself, held at the statutory-targets-honoured reading in every draw, with the enforceable-standard reading delivered beside the interval as a named line rather than as width; the vehicle load model, held at the inherited one, with the single paired dynamometer measurement in the build's own precedent table delivered beside the interval as a named measured-load line; the computing workload growth of 2 per cent a year and the hardware efficiency floor of 0.25, neither of which is drawn or varied anywhere in this build; and the published market case, held at the policy state the interval is conditional on and carried as a named line.  The post-2050 continuation rule IS inside this interval: every electricity member continues along its own 2045-2050 slope at a decreasing rate after 2050 with the enacted statutory floors applied on top, and the linear trend and frozen continuations are delivered beside the interval as named lines.  The fuel-to-direct-current conversion coefficient IS priced here: it is drawn triangular on the declared list, support 0.17 to 0.2744 with its mode at the delivered central 0.21, so the two registered branches are the endpoints of the support this interval samples rather than values outside it, and each of them is also delivered as a named line.","The electricity-scenario axis changes the carbon content of a kilowatt hour, not the number of kilowatt hours.  Its contribution to the energy interval is therefore exactly zero, and an energy figure must not be captioned as though the electricity axis were inside it.  The same holds for the post-2050 continuation rule ON THAT AXIS and for the reading of the statutory floor: the delivered central, the two electricity-axis continuation lines and the enforceable-standard line carry the same energy in every entry and in every year, bitwise, and they part company only in carbon.  The two VEHICLE-axis continuation lines are a different object and are not covered by this sentence: a rule on that axis moves how much of the deployed stock is electric, so it moves the kilowatt hours as well as the carbon, and the movement is reported rather than gated."
V33_POLICY_CONDITIONAL,EQUAL_SIZE_COMPARISON_1000000_VEHICLES_AT_THE_MEASURED_NATIONAL_RATIO_2988_STI_UNITS_PER_MILLION_VEHICLES,energy_kwh_eq,2060,sum over the 51 entries,0.21,6121463619.266488,7785580438.356636,9785246967.446184,7943738186.439715,0.23060826415666139,0.980090261741876,"Not priced by this interval: the deployment scale, held at 30 per cent of registered automobiles and 30 per cent of signalized intersections by 2075 in every draw, against its own declared range of 15 to 45 per cent -- the model is exactly linear in that scale, so the two declared levels are delivered beside the interval as named lines, each of them the central rescaled, and never as width; the reading of the statutory floor itself, held at the statutory-targets-honoured reading in every draw, with the enforceable-standard reading delivered beside the interval as a named line rather than as width; the vehicle load model, held at the inherited one, with the single paired dynamometer measurement in the build's own precedent table delivered beside the interval as a named measured-load line; the computing workload growth of 2 per cent a year and the hardware efficiency floor of 0.25, neither of which is drawn or varied anywhere in this build; and the published market case, held at the policy state the interval is conditional on and carried as a named line.  The post-2050 continuation rule IS inside this interval: every electricity member continues along its own 2045-2050 slope at a decreasing rate after 2050 with the enacted statutory floors applied on top, and the linear trend and frozen continuations are delivered beside the interval as named lines.  The fuel-to-direct-current conversion coefficient IS priced here: it is drawn triangular on the declared list, support 0.17 to 0.2744 with its mode at the delivered central 0.21, so the two registered branches are the endpoints of the support this interval samples rather than values outside it, and each of them is also delivered as a named line.","The electricity-scenario axis changes the carbon content of a kilowatt hour, not the number of kilowatt hours.  Its contribution to the energy interval is therefore exactly zero, and an energy figure must not be captioned as though the electricity axis were inside it.  The same holds for the post-2050 continuation rule ON THAT AXIS and for the reading of the statutory floor: the delivered central, the two electricity-axis continuation lines and the enforceable-standard line carry the same energy in every entry and in every year, bitwise, and they part company only in carbon.  The two VEHICLE-axis continuation lines are a different object and are not covered by this sentence: a rule on that axis moves how much of the deployed stock is electric, so it moves the kilowatt hours as well as the carbon, and the movement is reported rather than gated."
V33_POLICY_CONDITIONAL,EQUAL_SIZE_COMPARISON_1000000_VEHICLES_AT_THE_MEASURED_NATIONAL_RATIO_2988_STI_UNITS_PER_MILLION_VEHICLES,energy_kwh_eq,2061,sum over the 51 entries,0.21,6360150295.845124,8089613865.980887,10157506148.307898,8253919942.119875,0.23003347979454045,0.9800935704136733,"Not priced by this interval: the deployment scale, held at 30 per cent of registered automobiles and 30 per cent of signalized intersections by 2075 in every draw, against its own declared range of 15 to 45 per cent -- the model is exactly linear in that scale, so the two declared levels are delivered beside the interval as named lines, each of them the central rescaled, and never as width; the reading of the statutory floor itself, held at the statutory-targets-honoured reading in every draw, with the enforceable-standard reading delivered beside the interval as a named line rather than as width; the vehicle load model, held at the inherited one, with the single paired dynamometer measurement in the build's own precedent table delivered beside the interval as a named measured-load line; the computing workload growth of 2 per cent a year and the hardware efficiency floor of 0.25, neither of which is drawn or varied anywhere in this build; and the published market case, held at the policy state the interval is conditional on and carried as a named line.  The post-2050 continuation rule IS inside this interval: every electricity member continues along its own 2045-2050 slope at a decreasing rate after 2050 with the enacted statutory floors applied on top, and the linear trend and frozen continuations are delivered beside the interval as named lines.  The fuel-to-direct-current conversion coefficient IS priced here: it is drawn triangular on the declared list, support 0.17 to 0.2744 with its mode at the delivered central 0.21, so the two registered branches are the endpoints of the support this interval samples rather than values outside it, and each of them is also delivered as a named line.","The electricity-scenario axis changes the carbon content of a kilowatt hour, not the number of kilowatt hours.  Its contribution to the energy interval is therefore exactly zero, and an energy figure must not be captioned as though the electricity axis were inside it.  The same holds for the post-2050 continuation rule ON THAT AXIS and for the reading of the statutory floor: the delivered central, the two electricity-axis continuation lines and the enforceable-standard line carry the same energy in every entry and in every year, bitwise, and they part company only in carbon.  The two VEHICLE-axis continuation lines are a different object and are not covered by this sentence: a rule on that axis moves how much of the deployed stock is electric, so it moves the kilowatt hours as well as the carbon, and the movement is reported rather than gated."
V33_POLICY_CONDITIONAL,EQUAL_SIZE_COMPARISON_1000000_VEHICLES_AT_THE_MEASURED_NATIONAL_RATIO_2988_STI_UNITS_PER_MILLION_VEHICLES,energy_kwh_eq,2062,sum over the 51 entries,0.21,6597909927.643973,8392133835.44702,10541745848.674845,8561928422.724645,0.2303123622572771,0.9801686513955239,"Not priced by this interval: the deployment scale, held at 30 per cent of registered automobiles and 30 per cent of signalized intersections by 2075 in every draw, against its own declared range of 15 to 45 per cent -- the model is exactly linear in that scale, so the two declared levels are delivered beside the interval as named lines, each of them the central rescaled, and never as width; the reading of the statutory floor itself, held at the statutory-targets-honoured reading in every draw, with the enforceable-standard reading delivered beside the interval as a named line rather than as width; the vehicle load model, held at the inherited one, with the single paired dynamometer measurement in the build's own precedent table delivered beside the interval as a named measured-load line; the computing workload growth of 2 per cent a year and the hardware efficiency floor of 0.25, neither of which is drawn or varied anywhere in this build; and the published market case, held at the policy state the interval is conditional on and carried as a named line.  The post-2050 continuation rule IS inside this interval: every electricity member continues along its own 2045-2050 slope at a decreasing rate after 2050 with the enacted statutory floors applied on top, and the linear trend and frozen continuations are delivered beside the interval as named lines.  The fuel-to-direct-current conversion coefficient IS priced here: it is drawn triangular on the declared list, support 0.17 to 0.2744 with its mode at the delivered central 0.21, so the two registered branches are the endpoints of the support this interval samples rather than values outside it, and each of them is also delivered as a named line.","The electricity-scenario axis changes the carbon content of a kilowatt hour, not the number of kilowatt hours.  Its contribution to the energy interval is therefore exactly zero, and an energy figure must not be captioned as though the electricity axis were inside it.  The same holds for the post-2050 continuation rule ON THAT AXIS and for the reading of the statutory floor: the delivered central, the two electricity-axis continuation lines and the enforceable-standard line carry the same energy in every entry and in every year, bitwise, and they part company only in carbon.  The two VEHICLE-axis continuation lines are a different object and are not covered by this sentence: a rule on that axis moves how much of the deployed stock is electric, so it moves the kilowatt hours as well as the carbon, and the movement is reported rather than gated."
V33_POLICY_CONDITIONAL,EQUAL_SIZE_COMPARISON_1000000_VEHICLES_AT_THE_MEASURED_NATIONAL_RATIO_2988_STI_UNITS_PER_MILLION_VEHICLES,energy_kwh_eq,2063,sum over the 51 entries,0.21,6838140701.603029,8688919004.294252,10907408979.857288,8863183527.3123,0.22956019503119987,0.9803383826498635,"Not priced by this interval: the deployment scale, held at 30 per cent of registered automobiles and 30 per cent of signalized intersections by 2075 in every draw, against its own declared range of 15 to 45 per cent -- the model is exactly linear in that scale, so the two declared levels are delivered beside the interval as named lines, each of them the central rescaled, and never as width; the reading of the statutory floor itself, held at the statutory-targets-honoured reading in every draw, with the enforceable-standard reading delivered beside the interval as a named line rather than as width; the vehicle load model, held at the inherited one, with the single paired dynamometer measurement in the build's own precedent table delivered beside the interval as a named measured-load line; the computing workload growth of 2 per cent a year and the hardware efficiency floor of 0.25, neither of which is drawn or varied anywhere in this build; and the published market case, held at the policy state the interval is conditional on and carried as a named line.  The post-2050 continuation rule IS inside this interval: every electricity member continues along its own 2045-2050 slope at a decreasing rate after 2050 with the enacted statutory floors applied on top, and the linear trend and frozen continuations are delivered beside the interval as named lines.  The fuel-to-direct-current conversion coefficient IS priced here: it is drawn triangular on the declared list, support 0.17 to 0.2744 with its mode at the delivered central 0.21, so the two registered branches are the endpoints of the support this interval samples rather than values outside it, and each of them is also delivered as a named line.","The electricity-scenario axis changes the carbon content of a kilowatt hour, not the number of kilowatt hours.  Its contribution to the energy interval is therefore exactly zero, and an energy figure must not be captioned as though the electricity axis were inside it.  The same holds for the post-2050 continuation rule ON THAT AXIS and for the reading of the statutory floor: the delivered central, the two electricity-axis continuation lines and the enforceable-standard line carry the same energy in every entry and in every year, bitwise, and they part company only in carbon.  The two VEHICLE-axis continuation lines are a different object and are not covered by this sentence: a rule on that axis moves how much of the deployed stock is electric, so it moves the kilowatt hours as well as the carbon, and the movement is reported rather than gated."
V33_POLICY_CONDITIONAL,EQUAL_SIZE_COMPARISON_1000000_VEHICLES_AT_THE_MEASURED_NATIONAL_RATIO_2988_STI_UNITS_PER_MILLION_VEHICLES,energy_kwh_eq,2064,sum over the 51 entries,0.21,7060011364.958819,8977887898.984413,11268747425.754196,9158422393.853975,0.2297740746058934,0.9802875989874943,"Not priced by this interval: the deployment scale, held at 30 per cent of registered automobiles and 30 per cent of signalized intersections by 2075 in every draw, against its own declared range of 15 to 45 per cent -- the model is exactly linear in that scale, so the two declared levels are delivered beside the interval as named lines, each of them the central rescaled, and never as width; the reading of the statutory floor itself, held at the statutory-targets-honoured reading in every draw, with the enforceable-standard reading delivered beside the interval as a named line rather than as width; the vehicle load model, held at the inherited one, with the single paired dynamometer measurement in the build's own precedent table delivered beside the interval as a named measured-load line; the computing workload growth of 2 per cent a year and the hardware efficiency floor of 0.25, neither of which is drawn or varied anywhere in this build; and the published market case, held at the policy state the interval is conditional on and carried as a named line.  The post-2050 continuation rule IS inside this interval: every electricity member continues along its own 2045-2050 slope at a decreasing rate after 2050 with the enacted statutory floors applied on top, and the linear trend and frozen continuations are delivered beside the interval as named lines.  The fuel-to-direct-current conversion coefficient IS priced here: it is drawn triangular on the declared list, support 0.17 to 0.2744 with its mode at the delivered central 0.21, so the two registered branches are the endpoints of the support this interval samples rather than values outside it, and each of them is also delivered as a named line.","The electricity-scenario axis changes the carbon content of a kilowatt hour, not the number of kilowatt hours.  Its contribution to the energy interval is therefore exactly zero, and an energy figure must not be captioned as though the electricity axis were inside it.  The same holds for the post-2050 continuation rule ON THAT AXIS and for the reading of the statutory floor: the delivered central, the two electricity-axis continuation lines and the enforceable-standard line carry the same energy in every entry and in every year, bitwise, and they part company only in carbon.  The two VEHICLE-axis continuation lines are a different object and are not covered by this sentence: a rule on that axis moves how much of the deployed stock is electric, so it moves the kilowatt hours as well as the carbon, and the movement is reported rather than gated."
V33_POLICY_CONDITIONAL,EQUAL_SIZE_COMPARISON_1000000_VEHICLES_AT_THE_MEASURED_NATIONAL_RATIO_2988_STI_UNITS_PER_MILLION_VEHICLES,energy_kwh_eq,2065,sum over the 51 entries,0.21,7284116072.1569805,9264166046.338207,11624791918.20573,9446169354.643803,0.22975852343335573,0.9807325804278407,"Not priced by this interval: the deployment scale, held at 30 per cent of registered automobiles and 30 per cent of signalized intersections by 2075 in every draw, against its own declared range of 15 to 45 per cent -- the model is exactly linear in that scale, so the two declared levels are delivered beside the interval as named lines, each of them the central rescaled, and never as width; the reading of the statutory floor itself, held at the statutory-targets-honoured reading in every draw, with the enforceable-standard reading delivered beside the interval as a named line rather than as width; the vehicle load model, held at the inherited one, with the single paired dynamometer measurement in the build's own precedent table delivered beside the interval as a named measured-load line; the computing workload growth of 2 per cent a year and the hardware efficiency floor of 0.25, neither of which is drawn or varied anywhere in this build; and the published market case, held at the policy state the interval is conditional on and carried as a named line.  The post-2050 continuation rule IS inside this interval: every electricity member continues along its own 2045-2050 slope at a decreasing rate after 2050 with the enacted statutory floors applied on top, and the linear trend and frozen continuations are delivered beside the interval as named lines.  The fuel-to-direct-current conversion coefficient IS priced here: it is drawn triangular on the declared list, support 0.17 to 0.2744 with its mode at the delivered central 0.21, so the two registered branches are the endpoints of the support this interval samples rather than values outside it, and each of them is also delivered as a named line.","The electricity-scenario axis changes the carbon content of a kilowatt hour, not the number of kilowatt hours.  Its contribution to the energy interval is therefore exactly zero, and an energy figure must not be captioned as though the electricity axis were inside it.  The same holds for the post-2050 continuation rule ON THAT AXIS and for the reading of the statutory floor: the delivered central, the two electricity-axis continuation lines and the enforceable-standard line carry the same energy in every entry and in every year, bitwise, and they part company only in carbon.  The two VEHICLE-axis continuation lines are a different object and are not covered by this sentence: a rule on that axis moves how much of the deployed stock is electric, so it moves the kilowatt hours as well as the carbon, and the movement is reported rather than gated."
V33_POLICY_CONDITIONAL,EQUAL_SIZE_COMPARISON_1000000_VEHICLES_AT_THE_MEASURED_NATIONAL_RATIO_2988_STI_UNITS_PER_MILLION_VEHICLES,energy_kwh_eq,2066,sum over the 51 entries,0.21,7508406454.949099,9544304192.869343,11973330116.74489,9724797377.964443,0.2295638401635455,0.9814399027475799,"Not priced by this interval: the deployment scale, held at 30 per cent of registered automobiles and 30 per cent of signalized intersections by 2075 in every draw, against its own declared range of 15 to 45 per cent -- the model is exactly linear in that scale, so the two declared levels are delivered beside the interval as named lines, each of them the central rescaled, and never as width; the reading of the statutory floor itself, held at the statutory-targets-honoured reading in every draw, with the enforceable-standard reading delivered beside the interval as a named line rather than as width; the vehicle load model, held at the inherited one, with the single paired dynamometer measurement in the build's own precedent table delivered beside the interval as a named measured-load line; the computing workload growth of 2 per cent a year and the hardware efficiency floor of 0.25, neither of which is drawn or varied anywhere in this build; and the published market case, held at the policy state the interval is conditional on and carried as a named line.  The post-2050 continuation rule IS inside this interval: every electricity member continues along its own 2045-2050 slope at a decreasing rate after 2050 with the enacted statutory floors applied on top, and the linear trend and frozen continuations are delivered beside the interval as named lines.  The fuel-to-direct-current conversion coefficient IS priced here: it is drawn triangular on the declared list, support 0.17 to 0.2744 with its mode at the delivered central 0.21, so the two registered branches are the endpoints of the support this interval samples rather than values outside it, and each of them is also delivered as a named line.","The electricity-scenario axis changes the carbon content of a kilowatt hour, not the number of kilowatt hours.  Its contribution to the energy interval is therefore exactly zero, and an energy figure must not be captioned as though the electricity axis were inside it.  The same holds for the post-2050 continuation rule ON THAT AXIS and for the reading of the statutory floor: the delivered central, the two electricity-axis continuation lines and the enforceable-standard line carry the same energy in every entry and in every year, bitwise, and they part company only in carbon.  The two VEHICLE-axis continuation lines are a different object and are not covered by this sentence: a rule on that axis moves how much of the deployed stock is electric, so it moves the kilowatt hours as well as the carbon, and the movement is reported rather than gated."
V33_POLICY_CONDITIONAL,EQUAL_SIZE_COMPARISON_1000000_VEHICLES_AT_THE_MEASURED_NATIONAL_RATIO_2988_STI_UNITS_PER_MILLION_VEHICLES,energy_kwh_eq,2067,sum over the 51 entries,0.21,7715301950.350015,9805881452.745722,12300203927.837233,9992868472.87587,0.22940870231266633,0.9812879534402263,"Not priced by this interval: the deployment scale, held at 30 per cent of registered automobiles and 30 per cent of signalized intersections by 2075 in every draw, against its own declared range of 15 to 45 per cent -- the model is exactly linear in that scale, so the two declared levels are delivered beside the interval as named lines, each of them the central rescaled, and never as width; the reading of the statutory floor itself, held at the statutory-targets-honoured reading in every draw, with the enforceable-standard reading delivered beside the interval as a named line rather than as width; the vehicle load model, held at the inherited one, with the single paired dynamometer measurement in the build's own precedent table delivered beside the interval as a named measured-load line; the computing workload growth of 2 per cent a year and the hardware efficiency floor of 0.25, neither of which is drawn or varied anywhere in this build; and the published market case, held at the policy state the interval is conditional on and carried as a named line.  The post-2050 continuation rule IS inside this interval: every electricity member continues along its own 2045-2050 slope at a decreasing rate after 2050 with the enacted statutory floors applied on top, and the linear trend and frozen continuations are delivered beside the interval as named lines.  The fuel-to-direct-current conversion coefficient IS priced here: it is drawn triangular on the declared list, support 0.17 to 0.2744 with its mode at the delivered central 0.21, so the two registered branches are the endpoints of the support this interval samples rather than values outside it, and each of them is also delivered as a named line.","The electricity-scenario axis changes the carbon content of a kilowatt hour, not the number of kilowatt hours.  Its contribution to the energy interval is therefore exactly zero, and an energy figure must not be captioned as though the electricity axis were inside it.  The same holds for the post-2050 continuation rule ON THAT AXIS and for the reading of the statutory floor: the delivered central, the two electricity-axis continuation lines and the enforceable-standard line carry the same energy in every entry and in every year, bitwise, and they part company only in carbon.  The two VEHICLE-axis continuation lines are a different object and are not covered by this sentence: a rule on that axis moves how much of the deployed stock is electric, so it moves the kilowatt hours as well as the carbon, and the movement is reported rather than gated."
V33_POLICY_CONDITIONAL,EQUAL_SIZE_COMPARISON_1000000_VEHICLES_AT_THE_MEASURED_NATIONAL_RATIO_2988_STI_UNITS_PER_MILLION_VEHICLES,energy_kwh_eq,2068,sum over the 51 entries,0.21,7911946353.290989,10056473630.719671,12616570938.894896,10248852764.15135,0.22951957130557285,0.9812292031255843,"Not priced by this interval: the deployment scale, held at 30 per cent of registered automobiles and 30 per cent of signalized intersections by 2075 in every draw, against its own declared range of 15 to 45 per cent -- the model is exactly linear in that scale, so the two declared levels are delivered beside the interval as named lines, each of them the central rescaled, and never as width; the reading of the statutory floor itself, held at the statutory-targets-honoured reading in every draw, with the enforceable-standard reading delivered beside the interval as a named line rather than as width; the vehicle load model, held at the inherited one, with the single paired dynamometer measurement in the build's own precedent table delivered beside the interval as a named measured-load line; the computing workload growth of 2 per cent a year and the hardware efficiency floor of 0.25, neither of which is drawn or varied anywhere in this build; and the published market case, held at the policy state the interval is conditional on and carried as a named line.  The post-2050 continuation rule IS inside this interval: every electricity member continues along its own 2045-2050 slope at a decreasing rate after 2050 with the enacted statutory floors applied on top, and the linear trend and frozen continuations are delivered beside the interval as named lines.  The fuel-to-direct-current conversion coefficient IS priced here: it is drawn triangular on the declared list, support 0.17 to 0.2744 with its mode at the delivered central 0.21, so the two registered branches are the endpoints of the support this interval samples rather than values outside it, and each of them is also delivered as a named line.","The electricity-scenario axis changes the carbon content of a kilowatt hour, not the number of kilowatt hours.  Its contribution to the energy interval is therefore exactly zero, and an energy figure must not be captioned as though the electricity axis were inside it.  The same holds for the post-2050 continuation rule ON THAT AXIS and for the reading of the statutory floor: the delivered central, the two electricity-axis continuation lines and the enforceable-standard line carry the same energy in every entry and in every year, bitwise, and they part company only in carbon.  The two VEHICLE-axis continuation lines are a different object and are not covered by this sentence: a rule on that axis moves how much of the deployed stock is electric, so it moves the kilowatt hours as well as the carbon, and the movement is reported rather than gated."
V33_POLICY_CONDITIONAL,EQUAL_SIZE_COMPARISON_1000000_VEHICLES_AT_THE_MEASURED_NATIONAL_RATIO_2988_STI_UNITS_PER_MILLION_VEHICLES,energy_kwh_eq,2069,sum over the 51 entries,0.21,8098019416.084627,10292533663.57066,12911785616.07664,10490744121.281515,0.22942920656251684,0.9811061583983575,"Not priced by this interval: the deployment scale, held at 30 per cent of registered automobiles and 30 per cent of signalized intersections by 2075 in every draw, against its own declared range of 15 to 45 per cent -- the model is exactly linear in that scale, so the two declared levels are delivered beside the interval as named lines, each of them the central rescaled, and never as width; the reading of the statutory floor itself, held at the statutory-targets-honoured reading in every draw, with the enforceable-standard reading delivered beside the interval as a named line rather than as width; the vehicle load model, held at the inherited one, with the single paired dynamometer measurement in the build's own precedent table delivered beside the interval as a named measured-load line; the computing workload growth of 2 per cent a year and the hardware efficiency floor of 0.25, neither of which is drawn or varied anywhere in this build; and the published market case, held at the policy state the interval is conditional on and carried as a named line.  The post-2050 continuation rule IS inside this interval: every electricity member continues along its own 2045-2050 slope at a decreasing rate after 2050 with the enacted statutory floors applied on top, and the linear trend and frozen continuations are delivered beside the interval as named lines.  The fuel-to-direct-current conversion coefficient IS priced here: it is drawn triangular on the declared list, support 0.17 to 0.2744 with its mode at the delivered central 0.21, so the two registered branches are the endpoints of the support this interval samples rather than values outside it, and each of them is also delivered as a named line.","The electricity-scenario axis changes the carbon content of a kilowatt hour, not the number of kilowatt hours.  Its contribution to the energy interval is therefore exactly zero, and an energy figure must not be captioned as though the electricity axis were inside it.  The same holds for the post-2050 continuation rule ON THAT AXIS and for the reading of the statutory floor: the delivered central, the two electricity-axis continuation lines and the enforceable-standard line carry the same energy in every entry and in every year, bitwise, and they part company only in carbon.  The two VEHICLE-axis continuation lines are a different object and are not covered by this sentence: a rule on that axis moves how much of the deployed stock is electric, so it moves the kilowatt hours as well as the carbon, and the movement is reported rather than gated."
V33_POLICY_CONDITIONAL,EQUAL_SIZE_COMPARISON_1000000_VEHICLES_AT_THE_MEASURED_NATIONAL_RATIO_2988_STI_UNITS_PER_MILLION_VEHICLES,energy_kwh_eq,2070,sum over the 51 entries,0.21,8272166657.253117,10512187405.821686,13186625088.969461,10716845374.316433,0.22928661653988874,0.9809031518747837,"Not priced by this interval: the deployment scale, held at 30 per cent of registered automobiles and 30 per cent of signalized intersections by 2075 in every draw, against its own declared range of 15 to 45 per cent -- the model is exactly linear in that scale, so the two declared levels are delivered beside the interval as named lines, each of them the central rescaled, and never as width; the reading of the statutory floor itself, held at the statutory-targets-honoured reading in every draw, with the enforceable-standard reading delivered beside the interval as a named line rather than as width; the vehicle load model, held at the inherited one, with the single paired dynamometer measurement in the build's own precedent table delivered beside the interval as a named measured-load line; the computing workload growth of 2 per cent a year and the hardware efficiency floor of 0.25, neither of which is drawn or varied anywhere in this build; and the published market case, held at the policy state the interval is conditional on and carried as a named line.  The post-2050 continuation rule IS inside this interval: every electricity member continues along its own 2045-2050 slope at a decreasing rate after 2050 with the enacted statutory floors applied on top, and the linear trend and frozen continuations are delivered beside the interval as named lines.  The fuel-to-direct-current conversion coefficient IS priced here: it is drawn triangular on the declared list, support 0.17 to 0.2744 with its mode at the delivered central 0.21, so the two registered branches are the endpoints of the support this interval samples rather than values outside it, and each of them is also delivered as a named line.","The electricity-scenario axis changes the carbon content of a kilowatt hour, not the number of kilowatt hours.  Its contribution to the energy interval is therefore exactly zero, and an energy figure must not be captioned as though the electricity axis were inside it.  The same holds for the post-2050 continuation rule ON THAT AXIS and for the reading of the statutory floor: the delivered central, the two electricity-axis continuation lines and the enforceable-standard line carry the same energy in every entry and in every year, bitwise, and they part company only in carbon.  The two VEHICLE-axis continuation lines are a different object and are not covered by this sentence: a rule on that axis moves how much of the deployed stock is electric, so it moves the kilowatt hours as well as the carbon, and the movement is reported rather than gated."
V33_POLICY_CONDITIONAL,EQUAL_SIZE_COMPARISON_1000000_VEHICLES_AT_THE_MEASURED_NATIONAL_RATIO_2988_STI_UNITS_PER_MILLION_VEHICLES,energy_kwh_eq,2071,sum over the 51 entries,0.21,8432557340.691284,10716690534.824299,13435230102.381115,10925089974.587467,0.2289533895522326,0.9809246935038595,"Not priced by this interval: the deployment scale, held at 30 per cent of registered automobiles and 30 per cent of signalized intersections by 2075 in every draw, against its own declared range of 15 to 45 per cent -- the model is exactly linear in that scale, so the two declared levels are delivered beside the interval as named lines, each of them the central rescaled, and never as width; the reading of the statutory floor itself, held at the statutory-targets-honoured reading in every draw, with the enforceable-standard reading delivered beside the interval as a named line rather than as width; the vehicle load model, held at the inherited one, with the single paired dynamometer measurement in the build's own precedent table delivered beside the interval as a named measured-load line; the computing workload growth of 2 per cent a year and the hardware efficiency floor of 0.25, neither of which is drawn or varied anywhere in this build; and the published market case, held at the policy state the interval is conditional on and carried as a named line.  The post-2050 continuation rule IS inside this interval: every electricity member continues along its own 2045-2050 slope at a decreasing rate after 2050 with the enacted statutory floors applied on top, and the linear trend and frozen continuations are delivered beside the interval as named lines.  The fuel-to-direct-current conversion coefficient IS priced here: it is drawn triangular on the declared list, support 0.17 to 0.2744 with its mode at the delivered central 0.21, so the two registered branches are the endpoints of the support this interval samples rather than values outside it, and each of them is also delivered as a named line.","The electricity-scenario axis changes the carbon content of a kilowatt hour, not the number of kilowatt hours.  Its contribution to the energy interval is therefore exactly zero, and an energy figure must not be captioned as though the electricity axis were inside it.  The same holds for the post-2050 continuation rule ON THAT AXIS and for the reading of the statutory floor: the delivered central, the two electricity-axis continuation lines and the enforceable-standard line carry the same energy in every entry and in every year, bitwise, and they part company only in carbon.  The two VEHICLE-axis continuation lines are a different object and are not covered by this sentence: a rule on that axis moves how much of the deployed stock is electric, so it moves the kilowatt hours as well as the carbon, and the movement is reported rather than gated."
V33_POLICY_CONDITIONAL,EQUAL_SIZE_COMPARISON_1000000_VEHICLES_AT_THE_MEASURED_NATIONAL_RATIO_2988_STI_UNITS_PER_MILLION_VEHICLES,energy_kwh_eq,2072,sum over the 51 entries,0.21,8577841939.333778,10904479908.672066,13660381768.168941,11113790871.654684,0.2286591446397464,0.981166555552484,"Not priced by this interval: the deployment scale, held at 30 per cent of registered automobiles and 30 per cent of signalized intersections by 2075 in every draw, against its own declared range of 15 to 45 per cent -- the model is exactly linear in that scale, so the two declared levels are delivered beside the interval as named lines, each of them the central rescaled, and never as width; the reading of the statutory floor itself, held at the statutory-targets-honoured reading in every draw, with the enforceable-standard reading delivered beside the interval as a named line rather than as width; the vehicle load model, held at the inherited one, with the single paired dynamometer measurement in the build's own precedent table delivered beside the interval as a named measured-load line; the computing workload growth of 2 per cent a year and the hardware efficiency floor of 0.25, neither of which is drawn or varied anywhere in this build; and the published market case, held at the policy state the interval is conditional on and carried as a named line.  The post-2050 continuation rule IS inside this interval: every electricity member continues along its own 2045-2050 slope at a decreasing rate after 2050 with the enacted statutory floors applied on top, and the linear trend and frozen continuations are delivered beside the interval as named lines.  The fuel-to-direct-current conversion coefficient IS priced here: it is drawn triangular on the declared list, support 0.17 to 0.2744 with its mode at the delivered central 0.21, so the two registered branches are the endpoints of the support this interval samples rather than values outside it, and each of them is also delivered as a named line.","The electricity-scenario axis changes the carbon content of a kilowatt hour, not the number of kilowatt hours.  Its contribution to the energy interval is therefore exactly zero, and an energy figure must not be captioned as though the electricity axis were inside it.  The same holds for the post-2050 continuation rule ON THAT AXIS and for the reading of the statutory floor: the delivered central, the two electricity-axis continuation lines and the enforceable-standard line carry the same energy in every entry and in every year, bitwise, and they part company only in carbon.  The two VEHICLE-axis continuation lines are a different object and are not covered by this sentence: a rule on that axis moves how much of the deployed stock is electric, so it moves the kilowatt hours as well as the carbon, and the movement is reported rather than gated."
V33_POLICY_CONDITIONAL,EQUAL_SIZE_COMPARISON_1000000_VEHICLES_AT_THE_MEASURED_NATIONAL_RATIO_2988_STI_UNITS_PER_MILLION_VEHICLES,energy_kwh_eq,2073,sum over the 51 entries,0.21,8708962731.01763,11071074458.34526,13874533863.841036,11284159768.110268,0.22888594449990105,0.9811164221223454,"Not priced by this interval: the deployment scale, held at 30 per cent of registered automobiles and 30 per cent of signalized intersections by 2075 in every draw, against its own declared range of 15 to 45 per cent -- the model is exactly linear in that scale, so the two declared levels are delivered beside the interval as named lines, each of them the central rescaled, and never as width; the reading of the statutory floor itself, held at the statutory-targets-honoured reading in every draw, with the enforceable-standard reading delivered beside the interval as a named line rather than as width; the vehicle load model, held at the inherited one, with the single paired dynamometer measurement in the build's own precedent table delivered beside the interval as a named measured-load line; the computing workload growth of 2 per cent a year and the hardware efficiency floor of 0.25, neither of which is drawn or varied anywhere in this build; and the published market case, held at the policy state the interval is conditional on and carried as a named line.  The post-2050 continuation rule IS inside this interval: every electricity member continues along its own 2045-2050 slope at a decreasing rate after 2050 with the enacted statutory floors applied on top, and the linear trend and frozen continuations are delivered beside the interval as named lines.  The fuel-to-direct-current conversion coefficient IS priced here: it is drawn triangular on the declared list, support 0.17 to 0.2744 with its mode at the delivered central 0.21, so the two registered branches are the endpoints of the support this interval samples rather than values outside it, and each of them is also delivered as a named line.","The electricity-scenario axis changes the carbon content of a kilowatt hour, not the number of kilowatt hours.  Its contribution to the energy interval is therefore exactly zero, and an energy figure must not be captioned as though the electricity axis were inside it.  The same holds for the post-2050 continuation rule ON THAT AXIS and for the reading of the statutory floor: the delivered central, the two electricity-axis continuation lines and the enforceable-standard line carry the same energy in every entry and in every year, bitwise, and they part company only in carbon.  The two VEHICLE-axis continuation lines are a different object and are not covered by this sentence: a rule on that axis moves how much of the deployed stock is electric, so it moves the kilowatt hours as well as the carbon, and the movement is reported rather than gated."
V33_POLICY_CONDITIONAL,EQUAL_SIZE_COMPARISON_1000000_VEHICLES_AT_THE_MEASURED_NATIONAL_RATIO_2988_STI_UNITS_PER_MILLION_VEHICLES,energy_kwh_eq,2074,sum over the 51 entries,0.21,8829788493.818552,11224472853.88535,14063677067.101059,11436955335.64618,0.22881476842747486,0.9814214119470612,"Not priced by this interval: the deployment scale, held at 30 per cent of registered automobiles and 30 per cent of signalized intersections by 2075 in every draw, against its own declared range of 15 to 45 per cent -- the model is exactly linear in that scale, so the two declared levels are delivered beside the interval as named lines, each of them the central rescaled, and never as width; the reading of the statutory floor itself, held at the statutory-targets-honoured reading in every draw, with the enforceable-standard reading delivered beside the interval as a named line rather than as width; the vehicle load model, held at the inherited one, with the single paired dynamometer measurement in the build's own precedent table delivered beside the interval as a named measured-load line; the computing workload growth of 2 per cent a year and the hardware efficiency floor of 0.25, neither of which is drawn or varied anywhere in this build; and the published market case, held at the policy state the interval is conditional on and carried as a named line.  The post-2050 continuation rule IS inside this interval: every electricity member continues along its own 2045-2050 slope at a decreasing rate after 2050 with the enacted statutory floors applied on top, and the linear trend and frozen continuations are delivered beside the interval as named lines.  The fuel-to-direct-current conversion coefficient IS priced here: it is drawn triangular on the declared list, support 0.17 to 0.2744 with its mode at the delivered central 0.21, so the two registered branches are the endpoints of the support this interval samples rather than values outside it, and each of them is also delivered as a named line.","The electricity-scenario axis changes the carbon content of a kilowatt hour, not the number of kilowatt hours.  Its contribution to the energy interval is therefore exactly zero, and an energy figure must not be captioned as though the electricity axis were inside it.  The same holds for the post-2050 continuation rule ON THAT AXIS and for the reading of the statutory floor: the delivered central, the two electricity-axis continuation lines and the enforceable-standard line carry the same energy in every entry and in every year, bitwise, and they part company only in carbon.  The two VEHICLE-axis continuation lines are a different object and are not covered by this sentence: a rule on that axis moves how much of the deployed stock is electric, so it moves the kilowatt hours as well as the carbon, and the movement is reported rather than gated."
V33_POLICY_CONDITIONAL,EQUAL_SIZE_COMPARISON_1000000_VEHICLES_AT_THE_MEASURED_NATIONAL_RATIO_2988_STI_UNITS_PER_MILLION_VEHICLES,energy_kwh_eq,2075,sum over the 51 entries,0.21,8932787887.499443,11350755623.182161,14224287017.048237,11566501824.175077,0.2287424153813326,0.981347324863427,"Not priced by this interval: the deployment scale, held at 30 per cent of registered automobiles and 30 per cent of signalized intersections by 2075 in every draw, against its own declared range of 15 to 45 per cent -- the model is exactly linear in that scale, so the two declared levels are delivered beside the interval as named lines, each of them the central rescaled, and never as width; the reading of the statutory floor itself, held at the statutory-targets-honoured reading in every draw, with the enforceable-standard reading delivered beside the interval as a named line rather than as width; the vehicle load model, held at the inherited one, with the single paired dynamometer measurement in the build's own precedent table delivered beside the interval as a named measured-load line; the computing workload growth of 2 per cent a year and the hardware efficiency floor of 0.25, neither of which is drawn or varied anywhere in this build; and the published market case, held at the policy state the interval is conditional on and carried as a named line.  The post-2050 continuation rule IS inside this interval: every electricity member continues along its own 2045-2050 slope at a decreasing rate after 2050 with the enacted statutory floors applied on top, and the linear trend and frozen continuations are delivered beside the interval as named lines.  The fuel-to-direct-current conversion coefficient IS priced here: it is drawn triangular on the declared list, support 0.17 to 0.2744 with its mode at the delivered central 0.21, so the two registered branches are the endpoints of the support this interval samples rather than values outside it, and each of them is also delivered as a named line.","The electricity-scenario axis changes the carbon content of a kilowatt hour, not the number of kilowatt hours.  Its contribution to the energy interval is therefore exactly zero, and an energy figure must not be captioned as though the electricity axis were inside it.  The same holds for the post-2050 continuation rule ON THAT AXIS and for the reading of the statutory floor: the delivered central, the two electricity-axis continuation lines and the enforceable-standard line carry the same energy in every entry and in every year, bitwise, and they part company only in carbon.  The two VEHICLE-axis continuation lines are a different object and are not covered by this sentence: a rule on that axis moves how much of the deployed stock is electric, so it moves the kilowatt hours as well as the carbon, and the movement is reported rather than gated."
V33_POLICY_CONDITIONAL,EQUAL_SIZE_COMPARISON_1000000_VEHICLES_AT_THE_MEASURED_NATIONAL_RATIO_2988_STI_UNITS_PER_MILLION_VEHICLES,direct_co2_kg,2025,sum over the 51 entries,0.21,4982117.958684459,6422473.890401894,8156163.309566097,6661137.635756901,0.23825099588420176,0.9641707230197641,"Not priced by this interval: the deployment scale, held at 30 per cent of registered automobiles and 30 per cent of signalized intersections by 2075 in every draw, against its own declared range of 15 to 45 per cent -- the model is exactly linear in that scale, so the two declared levels are delivered beside the interval as named lines, each of them the central rescaled, and never as width; the reading of the statutory floor itself, held at the statutory-targets-honoured reading in every draw, with the enforceable-standard reading delivered beside the interval as a named line rather than as width; the vehicle load model, held at the inherited one, with the single paired dynamometer measurement in the build's own precedent table delivered beside the interval as a named measured-load line; the computing workload growth of 2 per cent a year and the hardware efficiency floor of 0.25, neither of which is drawn or varied anywhere in this build; and the published market case, held at the policy state the interval is conditional on and carried as a named line.  The post-2050 continuation rule IS inside this interval: every electricity member continues along its own 2045-2050 slope at a decreasing rate after 2050 with the enacted statutory floors applied on top, and the linear trend and frozen continuations are delivered beside the interval as named lines.  The fuel-to-direct-current conversion coefficient IS priced here: it is drawn triangular on the declared list, support 0.17 to 0.2744 with its mode at the delivered central 0.21, so the two registered branches are the endpoints of the support this interval samples rather than values outside it, and each of them is also delivered as a named line.","The electricity-scenario axis changes the carbon content of a kilowatt hour, not the number of kilowatt hours.  Its contribution to the energy interval is therefore exactly zero, and an energy figure must not be captioned as though the electricity axis were inside it.  The same holds for the post-2050 continuation rule ON THAT AXIS and for the reading of the statutory floor: the delivered central, the two electricity-axis continuation lines and the enforceable-standard line carry the same energy in every entry and in every year, bitwise, and they part company only in carbon.  The two VEHICLE-axis continuation lines are a different object and are not covered by this sentence: a rule on that axis moves how much of the deployed stock is electric, so it moves the kilowatt hours as well as the carbon, and the movement is reported rather than gated."
V33_POLICY_CONDITIONAL,EQUAL_SIZE_COMPARISON_1000000_VEHICLES_AT_THE_MEASURED_NATIONAL_RATIO_2988_STI_UNITS_PER_MILLION_VEHICLES,direct_co2_kg,2026,sum over the 51 entries,0.21,19534471.236993942,25166310.241853405,31915527.084275004,26074774.46088187,0.23741443796293385,0.965159268380581,"Not priced by this interval: the deployment scale, held at 30 per cent of registered automobiles and 30 per cent of signalized intersections by 2075 in every draw, against its own declared range of 15 to 45 per cent -- the model is exactly linear in that scale, so the two declared levels are delivered beside the interval as named lines, each of them the central rescaled, and never as width; the reading of the statutory floor itself, held at the statutory-targets-honoured reading in every draw, with the enforceable-standard reading delivered beside the interval as a named line rather than as width; the vehicle load model, held at the inherited one, with the single paired dynamometer measurement in the build's own precedent table delivered beside the interval as a named measured-load line; the computing workload growth of 2 per cent a year and the hardware efficiency floor of 0.25, neither of which is drawn or varied anywhere in this build; and the published market case, held at the policy state the interval is conditional on and carried as a named line.  The post-2050 continuation rule IS inside this interval: every electricity member continues along its own 2045-2050 slope at a decreasing rate after 2050 with the enacted statutory floors applied on top, and the linear trend and frozen continuations are delivered beside the interval as named lines.  The fuel-to-direct-current conversion coefficient IS priced here: it is drawn triangular on the declared list, support 0.17 to 0.2744 with its mode at the delivered central 0.21, so the two registered branches are the endpoints of the support this interval samples rather than values outside it, and each of them is also delivered as a named line.","The electricity-scenario axis changes the carbon content of a kilowatt hour, not the number of kilowatt hours.  Its contribution to the energy interval is therefore exactly zero, and an energy figure must not be captioned as though the electricity axis were inside it.  The same holds for the post-2050 continuation rule ON THAT AXIS and for the reading of the statutory floor: the delivered central, the two electricity-axis continuation lines and the enforceable-standard line carry the same energy in every entry and in every year, bitwise, and they part company only in carbon.  The two VEHICLE-axis continuation lines are a different object and are not covered by this sentence: a rule on that axis moves how much of the deployed stock is electric, so it moves the kilowatt hours as well as the carbon, and the movement is reported rather than gated."
V33_POLICY_CONDITIONAL,EQUAL_SIZE_COMPARISON_1000000_VEHICLES_AT_THE_MEASURED_NATIONAL_RATIO_2988_STI_UNITS_PER_MILLION_VEHICLES,direct_co2_kg,2027,sum over the 51 entries,0.21,42747811.61968178,54949495.30423218,69555073.79240946,56867513.47652838,0.23569926425385357,0.9662721639290973,"Not priced by this interval: the deployment scale, held at 30 per cent of registered automobiles and 30 per cent of signalized intersections by 2075 in every draw, against its own declared range of 15 to 45 per cent -- the model is exactly linear in that scale, so the two declared levels are delivered beside the interval as named lines, each of them the central rescaled, and never as width; the reading of the statutory floor itself, held at the statutory-targets-honoured reading in every draw, with the enforceable-standard reading delivered beside the interval as a named line rather than as width; the vehicle load model, held at the inherited one, with the single paired dynamometer measurement in the build's own precedent table delivered beside the interval as a named measured-load line; the computing workload growth of 2 per cent a year and the hardware efficiency floor of 0.25, neither of which is drawn or varied anywhere in this build; and the published market case, held at the policy state the interval is conditional on and carried as a named line.  The post-2050 continuation rule IS inside this interval: every electricity member continues along its own 2045-2050 slope at a decreasing rate after 2050 with the enacted statutory floors applied on top, and the linear trend and frozen continuations are delivered beside the interval as named lines.  The fuel-to-direct-current conversion coefficient IS priced here: it is drawn triangular on the declared list, support 0.17 to 0.2744 with its mode at the delivered central 0.21, so the two registered branches are the endpoints of the support this interval samples rather than values outside it, and each of them is also delivered as a named line.","The electricity-scenario axis changes the carbon content of a kilowatt hour, not the number of kilowatt hours.  Its contribution to the energy interval is therefore exactly zero, and an energy figure must not be captioned as though the electricity axis were inside it.  The same holds for the post-2050 continuation rule ON THAT AXIS and for the reading of the statutory floor: the delivered central, the two electricity-axis continuation lines and the enforceable-standard line carry the same energy in every entry and in every year, bitwise, and they part company only in carbon.  The two VEHICLE-axis continuation lines are a different object and are not covered by this sentence: a rule on that axis moves how much of the deployed stock is electric, so it moves the kilowatt hours as well as the carbon, and the movement is reported rather than gated."
V33_POLICY_CONDITIONAL,EQUAL_SIZE_COMPARISON_1000000_VEHICLES_AT_THE_MEASURED_NATIONAL_RATIO_2988_STI_UNITS_PER_MILLION_VEHICLES,direct_co2_kg,2028,sum over the 51 entries,0.21,68983586.70624168,88701037.54655352,112270655.50986667,91739231.20715064,0.2359245234237965,0.9668822855759849,"Not priced by this interval: the deployment scale, held at 30 per cent of registered automobiles and 30 per cent of signalized intersections by 2075 in every draw, against its own declared range of 15 to 45 per cent -- the model is exactly linear in that scale, so the two declared levels are delivered beside the interval as named lines, each of them the central rescaled, and never as width; the reading of the statutory floor itself, held at the statutory-targets-honoured reading in every draw, with the enforceable-standard reading delivered beside the interval as a named line rather than as width; the vehicle load model, held at the inherited one, with the single paired dynamometer measurement in the build's own precedent table delivered beside the interval as a named measured-load line; the computing workload growth of 2 per cent a year and the hardware efficiency floor of 0.25, neither of which is drawn or varied anywhere in this build; and the published market case, held at the policy state the interval is conditional on and carried as a named line.  The post-2050 continuation rule IS inside this interval: every electricity member continues along its own 2045-2050 slope at a decreasing rate after 2050 with the enacted statutory floors applied on top, and the linear trend and frozen continuations are delivered beside the interval as named lines.  The fuel-to-direct-current conversion coefficient IS priced here: it is drawn triangular on the declared list, support 0.17 to 0.2744 with its mode at the delivered central 0.21, so the two registered branches are the endpoints of the support this interval samples rather than values outside it, and each of them is also delivered as a named line.","The electricity-scenario axis changes the carbon content of a kilowatt hour, not the number of kilowatt hours.  Its contribution to the energy interval is therefore exactly zero, and an energy figure must not be captioned as though the electricity axis were inside it.  The same holds for the post-2050 continuation rule ON THAT AXIS and for the reading of the statutory floor: the delivered central, the two electricity-axis continuation lines and the enforceable-standard line carry the same energy in every entry and in every year, bitwise, and they part company only in carbon.  The two VEHICLE-axis continuation lines are a different object and are not covered by this sentence: a rule on that axis moves how much of the deployed stock is electric, so it moves the kilowatt hours as well as the carbon, and the movement is reported rather than gated."
V33_POLICY_CONDITIONAL,EQUAL_SIZE_COMPARISON_1000000_VEHICLES_AT_THE_MEASURED_NATIONAL_RATIO_2988_STI_UNITS_PER_MILLION_VEHICLES,direct_co2_kg,2029,sum over the 51 entries,0.21,96531483.74531241,123950665.57868075,156843809.11914498,128217248.05455926,0.23519583476073494,0.9667238024476786,"Not priced by this interval: the deployment scale, held at 30 per cent of registered automobiles and 30 per cent of signalized intersections by 2075 in every draw, against its own declared range of 15 to 45 per cent -- the model is exactly linear in that scale, so the two declared levels are delivered beside the interval as named lines, each of them the central rescaled, and never as width; the reading of the statutory floor itself, held at the statutory-targets-honoured reading in every draw, with the enforceable-standard reading delivered beside the interval as a named line rather than as width; the vehicle load model, held at the inherited one, with the single paired dynamometer measurement in the build's own precedent table delivered beside the interval as a named measured-load line; the computing workload growth of 2 per cent a year and the hardware efficiency floor of 0.25, neither of which is drawn or varied anywhere in this build; and the published market case, held at the policy state the interval is conditional on and carried as a named line.  The post-2050 continuation rule IS inside this interval: every electricity member continues along its own 2045-2050 slope at a decreasing rate after 2050 with the enacted statutory floors applied on top, and the linear trend and frozen continuations are delivered beside the interval as named lines.  The fuel-to-direct-current conversion coefficient IS priced here: it is drawn triangular on the declared list, support 0.17 to 0.2744 with its mode at the delivered central 0.21, so the two registered branches are the endpoints of the support this interval samples rather than values outside it, and each of them is also delivered as a named line.","The electricity-scenario axis changes the carbon content of a kilowatt hour, not the number of kilowatt hours.  Its contribution to the energy interval is therefore exactly zero, and an energy figure must not be captioned as though the electricity axis were inside it.  The same holds for the post-2050 continuation rule ON THAT AXIS and for the reading of the statutory floor: the delivered central, the two electricity-axis continuation lines and the enforceable-standard line carry the same energy in every entry and in every year, bitwise, and they part company only in carbon.  The two VEHICLE-axis continuation lines are a different object and are not covered by this sentence: a rule on that axis moves how much of the deployed stock is electric, so it moves the kilowatt hours as well as the carbon, and the movement is reported rather than gated."
V33_POLICY_CONDITIONAL,EQUAL_SIZE_COMPARISON_1000000_VEHICLES_AT_THE_MEASURED_NATIONAL_RATIO_2988_STI_UNITS_PER_MILLION_VEHICLES,direct_co2_kg,2030,sum over the 51 entries,0.21,123592727.73449132,158999458.09637833,201324188.77350742,164381627.8373831,0.23643597542394784,0.967258082233319,"Not priced by this interval: the deployment scale, held at 30 per cent of registered automobiles and 30 per cent of signalized intersections by 2075 in every draw, against its own declared range of 15 to 45 per cent -- the model is exactly linear in that scale, so the two declared levels are delivered beside the interval as named lines, each of them the central rescaled, and never as width; the reading of the statutory floor itself, held at the statutory-targets-honoured reading in every draw, with the enforceable-standard reading delivered beside the interval as a named line rather than as width; the vehicle load model, held at the inherited one, with the single paired dynamometer measurement in the build's own precedent table delivered beside the interval as a named measured-load line; the computing workload growth of 2 per cent a year and the hardware efficiency floor of 0.25, neither of which is drawn or varied anywhere in this build; and the published market case, held at the policy state the interval is conditional on and carried as a named line.  The post-2050 continuation rule IS inside this interval: every electricity member continues along its own 2045-2050 slope at a decreasing rate after 2050 with the enacted statutory floors applied on top, and the linear trend and frozen continuations are delivered beside the interval as named lines.  The fuel-to-direct-current conversion coefficient IS priced here: it is drawn triangular on the declared list, support 0.17 to 0.2744 with its mode at the delivered central 0.21, so the two registered branches are the endpoints of the support this interval samples rather than values outside it, and each of them is also delivered as a named line.","The electricity-scenario axis changes the carbon content of a kilowatt hour, not the number of kilowatt hours.  Its contribution to the energy interval is therefore exactly zero, and an energy figure must not be captioned as though the electricity axis were inside it.  The same holds for the post-2050 continuation rule ON THAT AXIS and for the reading of the statutory floor: the delivered central, the two electricity-axis continuation lines and the enforceable-standard line carry the same energy in every entry and in every year, bitwise, and they part company only in carbon.  The two VEHICLE-axis continuation lines are a different object and are not covered by this sentence: a rule on that axis moves how much of the deployed stock is electric, so it moves the kilowatt hours as well as the carbon, and the movement is reported rather than gated."
V33_POLICY_CONDITIONAL,EQUAL_SIZE_COMPARISON_1000000_VEHICLES_AT_THE_MEASURED_NATIONAL_RATIO_2988_STI_UNITS_PER_MILLION_VEHICLES,direct_co2_kg,2031,sum over the 51 entries,0.21,150286549.90249717,193622472.22214288,245105789.7650915,200041473.50008073,0.23699895377584307,0.9679116476917209,"Not priced by this interval: the deployment scale, held at 30 per cent of registered automobiles and 30 per cent of signalized intersections by 2075 in every draw, against its own declared range of 15 to 45 per cent -- the model is exactly linear in that scale, so the two declared levels are delivered beside the interval as named lines, each of them the central rescaled, and never as width; the reading of the statutory floor itself, held at the statutory-targets-honoured reading in every draw, with the enforceable-standard reading delivered beside the interval as a named line rather than as width; the vehicle load model, held at the inherited one, with the single paired dynamometer measurement in the build's own precedent table delivered beside the interval as a named measured-load line; the computing workload growth of 2 per cent a year and the hardware efficiency floor of 0.25, neither of which is drawn or varied anywhere in this build; and the published market case, held at the policy state the interval is conditional on and carried as a named line.  The post-2050 continuation rule IS inside this interval: every electricity member continues along its own 2045-2050 slope at a decreasing rate after 2050 with the enacted statutory floors applied on top, and the linear trend and frozen continuations are delivered beside the interval as named lines.  The fuel-to-direct-current conversion coefficient IS priced here: it is drawn triangular on the declared list, support 0.17 to 0.2744 with its mode at the delivered central 0.21, so the two registered branches are the endpoints of the support this interval samples rather than values outside it, and each of them is also delivered as a named line.","The electricity-scenario axis changes the carbon content of a kilowatt hour, not the number of kilowatt hours.  Its contribution to the energy interval is therefore exactly zero, and an energy figure must not be captioned as though the electricity axis were inside it.  The same holds for the post-2050 continuation rule ON THAT AXIS and for the reading of the statutory floor: the delivered central, the two electricity-axis continuation lines and the enforceable-standard line carry the same energy in every entry and in every year, bitwise, and they part company only in carbon.  The two VEHICLE-axis continuation lines are a different object and are not covered by this sentence: a rule on that axis moves how much of the deployed stock is electric, so it moves the kilowatt hours as well as the carbon, and the movement is reported rather than gated."
V33_POLICY_CONDITIONAL,EQUAL_SIZE_COMPARISON_1000000_VEHICLES_AT_THE_MEASURED_NATIONAL_RATIO_2988_STI_UNITS_PER_MILLION_VEHICLES,direct_co2_kg,2032,sum over the 51 entries,0.21,175903331.1500929,225957391.66616887,286131790.8814411,234055253.63862574,0.23547529486677884,0.965401921783137,"Not priced by this interval: the deployment scale, held at 30 per cent of registered automobiles and 30 per cent of signalized intersections by 2075 in every draw, against its own declared range of 15 to 45 per cent -- the model is exactly linear in that scale, so the two declared levels are delivered beside the interval as named lines, each of them the central rescaled, and never as width; the reading of the statutory floor itself, held at the statutory-targets-honoured reading in every draw, with the enforceable-standard reading delivered beside the interval as a named line rather than as width; the vehicle load model, held at the inherited one, with the single paired dynamometer measurement in the build's own precedent table delivered beside the interval as a named measured-load line; the computing workload growth of 2 per cent a year and the hardware efficiency floor of 0.25, neither of which is drawn or varied anywhere in this build; and the published market case, held at the policy state the interval is conditional on and carried as a named line.  The post-2050 continuation rule IS inside this interval: every electricity member continues along its own 2045-2050 slope at a decreasing rate after 2050 with the enacted statutory floors applied on top, and the linear trend and frozen continuations are delivered beside the interval as named lines.  The fuel-to-direct-current conversion coefficient IS priced here: it is drawn triangular on the declared list, support 0.17 to 0.2744 with its mode at the delivered central 0.21, so the two registered branches are the endpoints of the support this interval samples rather than values outside it, and each of them is also delivered as a named line.","The electricity-scenario axis changes the carbon content of a kilowatt hour, not the number of kilowatt hours.  Its contribution to the energy interval is therefore exactly zero, and an energy figure must not be captioned as though the electricity axis were inside it.  The same holds for the post-2050 continuation rule ON THAT AXIS and for the reading of the statutory floor: the delivered central, the two electricity-axis continuation lines and the enforceable-standard line carry the same energy in every entry and in every year, bitwise, and they part company only in carbon.  The two VEHICLE-axis continuation lines are a different object and are not covered by this sentence: a rule on that axis moves how much of the deployed stock is electric, so it moves the kilowatt hours as well as the carbon, and the movement is reported rather than gated."
V33_POLICY_CONDITIONAL,EQUAL_SIZE_COMPARISON_1000000_VEHICLES_AT_THE_MEASURED_NATIONAL_RATIO_2988_STI_UNITS_PER_MILLION_VEHICLES,direct_co2_kg,2033,sum over the 51 entries,0.21,201494362.25023943,258845394.83632135,328650836.86951476,268217809.08857375,0.23703958184462756,0.9650567041610674,"Not priced by this interval: the deployment scale, held at 30 per cent of registered automobiles and 30 per cent of signalized intersections by 2075 in every draw, against its own declared range of 15 to 45 per cent -- the model is exactly linear in that scale, so the two declared levels are delivered beside the interval as named lines, each of them the central rescaled, and never as width; the reading of the statutory floor itself, held at the statutory-targets-honoured reading in every draw, with the enforceable-standard reading delivered beside the interval as a named line rather than as width; the vehicle load model, held at the inherited one, with the single paired dynamometer measurement in the build's own precedent table delivered beside the interval as a named measured-load line; the computing workload growth of 2 per cent a year and the hardware efficiency floor of 0.25, neither of which is drawn or varied anywhere in this build; and the published market case, held at the policy state the interval is conditional on and carried as a named line.  The post-2050 continuation rule IS inside this interval: every electricity member continues along its own 2045-2050 slope at a decreasing rate after 2050 with the enacted statutory floors applied on top, and the linear trend and frozen continuations are delivered beside the interval as named lines.  The fuel-to-direct-current conversion coefficient IS priced here: it is drawn triangular on the declared list, support 0.17 to 0.2744 with its mode at the delivered central 0.21, so the two registered branches are the endpoints of the support this interval samples rather than values outside it, and each of them is also delivered as a named line.","The electricity-scenario axis changes the carbon content of a kilowatt hour, not the number of kilowatt hours.  Its contribution to the energy interval is therefore exactly zero, and an energy figure must not be captioned as though the electricity axis were inside it.  The same holds for the post-2050 continuation rule ON THAT AXIS and for the reading of the statutory floor: the delivered central, the two electricity-axis continuation lines and the enforceable-standard line carry the same energy in every entry and in every year, bitwise, and they part company only in carbon.  The two VEHICLE-axis continuation lines are a different object and are not covered by this sentence: a rule on that axis moves how much of the deployed stock is electric, so it moves the kilowatt hours as well as the carbon, and the movement is reported rather than gated."
V33_POLICY_CONDITIONAL,EQUAL_SIZE_COMPARISON_1000000_VEHICLES_AT_THE_MEASURED_NATIONAL_RATIO_2988_STI_UNITS_PER_MILLION_VEHICLES,direct_co2_kg,2034,sum over the 51 entries,0.21,228986049.30260175,294236733.2383543,373417476.3903627,305115503.9098706,0.2366831990458688,0.9643454018818728,"Not priced by this interval: the deployment scale, held at 30 per cent of registered automobiles and 30 per cent of signalized intersections by 2075 in every draw, against its own declared range of 15 to 45 per cent -- the model is exactly linear in that scale, so the two declared levels are delivered beside the interval as named lines, each of them the central rescaled, and never as width; the reading of the statutory floor itself, held at the statutory-targets-honoured reading in every draw, with the enforceable-standard reading delivered beside the interval as a named line rather than as width; the vehicle load model, held at the inherited one, with the single paired dynamometer measurement in the build's own precedent table delivered beside the interval as a named measured-load line; the computing workload growth of 2 per cent a year and the hardware efficiency floor of 0.25, neither of which is drawn or varied anywhere in this build; and the published market case, held at the policy state the interval is conditional on and carried as a named line.  The post-2050 continuation rule IS inside this interval: every electricity member continues along its own 2045-2050 slope at a decreasing rate after 2050 with the enacted statutory floors applied on top, and the linear trend and frozen continuations are delivered beside the interval as named lines.  The fuel-to-direct-current conversion coefficient IS priced here: it is drawn triangular on the declared list, support 0.17 to 0.2744 with its mode at the delivered central 0.21, so the two registered branches are the endpoints of the support this interval samples rather than values outside it, and each of them is also delivered as a named line.","The electricity-scenario axis changes the carbon content of a kilowatt hour, not the number of kilowatt hours.  Its contribution to the energy interval is therefore exactly zero, and an energy figure must not be captioned as though the electricity axis were inside it.  The same holds for the post-2050 continuation rule ON THAT AXIS and for the reading of the statutory floor: the delivered central, the two electricity-axis continuation lines and the enforceable-standard line carry the same energy in every entry and in every year, bitwise, and they part company only in carbon.  The two VEHICLE-axis continuation lines are a different object and are not covered by this sentence: a rule on that axis moves how much of the deployed stock is electric, so it moves the kilowatt hours as well as the carbon, and the movement is reported rather than gated."
V33_POLICY_CONDITIONAL,EQUAL_SIZE_COMPARISON_1000000_VEHICLES_AT_THE_MEASURED_NATIONAL_RATIO_2988_STI_UNITS_PER_MILLION_VEHICLES,direct_co2_kg,2035,sum over the 51 entries,0.21,257009672.03279063,330639096.54487264,419851615.7018676,342812476.53307056,0.2375087763956687,0.9644896821979477,"Not priced by this interval: the deployment scale, held at 30 per cent of registered automobiles and 30 per cent of signalized intersections by 2075 in every draw, against its own declared range of 15 to 45 per cent -- the model is exactly linear in that scale, so the two declared levels are delivered beside the interval as named lines, each of them the central rescaled, and never as width; the reading of the statutory floor itself, held at the statutory-targets-honoured reading in every draw, with the enforceable-standard reading delivered beside the interval as a named line rather than as width; the vehicle load model, held at the inherited one, with the single paired dynamometer measurement in the build's own precedent table delivered beside the interval as a named measured-load line; the computing workload growth of 2 per cent a year and the hardware efficiency floor of 0.25, neither of which is drawn or varied anywhere in this build; and the published market case, held at the policy state the interval is conditional on and carried as a named line.  The post-2050 continuation rule IS inside this interval: every electricity member continues along its own 2045-2050 slope at a decreasing rate after 2050 with the enacted statutory floors applied on top, and the linear trend and frozen continuations are delivered beside the interval as named lines.  The fuel-to-direct-current conversion coefficient IS priced here: it is drawn triangular on the declared list, support 0.17 to 0.2744 with its mode at the delivered central 0.21, so the two registered branches are the endpoints of the support this interval samples rather than values outside it, and each of them is also delivered as a named line.","The electricity-scenario axis changes the carbon content of a kilowatt hour, not the number of kilowatt hours.  Its contribution to the energy interval is therefore exactly zero, and an energy figure must not be captioned as though the electricity axis were inside it.  The same holds for the post-2050 continuation rule ON THAT AXIS and for the reading of the statutory floor: the delivered central, the two electricity-axis continuation lines and the enforceable-standard line carry the same energy in every entry and in every year, bitwise, and they part company only in carbon.  The two VEHICLE-axis continuation lines are a different object and are not covered by this sentence: a rule on that axis moves how much of the deployed stock is electric, so it moves the kilowatt hours as well as the carbon, and the movement is reported rather than gated."
V33_POLICY_CONDITIONAL,EQUAL_SIZE_COMPARISON_1000000_VEHICLES_AT_THE_MEASURED_NATIONAL_RATIO_2988_STI_UNITS_PER_MILLION_VEHICLES,direct_co2_kg,2036,sum over the 51 entries,0.21,288142848.5023194,370989208.0526087,472430588.37800664,384689875.0704775,0.23952767127276825,0.9643851634635335,"Not priced by this interval: the deployment scale, held at 30 per cent of registered automobiles and 30 per cent of signalized intersections by 2075 in every draw, against its own declared range of 15 to 45 per cent -- the model is exactly linear in that scale, so the two declared levels are delivered beside the interval as named lines, each of them the central rescaled, and never as width; the reading of the statutory floor itself, held at the statutory-targets-honoured reading in every draw, with the enforceable-standard reading delivered beside the interval as a named line rather than as width; the vehicle load model, held at the inherited one, with the single paired dynamometer measurement in the build's own precedent table delivered beside the interval as a named measured-load line; the computing workload growth of 2 per cent a year and the hardware efficiency floor of 0.25, neither of which is drawn or varied anywhere in this build; and the published market case, held at the policy state the interval is conditional on and carried as a named line.  The post-2050 continuation rule IS inside this interval: every electricity member continues along its own 2045-2050 slope at a decreasing rate after 2050 with the enacted statutory floors applied on top, and the linear trend and frozen continuations are delivered beside the interval as named lines.  The fuel-to-direct-current conversion coefficient IS priced here: it is drawn triangular on the declared list, support 0.17 to 0.2744 with its mode at the delivered central 0.21, so the two registered branches are the endpoints of the support this interval samples rather than values outside it, and each of them is also delivered as a named line.","The electricity-scenario axis changes the carbon content of a kilowatt hour, not the number of kilowatt hours.  Its contribution to the energy interval is therefore exactly zero, and an energy figure must not be captioned as though the electricity axis were inside it.  The same holds for the post-2050 continuation rule ON THAT AXIS and for the reading of the statutory floor: the delivered central, the two electricity-axis continuation lines and the enforceable-standard line carry the same energy in every entry and in every year, bitwise, and they part company only in carbon.  The two VEHICLE-axis continuation lines are a different object and are not covered by this sentence: a rule on that axis moves how much of the deployed stock is electric, so it moves the kilowatt hours as well as the carbon, and the movement is reported rather than gated."
V33_POLICY_CONDITIONAL,EQUAL_SIZE_COMPARISON_1000000_VEHICLES_AT_THE_MEASURED_NATIONAL_RATIO_2988_STI_UNITS_PER_MILLION_VEHICLES,direct_co2_kg,2037,sum over the 51 entries,0.21,320877971.6146032,413476983.26455724,525759286.7326565,429223130.51410913,0.23866527751271613,0.9633147746937784,"Not priced by this interval: the deployment scale, held at 30 per cent of registered automobiles and 30 per cent of signalized intersections by 2075 in every draw, against its own declared range of 15 to 45 per cent -- the model is exactly linear in that scale, so the two declared levels are delivered beside the interval as named lines, each of them the central rescaled, and never as width; the reading of the statutory floor itself, held at the statutory-targets-honoured reading in every draw, with the enforceable-standard reading delivered beside the interval as a named line rather than as width; the vehicle load model, held at the inherited one, with the single paired dynamometer measurement in the build's own precedent table delivered beside the interval as a named measured-load line; the computing workload growth of 2 per cent a year and the hardware efficiency floor of 0.25, neither of which is drawn or varied anywhere in this build; and the published market case, held at the policy state the interval is conditional on and carried as a named line.  The post-2050 continuation rule IS inside this interval: every electricity member continues along its own 2045-2050 slope at a decreasing rate after 2050 with the enacted statutory floors applied on top, and the linear trend and frozen continuations are delivered beside the interval as named lines.  The fuel-to-direct-current conversion coefficient IS priced here: it is drawn triangular on the declared list, support 0.17 to 0.2744 with its mode at the delivered central 0.21, so the two registered branches are the endpoints of the support this interval samples rather than values outside it, and each of them is also delivered as a named line.","The electricity-scenario axis changes the carbon content of a kilowatt hour, not the number of kilowatt hours.  Its contribution to the energy interval is therefore exactly zero, and an energy figure must not be captioned as though the electricity axis were inside it.  The same holds for the post-2050 continuation rule ON THAT AXIS and for the reading of the statutory floor: the delivered central, the two electricity-axis continuation lines and the enforceable-standard line carry the same energy in every entry and in every year, bitwise, and they part company only in carbon.  The two VEHICLE-axis continuation lines are a different object and are not covered by this sentence: a rule on that axis moves how much of the deployed stock is electric, so it moves the kilowatt hours as well as the carbon, and the movement is reported rather than gated."
V33_POLICY_CONDITIONAL,EQUAL_SIZE_COMPARISON_1000000_VEHICLES_AT_THE_MEASURED_NATIONAL_RATIO_2988_STI_UNITS_PER_MILLION_VEHICLES,direct_co2_kg,2038,sum over the 51 entries,0.21,355992423.2897348,457816447.83704257,582898150.5561252,476309603.5629578,0.23819142588041306,0.9611740859567387,"Not priced by this interval: the deployment scale, held at 30 per cent of registered automobiles and 30 per cent of signalized intersections by 2075 in every draw, against its own declared range of 15 to 45 per cent -- the model is exactly linear in that scale, so the two declared levels are delivered beside the interval as named lines, each of them the central rescaled, and never as width; the reading of the statutory floor itself, held at the statutory-targets-honoured reading in every draw, with the enforceable-standard reading delivered beside the interval as a named line rather than as width; the vehicle load model, held at the inherited one, with the single paired dynamometer measurement in the build's own precedent table delivered beside the interval as a named measured-load line; the computing workload growth of 2 per cent a year and the hardware efficiency floor of 0.25, neither of which is drawn or varied anywhere in this build; and the published market case, held at the policy state the interval is conditional on and carried as a named line.  The post-2050 continuation rule IS inside this interval: every electricity member continues along its own 2045-2050 slope at a decreasing rate after 2050 with the enacted statutory floors applied on top, and the linear trend and frozen continuations are delivered beside the interval as named lines.  The fuel-to-direct-current conversion coefficient IS priced here: it is drawn triangular on the declared list, support 0.17 to 0.2744 with its mode at the delivered central 0.21, so the two registered branches are the endpoints of the support this interval samples rather than values outside it, and each of them is also delivered as a named line.","The electricity-scenario axis changes the carbon content of a kilowatt hour, not the number of kilowatt hours.  Its contribution to the energy interval is therefore exactly zero, and an energy figure must not be captioned as though the electricity axis were inside it.  The same holds for the post-2050 continuation rule ON THAT AXIS and for the reading of the statutory floor: the delivered central, the two electricity-axis continuation lines and the enforceable-standard line carry the same energy in every entry and in every year, bitwise, and they part company only in carbon.  The two VEHICLE-axis continuation lines are a different object and are not covered by this sentence: a rule on that axis moves how much of the deployed stock is electric, so it moves the kilowatt hours as well as the carbon, and the movement is reported rather than gated."
V33_POLICY_CONDITIONAL,EQUAL_SIZE_COMPARISON_1000000_VEHICLES_AT_THE_MEASURED_NATIONAL_RATIO_2988_STI_UNITS_PER_MILLION_VEHICLES,direct_co2_kg,2039,sum over the 51 entries,0.21,392282430.8847673,504294822.34883535,643087764.4529117,525196299.8665779,0.2387729441656954,0.9602025423197909,"Not priced by this interval: the deployment scale, held at 30 per cent of registered automobiles and 30 per cent of signalized intersections by 2075 in every draw, against its own declared range of 15 to 45 per cent -- the model is exactly linear in that scale, so the two declared levels are delivered beside the interval as named lines, each of them the central rescaled, and never as width; the reading of the statutory floor itself, held at the statutory-targets-honoured reading in every draw, with the enforceable-standard reading delivered beside the interval as a named line rather than as width; the vehicle load model, held at the inherited one, with the single paired dynamometer measurement in the build's own precedent table delivered beside the interval as a named measured-load line; the computing workload growth of 2 per cent a year and the hardware efficiency floor of 0.25, neither of which is drawn or varied anywhere in this build; and the published market case, held at the policy state the interval is conditional on and carried as a named line.  The post-2050 continuation rule IS inside this interval: every electricity member continues along its own 2045-2050 slope at a decreasing rate after 2050 with the enacted statutory floors applied on top, and the linear trend and frozen continuations are delivered beside the interval as named lines.  The fuel-to-direct-current conversion coefficient IS priced here: it is drawn triangular on the declared list, support 0.17 to 0.2744 with its mode at the delivered central 0.21, so the two registered branches are the endpoints of the support this interval samples rather than values outside it, and each of them is also delivered as a named line.","The electricity-scenario axis changes the carbon content of a kilowatt hour, not the number of kilowatt hours.  Its contribution to the energy interval is therefore exactly zero, and an energy figure must not be captioned as though the electricity axis were inside it.  The same holds for the post-2050 continuation rule ON THAT AXIS and for the reading of the statutory floor: the delivered central, the two electricity-axis continuation lines and the enforceable-standard line carry the same energy in every entry and in every year, bitwise, and they part company only in carbon.  The two VEHICLE-axis continuation lines are a different object and are not covered by this sentence: a rule on that axis moves how much of the deployed stock is electric, so it moves the kilowatt hours as well as the carbon, and the movement is reported rather than gated."
V33_POLICY_CONDITIONAL,EQUAL_SIZE_COMPARISON_1000000_VEHICLES_AT_THE_MEASURED_NATIONAL_RATIO_2988_STI_UNITS_PER_MILLION_VEHICLES,direct_co2_kg,2040,sum over the 51 entries,0.21,426840505.2075337,548167089.6701944,700987080.5444956,571389224.1981117,0.23989477201088236,0.9593584660954935,"Not priced by this interval: the deployment scale, held at 30 per cent of registered automobiles and 30 per cent of signalized intersections by 2075 in every draw, against its own declared range of 15 to 45 per cent -- the model is exactly linear in that scale, so the two declared levels are delivered beside the interval as named lines, each of them the central rescaled, and never as width; the reading of the statutory floor itself, held at the statutory-targets-honoured reading in every draw, with the enforceable-standard reading delivered beside the interval as a named line rather than as width; the vehicle load model, held at the inherited one, with the single paired dynamometer measurement in the build's own precedent table delivered beside the interval as a named measured-load line; the computing workload growth of 2 per cent a year and the hardware efficiency floor of 0.25, neither of which is drawn or varied anywhere in this build; and the published market case, held at the policy state the interval is conditional on and carried as a named line.  The post-2050 continuation rule IS inside this interval: every electricity member continues along its own 2045-2050 slope at a decreasing rate after 2050 with the enacted statutory floors applied on top, and the linear trend and frozen continuations are delivered beside the interval as named lines.  The fuel-to-direct-current conversion coefficient IS priced here: it is drawn triangular on the declared list, support 0.17 to 0.2744 with its mode at the delivered central 0.21, so the two registered branches are the endpoints of the support this interval samples rather than values outside it, and each of them is also delivered as a named line.","The electricity-scenario axis changes the carbon content of a kilowatt hour, not the number of kilowatt hours.  Its contribution to the energy interval is therefore exactly zero, and an energy figure must not be captioned as though the electricity axis were inside it.  The same holds for the post-2050 continuation rule ON THAT AXIS and for the reading of the statutory floor: the delivered central, the two electricity-axis continuation lines and the enforceable-standard line carry the same energy in every entry and in every year, bitwise, and they part company only in carbon.  The two VEHICLE-axis continuation lines are a different object and are not covered by this sentence: a rule on that axis moves how much of the deployed stock is electric, so it moves the kilowatt hours as well as the carbon, and the movement is reported rather than gated."
V33_POLICY_CONDITIONAL,EQUAL_SIZE_COMPARISON_1000000_VEHICLES_AT_THE_MEASURED_NATIONAL_RATIO_2988_STI_UNITS_PER_MILLION_VEHICLES,direct_co2_kg,2041,sum over the 51 entries,0.21,465217359.29874706,598271656.7085841,763848518.3707069,621974243.4336178,0.2400671428316406,0.961891369336802,"Not priced by this interval: the deployment scale, held at 30 per cent of registered automobiles and 30 per cent of signalized intersections by 2075 in every draw, against its own declared range of 15 to 45 per cent -- the model is exactly linear in that scale, so the two declared levels are delivered beside the interval as named lines, each of them the central rescaled, and never as width; the reading of the statutory floor itself, held at the statutory-targets-honoured reading in every draw, with the enforceable-standard reading delivered beside the interval as a named line rather than as width; the vehicle load model, held at the inherited one, with the single paired dynamometer measurement in the build's own precedent table delivered beside the interval as a named measured-load line; the computing workload growth of 2 per cent a year and the hardware efficiency floor of 0.25, neither of which is drawn or varied anywhere in this build; and the published market case, held at the policy state the interval is conditional on and carried as a named line.  The post-2050 continuation rule IS inside this interval: every electricity member continues along its own 2045-2050 slope at a decreasing rate after 2050 with the enacted statutory floors applied on top, and the linear trend and frozen continuations are delivered beside the interval as named lines.  The fuel-to-direct-current conversion coefficient IS priced here: it is drawn triangular on the declared list, support 0.17 to 0.2744 with its mode at the delivered central 0.21, so the two registered branches are the endpoints of the support this interval samples rather than values outside it, and each of them is also delivered as a named line.","The electricity-scenario axis changes the carbon content of a kilowatt hour, not the number of kilowatt hours.  Its contribution to the energy interval is therefore exactly zero, and an energy figure must not be captioned as though the electricity axis were inside it.  The same holds for the post-2050 continuation rule ON THAT AXIS and for the reading of the statutory floor: the delivered central, the two electricity-axis continuation lines and the enforceable-standard line carry the same energy in every entry and in every year, bitwise, and they part company only in carbon.  The two VEHICLE-axis continuation lines are a different object and are not covered by this sentence: a rule on that axis moves how much of the deployed stock is electric, so it moves the kilowatt hours as well as the carbon, and the movement is reported rather than gated."
V33_POLICY_CONDITIONAL,EQUAL_SIZE_COMPARISON_1000000_VEHICLES_AT_THE_MEASURED_NATIONAL_RATIO_2988_STI_UNITS_PER_MILLION_VEHICLES,direct_co2_kg,2042,sum over the 51 entries,0.21,504002763.8542031,649747563.3836787,830714538.4410119,673415969.5385127,0.24257798252891308,0.9648532152110176,"Not priced by this interval: the deployment scale, held at 30 per cent of registered automobiles and 30 per cent of signalized intersections by 2075 in every draw, against its own declared range of 15 to 45 per cent -- the model is exactly linear in that scale, so the two declared levels are delivered beside the interval as named lines, each of them the central rescaled, and never as width; the reading of the statutory floor itself, held at the statutory-targets-honoured reading in every draw, with the enforceable-standard reading delivered beside the interval as a named line rather than as width; the vehicle load model, held at the inherited one, with the single paired dynamometer measurement in the build's own precedent table delivered beside the interval as a named measured-load line; the computing workload growth of 2 per cent a year and the hardware efficiency floor of 0.25, neither of which is drawn or varied anywhere in this build; and the published market case, held at the policy state the interval is conditional on and carried as a named line.  The post-2050 continuation rule IS inside this interval: every electricity member continues along its own 2045-2050 slope at a decreasing rate after 2050 with the enacted statutory floors applied on top, and the linear trend and frozen continuations are delivered beside the interval as named lines.  The fuel-to-direct-current conversion coefficient IS priced here: it is drawn triangular on the declared list, support 0.17 to 0.2744 with its mode at the delivered central 0.21, so the two registered branches are the endpoints of the support this interval samples rather than values outside it, and each of them is also delivered as a named line.","The electricity-scenario axis changes the carbon content of a kilowatt hour, not the number of kilowatt hours.  Its contribution to the energy interval is therefore exactly zero, and an energy figure must not be captioned as though the electricity axis were inside it.  The same holds for the post-2050 continuation rule ON THAT AXIS and for the reading of the statutory floor: the delivered central, the two electricity-axis continuation lines and the enforceable-standard line carry the same energy in every entry and in every year, bitwise, and they part company only in carbon.  The two VEHICLE-axis continuation lines are a different object and are not covered by this sentence: a rule on that axis moves how much of the deployed stock is electric, so it moves the kilowatt hours as well as the carbon, and the movement is reported rather than gated."
V33_POLICY_CONDITIONAL,EQUAL_SIZE_COMPARISON_1000000_VEHICLES_AT_THE_MEASURED_NATIONAL_RATIO_2988_STI_UNITS_PER_MILLION_VEHICLES,direct_co2_kg,2043,sum over the 51 entries,0.21,546159853.0804186,702683831.5069098,899148540.540543,726189431.8298894,0.24304174089303762,0.9676315857919483,"Not priced by this interval: the deployment scale, held at 30 per cent of registered automobiles and 30 per cent of signalized intersections by 2075 in every draw, against its own declared range of 15 to 45 per cent -- the model is exactly linear in that scale, so the two declared levels are delivered beside the interval as named lines, each of them the central rescaled, and never as width; the reading of the statutory floor itself, held at the statutory-targets-honoured reading in every draw, with the enforceable-standard reading delivered beside the interval as a named line rather than as width; the vehicle load model, held at the inherited one, with the single paired dynamometer measurement in the build's own precedent table delivered beside the interval as a named measured-load line; the computing workload growth of 2 per cent a year and the hardware efficiency floor of 0.25, neither of which is drawn or varied anywhere in this build; and the published market case, held at the policy state the interval is conditional on and carried as a named line.  The post-2050 continuation rule IS inside this interval: every electricity member continues along its own 2045-2050 slope at a decreasing rate after 2050 with the enacted statutory floors applied on top, and the linear trend and frozen continuations are delivered beside the interval as named lines.  The fuel-to-direct-current conversion coefficient IS priced here: it is drawn triangular on the declared list, support 0.17 to 0.2744 with its mode at the delivered central 0.21, so the two registered branches are the endpoints of the support this interval samples rather than values outside it, and each of them is also delivered as a named line.","The electricity-scenario axis changes the carbon content of a kilowatt hour, not the number of kilowatt hours.  Its contribution to the energy interval is therefore exactly zero, and an energy figure must not be captioned as though the electricity axis were inside it.  The same holds for the post-2050 continuation rule ON THAT AXIS and for the reading of the statutory floor: the delivered central, the two electricity-axis continuation lines and the enforceable-standard line carry the same energy in every entry and in every year, bitwise, and they part company only in carbon.  The two VEHICLE-axis continuation lines are a different object and are not covered by this sentence: a rule on that axis moves how much of the deployed stock is electric, so it moves the kilowatt hours as well as the carbon, and the movement is reported rather than gated."
V33_POLICY_CONDITIONAL,EQUAL_SIZE_COMPARISON_1000000_VEHICLES_AT_THE_MEASURED_NATIONAL_RATIO_2988_STI_UNITS_PER_MILLION_VEHICLES,direct_co2_kg,2044,sum over the 51 entries,0.21,590466666.7316912,758875203.7904518,969487462.7428718,780897400.4179535,0.24268283887762993,0.971798860367937,"Not priced by this interval: the deployment scale, held at 30 per cent of registered automobiles and 30 per cent of signalized intersections by 2075 in every draw, against its own declared range of 15 to 45 per cent -- the model is exactly linear in that scale, so the two declared levels are delivered beside the interval as named lines, each of them the central rescaled, and never as width; the reading of the statutory floor itself, held at the statutory-targets-honoured reading in every draw, with the enforceable-standard reading delivered beside the interval as a named line rather than as width; the vehicle load model, held at the inherited one, with the single paired dynamometer measurement in the build's own precedent table delivered beside the interval as a named measured-load line; the computing workload growth of 2 per cent a year and the hardware efficiency floor of 0.25, neither of which is drawn or varied anywhere in this build; and the published market case, held at the policy state the interval is conditional on and carried as a named line.  The post-2050 continuation rule IS inside this interval: every electricity member continues along its own 2045-2050 slope at a decreasing rate after 2050 with the enacted statutory floors applied on top, and the linear trend and frozen continuations are delivered beside the interval as named lines.  The fuel-to-direct-current conversion coefficient IS priced here: it is drawn triangular on the declared list, support 0.17 to 0.2744 with its mode at the delivered central 0.21, so the two registered branches are the endpoints of the support this interval samples rather than values outside it, and each of them is also delivered as a named line.","The electricity-scenario axis changes the carbon content of a kilowatt hour, not the number of kilowatt hours.  Its contribution to the energy interval is therefore exactly zero, and an energy figure must not be captioned as though the electricity axis were inside it.  The same holds for the post-2050 continuation rule ON THAT AXIS and for the reading of the statutory floor: the delivered central, the two electricity-axis continuation lines and the enforceable-standard line carry the same energy in every entry and in every year, bitwise, and they part company only in carbon.  The two VEHICLE-axis continuation lines are a different object and are not covered by this sentence: a rule on that axis moves how much of the deployed stock is electric, so it moves the kilowatt hours as well as the carbon, and the movement is reported rather than gated."
V33_POLICY_CONDITIONAL,EQUAL_SIZE_COMPARISON_1000000_VEHICLES_AT_THE_MEASURED_NATIONAL_RATIO_2988_STI_UNITS_PER_MILLION_VEHICLES,direct_co2_kg,2045,sum over the 51 entries,0.21,631593021.392932,811906562.124387,1037356875.4015918,833100696.8285341,0.24352629613282667,0.974559936410053,"Not priced by this interval: the deployment scale, held at 30 per cent of registered automobiles and 30 per cent of signalized intersections by 2075 in every draw, against its own declared range of 15 to 45 per cent -- the model is exactly linear in that scale, so the two declared levels are delivered beside the interval as named lines, each of them the central rescaled, and never as width; the reading of the statutory floor itself, held at the statutory-targets-honoured reading in every draw, with the enforceable-standard reading delivered beside the interval as a named line rather than as width; the vehicle load model, held at the inherited one, with the single paired dynamometer measurement in the build's own precedent table delivered beside the interval as a named measured-load line; the computing workload growth of 2 per cent a year and the hardware efficiency floor of 0.25, neither of which is drawn or varied anywhere in this build; and the published market case, held at the policy state the interval is conditional on and carried as a named line.  The post-2050 continuation rule IS inside this interval: every electricity member continues along its own 2045-2050 slope at a decreasing rate after 2050 with the enacted statutory floors applied on top, and the linear trend and frozen continuations are delivered beside the interval as named lines.  The fuel-to-direct-current conversion coefficient IS priced here: it is drawn triangular on the declared list, support 0.17 to 0.2744 with its mode at the delivered central 0.21, so the two registered branches are the endpoints of the support this interval samples rather than values outside it, and each of them is also delivered as a named line.","The electricity-scenario axis changes the carbon content of a kilowatt hour, not the number of kilowatt hours.  Its contribution to the energy interval is therefore exactly zero, and an energy figure must not be captioned as though the electricity axis were inside it.  The same holds for the post-2050 continuation rule ON THAT AXIS and for the reading of the statutory floor: the delivered central, the two electricity-axis continuation lines and the enforceable-standard line carry the same energy in every entry and in every year, bitwise, and they part company only in carbon.  The two VEHICLE-axis continuation lines are a different object and are not covered by this sentence: a rule on that axis moves how much of the deployed stock is electric, so it moves the kilowatt hours as well as the carbon, and the movement is reported rather than gated."
V33_POLICY_CONDITIONAL,EQUAL_SIZE_COMPARISON_1000000_VEHICLES_AT_THE_MEASURED_NATIONAL_RATIO_2988_STI_UNITS_PER_MILLION_VEHICLES,direct_co2_kg,2046,sum over the 51 entries,0.21,677628055.5470811,873661959.6339341,1112345673.1893132,892853514.7346673,0.24344285510900338,0.9785053709438145,"Not priced by this interval: the deployment scale, held at 30 per cent of registered automobiles and 30 per cent of signalized intersections by 2075 in every draw, against its own declared range of 15 to 45 per cent -- the model is exactly linear in that scale, so the two declared levels are delivered beside the interval as named lines, each of them the central rescaled, and never as width; the reading of the statutory floor itself, held at the statutory-targets-honoured reading in every draw, with the enforceable-standard reading delivered beside the interval as a named line rather than as width; the vehicle load model, held at the inherited one, with the single paired dynamometer measurement in the build's own precedent table delivered beside the interval as a named measured-load line; the computing workload growth of 2 per cent a year and the hardware efficiency floor of 0.25, neither of which is drawn or varied anywhere in this build; and the published market case, held at the policy state the interval is conditional on and carried as a named line.  The post-2050 continuation rule IS inside this interval: every electricity member continues along its own 2045-2050 slope at a decreasing rate after 2050 with the enacted statutory floors applied on top, and the linear trend and frozen continuations are delivered beside the interval as named lines.  The fuel-to-direct-current conversion coefficient IS priced here: it is drawn triangular on the declared list, support 0.17 to 0.2744 with its mode at the delivered central 0.21, so the two registered branches are the endpoints of the support this interval samples rather than values outside it, and each of them is also delivered as a named line.","The electricity-scenario axis changes the carbon content of a kilowatt hour, not the number of kilowatt hours.  Its contribution to the energy interval is therefore exactly zero, and an energy figure must not be captioned as though the electricity axis were inside it.  The same holds for the post-2050 continuation rule ON THAT AXIS and for the reading of the statutory floor: the delivered central, the two electricity-axis continuation lines and the enforceable-standard line carry the same energy in every entry and in every year, bitwise, and they part company only in carbon.  The two VEHICLE-axis continuation lines are a different object and are not covered by this sentence: a rule on that axis moves how much of the deployed stock is electric, so it moves the kilowatt hours as well as the carbon, and the movement is reported rather than gated."
V33_POLICY_CONDITIONAL,EQUAL_SIZE_COMPARISON_1000000_VEHICLES_AT_THE_MEASURED_NATIONAL_RATIO_2988_STI_UNITS_PER_MILLION_VEHICLES,direct_co2_kg,2047,sum over the 51 entries,0.21,726899778.6007005,936875683.0960536,1193032214.055742,955607824.2810434,0.2438931660096749,0.9803976686784842,"Not priced by this interval: the deployment scale, held at 30 per cent of registered automobiles and 30 per cent of signalized intersections by 2075 in every draw, against its own declared range of 15 to 45 per cent -- the model is exactly linear in that scale, so the two declared levels are delivered beside the interval as named lines, each of them the central rescaled, and never as width; the reading of the statutory floor itself, held at the statutory-targets-honoured reading in every draw, with the enforceable-standard reading delivered beside the interval as a named line rather than as width; the vehicle load model, held at the inherited one, with the single paired dynamometer measurement in the build's own precedent table delivered beside the interval as a named measured-load line; the computing workload growth of 2 per cent a year and the hardware efficiency floor of 0.25, neither of which is drawn or varied anywhere in this build; and the published market case, held at the policy state the interval is conditional on and carried as a named line.  The post-2050 continuation rule IS inside this interval: every electricity member continues along its own 2045-2050 slope at a decreasing rate after 2050 with the enacted statutory floors applied on top, and the linear trend and frozen continuations are delivered beside the interval as named lines.  The fuel-to-direct-current conversion coefficient IS priced here: it is drawn triangular on the declared list, support 0.17 to 0.2744 with its mode at the delivered central 0.21, so the two registered branches are the endpoints of the support this interval samples rather than values outside it, and each of them is also delivered as a named line.","The electricity-scenario axis changes the carbon content of a kilowatt hour, not the number of kilowatt hours.  Its contribution to the energy interval is therefore exactly zero, and an energy figure must not be captioned as though the electricity axis were inside it.  The same holds for the post-2050 continuation rule ON THAT AXIS and for the reading of the statutory floor: the delivered central, the two electricity-axis continuation lines and the enforceable-standard line carry the same energy in every entry and in every year, bitwise, and they part company only in carbon.  The two VEHICLE-axis continuation lines are a different object and are not covered by this sentence: a rule on that axis moves how much of the deployed stock is electric, so it moves the kilowatt hours as well as the carbon, and the movement is reported rather than gated."
V33_POLICY_CONDITIONAL,EQUAL_SIZE_COMPARISON_1000000_VEHICLES_AT_THE_MEASURED_NATIONAL_RATIO_2988_STI_UNITS_PER_MILLION_VEHICLES,direct_co2_kg,2048,sum over the 51 entries,0.21,778589081.6520374,1002952462.901464,1278416365.767465,1021318572.8725666,0.24469705016213042,0.9820172564575557,"Not priced by this interval: the deployment scale, held at 30 per cent of registered automobiles and 30 per cent of signalized intersections by 2075 in every draw, against its own declared range of 15 to 45 per cent -- the model is exactly linear in that scale, so the two declared levels are delivered beside the interval as named lines, each of them the central rescaled, and never as width; the reading of the statutory floor itself, held at the statutory-targets-honoured reading in every draw, with the enforceable-standard reading delivered beside the interval as a named line rather than as width; the vehicle load model, held at the inherited one, with the single paired dynamometer measurement in the build's own precedent table delivered beside the interval as a named measured-load line; the computing workload growth of 2 per cent a year and the hardware efficiency floor of 0.25, neither of which is drawn or varied anywhere in this build; and the published market case, held at the policy state the interval is conditional on and carried as a named line.  The post-2050 continuation rule IS inside this interval: every electricity member continues along its own 2045-2050 slope at a decreasing rate after 2050 with the enacted statutory floors applied on top, and the linear trend and frozen continuations are delivered beside the interval as named lines.  The fuel-to-direct-current conversion coefficient IS priced here: it is drawn triangular on the declared list, support 0.17 to 0.2744 with its mode at the delivered central 0.21, so the two registered branches are the endpoints of the support this interval samples rather than values outside it, and each of them is also delivered as a named line.","The electricity-scenario axis changes the carbon content of a kilowatt hour, not the number of kilowatt hours.  Its contribution to the energy interval is therefore exactly zero, and an energy figure must not be captioned as though the electricity axis were inside it.  The same holds for the post-2050 continuation rule ON THAT AXIS and for the reading of the statutory floor: the delivered central, the two electricity-axis continuation lines and the enforceable-standard line carry the same energy in every entry and in every year, bitwise, and they part company only in carbon.  The two VEHICLE-axis continuation lines are a different object and are not covered by this sentence: a rule on that axis moves how much of the deployed stock is electric, so it moves the kilowatt hours as well as the carbon, and the movement is reported rather than gated."
V33_POLICY_CONDITIONAL,EQUAL_SIZE_COMPARISON_1000000_VEHICLES_AT_THE_MEASURED_NATIONAL_RATIO_2988_STI_UNITS_PER_MILLION_VEHICLES,direct_co2_kg,2049,sum over the 51 entries,0.21,832061565.2245038,1071583951.4062952,1364446058.1302116,1090257405.8370953,0.244155412316115,0.9828724351416236,"Not priced by this interval: the deployment scale, held at 30 per cent of registered automobiles and 30 per cent of signalized intersections by 2075 in every draw, against its own declared range of 15 to 45 per cent -- the model is exactly linear in that scale, so the two declared levels are delivered beside the interval as named lines, each of them the central rescaled, and never as width; the reading of the statutory floor itself, held at the statutory-targets-honoured reading in every draw, with the enforceable-standard reading delivered beside the interval as a named line rather than as width; the vehicle load model, held at the inherited one, with the single paired dynamometer measurement in the build's own precedent table delivered beside the interval as a named measured-load line; the computing workload growth of 2 per cent a year and the hardware efficiency floor of 0.25, neither of which is drawn or varied anywhere in this build; and the published market case, held at the policy state the interval is conditional on and carried as a named line.  The post-2050 continuation rule IS inside this interval: every electricity member continues along its own 2045-2050 slope at a decreasing rate after 2050 with the enacted statutory floors applied on top, and the linear trend and frozen continuations are delivered beside the interval as named lines.  The fuel-to-direct-current conversion coefficient IS priced here: it is drawn triangular on the declared list, support 0.17 to 0.2744 with its mode at the delivered central 0.21, so the two registered branches are the endpoints of the support this interval samples rather than values outside it, and each of them is also delivered as a named line.","The electricity-scenario axis changes the carbon content of a kilowatt hour, not the number of kilowatt hours.  Its contribution to the energy interval is therefore exactly zero, and an energy figure must not be captioned as though the electricity axis were inside it.  The same holds for the post-2050 continuation rule ON THAT AXIS and for the reading of the statutory floor: the delivered central, the two electricity-axis continuation lines and the enforceable-standard line carry the same energy in every entry and in every year, bitwise, and they part company only in carbon.  The two VEHICLE-axis continuation lines are a different object and are not covered by this sentence: a rule on that axis moves how much of the deployed stock is electric, so it moves the kilowatt hours as well as the carbon, and the movement is reported rather than gated."
V33_POLICY_CONDITIONAL,EQUAL_SIZE_COMPARISON_1000000_VEHICLES_AT_THE_MEASURED_NATIONAL_RATIO_2988_STI_UNITS_PER_MILLION_VEHICLES,direct_co2_kg,2050,sum over the 51 entries,0.21,879928467.8438869,1135271898.7825947,1445356198.5593693,1154151778.630507,0.24495380121772525,0.9836417703481645,"Not priced by this interval: the deployment scale, held at 30 per cent of registered automobiles and 30 per cent of signalized intersections by 2075 in every draw, against its own declared range of 15 to 45 per cent -- the model is exactly linear in that scale, so the two declared levels are delivered beside the interval as named lines, each of them the central rescaled, and never as width; the reading of the statutory floor itself, held at the statutory-targets-honoured reading in every draw, with the enforceable-standard reading delivered beside the interval as a named line rather than as width; the vehicle load model, held at the inherited one, with the single paired dynamometer measurement in the build's own precedent table delivered beside the interval as a named measured-load line; the computing workload growth of 2 per cent a year and the hardware efficiency floor of 0.25, neither of which is drawn or varied anywhere in this build; and the published market case, held at the policy state the interval is conditional on and carried as a named line.  The post-2050 continuation rule IS inside this interval: every electricity member continues along its own 2045-2050 slope at a decreasing rate after 2050 with the enacted statutory floors applied on top, and the linear trend and frozen continuations are delivered beside the interval as named lines.  The fuel-to-direct-current conversion coefficient IS priced here: it is drawn triangular on the declared list, support 0.17 to 0.2744 with its mode at the delivered central 0.21, so the two registered branches are the endpoints of the support this interval samples rather than values outside it, and each of them is also delivered as a named line.","The electricity-scenario axis changes the carbon content of a kilowatt hour, not the number of kilowatt hours.  Its contribution to the energy interval is therefore exactly zero, and an energy figure must not be captioned as though the electricity axis were inside it.  The same holds for the post-2050 continuation rule ON THAT AXIS and for the reading of the statutory floor: the delivered central, the two electricity-axis continuation lines and the enforceable-standard line carry the same energy in every entry and in every year, bitwise, and they part company only in carbon.  The two VEHICLE-axis continuation lines are a different object and are not covered by this sentence: a rule on that axis moves how much of the deployed stock is electric, so it moves the kilowatt hours as well as the carbon, and the movement is reported rather than gated."
V33_POLICY_CONDITIONAL,EQUAL_SIZE_COMPARISON_1000000_VEHICLES_AT_THE_MEASURED_NATIONAL_RATIO_2988_STI_UNITS_PER_MILLION_VEHICLES,direct_co2_kg,2051,sum over the 51 entries,0.21,932762317.3439888,1203289295.4834144,1531352773.4836388,1222870812.4511893,0.24474803472486292,0.9839872562429349,"Not priced by this interval: the deployment scale, held at 30 per cent of registered automobiles and 30 per cent of signalized intersections by 2075 in every draw, against its own declared range of 15 to 45 per cent -- the model is exactly linear in that scale, so the two declared levels are delivered beside the interval as named lines, each of them the central rescaled, and never as width; the reading of the statutory floor itself, held at the statutory-targets-honoured reading in every draw, with the enforceable-standard reading delivered beside the interval as a named line rather than as width; the vehicle load model, held at the inherited one, with the single paired dynamometer measurement in the build's own precedent table delivered beside the interval as a named measured-load line; the computing workload growth of 2 per cent a year and the hardware efficiency floor of 0.25, neither of which is drawn or varied anywhere in this build; and the published market case, held at the policy state the interval is conditional on and carried as a named line.  The post-2050 continuation rule IS inside this interval: every electricity member continues along its own 2045-2050 slope at a decreasing rate after 2050 with the enacted statutory floors applied on top, and the linear trend and frozen continuations are delivered beside the interval as named lines.  The fuel-to-direct-current conversion coefficient IS priced here: it is drawn triangular on the declared list, support 0.17 to 0.2744 with its mode at the delivered central 0.21, so the two registered branches are the endpoints of the support this interval samples rather than values outside it, and each of them is also delivered as a named line.","The electricity-scenario axis changes the carbon content of a kilowatt hour, not the number of kilowatt hours.  Its contribution to the energy interval is therefore exactly zero, and an energy figure must not be captioned as though the electricity axis were inside it.  The same holds for the post-2050 continuation rule ON THAT AXIS and for the reading of the statutory floor: the delivered central, the two electricity-axis continuation lines and the enforceable-standard line carry the same energy in every entry and in every year, bitwise, and they part company only in carbon.  The two VEHICLE-axis continuation lines are a different object and are not covered by this sentence: a rule on that axis moves how much of the deployed stock is electric, so it moves the kilowatt hours as well as the carbon, and the movement is reported rather than gated."
V33_POLICY_CONDITIONAL,EQUAL_SIZE_COMPARISON_1000000_VEHICLES_AT_THE_MEASURED_NATIONAL_RATIO_2988_STI_UNITS_PER_MILLION_VEHICLES,direct_co2_kg,2052,sum over the 51 entries,0.21,987096260.344486,1272795163.075213,1618610136.0084686,1293327043.3714767,0.2441431496003272,0.9841247576152582,"Not priced by this interval: the deployment scale, held at 30 per cent of registered automobiles and 30 per cent of signalized intersections by 2075 in every draw, against its own declared range of 15 to 45 per cent -- the model is exactly linear in that scale, so the two declared levels are delivered beside the interval as named lines, each of them the central rescaled, and never as width; the reading of the statutory floor itself, held at the statutory-targets-honoured reading in every draw, with the enforceable-standard reading delivered beside the interval as a named line rather than as width; the vehicle load model, held at the inherited one, with the single paired dynamometer measurement in the build's own precedent table delivered beside the interval as a named measured-load line; the computing workload growth of 2 per cent a year and the hardware efficiency floor of 0.25, neither of which is drawn or varied anywhere in this build; and the published market case, held at the policy state the interval is conditional on and carried as a named line.  The post-2050 continuation rule IS inside this interval: every electricity member continues along its own 2045-2050 slope at a decreasing rate after 2050 with the enacted statutory floors applied on top, and the linear trend and frozen continuations are delivered beside the interval as named lines.  The fuel-to-direct-current conversion coefficient IS priced here: it is drawn triangular on the declared list, support 0.17 to 0.2744 with its mode at the delivered central 0.21, so the two registered branches are the endpoints of the support this interval samples rather than values outside it, and each of them is also delivered as a named line.","The electricity-scenario axis changes the carbon content of a kilowatt hour, not the number of kilowatt hours.  Its contribution to the energy interval is therefore exactly zero, and an energy figure must not be captioned as though the electricity axis were inside it.  The same holds for the post-2050 continuation rule ON THAT AXIS and for the reading of the statutory floor: the delivered central, the two electricity-axis continuation lines and the enforceable-standard line carry the same energy in every entry and in every year, bitwise, and they part company only in carbon.  The two VEHICLE-axis continuation lines are a different object and are not covered by this sentence: a rule on that axis moves how much of the deployed stock is electric, so it moves the kilowatt hours as well as the carbon, and the movement is reported rather than gated."
V33_POLICY_CONDITIONAL,EQUAL_SIZE_COMPARISON_1000000_VEHICLES_AT_THE_MEASURED_NATIONAL_RATIO_2988_STI_UNITS_PER_MILLION_VEHICLES,direct_co2_kg,2053,sum over the 51 entries,0.21,1041159059.2670628,1343382973.4206588,1706803301.5393617,1365112824.9546492,0.24380557786291857,0.9840820105585688,"Not priced by this interval: the deployment scale, held at 30 per cent of registered automobiles and 30 per cent of signalized intersections by 2075 in every draw, against its own declared range of 15 to 45 per cent -- the model is exactly linear in that scale, so the two declared levels are delivered beside the interval as named lines, each of them the central rescaled, and never as width; the reading of the statutory floor itself, held at the statutory-targets-honoured reading in every draw, with the enforceable-standard reading delivered beside the interval as a named line rather than as width; the vehicle load model, held at the inherited one, with the single paired dynamometer measurement in the build's own precedent table delivered beside the interval as a named measured-load line; the computing workload growth of 2 per cent a year and the hardware efficiency floor of 0.25, neither of which is drawn or varied anywhere in this build; and the published market case, held at the policy state the interval is conditional on and carried as a named line.  The post-2050 continuation rule IS inside this interval: every electricity member continues along its own 2045-2050 slope at a decreasing rate after 2050 with the enacted statutory floors applied on top, and the linear trend and frozen continuations are delivered beside the interval as named lines.  The fuel-to-direct-current conversion coefficient IS priced here: it is drawn triangular on the declared list, support 0.17 to 0.2744 with its mode at the delivered central 0.21, so the two registered branches are the endpoints of the support this interval samples rather than values outside it, and each of them is also delivered as a named line.","The electricity-scenario axis changes the carbon content of a kilowatt hour, not the number of kilowatt hours.  Its contribution to the energy interval is therefore exactly zero, and an energy figure must not be captioned as though the electricity axis were inside it.  The same holds for the post-2050 continuation rule ON THAT AXIS and for the reading of the statutory floor: the delivered central, the two electricity-axis continuation lines and the enforceable-standard line carry the same energy in every entry and in every year, bitwise, and they part company only in carbon.  The two VEHICLE-axis continuation lines are a different object and are not covered by this sentence: a rule on that axis moves how much of the deployed stock is electric, so it moves the kilowatt hours as well as the carbon, and the movement is reported rather than gated."
V33_POLICY_CONDITIONAL,EQUAL_SIZE_COMPARISON_1000000_VEHICLES_AT_THE_MEASURED_NATIONAL_RATIO_2988_STI_UNITS_PER_MILLION_VEHICLES,direct_co2_kg,2054,sum over the 51 entries,0.21,1097165282.4677734,1414683468.0400152,1796476451.1319895,1437820046.0077648,0.24318452458842665,0.9839085718466714,"Not priced by this interval: the deployment scale, held at 30 per cent of registered automobiles and 30 per cent of signalized intersections by 2075 in every draw, against its own declared range of 15 to 45 per cent -- the model is exactly linear in that scale, so the two declared levels are delivered beside the interval as named lines, each of them the central rescaled, and never as width; the reading of the statutory floor itself, held at the statutory-targets-honoured reading in every draw, with the enforceable-standard reading delivered beside the interval as a named line rather than as width; the vehicle load model, held at the inherited one, with the single paired dynamometer measurement in the build's own precedent table delivered beside the interval as a named measured-load line; the computing workload growth of 2 per cent a year and the hardware efficiency floor of 0.25, neither of which is drawn or varied anywhere in this build; and the published market case, held at the policy state the interval is conditional on and carried as a named line.  The post-2050 continuation rule IS inside this interval: every electricity member continues along its own 2045-2050 slope at a decreasing rate after 2050 with the enacted statutory floors applied on top, and the linear trend and frozen continuations are delivered beside the interval as named lines.  The fuel-to-direct-current conversion coefficient IS priced here: it is drawn triangular on the declared list, support 0.17 to 0.2744 with its mode at the delivered central 0.21, so the two registered branches are the endpoints of the support this interval samples rather than values outside it, and each of them is also delivered as a named line.","The electricity-scenario axis changes the carbon content of a kilowatt hour, not the number of kilowatt hours.  Its contribution to the energy interval is therefore exactly zero, and an energy figure must not be captioned as though the electricity axis were inside it.  The same holds for the post-2050 continuation rule ON THAT AXIS and for the reading of the statutory floor: the delivered central, the two electricity-axis continuation lines and the enforceable-standard line carry the same energy in every entry and in every year, bitwise, and they part company only in carbon.  The two VEHICLE-axis continuation lines are a different object and are not covered by this sentence: a rule on that axis moves how much of the deployed stock is electric, so it moves the kilowatt hours as well as the carbon, and the movement is reported rather than gated."
V33_POLICY_CONDITIONAL,EQUAL_SIZE_COMPARISON_1000000_VEHICLES_AT_THE_MEASURED_NATIONAL_RATIO_2988_STI_UNITS_PER_MILLION_VEHICLES,direct_co2_kg,2055,sum over the 51 entries,0.21,1154278335.172163,1486526356.4873912,1889093416.5538044,1511115738.151998,0.24313659861695147,0.9837276649009836,"Not priced by this interval: the deployment scale, held at 30 per cent of registered automobiles and 30 per cent of signalized intersections by 2075 in every draw, against its own declared range of 15 to 45 per cent -- the model is exactly linear in that scale, so the two declared levels are delivered beside the interval as named lines, each of them the central rescaled, and never as width; the reading of the statutory floor itself, held at the statutory-targets-honoured reading in every draw, with the enforceable-standard reading delivered beside the interval as a named line rather than as width; the vehicle load model, held at the inherited one, with the single paired dynamometer measurement in the build's own precedent table delivered beside the interval as a named measured-load line; the computing workload growth of 2 per cent a year and the hardware efficiency floor of 0.25, neither of which is drawn or varied anywhere in this build; and the published market case, held at the policy state the interval is conditional on and carried as a named line.  The post-2050 continuation rule IS inside this interval: every electricity member continues along its own 2045-2050 slope at a decreasing rate after 2050 with the enacted statutory floors applied on top, and the linear trend and frozen continuations are delivered beside the interval as named lines.  The fuel-to-direct-current conversion coefficient IS priced here: it is drawn triangular on the declared list, support 0.17 to 0.2744 with its mode at the delivered central 0.21, so the two registered branches are the endpoints of the support this interval samples rather than values outside it, and each of them is also delivered as a named line.","The electricity-scenario axis changes the carbon content of a kilowatt hour, not the number of kilowatt hours.  Its contribution to the energy interval is therefore exactly zero, and an energy figure must not be captioned as though the electricity axis were inside it.  The same holds for the post-2050 continuation rule ON THAT AXIS and for the reading of the statutory floor: the delivered central, the two electricity-axis continuation lines and the enforceable-standard line carry the same energy in every entry and in every year, bitwise, and they part company only in carbon.  The two VEHICLE-axis continuation lines are a different object and are not covered by this sentence: a rule on that axis moves how much of the deployed stock is electric, so it moves the kilowatt hours as well as the carbon, and the movement is reported rather than gated."
V33_POLICY_CONDITIONAL,EQUAL_SIZE_COMPARISON_1000000_VEHICLES_AT_THE_MEASURED_NATIONAL_RATIO_2988_STI_UNITS_PER_MILLION_VEHICLES,direct_co2_kg,2056,sum over the 51 entries,0.21,1210423147.1131096,1558374432.865,1981813357.9856226,1584666388.970161,0.24339198970889456,0.9834085228991021,"Not priced by this interval: the deployment scale, held at 30 per cent of registered automobiles and 30 per cent of signalized intersections by 2075 in every draw, against its own declared range of 15 to 45 per cent -- the model is exactly linear in that scale, so the two declared levels are delivered beside the interval as named lines, each of them the central rescaled, and never as width; the reading of the statutory floor itself, held at the statutory-targets-honoured reading in every draw, with the enforceable-standard reading delivered beside the interval as a named line rather than as width; the vehicle load model, held at the inherited one, with the single paired dynamometer measurement in the build's own precedent table delivered beside the interval as a named measured-load line; the computing workload growth of 2 per cent a year and the hardware efficiency floor of 0.25, neither of which is drawn or varied anywhere in this build; and the published market case, held at the policy state the interval is conditional on and carried as a named line.  The post-2050 continuation rule IS inside this interval: every electricity member continues along its own 2045-2050 slope at a decreasing rate after 2050 with the enacted statutory floors applied on top, and the linear trend and frozen continuations are delivered beside the interval as named lines.  The fuel-to-direct-current conversion coefficient IS priced here: it is drawn triangular on the declared list, support 0.17 to 0.2744 with its mode at the delivered central 0.21, so the two registered branches are the endpoints of the support this interval samples rather than values outside it, and each of them is also delivered as a named line.","The electricity-scenario axis changes the carbon content of a kilowatt hour, not the number of kilowatt hours.  Its contribution to the energy interval is therefore exactly zero, and an energy figure must not be captioned as though the electricity axis were inside it.  The same holds for the post-2050 continuation rule ON THAT AXIS and for the reading of the statutory floor: the delivered central, the two electricity-axis continuation lines and the enforceable-standard line carry the same energy in every entry and in every year, bitwise, and they part company only in carbon.  The two VEHICLE-axis continuation lines are a different object and are not covered by this sentence: a rule on that axis moves how much of the deployed stock is electric, so it moves the kilowatt hours as well as the carbon, and the movement is reported rather than gated."
V33_POLICY_CONDITIONAL,EQUAL_SIZE_COMPARISON_1000000_VEHICLES_AT_THE_MEASURED_NATIONAL_RATIO_2988_STI_UNITS_PER_MILLION_VEHICLES,direct_co2_kg,2057,sum over the 51 entries,0.21,1266521125.899792,1630472106.374699,2074587924.9633172,1658030389.5426376,0.24368274675786486,0.9833789034617512,"Not priced by this interval: the deployment scale, held at 30 per cent of registered automobiles and 30 per cent of signalized intersections by 2075 in every draw, against its own declared range of 15 to 45 per cent -- the model is exactly linear in that scale, so the two declared levels are delivered beside the interval as named lines, each of them the central rescaled, and never as width; the reading of the statutory floor itself, held at the statutory-targets-honoured reading in every draw, with the enforceable-standard reading delivered beside the interval as a named line rather than as width; the vehicle load model, held at the inherited one, with the single paired dynamometer measurement in the build's own precedent table delivered beside the interval as a named measured-load line; the computing workload growth of 2 per cent a year and the hardware efficiency floor of 0.25, neither of which is drawn or varied anywhere in this build; and the published market case, held at the policy state the interval is conditional on and carried as a named line.  The post-2050 continuation rule IS inside this interval: every electricity member continues along its own 2045-2050 slope at a decreasing rate after 2050 with the enacted statutory floors applied on top, and the linear trend and frozen continuations are delivered beside the interval as named lines.  The fuel-to-direct-current conversion coefficient IS priced here: it is drawn triangular on the declared list, support 0.17 to 0.2744 with its mode at the delivered central 0.21, so the two registered branches are the endpoints of the support this interval samples rather than values outside it, and each of them is also delivered as a named line.","The electricity-scenario axis changes the carbon content of a kilowatt hour, not the number of kilowatt hours.  Its contribution to the energy interval is therefore exactly zero, and an energy figure must not be captioned as though the electricity axis were inside it.  The same holds for the post-2050 continuation rule ON THAT AXIS and for the reading of the statutory floor: the delivered central, the two electricity-axis continuation lines and the enforceable-standard line carry the same energy in every entry and in every year, bitwise, and they part company only in carbon.  The two VEHICLE-axis continuation lines are a different object and are not covered by this sentence: a rule on that axis moves how much of the deployed stock is electric, so it moves the kilowatt hours as well as the carbon, and the movement is reported rather than gated."
V33_POLICY_CONDITIONAL,EQUAL_SIZE_COMPARISON_1000000_VEHICLES_AT_THE_MEASURED_NATIONAL_RATIO_2988_STI_UNITS_PER_MILLION_VEHICLES,direct_co2_kg,2058,sum over the 51 entries,0.21,1321681154.746264,1702183620.6689963,2165930976.650758,1730872397.379478,0.24387985595664904,0.9834252503223715,"Not priced by this interval: the deployment scale, held at 30 per cent of registered automobiles and 30 per cent of signalized intersections by 2075 in every draw, against its own declared range of 15 to 45 per cent -- the model is exactly linear in that scale, so the two declared levels are delivered beside the interval as named lines, each of them the central rescaled, and never as width; the reading of the statutory floor itself, held at the statutory-targets-honoured reading in every draw, with the enforceable-standard reading delivered beside the interval as a named line rather than as width; the vehicle load model, held at the inherited one, with the single paired dynamometer measurement in the build's own precedent table delivered beside the interval as a named measured-load line; the computing workload growth of 2 per cent a year and the hardware efficiency floor of 0.25, neither of which is drawn or varied anywhere in this build; and the published market case, held at the policy state the interval is conditional on and carried as a named line.  The post-2050 continuation rule IS inside this interval: every electricity member continues along its own 2045-2050 slope at a decreasing rate after 2050 with the enacted statutory floors applied on top, and the linear trend and frozen continuations are delivered beside the interval as named lines.  The fuel-to-direct-current conversion coefficient IS priced here: it is drawn triangular on the declared list, support 0.17 to 0.2744 with its mode at the delivered central 0.21, so the two registered branches are the endpoints of the support this interval samples rather than values outside it, and each of them is also delivered as a named line.","The electricity-scenario axis changes the carbon content of a kilowatt hour, not the number of kilowatt hours.  Its contribution to the energy interval is therefore exactly zero, and an energy figure must not be captioned as though the electricity axis were inside it.  The same holds for the post-2050 continuation rule ON THAT AXIS and for the reading of the statutory floor: the delivered central, the two electricity-axis continuation lines and the enforceable-standard line carry the same energy in every entry and in every year, bitwise, and they part company only in carbon.  The two VEHICLE-axis continuation lines are a different object and are not covered by this sentence: a rule on that axis moves how much of the deployed stock is electric, so it moves the kilowatt hours as well as the carbon, and the movement is reported rather than gated."
V33_POLICY_CONDITIONAL,EQUAL_SIZE_COMPARISON_1000000_VEHICLES_AT_THE_MEASURED_NATIONAL_RATIO_2988_STI_UNITS_PER_MILLION_VEHICLES,direct_co2_kg,2059,sum over the 51 entries,0.21,1376004918.15709,1773422359.4254975,2256363920.9911976,1802775458.1526873,0.24416768013255954,0.9837178287542987,"Not priced by this interval: the deployment scale, held at 30 per cent of registered automobiles and 30 per cent of signalized intersections by 2075 in every draw, against its own declared range of 15 to 45 per cent -- the model is exactly linear in that scale, so the two declared levels are delivered beside the interval as named lines, each of them the central rescaled, and never as width; the reading of the statutory floor itself, held at the statutory-targets-honoured reading in every draw, with the enforceable-standard reading delivered beside the interval as a named line rather than as width; the vehicle load model, held at the inherited one, with the single paired dynamometer measurement in the build's own precedent table delivered beside the interval as a named measured-load line; the computing workload growth of 2 per cent a year and the hardware efficiency floor of 0.25, neither of which is drawn or varied anywhere in this build; and the published market case, held at the policy state the interval is conditional on and carried as a named line.  The post-2050 continuation rule IS inside this interval: every electricity member continues along its own 2045-2050 slope at a decreasing rate after 2050 with the enacted statutory floors applied on top, and the linear trend and frozen continuations are delivered beside the interval as named lines.  The fuel-to-direct-current conversion coefficient IS priced here: it is drawn triangular on the declared list, support 0.17 to 0.2744 with its mode at the delivered central 0.21, so the two registered branches are the endpoints of the support this interval samples rather than values outside it, and each of them is also delivered as a named line.","The electricity-scenario axis changes the carbon content of a kilowatt hour, not the number of kilowatt hours.  Its contribution to the energy interval is therefore exactly zero, and an energy figure must not be captioned as though the electricity axis were inside it.  The same holds for the post-2050 continuation rule ON THAT AXIS and for the reading of the statutory floor: the delivered central, the two electricity-axis continuation lines and the enforceable-standard line carry the same energy in every entry and in every year, bitwise, and they part company only in carbon.  The two VEHICLE-axis continuation lines are a different object and are not covered by this sentence: a rule on that axis moves how much of the deployed stock is electric, so it moves the kilowatt hours as well as the carbon, and the movement is reported rather than gated."
V33_POLICY_CONDITIONAL,EQUAL_SIZE_COMPARISON_1000000_VEHICLES_AT_THE_MEASURED_NATIONAL_RATIO_2988_STI_UNITS_PER_MILLION_VEHICLES,direct_co2_kg,2060,sum over the 51 entries,0.21,1429369466.3885186,1843546755.2113683,2342855114.9217844,1873445851.540174,0.24379825223725637,0.9840405868660547,"Not priced by this interval: the deployment scale, held at 30 per cent of registered automobiles and 30 per cent of signalized intersections by 2075 in every draw, against its own declared range of 15 to 45 per cent -- the model is exactly linear in that scale, so the two declared levels are delivered beside the interval as named lines, each of them the central rescaled, and never as width; the reading of the statutory floor itself, held at the statutory-targets-honoured reading in every draw, with the enforceable-standard reading delivered beside the interval as a named line rather than as width; the vehicle load model, held at the inherited one, with the single paired dynamometer measurement in the build's own precedent table delivered beside the interval as a named measured-load line; the computing workload growth of 2 per cent a year and the hardware efficiency floor of 0.25, neither of which is drawn or varied anywhere in this build; and the published market case, held at the policy state the interval is conditional on and carried as a named line.  The post-2050 continuation rule IS inside this interval: every electricity member continues along its own 2045-2050 slope at a decreasing rate after 2050 with the enacted statutory floors applied on top, and the linear trend and frozen continuations are delivered beside the interval as named lines.  The fuel-to-direct-current conversion coefficient IS priced here: it is drawn triangular on the declared list, support 0.17 to 0.2744 with its mode at the delivered central 0.21, so the two registered branches are the endpoints of the support this interval samples rather than values outside it, and each of them is also delivered as a named line.","The electricity-scenario axis changes the carbon content of a kilowatt hour, not the number of kilowatt hours.  Its contribution to the energy interval is therefore exactly zero, and an energy figure must not be captioned as though the electricity axis were inside it.  The same holds for the post-2050 continuation rule ON THAT AXIS and for the reading of the statutory floor: the delivered central, the two electricity-axis continuation lines and the enforceable-standard line carry the same energy in every entry and in every year, bitwise, and they part company only in carbon.  The two VEHICLE-axis continuation lines are a different object and are not covered by this sentence: a rule on that axis moves how much of the deployed stock is electric, so it moves the kilowatt hours as well as the carbon, and the movement is reported rather than gated."
V33_POLICY_CONDITIONAL,EQUAL_SIZE_COMPARISON_1000000_VEHICLES_AT_THE_MEASURED_NATIONAL_RATIO_2988_STI_UNITS_PER_MILLION_VEHICLES,direct_co2_kg,2061,sum over the 51 entries,0.21,1482087038.0560343,1912134384.2556262,2431990289.8184204,1943253881.1215816,0.2444104861929141,0.98398588204646,"Not priced by this interval: the deployment scale, held at 30 per cent of registered automobiles and 30 per cent of signalized intersections by 2075 in every draw, against its own declared range of 15 to 45 per cent -- the model is exactly linear in that scale, so the two declared levels are delivered beside the interval as named lines, each of them the central rescaled, and never as width; the reading of the statutory floor itself, held at the statutory-targets-honoured reading in every draw, with the enforceable-standard reading delivered beside the interval as a named line rather than as width; the vehicle load model, held at the inherited one, with the single paired dynamometer measurement in the build's own precedent table delivered beside the interval as a named measured-load line; the computing workload growth of 2 per cent a year and the hardware efficiency floor of 0.25, neither of which is drawn or varied anywhere in this build; and the published market case, held at the policy state the interval is conditional on and carried as a named line.  The post-2050 continuation rule IS inside this interval: every electricity member continues along its own 2045-2050 slope at a decreasing rate after 2050 with the enacted statutory floors applied on top, and the linear trend and frozen continuations are delivered beside the interval as named lines.  The fuel-to-direct-current conversion coefficient IS priced here: it is drawn triangular on the declared list, support 0.17 to 0.2744 with its mode at the delivered central 0.21, so the two registered branches are the endpoints of the support this interval samples rather than values outside it, and each of them is also delivered as a named line.","The electricity-scenario axis changes the carbon content of a kilowatt hour, not the number of kilowatt hours.  Its contribution to the energy interval is therefore exactly zero, and an energy figure must not be captioned as though the electricity axis were inside it.  The same holds for the post-2050 continuation rule ON THAT AXIS and for the reading of the statutory floor: the delivered central, the two electricity-axis continuation lines and the enforceable-standard line carry the same energy in every entry and in every year, bitwise, and they part company only in carbon.  The two VEHICLE-axis continuation lines are a different object and are not covered by this sentence: a rule on that axis moves how much of the deployed stock is electric, so it moves the kilowatt hours as well as the carbon, and the movement is reported rather than gated."
V33_POLICY_CONDITIONAL,EQUAL_SIZE_COMPARISON_1000000_VEHICLES_AT_THE_MEASURED_NATIONAL_RATIO_2988_STI_UNITS_PER_MILLION_VEHICLES,direct_co2_kg,2062,sum over the 51 entries,0.21,1534498918.3801675,1980671727.8553877,2518580592.835288,2012473993.9276905,0.24449550091688768,0.9841974275601767,"Not priced by this interval: the deployment scale, held at 30 per cent of registered automobiles and 30 per cent of signalized intersections by 2075 in every draw, against its own declared range of 15 to 45 per cent -- the model is exactly linear in that scale, so the two declared levels are delivered beside the interval as named lines, each of them the central rescaled, and never as width; the reading of the statutory floor itself, held at the statutory-targets-honoured reading in every draw, with the enforceable-standard reading delivered beside the interval as a named line rather than as width; the vehicle load model, held at the inherited one, with the single paired dynamometer measurement in the build's own precedent table delivered beside the interval as a named measured-load line; the computing workload growth of 2 per cent a year and the hardware efficiency floor of 0.25, neither of which is drawn or varied anywhere in this build; and the published market case, held at the policy state the interval is conditional on and carried as a named line.  The post-2050 continuation rule IS inside this interval: every electricity member continues along its own 2045-2050 slope at a decreasing rate after 2050 with the enacted statutory floors applied on top, and the linear trend and frozen continuations are delivered beside the interval as named lines.  The fuel-to-direct-current conversion coefficient IS priced here: it is drawn triangular on the declared list, support 0.17 to 0.2744 with its mode at the delivered central 0.21, so the two registered branches are the endpoints of the support this interval samples rather than values outside it, and each of them is also delivered as a named line.","The electricity-scenario axis changes the carbon content of a kilowatt hour, not the number of kilowatt hours.  Its contribution to the energy interval is therefore exactly zero, and an energy figure must not be captioned as though the electricity axis were inside it.  The same holds for the post-2050 continuation rule ON THAT AXIS and for the reading of the statutory floor: the delivered central, the two electricity-axis continuation lines and the enforceable-standard line carry the same energy in every entry and in every year, bitwise, and they part company only in carbon.  The two VEHICLE-axis continuation lines are a different object and are not covered by this sentence: a rule on that axis moves how much of the deployed stock is electric, so it moves the kilowatt hours as well as the carbon, and the movement is reported rather than gated."
V33_POLICY_CONDITIONAL,EQUAL_SIZE_COMPARISON_1000000_VEHICLES_AT_THE_MEASURED_NATIONAL_RATIO_2988_STI_UNITS_PER_MILLION_VEHICLES,direct_co2_kg,2063,sum over the 51 entries,0.21,1584974842.895137,2047335869.8717456,2601082820.430035,2079782416.7721515,0.2442822790837684,0.9843990666337283,"Not priced by this interval: the deployment scale, held at 30 per cent of registered automobiles and 30 per cent of signalized intersections by 2075 in every draw, against its own declared range of 15 to 45 per cent -- the model is exactly linear in that scale, so the two declared levels are delivered beside the interval as named lines, each of them the central rescaled, and never as width; the reading of the statutory floor itself, held at the statutory-targets-honoured reading in every draw, with the enforceable-standard reading delivered beside the interval as a named line rather than as width; the vehicle load model, held at the inherited one, with the single paired dynamometer measurement in the build's own precedent table delivered beside the interval as a named measured-load line; the computing workload growth of 2 per cent a year and the hardware efficiency floor of 0.25, neither of which is drawn or varied anywhere in this build; and the published market case, held at the policy state the interval is conditional on and carried as a named line.  The post-2050 continuation rule IS inside this interval: every electricity member continues along its own 2045-2050 slope at a decreasing rate after 2050 with the enacted statutory floors applied on top, and the linear trend and frozen continuations are delivered beside the interval as named lines.  The fuel-to-direct-current conversion coefficient IS priced here: it is drawn triangular on the declared list, support 0.17 to 0.2744 with its mode at the delivered central 0.21, so the two registered branches are the endpoints of the support this interval samples rather than values outside it, and each of them is also delivered as a named line.","The electricity-scenario axis changes the carbon content of a kilowatt hour, not the number of kilowatt hours.  Its contribution to the energy interval is therefore exactly zero, and an energy figure must not be captioned as though the electricity axis were inside it.  The same holds for the post-2050 continuation rule ON THAT AXIS and for the reading of the statutory floor: the delivered central, the two electricity-axis continuation lines and the enforceable-standard line carry the same energy in every entry and in every year, bitwise, and they part company only in carbon.  The two VEHICLE-axis continuation lines are a different object and are not covered by this sentence: a rule on that axis moves how much of the deployed stock is electric, so it moves the kilowatt hours as well as the carbon, and the movement is reported rather than gated."
V33_POLICY_CONDITIONAL,EQUAL_SIZE_COMPARISON_1000000_VEHICLES_AT_THE_MEASURED_NATIONAL_RATIO_2988_STI_UNITS_PER_MILLION_VEHICLES,direct_co2_kg,2064,sum over the 51 entries,0.21,1634785245.75577,2112030096.0355968,2681395869.4560504,2145495951.601504,0.24390878549993036,0.9844018090358424,"Not priced by this interval: the deployment scale, held at 30 per cent of registered automobiles and 30 per cent of signalized intersections by 2075 in every draw, against its own declared range of 15 to 45 per cent -- the model is exactly linear in that scale, so the two declared levels are delivered beside the interval as named lines, each of them the central rescaled, and never as width; the reading of the statutory floor itself, held at the statutory-targets-honoured reading in every draw, with the enforceable-standard reading delivered beside the interval as a named line rather than as width; the vehicle load model, held at the inherited one, with the single paired dynamometer measurement in the build's own precedent table delivered beside the interval as a named measured-load line; the computing workload growth of 2 per cent a year and the hardware efficiency floor of 0.25, neither of which is drawn or varied anywhere in this build; and the published market case, held at the policy state the interval is conditional on and carried as a named line.  The post-2050 continuation rule IS inside this interval: every electricity member continues along its own 2045-2050 slope at a decreasing rate after 2050 with the enacted statutory floors applied on top, and the linear trend and frozen continuations are delivered beside the interval as named lines.  The fuel-to-direct-current conversion coefficient IS priced here: it is drawn triangular on the declared list, support 0.17 to 0.2744 with its mode at the delivered central 0.21, so the two registered branches are the endpoints of the support this interval samples rather than values outside it, and each of them is also delivered as a named line.","The electricity-scenario axis changes the carbon content of a kilowatt hour, not the number of kilowatt hours.  Its contribution to the energy interval is therefore exactly zero, and an energy figure must not be captioned as though the electricity axis were inside it.  The same holds for the post-2050 continuation rule ON THAT AXIS and for the reading of the statutory floor: the delivered central, the two electricity-axis continuation lines and the enforceable-standard line carry the same energy in every entry and in every year, bitwise, and they part company only in carbon.  The two VEHICLE-axis continuation lines are a different object and are not covered by this sentence: a rule on that axis moves how much of the deployed stock is electric, so it moves the kilowatt hours as well as the carbon, and the movement is reported rather than gated."
V33_POLICY_CONDITIONAL,EQUAL_SIZE_COMPARISON_1000000_VEHICLES_AT_THE_MEASURED_NATIONAL_RATIO_2988_STI_UNITS_PER_MILLION_VEHICLES,direct_co2_kg,2065,sum over the 51 entries,0.21,1683525870.528096,2174232463.9609785,2760018273.375639,2209255042.5712495,0.2436324421816558,0.9841473356695342,"Not priced by this interval: the deployment scale, held at 30 per cent of registered automobiles and 30 per cent of signalized intersections by 2075 in every draw, against its own declared range of 15 to 45 per cent -- the model is exactly linear in that scale, so the two declared levels are delivered beside the interval as named lines, each of them the central rescaled, and never as width; the reading of the statutory floor itself, held at the statutory-targets-honoured reading in every draw, with the enforceable-standard reading delivered beside the interval as a named line rather than as width; the vehicle load model, held at the inherited one, with the single paired dynamometer measurement in the build's own precedent table delivered beside the interval as a named measured-load line; the computing workload growth of 2 per cent a year and the hardware efficiency floor of 0.25, neither of which is drawn or varied anywhere in this build; and the published market case, held at the policy state the interval is conditional on and carried as a named line.  The post-2050 continuation rule IS inside this interval: every electricity member continues along its own 2045-2050 slope at a decreasing rate after 2050 with the enacted statutory floors applied on top, and the linear trend and frozen continuations are delivered beside the interval as named lines.  The fuel-to-direct-current conversion coefficient IS priced here: it is drawn triangular on the declared list, support 0.17 to 0.2744 with its mode at the delivered central 0.21, so the two registered branches are the endpoints of the support this interval samples rather than values outside it, and each of them is also delivered as a named line.","The electricity-scenario axis changes the carbon content of a kilowatt hour, not the number of kilowatt hours.  Its contribution to the energy interval is therefore exactly zero, and an energy figure must not be captioned as though the electricity axis were inside it.  The same holds for the post-2050 continuation rule ON THAT AXIS and for the reading of the statutory floor: the delivered central, the two electricity-axis continuation lines and the enforceable-standard line carry the same energy in every entry and in every year, bitwise, and they part company only in carbon.  The two VEHICLE-axis continuation lines are a different object and are not covered by this sentence: a rule on that axis moves how much of the deployed stock is electric, so it moves the kilowatt hours as well as the carbon, and the movement is reported rather than gated."
V33_POLICY_CONDITIONAL,EQUAL_SIZE_COMPARISON_1000000_VEHICLES_AT_THE_MEASURED_NATIONAL_RATIO_2988_STI_UNITS_PER_MILLION_VEHICLES,direct_co2_kg,2066,sum over the 51 entries,0.21,1730826873.9754372,2234283983.5585837,2836267850.303603,2270658216.9102974,0.24341861934473527,0.9839807536507152,"Not priced by this interval: the deployment scale, held at 30 per cent of registered automobiles and 30 per cent of signalized intersections by 2075 in every draw, against its own declared range of 15 to 45 per cent -- the model is exactly linear in that scale, so the two declared levels are delivered beside the interval as named lines, each of them the central rescaled, and never as width; the reading of the statutory floor itself, held at the statutory-targets-honoured reading in every draw, with the enforceable-standard reading delivered beside the interval as a named line rather than as width; the vehicle load model, held at the inherited one, with the single paired dynamometer measurement in the build's own precedent table delivered beside the interval as a named measured-load line; the computing workload growth of 2 per cent a year and the hardware efficiency floor of 0.25, neither of which is drawn or varied anywhere in this build; and the published market case, held at the policy state the interval is conditional on and carried as a named line.  The post-2050 continuation rule IS inside this interval: every electricity member continues along its own 2045-2050 slope at a decreasing rate after 2050 with the enacted statutory floors applied on top, and the linear trend and frozen continuations are delivered beside the interval as named lines.  The fuel-to-direct-current conversion coefficient IS priced here: it is drawn triangular on the declared list, support 0.17 to 0.2744 with its mode at the delivered central 0.21, so the two registered branches are the endpoints of the support this interval samples rather than values outside it, and each of them is also delivered as a named line.","The electricity-scenario axis changes the carbon content of a kilowatt hour, not the number of kilowatt hours.  Its contribution to the energy interval is therefore exactly zero, and an energy figure must not be captioned as though the electricity axis were inside it.  The same holds for the post-2050 continuation rule ON THAT AXIS and for the reading of the statutory floor: the delivered central, the two electricity-axis continuation lines and the enforceable-standard line carry the same energy in every entry and in every year, bitwise, and they part company only in carbon.  The two VEHICLE-axis continuation lines are a different object and are not covered by this sentence: a rule on that axis moves how much of the deployed stock is electric, so it moves the kilowatt hours as well as the carbon, and the movement is reported rather than gated."
V33_POLICY_CONDITIONAL,EQUAL_SIZE_COMPARISON_1000000_VEHICLES_AT_THE_MEASURED_NATIONAL_RATIO_2988_STI_UNITS_PER_MILLION_VEHICLES,direct_co2_kg,2067,sum over the 51 entries,0.21,1776097060.8866448,2290745892.887329,2908202633.117567,2329367486.8667917,0.2430070778041351,0.9834197076256902,"Not priced by this interval: the deployment scale, held at 30 per cent of registered automobiles and 30 per cent of signalized intersections by 2075 in every draw, against its own declared range of 15 to 45 per cent -- the model is exactly linear in that scale, so the two declared levels are delivered beside the interval as named lines, each of them the central rescaled, and never as width; the reading of the statutory floor itself, held at the statutory-targets-honoured reading in every draw, with the enforceable-standard reading delivered beside the interval as a named line rather than as width; the vehicle load model, held at the inherited one, with the single paired dynamometer measurement in the build's own precedent table delivered beside the interval as a named measured-load line; the computing workload growth of 2 per cent a year and the hardware efficiency floor of 0.25, neither of which is drawn or varied anywhere in this build; and the published market case, held at the policy state the interval is conditional on and carried as a named line.  The post-2050 continuation rule IS inside this interval: every electricity member continues along its own 2045-2050 slope at a decreasing rate after 2050 with the enacted statutory floors applied on top, and the linear trend and frozen continuations are delivered beside the interval as named lines.  The fuel-to-direct-current conversion coefficient IS priced here: it is drawn triangular on the declared list, support 0.17 to 0.2744 with its mode at the delivered central 0.21, so the two registered branches are the endpoints of the support this interval samples rather than values outside it, and each of them is also delivered as a named line.","The electricity-scenario axis changes the carbon content of a kilowatt hour, not the number of kilowatt hours.  Its contribution to the energy interval is therefore exactly zero, and an energy figure must not be captioned as though the electricity axis were inside it.  The same holds for the post-2050 continuation rule ON THAT AXIS and for the reading of the statutory floor: the delivered central, the two electricity-axis continuation lines and the enforceable-standard line carry the same energy in every entry and in every year, bitwise, and they part company only in carbon.  The two VEHICLE-axis continuation lines are a different object and are not covered by this sentence: a rule on that axis moves how much of the deployed stock is electric, so it moves the kilowatt hours as well as the carbon, and the movement is reported rather than gated."
V33_POLICY_CONDITIONAL,EQUAL_SIZE_COMPARISON_1000000_VEHICLES_AT_THE_MEASURED_NATIONAL_RATIO_2988_STI_UNITS_PER_MILLION_VEHICLES,direct_co2_kg,2068,sum over the 51 entries,0.21,1818690148.1508307,2346426221.2424335,2975730421.666249,2385022105.923667,0.24256384681753748,0.9838173891196341,"Not priced by this interval: the deployment scale, held at 30 per cent of registered automobiles and 30 per cent of signalized intersections by 2075 in every draw, against its own declared range of 15 to 45 per cent -- the model is exactly linear in that scale, so the two declared levels are delivered beside the interval as named lines, each of them the central rescaled, and never as width; the reading of the statutory floor itself, held at the statutory-targets-honoured reading in every draw, with the enforceable-standard reading delivered beside the interval as a named line rather than as width; the vehicle load model, held at the inherited one, with the single paired dynamometer measurement in the build's own precedent table delivered beside the interval as a named measured-load line; the computing workload growth of 2 per cent a year and the hardware efficiency floor of 0.25, neither of which is drawn or varied anywhere in this build; and the published market case, held at the policy state the interval is conditional on and carried as a named line.  The post-2050 continuation rule IS inside this interval: every electricity member continues along its own 2045-2050 slope at a decreasing rate after 2050 with the enacted statutory floors applied on top, and the linear trend and frozen continuations are delivered beside the interval as named lines.  The fuel-to-direct-current conversion coefficient IS priced here: it is drawn triangular on the declared list, support 0.17 to 0.2744 with its mode at the delivered central 0.21, so the two registered branches are the endpoints of the support this interval samples rather than values outside it, and each of them is also delivered as a named line.","The electricity-scenario axis changes the carbon content of a kilowatt hour, not the number of kilowatt hours.  Its contribution to the energy interval is therefore exactly zero, and an energy figure must not be captioned as though the electricity axis were inside it.  The same holds for the post-2050 continuation rule ON THAT AXIS and for the reading of the statutory floor: the delivered central, the two electricity-axis continuation lines and the enforceable-standard line carry the same energy in every entry and in every year, bitwise, and they part company only in carbon.  The two VEHICLE-axis continuation lines are a different object and are not covered by this sentence: a rule on that axis moves how much of the deployed stock is electric, so it moves the kilowatt hours as well as the carbon, and the movement is reported rather than gated."
V33_POLICY_CONDITIONAL,EQUAL_SIZE_COMPARISON_1000000_VEHICLES_AT_THE_MEASURED_NATIONAL_RATIO_2988_STI_UNITS_PER_MILLION_VEHICLES,direct_co2_kg,2069,sum over the 51 entries,0.21,1856990253.2869194,2397691076.08431,3039075244.85826,2437119978.8532887,0.2425167824785414,0.983821517565364,"Not priced by this interval: the deployment scale, held at 30 per cent of registered automobiles and 30 per cent of signalized intersections by 2075 in every draw, against its own declared range of 15 to 45 per cent -- the model is exactly linear in that scale, so the two declared levels are delivered beside the interval as named lines, each of them the central rescaled, and never as width; the reading of the statutory floor itself, held at the statutory-targets-honoured reading in every draw, with the enforceable-standard reading delivered beside the interval as a named line rather than as width; the vehicle load model, held at the inherited one, with the single paired dynamometer measurement in the build's own precedent table delivered beside the interval as a named measured-load line; the computing workload growth of 2 per cent a year and the hardware efficiency floor of 0.25, neither of which is drawn or varied anywhere in this build; and the published market case, held at the policy state the interval is conditional on and carried as a named line.  The post-2050 continuation rule IS inside this interval: every electricity member continues along its own 2045-2050 slope at a decreasing rate after 2050 with the enacted statutory floors applied on top, and the linear trend and frozen continuations are delivered beside the interval as named lines.  The fuel-to-direct-current conversion coefficient IS priced here: it is drawn triangular on the declared list, support 0.17 to 0.2744 with its mode at the delivered central 0.21, so the two registered branches are the endpoints of the support this interval samples rather than values outside it, and each of them is also delivered as a named line.","The electricity-scenario axis changes the carbon content of a kilowatt hour, not the number of kilowatt hours.  Its contribution to the energy interval is therefore exactly zero, and an energy figure must not be captioned as though the electricity axis were inside it.  The same holds for the post-2050 continuation rule ON THAT AXIS and for the reading of the statutory floor: the delivered central, the two electricity-axis continuation lines and the enforceable-standard line carry the same energy in every entry and in every year, bitwise, and they part company only in carbon.  The two VEHICLE-axis continuation lines are a different object and are not covered by this sentence: a rule on that axis moves how much of the deployed stock is electric, so it moves the kilowatt hours as well as the carbon, and the movement is reported rather than gated."
V33_POLICY_CONDITIONAL,EQUAL_SIZE_COMPARISON_1000000_VEHICLES_AT_THE_MEASURED_NATIONAL_RATIO_2988_STI_UNITS_PER_MILLION_VEHICLES,direct_co2_kg,2070,sum over the 51 entries,0.21,1892724432.1617148,2445493822.5616035,3099028364.7705674,2485260633.105774,0.24269163494159604,0.9839989375703929,"Not priced by this interval: the deployment scale, held at 30 per cent of registered automobiles and 30 per cent of signalized intersections by 2075 in every draw, against its own declared range of 15 to 45 per cent -- the model is exactly linear in that scale, so the two declared levels are delivered beside the interval as named lines, each of them the central rescaled, and never as width; the reading of the statutory floor itself, held at the statutory-targets-honoured reading in every draw, with the enforceable-standard reading delivered beside the interval as a named line rather than as width; the vehicle load model, held at the inherited one, with the single paired dynamometer measurement in the build's own precedent table delivered beside the interval as a named measured-load line; the computing workload growth of 2 per cent a year and the hardware efficiency floor of 0.25, neither of which is drawn or varied anywhere in this build; and the published market case, held at the policy state the interval is conditional on and carried as a named line.  The post-2050 continuation rule IS inside this interval: every electricity member continues along its own 2045-2050 slope at a decreasing rate after 2050 with the enacted statutory floors applied on top, and the linear trend and frozen continuations are delivered beside the interval as named lines.  The fuel-to-direct-current conversion coefficient IS priced here: it is drawn triangular on the declared list, support 0.17 to 0.2744 with its mode at the delivered central 0.21, so the two registered branches are the endpoints of the support this interval samples rather than values outside it, and each of them is also delivered as a named line.","The electricity-scenario axis changes the carbon content of a kilowatt hour, not the number of kilowatt hours.  Its contribution to the energy interval is therefore exactly zero, and an energy figure must not be captioned as though the electricity axis were inside it.  The same holds for the post-2050 continuation rule ON THAT AXIS and for the reading of the statutory floor: the delivered central, the two electricity-axis continuation lines and the enforceable-standard line carry the same energy in every entry and in every year, bitwise, and they part company only in carbon.  The two VEHICLE-axis continuation lines are a different object and are not covered by this sentence: a rule on that axis moves how much of the deployed stock is electric, so it moves the kilowatt hours as well as the carbon, and the movement is reported rather than gated."
V33_POLICY_CONDITIONAL,EQUAL_SIZE_COMPARISON_1000000_VEHICLES_AT_THE_MEASURED_NATIONAL_RATIO_2988_STI_UNITS_PER_MILLION_VEHICLES,direct_co2_kg,2071,sum over the 51 entries,0.21,1925190131.0708668,2488457469.3564043,3154791762.8893967,2528935844.700302,0.2431065292532652,0.9839939097590296,"Not priced by this interval: the deployment scale, held at 30 per cent of registered automobiles and 30 per cent of signalized intersections by 2075 in every draw, against its own declared range of 15 to 45 per cent -- the model is exactly linear in that scale, so the two declared levels are delivered beside the interval as named lines, each of them the central rescaled, and never as width; the reading of the statutory floor itself, held at the statutory-targets-honoured reading in every draw, with the enforceable-standard reading delivered beside the interval as a named line rather than as width; the vehicle load model, held at the inherited one, with the single paired dynamometer measurement in the build's own precedent table delivered beside the interval as a named measured-load line; the computing workload growth of 2 per cent a year and the hardware efficiency floor of 0.25, neither of which is drawn or varied anywhere in this build; and the published market case, held at the policy state the interval is conditional on and carried as a named line.  The post-2050 continuation rule IS inside this interval: every electricity member continues along its own 2045-2050 slope at a decreasing rate after 2050 with the enacted statutory floors applied on top, and the linear trend and frozen continuations are delivered beside the interval as named lines.  The fuel-to-direct-current conversion coefficient IS priced here: it is drawn triangular on the declared list, support 0.17 to 0.2744 with its mode at the delivered central 0.21, so the two registered branches are the endpoints of the support this interval samples rather than values outside it, and each of them is also delivered as a named line.","The electricity-scenario axis changes the carbon content of a kilowatt hour, not the number of kilowatt hours.  Its contribution to the energy interval is therefore exactly zero, and an energy figure must not be captioned as though the electricity axis were inside it.  The same holds for the post-2050 continuation rule ON THAT AXIS and for the reading of the statutory floor: the delivered central, the two electricity-axis continuation lines and the enforceable-standard line carry the same energy in every entry and in every year, bitwise, and they part company only in carbon.  The two VEHICLE-axis continuation lines are a different object and are not covered by this sentence: a rule on that axis moves how much of the deployed stock is electric, so it moves the kilowatt hours as well as the carbon, and the movement is reported rather than gated."
V33_POLICY_CONDITIONAL,EQUAL_SIZE_COMPARISON_1000000_VEHICLES_AT_THE_MEASURED_NATIONAL_RATIO_2988_STI_UNITS_PER_MILLION_VEHICLES,direct_co2_kg,2072,sum over the 51 entries,0.21,1953911928.5994785,2527146088.7378535,3203307069.186297,2567761759.993604,0.2432848638944468,0.984182461204714,"Not priced by this interval: the deployment scale, held at 30 per cent of registered automobiles and 30 per cent of signalized intersections by 2075 in every draw, against its own declared range of 15 to 45 per cent -- the model is exactly linear in that scale, so the two declared levels are delivered beside the interval as named lines, each of them the central rescaled, and never as width; the reading of the statutory floor itself, held at the statutory-targets-honoured reading in every draw, with the enforceable-standard reading delivered beside the interval as a named line rather than as width; the vehicle load model, held at the inherited one, with the single paired dynamometer measurement in the build's own precedent table delivered beside the interval as a named measured-load line; the computing workload growth of 2 per cent a year and the hardware efficiency floor of 0.25, neither of which is drawn or varied anywhere in this build; and the published market case, held at the policy state the interval is conditional on and carried as a named line.  The post-2050 continuation rule IS inside this interval: every electricity member continues along its own 2045-2050 slope at a decreasing rate after 2050 with the enacted statutory floors applied on top, and the linear trend and frozen continuations are delivered beside the interval as named lines.  The fuel-to-direct-current conversion coefficient IS priced here: it is drawn triangular on the declared list, support 0.17 to 0.2744 with its mode at the delivered central 0.21, so the two registered branches are the endpoints of the support this interval samples rather than values outside it, and each of them is also delivered as a named line.","The electricity-scenario axis changes the carbon content of a kilowatt hour, not the number of kilowatt hours.  Its contribution to the energy interval is therefore exactly zero, and an energy figure must not be captioned as though the electricity axis were inside it.  The same holds for the post-2050 continuation rule ON THAT AXIS and for the reading of the statutory floor: the delivered central, the two electricity-axis continuation lines and the enforceable-standard line carry the same energy in every entry and in every year, bitwise, and they part company only in carbon.  The two VEHICLE-axis continuation lines are a different object and are not covered by this sentence: a rule on that axis moves how much of the deployed stock is electric, so it moves the kilowatt hours as well as the carbon, and the movement is reported rather than gated."
V33_POLICY_CONDITIONAL,EQUAL_SIZE_COMPARISON_1000000_VEHICLES_AT_THE_MEASURED_NATIONAL_RATIO_2988_STI_UNITS_PER_MILLION_VEHICLES,direct_co2_kg,2073,sum over the 51 entries,0.21,1979341159.5778987,2562658046.971649,3246221228.1938257,2602260711.484447,0.24341912841877428,0.9847814385630075,"Not priced by this interval: the deployment scale, held at 30 per cent of registered automobiles and 30 per cent of signalized intersections by 2075 in every draw, against its own declared range of 15 to 45 per cent -- the model is exactly linear in that scale, so the two declared levels are delivered beside the interval as named lines, each of them the central rescaled, and never as width; the reading of the statutory floor itself, held at the statutory-targets-honoured reading in every draw, with the enforceable-standard reading delivered beside the interval as a named line rather than as width; the vehicle load model, held at the inherited one, with the single paired dynamometer measurement in the build's own precedent table delivered beside the interval as a named measured-load line; the computing workload growth of 2 per cent a year and the hardware efficiency floor of 0.25, neither of which is drawn or varied anywhere in this build; and the published market case, held at the policy state the interval is conditional on and carried as a named line.  The post-2050 continuation rule IS inside this interval: every electricity member continues along its own 2045-2050 slope at a decreasing rate after 2050 with the enacted statutory floors applied on top, and the linear trend and frozen continuations are delivered beside the interval as named lines.  The fuel-to-direct-current conversion coefficient IS priced here: it is drawn triangular on the declared list, support 0.17 to 0.2744 with its mode at the delivered central 0.21, so the two registered branches are the endpoints of the support this interval samples rather than values outside it, and each of them is also delivered as a named line.","The electricity-scenario axis changes the carbon content of a kilowatt hour, not the number of kilowatt hours.  Its contribution to the energy interval is therefore exactly zero, and an energy figure must not be captioned as though the electricity axis were inside it.  The same holds for the post-2050 continuation rule ON THAT AXIS and for the reading of the statutory floor: the delivered central, the two electricity-axis continuation lines and the enforceable-standard line carry the same energy in every entry and in every year, bitwise, and they part company only in carbon.  The two VEHICLE-axis continuation lines are a different object and are not covered by this sentence: a rule on that axis moves how much of the deployed stock is electric, so it moves the kilowatt hours as well as the carbon, and the movement is reported rather than gated."
V33_POLICY_CONDITIONAL,EQUAL_SIZE_COMPARISON_1000000_VEHICLES_AT_THE_MEASURED_NATIONAL_RATIO_2988_STI_UNITS_PER_MILLION_VEHICLES,direct_co2_kg,2074,sum over the 51 entries,0.21,2001938674.2002778,2593238915.5471497,3281907403.4093223,2632824368.9005494,0.24307901892892902,0.9849646433613305,"Not priced by this interval: the deployment scale, held at 30 per cent of registered automobiles and 30 per cent of signalized intersections by 2075 in every draw, against its own declared range of 15 to 45 per cent -- the model is exactly linear in that scale, so the two declared levels are delivered beside the interval as named lines, each of them the central rescaled, and never as width; the reading of the statutory floor itself, held at the statutory-targets-honoured reading in every draw, with the enforceable-standard reading delivered beside the interval as a named line rather than as width; the vehicle load model, held at the inherited one, with the single paired dynamometer measurement in the build's own precedent table delivered beside the interval as a named measured-load line; the computing workload growth of 2 per cent a year and the hardware efficiency floor of 0.25, neither of which is drawn or varied anywhere in this build; and the published market case, held at the policy state the interval is conditional on and carried as a named line.  The post-2050 continuation rule IS inside this interval: every electricity member continues along its own 2045-2050 slope at a decreasing rate after 2050 with the enacted statutory floors applied on top, and the linear trend and frozen continuations are delivered beside the interval as named lines.  The fuel-to-direct-current conversion coefficient IS priced here: it is drawn triangular on the declared list, support 0.17 to 0.2744 with its mode at the delivered central 0.21, so the two registered branches are the endpoints of the support this interval samples rather than values outside it, and each of them is also delivered as a named line.","The electricity-scenario axis changes the carbon content of a kilowatt hour, not the number of kilowatt hours.  Its contribution to the energy interval is therefore exactly zero, and an energy figure must not be captioned as though the electricity axis were inside it.  The same holds for the post-2050 continuation rule ON THAT AXIS and for the reading of the statutory floor: the delivered central, the two electricity-axis continuation lines and the enforceable-standard line carry the same energy in every entry and in every year, bitwise, and they part company only in carbon.  The two VEHICLE-axis continuation lines are a different object and are not covered by this sentence: a rule on that axis moves how much of the deployed stock is electric, so it moves the kilowatt hours as well as the carbon, and the movement is reported rather than gated."
V33_POLICY_CONDITIONAL,EQUAL_SIZE_COMPARISON_1000000_VEHICLES_AT_THE_MEASURED_NATIONAL_RATIO_2988_STI_UNITS_PER_MILLION_VEHICLES,direct_co2_kg,2075,sum over the 51 entries,0.21,2021372066.1951962,2617789414.0319877,3313205371.9056354,2657857219.085597,0.24302157701211627,0.9849247714414869,"Not priced by this interval: the deployment scale, held at 30 per cent of registered automobiles and 30 per cent of signalized intersections by 2075 in every draw, against its own declared range of 15 to 45 per cent -- the model is exactly linear in that scale, so the two declared levels are delivered beside the interval as named lines, each of them the central rescaled, and never as width; the reading of the statutory floor itself, held at the statutory-targets-honoured reading in every draw, with the enforceable-standard reading delivered beside the interval as a named line rather than as width; the vehicle load model, held at the inherited one, with the single paired dynamometer measurement in the build's own precedent table delivered beside the interval as a named measured-load line; the computing workload growth of 2 per cent a year and the hardware efficiency floor of 0.25, neither of which is drawn or varied anywhere in this build; and the published market case, held at the policy state the interval is conditional on and carried as a named line.  The post-2050 continuation rule IS inside this interval: every electricity member continues along its own 2045-2050 slope at a decreasing rate after 2050 with the enacted statutory floors applied on top, and the linear trend and frozen continuations are delivered beside the interval as named lines.  The fuel-to-direct-current conversion coefficient IS priced here: it is drawn triangular on the declared list, support 0.17 to 0.2744 with its mode at the delivered central 0.21, so the two registered branches are the endpoints of the support this interval samples rather than values outside it, and each of them is also delivered as a named line.","The electricity-scenario axis changes the carbon content of a kilowatt hour, not the number of kilowatt hours.  Its contribution to the energy interval is therefore exactly zero, and an energy figure must not be captioned as though the electricity axis were inside it.  The same holds for the post-2050 continuation rule ON THAT AXIS and for the reading of the statutory floor: the delivered central, the two electricity-axis continuation lines and the enforceable-standard line carry the same energy in every entry and in every year, bitwise, and they part company only in carbon.  The two VEHICLE-axis continuation lines are a different object and are not covered by this sentence: a rule on that axis moves how much of the deployed stock is electric, so it moves the kilowatt hours as well as the carbon, and the movement is reported rather than gated."
V33_POLICY_CONDITIONAL,EQUAL_SIZE_COMPARISON_1000000_VEHICLES_AT_THE_MEASURED_NATIONAL_RATIO_2988_STI_UNITS_PER_MILLION_VEHICLES,grid_intensity_kg_per_kwh,2025,electricity-weighted mean: national grid carbon over national electricity,0.21,0.3031868496386494,0.33711192807223245,0.3711847658496808,0.3372160469889227,0.10082247985853575,0.9996912397330436,"Not priced by this interval: the deployment scale, held at 30 per cent of registered automobiles and 30 per cent of signalized intersections by 2075 in every draw, against its own declared range of 15 to 45 per cent -- the model is exactly linear in that scale, so the two declared levels are delivered beside the interval as named lines, each of them the central rescaled, and never as width; the reading of the statutory floor itself, held at the statutory-targets-honoured reading in every draw, with the enforceable-standard reading delivered beside the interval as a named line rather than as width; the vehicle load model, held at the inherited one, with the single paired dynamometer measurement in the build's own precedent table delivered beside the interval as a named measured-load line; the computing workload growth of 2 per cent a year and the hardware efficiency floor of 0.25, neither of which is drawn or varied anywhere in this build; and the published market case, held at the policy state the interval is conditional on and carried as a named line.  The post-2050 continuation rule IS inside this interval: every electricity member continues along its own 2045-2050 slope at a decreasing rate after 2050 with the enacted statutory floors applied on top, and the linear trend and frozen continuations are delivered beside the interval as named lines.  The fuel-to-direct-current conversion coefficient IS priced here: it is drawn triangular on the declared list, support 0.17 to 0.2744 with its mode at the delivered central 0.21, so the two registered branches are the endpoints of the support this interval samples rather than values outside it, and each of them is also delivered as a named line.","The electricity-scenario axis changes the carbon content of a kilowatt hour, not the number of kilowatt hours.  Its contribution to the energy interval is therefore exactly zero, and an energy figure must not be captioned as though the electricity axis were inside it.  The same holds for the post-2050 continuation rule ON THAT AXIS and for the reading of the statutory floor: the delivered central, the two electricity-axis continuation lines and the enforceable-standard line carry the same energy in every entry and in every year, bitwise, and they part company only in carbon.  The two VEHICLE-axis continuation lines are a different object and are not covered by this sentence: a rule on that axis moves how much of the deployed stock is electric, so it moves the kilowatt hours as well as the carbon, and the movement is reported rather than gated."
V33_POLICY_CONDITIONAL,EQUAL_SIZE_COMPARISON_1000000_VEHICLES_AT_THE_MEASURED_NATIONAL_RATIO_2988_STI_UNITS_PER_MILLION_VEHICLES,grid_intensity_kg_per_kwh,2026,electricity-weighted mean: national grid carbon over national electricity,0.21,0.23861463995434723,0.26696354875198786,0.2964590178592603,0.2633645145959063,0.10981809374293779,1.0136656001724595,"Not priced by this interval: the deployment scale, held at 30 per cent of registered automobiles and 30 per cent of signalized intersections by 2075 in every draw, against its own declared range of 15 to 45 per cent -- the model is exactly linear in that scale, so the two declared levels are delivered beside the interval as named lines, each of them the central rescaled, and never as width; the reading of the statutory floor itself, held at the statutory-targets-honoured reading in every draw, with the enforceable-standard reading delivered beside the interval as a named line rather than as width; the vehicle load model, held at the inherited one, with the single paired dynamometer measurement in the build's own precedent table delivered beside the interval as a named measured-load line; the computing workload growth of 2 per cent a year and the hardware efficiency floor of 0.25, neither of which is drawn or varied anywhere in this build; and the published market case, held at the policy state the interval is conditional on and carried as a named line.  The post-2050 continuation rule IS inside this interval: every electricity member continues along its own 2045-2050 slope at a decreasing rate after 2050 with the enacted statutory floors applied on top, and the linear trend and frozen continuations are delivered beside the interval as named lines.  The fuel-to-direct-current conversion coefficient IS priced here: it is drawn triangular on the declared list, support 0.17 to 0.2744 with its mode at the delivered central 0.21, so the two registered branches are the endpoints of the support this interval samples rather than values outside it, and each of them is also delivered as a named line.","The electricity-scenario axis changes the carbon content of a kilowatt hour, not the number of kilowatt hours.  Its contribution to the energy interval is therefore exactly zero, and an energy figure must not be captioned as though the electricity axis were inside it.  The same holds for the post-2050 continuation rule ON THAT AXIS and for the reading of the statutory floor: the delivered central, the two electricity-axis continuation lines and the enforceable-standard line carry the same energy in every entry and in every year, bitwise, and they part company only in carbon.  The two VEHICLE-axis continuation lines are a different object and are not covered by this sentence: a rule on that axis moves how much of the deployed stock is electric, so it moves the kilowatt hours as well as the carbon, and the movement is reported rather than gated."
V33_POLICY_CONDITIONAL,EQUAL_SIZE_COMPARISON_1000000_VEHICLES_AT_THE_MEASURED_NATIONAL_RATIO_2988_STI_UNITS_PER_MILLION_VEHICLES,grid_intensity_kg_per_kwh,2027,electricity-weighted mean: national grid carbon over national electricity,0.21,0.2286378270652863,0.2567107578425074,0.28806283353532075,0.2530754959524162,0.1174056900420096,1.0143643377104148,"Not priced by this interval: the deployment scale, held at 30 per cent of registered automobiles and 30 per cent of signalized intersections by 2075 in every draw, against its own declared range of 15 to 45 per cent -- the model is exactly linear in that scale, so the two declared levels are delivered beside the interval as named lines, each of them the central rescaled, and never as width; the reading of the statutory floor itself, held at the statutory-targets-honoured reading in every draw, with the enforceable-standard reading delivered beside the interval as a named line rather than as width; the vehicle load model, held at the inherited one, with the single paired dynamometer measurement in the build's own precedent table delivered beside the interval as a named measured-load line; the computing workload growth of 2 per cent a year and the hardware efficiency floor of 0.25, neither of which is drawn or varied anywhere in this build; and the published market case, held at the policy state the interval is conditional on and carried as a named line.  The post-2050 continuation rule IS inside this interval: every electricity member continues along its own 2045-2050 slope at a decreasing rate after 2050 with the enacted statutory floors applied on top, and the linear trend and frozen continuations are delivered beside the interval as named lines.  The fuel-to-direct-current conversion coefficient IS priced here: it is drawn triangular on the declared list, support 0.17 to 0.2744 with its mode at the delivered central 0.21, so the two registered branches are the endpoints of the support this interval samples rather than values outside it, and each of them is also delivered as a named line.","The electricity-scenario axis changes the carbon content of a kilowatt hour, not the number of kilowatt hours.  Its contribution to the energy interval is therefore exactly zero, and an energy figure must not be captioned as though the electricity axis were inside it.  The same holds for the post-2050 continuation rule ON THAT AXIS and for the reading of the statutory floor: the delivered central, the two electricity-axis continuation lines and the enforceable-standard line carry the same energy in every entry and in every year, bitwise, and they part company only in carbon.  The two VEHICLE-axis continuation lines are a different object and are not covered by this sentence: a rule on that axis moves how much of the deployed stock is electric, so it moves the kilowatt hours as well as the carbon, and the movement is reported rather than gated."
V33_POLICY_CONDITIONAL,EQUAL_SIZE_COMPARISON_1000000_VEHICLES_AT_THE_MEASURED_NATIONAL_RATIO_2988_STI_UNITS_PER_MILLION_VEHICLES,grid_intensity_kg_per_kwh,2028,electricity-weighted mean: national grid carbon over national electricity,0.21,0.2168168851653214,0.2462259228855555,0.2820281127711992,0.24222235728244237,0.13461025715689515,1.0165284726316357,"Not priced by this interval: the deployment scale, held at 30 per cent of registered automobiles and 30 per cent of signalized intersections by 2075 in every draw, against its own declared range of 15 to 45 per cent -- the model is exactly linear in that scale, so the two declared levels are delivered beside the interval as named lines, each of them the central rescaled, and never as width; the reading of the statutory floor itself, held at the statutory-targets-honoured reading in every draw, with the enforceable-standard reading delivered beside the interval as a named line rather than as width; the vehicle load model, held at the inherited one, with the single paired dynamometer measurement in the build's own precedent table delivered beside the interval as a named measured-load line; the computing workload growth of 2 per cent a year and the hardware efficiency floor of 0.25, neither of which is drawn or varied anywhere in this build; and the published market case, held at the policy state the interval is conditional on and carried as a named line.  The post-2050 continuation rule IS inside this interval: every electricity member continues along its own 2045-2050 slope at a decreasing rate after 2050 with the enacted statutory floors applied on top, and the linear trend and frozen continuations are delivered beside the interval as named lines.  The fuel-to-direct-current conversion coefficient IS priced here: it is drawn triangular on the declared list, support 0.17 to 0.2744 with its mode at the delivered central 0.21, so the two registered branches are the endpoints of the support this interval samples rather than values outside it, and each of them is also delivered as a named line.","The electricity-scenario axis changes the carbon content of a kilowatt hour, not the number of kilowatt hours.  Its contribution to the energy interval is therefore exactly zero, and an energy figure must not be captioned as though the electricity axis were inside it.  The same holds for the post-2050 continuation rule ON THAT AXIS and for the reading of the statutory floor: the delivered central, the two electricity-axis continuation lines and the enforceable-standard line carry the same energy in every entry and in every year, bitwise, and they part company only in carbon.  The two VEHICLE-axis continuation lines are a different object and are not covered by this sentence: a rule on that axis moves how much of the deployed stock is electric, so it moves the kilowatt hours as well as the carbon, and the movement is reported rather than gated."
V33_POLICY_CONDITIONAL,EQUAL_SIZE_COMPARISON_1000000_VEHICLES_AT_THE_MEASURED_NATIONAL_RATIO_2988_STI_UNITS_PER_MILLION_VEHICLES,grid_intensity_kg_per_kwh,2029,electricity-weighted mean: national grid carbon over national electricity,0.21,0.20234991055516038,0.23401944069898664,0.27418633793145486,0.22964182729276814,0.15640971904632797,1.0190627877239347,"Not priced by this interval: the deployment scale, held at 30 per cent of registered automobiles and 30 per cent of signalized intersections by 2075 in every draw, against its own declared range of 15 to 45 per cent -- the model is exactly linear in that scale, so the two declared levels are delivered beside the interval as named lines, each of them the central rescaled, and never as width; the reading of the statutory floor itself, held at the statutory-targets-honoured reading in every draw, with the enforceable-standard reading delivered beside the interval as a named line rather than as width; the vehicle load model, held at the inherited one, with the single paired dynamometer measurement in the build's own precedent table delivered beside the interval as a named measured-load line; the computing workload growth of 2 per cent a year and the hardware efficiency floor of 0.25, neither of which is drawn or varied anywhere in this build; and the published market case, held at the policy state the interval is conditional on and carried as a named line.  The post-2050 continuation rule IS inside this interval: every electricity member continues along its own 2045-2050 slope at a decreasing rate after 2050 with the enacted statutory floors applied on top, and the linear trend and frozen continuations are delivered beside the interval as named lines.  The fuel-to-direct-current conversion coefficient IS priced here: it is drawn triangular on the declared list, support 0.17 to 0.2744 with its mode at the delivered central 0.21, so the two registered branches are the endpoints of the support this interval samples rather than values outside it, and each of them is also delivered as a named line.","The electricity-scenario axis changes the carbon content of a kilowatt hour, not the number of kilowatt hours.  Its contribution to the energy interval is therefore exactly zero, and an energy figure must not be captioned as though the electricity axis were inside it.  The same holds for the post-2050 continuation rule ON THAT AXIS and for the reading of the statutory floor: the delivered central, the two electricity-axis continuation lines and the enforceable-standard line carry the same energy in every entry and in every year, bitwise, and they part company only in carbon.  The two VEHICLE-axis continuation lines are a different object and are not covered by this sentence: a rule on that axis moves how much of the deployed stock is electric, so it moves the kilowatt hours as well as the carbon, and the movement is reported rather than gated."
V33_POLICY_CONDITIONAL,EQUAL_SIZE_COMPARISON_1000000_VEHICLES_AT_THE_MEASURED_NATIONAL_RATIO_2988_STI_UNITS_PER_MILLION_VEHICLES,grid_intensity_kg_per_kwh,2030,electricity-weighted mean: national grid carbon over national electricity,0.21,0.1774917052026608,0.20785219621130957,0.23945703237570617,0.20604310374782783,0.15036981594124,1.0087801650750507,"Not priced by this interval: the deployment scale, held at 30 per cent of registered automobiles and 30 per cent of signalized intersections by 2075 in every draw, against its own declared range of 15 to 45 per cent -- the model is exactly linear in that scale, so the two declared levels are delivered beside the interval as named lines, each of them the central rescaled, and never as width; the reading of the statutory floor itself, held at the statutory-targets-honoured reading in every draw, with the enforceable-standard reading delivered beside the interval as a named line rather than as width; the vehicle load model, held at the inherited one, with the single paired dynamometer measurement in the build's own precedent table delivered beside the interval as a named measured-load line; the computing workload growth of 2 per cent a year and the hardware efficiency floor of 0.25, neither of which is drawn or varied anywhere in this build; and the published market case, held at the policy state the interval is conditional on and carried as a named line.  The post-2050 continuation rule IS inside this interval: every electricity member continues along its own 2045-2050 slope at a decreasing rate after 2050 with the enacted statutory floors applied on top, and the linear trend and frozen continuations are delivered beside the interval as named lines.  The fuel-to-direct-current conversion coefficient IS priced here: it is drawn triangular on the declared list, support 0.17 to 0.2744 with its mode at the delivered central 0.21, so the two registered branches are the endpoints of the support this interval samples rather than values outside it, and each of them is also delivered as a named line.","The electricity-scenario axis changes the carbon content of a kilowatt hour, not the number of kilowatt hours.  Its contribution to the energy interval is therefore exactly zero, and an energy figure must not be captioned as though the electricity axis were inside it.  The same holds for the post-2050 continuation rule ON THAT AXIS and for the reading of the statutory floor: the delivered central, the two electricity-axis continuation lines and the enforceable-standard line carry the same energy in every entry and in every year, bitwise, and they part company only in carbon.  The two VEHICLE-axis continuation lines are a different object and are not covered by this sentence: a rule on that axis moves how much of the deployed stock is electric, so it moves the kilowatt hours as well as the carbon, and the movement is reported rather than gated."
V33_POLICY_CONDITIONAL,EQUAL_SIZE_COMPARISON_1000000_VEHICLES_AT_THE_MEASURED_NATIONAL_RATIO_2988_STI_UNITS_PER_MILLION_VEHICLES,grid_intensity_kg_per_kwh,2031,electricity-weighted mean: national grid carbon over national electricity,0.21,0.1681035584218585,0.1981504669362175,0.2342233045688907,0.19685893636656673,0.16793686730053256,1.0065606905812283,"Not priced by this interval: the deployment scale, held at 30 per cent of registered automobiles and 30 per cent of signalized intersections by 2075 in every draw, against its own declared range of 15 to 45 per cent -- the model is exactly linear in that scale, so the two declared levels are delivered beside the interval as named lines, each of them the central rescaled, and never as width; the reading of the statutory floor itself, held at the statutory-targets-honoured reading in every draw, with the enforceable-standard reading delivered beside the interval as a named line rather than as width; the vehicle load model, held at the inherited one, with the single paired dynamometer measurement in the build's own precedent table delivered beside the interval as a named measured-load line; the computing workload growth of 2 per cent a year and the hardware efficiency floor of 0.25, neither of which is drawn or varied anywhere in this build; and the published market case, held at the policy state the interval is conditional on and carried as a named line.  The post-2050 continuation rule IS inside this interval: every electricity member continues along its own 2045-2050 slope at a decreasing rate after 2050 with the enacted statutory floors applied on top, and the linear trend and frozen continuations are delivered beside the interval as named lines.  The fuel-to-direct-current conversion coefficient IS priced here: it is drawn triangular on the declared list, support 0.17 to 0.2744 with its mode at the delivered central 0.21, so the two registered branches are the endpoints of the support this interval samples rather than values outside it, and each of them is also delivered as a named line.","The electricity-scenario axis changes the carbon content of a kilowatt hour, not the number of kilowatt hours.  Its contribution to the energy interval is therefore exactly zero, and an energy figure must not be captioned as though the electricity axis were inside it.  The same holds for the post-2050 continuation rule ON THAT AXIS and for the reading of the statutory floor: the delivered central, the two electricity-axis continuation lines and the enforceable-standard line carry the same energy in every entry and in every year, bitwise, and they part company only in carbon.  The two VEHICLE-axis continuation lines are a different object and are not covered by this sentence: a rule on that axis moves how much of the deployed stock is electric, so it moves the kilowatt hours as well as the carbon, and the movement is reported rather than gated."
V33_POLICY_CONDITIONAL,EQUAL_SIZE_COMPARISON_1000000_VEHICLES_AT_THE_MEASURED_NATIONAL_RATIO_2988_STI_UNITS_PER_MILLION_VEHICLES,grid_intensity_kg_per_kwh,2032,electricity-weighted mean: national grid carbon over national electricity,0.21,0.15191913789577258,0.18047278570183772,0.22142354198195777,0.17930131326041962,0.19382011994869236,1.0065335407762275,"Not priced by this interval: the deployment scale, held at 30 per cent of registered automobiles and 30 per cent of signalized intersections by 2075 in every draw, against its own declared range of 15 to 45 per cent -- the model is exactly linear in that scale, so the two declared levels are delivered beside the interval as named lines, each of them the central rescaled, and never as width; the reading of the statutory floor itself, held at the statutory-targets-honoured reading in every draw, with the enforceable-standard reading delivered beside the interval as a named line rather than as width; the vehicle load model, held at the inherited one, with the single paired dynamometer measurement in the build's own precedent table delivered beside the interval as a named measured-load line; the computing workload growth of 2 per cent a year and the hardware efficiency floor of 0.25, neither of which is drawn or varied anywhere in this build; and the published market case, held at the policy state the interval is conditional on and carried as a named line.  The post-2050 continuation rule IS inside this interval: every electricity member continues along its own 2045-2050 slope at a decreasing rate after 2050 with the enacted statutory floors applied on top, and the linear trend and frozen continuations are delivered beside the interval as named lines.  The fuel-to-direct-current conversion coefficient IS priced here: it is drawn triangular on the declared list, support 0.17 to 0.2744 with its mode at the delivered central 0.21, so the two registered branches are the endpoints of the support this interval samples rather than values outside it, and each of them is also delivered as a named line.","The electricity-scenario axis changes the carbon content of a kilowatt hour, not the number of kilowatt hours.  Its contribution to the energy interval is therefore exactly zero, and an energy figure must not be captioned as though the electricity axis were inside it.  The same holds for the post-2050 continuation rule ON THAT AXIS and for the reading of the statutory floor: the delivered central, the two electricity-axis continuation lines and the enforceable-standard line carry the same energy in every entry and in every year, bitwise, and they part company only in carbon.  The two VEHICLE-axis continuation lines are a different object and are not covered by this sentence: a rule on that axis moves how much of the deployed stock is electric, so it moves the kilowatt hours as well as the carbon, and the movement is reported rather than gated."
V33_POLICY_CONDITIONAL,EQUAL_SIZE_COMPARISON_1000000_VEHICLES_AT_THE_MEASURED_NATIONAL_RATIO_2988_STI_UNITS_PER_MILLION_VEHICLES,grid_intensity_kg_per_kwh,2033,electricity-weighted mean: national grid carbon over national electricity,0.21,0.1381788336015861,0.16611093245350006,0.21350733393890575,0.16382453230733282,0.2299060442181038,1.013956396602909,"Not priced by this interval: the deployment scale, held at 30 per cent of registered automobiles and 30 per cent of signalized intersections by 2075 in every draw, against its own declared range of 15 to 45 per cent -- the model is exactly linear in that scale, so the two declared levels are delivered beside the interval as named lines, each of them the central rescaled, and never as width; the reading of the statutory floor itself, held at the statutory-targets-honoured reading in every draw, with the enforceable-standard reading delivered beside the interval as a named line rather than as width; the vehicle load model, held at the inherited one, with the single paired dynamometer measurement in the build's own precedent table delivered beside the interval as a named measured-load line; the computing workload growth of 2 per cent a year and the hardware efficiency floor of 0.25, neither of which is drawn or varied anywhere in this build; and the published market case, held at the policy state the interval is conditional on and carried as a named line.  The post-2050 continuation rule IS inside this interval: every electricity member continues along its own 2045-2050 slope at a decreasing rate after 2050 with the enacted statutory floors applied on top, and the linear trend and frozen continuations are delivered beside the interval as named lines.  The fuel-to-direct-current conversion coefficient IS priced here: it is drawn triangular on the declared list, support 0.17 to 0.2744 with its mode at the delivered central 0.21, so the two registered branches are the endpoints of the support this interval samples rather than values outside it, and each of them is also delivered as a named line.","The electricity-scenario axis changes the carbon content of a kilowatt hour, not the number of kilowatt hours.  Its contribution to the energy interval is therefore exactly zero, and an energy figure must not be captioned as though the electricity axis were inside it.  The same holds for the post-2050 continuation rule ON THAT AXIS and for the reading of the statutory floor: the delivered central, the two electricity-axis continuation lines and the enforceable-standard line carry the same energy in every entry and in every year, bitwise, and they part company only in carbon.  The two VEHICLE-axis continuation lines are a different object and are not covered by this sentence: a rule on that axis moves how much of the deployed stock is electric, so it moves the kilowatt hours as well as the carbon, and the movement is reported rather than gated."
V33_POLICY_CONDITIONAL,EQUAL_SIZE_COMPARISON_1000000_VEHICLES_AT_THE_MEASURED_NATIONAL_RATIO_2988_STI_UNITS_PER_MILLION_VEHICLES,grid_intensity_kg_per_kwh,2034,electricity-weighted mean: national grid carbon over national electricity,0.21,0.13000929552061732,0.15746245318424723,0.21174682519412732,0.15411275213289505,0.26518743109274245,1.0217353918153615,"Not priced by this interval: the deployment scale, held at 30 per cent of registered automobiles and 30 per cent of signalized intersections by 2075 in every draw, against its own declared range of 15 to 45 per cent -- the model is exactly linear in that scale, so the two declared levels are delivered beside the interval as named lines, each of them the central rescaled, and never as width; the reading of the statutory floor itself, held at the statutory-targets-honoured reading in every draw, with the enforceable-standard reading delivered beside the interval as a named line rather than as width; the vehicle load model, held at the inherited one, with the single paired dynamometer measurement in the build's own precedent table delivered beside the interval as a named measured-load line; the computing workload growth of 2 per cent a year and the hardware efficiency floor of 0.25, neither of which is drawn or varied anywhere in this build; and the published market case, held at the policy state the interval is conditional on and carried as a named line.  The post-2050 continuation rule IS inside this interval: every electricity member continues along its own 2045-2050 slope at a decreasing rate after 2050 with the enacted statutory floors applied on top, and the linear trend and frozen continuations are delivered beside the interval as named lines.  The fuel-to-direct-current conversion coefficient IS priced here: it is drawn triangular on the declared list, support 0.17 to 0.2744 with its mode at the delivered central 0.21, so the two registered branches are the endpoints of the support this interval samples rather than values outside it, and each of them is also delivered as a named line.","The electricity-scenario axis changes the carbon content of a kilowatt hour, not the number of kilowatt hours.  Its contribution to the energy interval is therefore exactly zero, and an energy figure must not be captioned as though the electricity axis were inside it.  The same holds for the post-2050 continuation rule ON THAT AXIS and for the reading of the statutory floor: the delivered central, the two electricity-axis continuation lines and the enforceable-standard line carry the same energy in every entry and in every year, bitwise, and they part company only in carbon.  The two VEHICLE-axis continuation lines are a different object and are not covered by this sentence: a rule on that axis moves how much of the deployed stock is electric, so it moves the kilowatt hours as well as the carbon, and the movement is reported rather than gated."
V33_POLICY_CONDITIONAL,EQUAL_SIZE_COMPARISON_1000000_VEHICLES_AT_THE_MEASURED_NATIONAL_RATIO_2988_STI_UNITS_PER_MILLION_VEHICLES,grid_intensity_kg_per_kwh,2035,electricity-weighted mean: national grid carbon over national electricity,0.21,0.11111211030764703,0.13594085668299566,0.19746626218448468,0.13164585152845554,0.32797900911511824,1.032625450059182,"Not priced by this interval: the deployment scale, held at 30 per cent of registered automobiles and 30 per cent of signalized intersections by 2075 in every draw, against its own declared range of 15 to 45 per cent -- the model is exactly linear in that scale, so the two declared levels are delivered beside the interval as named lines, each of them the central rescaled, and never as width; the reading of the statutory floor itself, held at the statutory-targets-honoured reading in every draw, with the enforceable-standard reading delivered beside the interval as a named line rather than as width; the vehicle load model, held at the inherited one, with the single paired dynamometer measurement in the build's own precedent table delivered beside the interval as a named measured-load line; the computing workload growth of 2 per cent a year and the hardware efficiency floor of 0.25, neither of which is drawn or varied anywhere in this build; and the published market case, held at the policy state the interval is conditional on and carried as a named line.  The post-2050 continuation rule IS inside this interval: every electricity member continues along its own 2045-2050 slope at a decreasing rate after 2050 with the enacted statutory floors applied on top, and the linear trend and frozen continuations are delivered beside the interval as named lines.  The fuel-to-direct-current conversion coefficient IS priced here: it is drawn triangular on the declared list, support 0.17 to 0.2744 with its mode at the delivered central 0.21, so the two registered branches are the endpoints of the support this interval samples rather than values outside it, and each of them is also delivered as a named line.","The electricity-scenario axis changes the carbon content of a kilowatt hour, not the number of kilowatt hours.  Its contribution to the energy interval is therefore exactly zero, and an energy figure must not be captioned as though the electricity axis were inside it.  The same holds for the post-2050 continuation rule ON THAT AXIS and for the reading of the statutory floor: the delivered central, the two electricity-axis continuation lines and the enforceable-standard line carry the same energy in every entry and in every year, bitwise, and they part company only in carbon.  The two VEHICLE-axis continuation lines are a different object and are not covered by this sentence: a rule on that axis moves how much of the deployed stock is electric, so it moves the kilowatt hours as well as the carbon, and the movement is reported rather than gated."
V33_POLICY_CONDITIONAL,EQUAL_SIZE_COMPARISON_1000000_VEHICLES_AT_THE_MEASURED_NATIONAL_RATIO_2988_STI_UNITS_PER_MILLION_VEHICLES,grid_intensity_kg_per_kwh,2036,electricity-weighted mean: national grid carbon over national electricity,0.21,0.10911435688841334,0.13387688206835677,0.1973183773294853,0.12918927176614584,0.3413751747154979,1.0362848264265805,"Not priced by this interval: the deployment scale, held at 30 per cent of registered automobiles and 30 per cent of signalized intersections by 2075 in every draw, against its own declared range of 15 to 45 per cent -- the model is exactly linear in that scale, so the two declared levels are delivered beside the interval as named lines, each of them the central rescaled, and never as width; the reading of the statutory floor itself, held at the statutory-targets-honoured reading in every draw, with the enforceable-standard reading delivered beside the interval as a named line rather than as width; the vehicle load model, held at the inherited one, with the single paired dynamometer measurement in the build's own precedent table delivered beside the interval as a named measured-load line; the computing workload growth of 2 per cent a year and the hardware efficiency floor of 0.25, neither of which is drawn or varied anywhere in this build; and the published market case, held at the policy state the interval is conditional on and carried as a named line.  The post-2050 continuation rule IS inside this interval: every electricity member continues along its own 2045-2050 slope at a decreasing rate after 2050 with the enacted statutory floors applied on top, and the linear trend and frozen continuations are delivered beside the interval as named lines.  The fuel-to-direct-current conversion coefficient IS priced here: it is drawn triangular on the declared list, support 0.17 to 0.2744 with its mode at the delivered central 0.21, so the two registered branches are the endpoints of the support this interval samples rather than values outside it, and each of them is also delivered as a named line.","The electricity-scenario axis changes the carbon content of a kilowatt hour, not the number of kilowatt hours.  Its contribution to the energy interval is therefore exactly zero, and an energy figure must not be captioned as though the electricity axis were inside it.  The same holds for the post-2050 continuation rule ON THAT AXIS and for the reading of the statutory floor: the delivered central, the two electricity-axis continuation lines and the enforceable-standard line carry the same energy in every entry and in every year, bitwise, and they part company only in carbon.  The two VEHICLE-axis continuation lines are a different object and are not covered by this sentence: a rule on that axis moves how much of the deployed stock is electric, so it moves the kilowatt hours as well as the carbon, and the movement is reported rather than gated."
V33_POLICY_CONDITIONAL,EQUAL_SIZE_COMPARISON_1000000_VEHICLES_AT_THE_MEASURED_NATIONAL_RATIO_2988_STI_UNITS_PER_MILLION_VEHICLES,grid_intensity_kg_per_kwh,2037,electricity-weighted mean: national grid carbon over national electricity,0.21,0.10719750417790071,0.13156684667815105,0.1962200634914349,0.12673992131662046,0.3512017302391205,1.038085279771257,"Not priced by this interval: the deployment scale, held at 30 per cent of registered automobiles and 30 per cent of signalized intersections by 2075 in every draw, against its own declared range of 15 to 45 per cent -- the model is exactly linear in that scale, so the two declared levels are delivered beside the interval as named lines, each of them the central rescaled, and never as width; the reading of the statutory floor itself, held at the statutory-targets-honoured reading in every draw, with the enforceable-standard reading delivered beside the interval as a named line rather than as width; the vehicle load model, held at the inherited one, with the single paired dynamometer measurement in the build's own precedent table delivered beside the interval as a named measured-load line; the computing workload growth of 2 per cent a year and the hardware efficiency floor of 0.25, neither of which is drawn or varied anywhere in this build; and the published market case, held at the policy state the interval is conditional on and carried as a named line.  The post-2050 continuation rule IS inside this interval: every electricity member continues along its own 2045-2050 slope at a decreasing rate after 2050 with the enacted statutory floors applied on top, and the linear trend and frozen continuations are delivered beside the interval as named lines.  The fuel-to-direct-current conversion coefficient IS priced here: it is drawn triangular on the declared list, support 0.17 to 0.2744 with its mode at the delivered central 0.21, so the two registered branches are the endpoints of the support this interval samples rather than values outside it, and each of them is also delivered as a named line.","The electricity-scenario axis changes the carbon content of a kilowatt hour, not the number of kilowatt hours.  Its contribution to the energy interval is therefore exactly zero, and an energy figure must not be captioned as though the electricity axis were inside it.  The same holds for the post-2050 continuation rule ON THAT AXIS and for the reading of the statutory floor: the delivered central, the two electricity-axis continuation lines and the enforceable-standard line carry the same energy in every entry and in every year, bitwise, and they part company only in carbon.  The two VEHICLE-axis continuation lines are a different object and are not covered by this sentence: a rule on that axis moves how much of the deployed stock is electric, so it moves the kilowatt hours as well as the carbon, and the movement is reported rather than gated."
V33_POLICY_CONDITIONAL,EQUAL_SIZE_COMPARISON_1000000_VEHICLES_AT_THE_MEASURED_NATIONAL_RATIO_2988_STI_UNITS_PER_MILLION_VEHICLES,grid_intensity_kg_per_kwh,2038,electricity-weighted mean: national grid carbon over national electricity,0.21,0.10526202048243924,0.12931660870754896,0.1932277195294422,0.12421386703489068,0.35408968880380365,1.0410802899423859,"Not priced by this interval: the deployment scale, held at 30 per cent of registered automobiles and 30 per cent of signalized intersections by 2075 in every draw, against its own declared range of 15 to 45 per cent -- the model is exactly linear in that scale, so the two declared levels are delivered beside the interval as named lines, each of them the central rescaled, and never as width; the reading of the statutory floor itself, held at the statutory-targets-honoured reading in every draw, with the enforceable-standard reading delivered beside the interval as a named line rather than as width; the vehicle load model, held at the inherited one, with the single paired dynamometer measurement in the build's own precedent table delivered beside the interval as a named measured-load line; the computing workload growth of 2 per cent a year and the hardware efficiency floor of 0.25, neither of which is drawn or varied anywhere in this build; and the published market case, held at the policy state the interval is conditional on and carried as a named line.  The post-2050 continuation rule IS inside this interval: every electricity member continues along its own 2045-2050 slope at a decreasing rate after 2050 with the enacted statutory floors applied on top, and the linear trend and frozen continuations are delivered beside the interval as named lines.  The fuel-to-direct-current conversion coefficient IS priced here: it is drawn triangular on the declared list, support 0.17 to 0.2744 with its mode at the delivered central 0.21, so the two registered branches are the endpoints of the support this interval samples rather than values outside it, and each of them is also delivered as a named line.","The electricity-scenario axis changes the carbon content of a kilowatt hour, not the number of kilowatt hours.  Its contribution to the energy interval is therefore exactly zero, and an energy figure must not be captioned as though the electricity axis were inside it.  The same holds for the post-2050 continuation rule ON THAT AXIS and for the reading of the statutory floor: the delivered central, the two electricity-axis continuation lines and the enforceable-standard line carry the same energy in every entry and in every year, bitwise, and they part company only in carbon.  The two VEHICLE-axis continuation lines are a different object and are not covered by this sentence: a rule on that axis moves how much of the deployed stock is electric, so it moves the kilowatt hours as well as the carbon, and the movement is reported rather than gated."
V33_POLICY_CONDITIONAL,EQUAL_SIZE_COMPARISON_1000000_VEHICLES_AT_THE_MEASURED_NATIONAL_RATIO_2988_STI_UNITS_PER_MILLION_VEHICLES,grid_intensity_kg_per_kwh,2039,electricity-weighted mean: national grid carbon over national electricity,0.21,0.10340176878149726,0.12720576780575737,0.18982981975498175,0.1216101943413864,0.35534870839389526,1.046012371698568,"Not priced by this interval: the deployment scale, held at 30 per cent of registered automobiles and 30 per cent of signalized intersections by 2075 in every draw, against its own declared range of 15 to 45 per cent -- the model is exactly linear in that scale, so the two declared levels are delivered beside the interval as named lines, each of them the central rescaled, and never as width; the reading of the statutory floor itself, held at the statutory-targets-honoured reading in every draw, with the enforceable-standard reading delivered beside the interval as a named line rather than as width; the vehicle load model, held at the inherited one, with the single paired dynamometer measurement in the build's own precedent table delivered beside the interval as a named measured-load line; the computing workload growth of 2 per cent a year and the hardware efficiency floor of 0.25, neither of which is drawn or varied anywhere in this build; and the published market case, held at the policy state the interval is conditional on and carried as a named line.  The post-2050 continuation rule IS inside this interval: every electricity member continues along its own 2045-2050 slope at a decreasing rate after 2050 with the enacted statutory floors applied on top, and the linear trend and frozen continuations are delivered beside the interval as named lines.  The fuel-to-direct-current conversion coefficient IS priced here: it is drawn triangular on the declared list, support 0.17 to 0.2744 with its mode at the delivered central 0.21, so the two registered branches are the endpoints of the support this interval samples rather than values outside it, and each of them is also delivered as a named line.","The electricity-scenario axis changes the carbon content of a kilowatt hour, not the number of kilowatt hours.  Its contribution to the energy interval is therefore exactly zero, and an energy figure must not be captioned as though the electricity axis were inside it.  The same holds for the post-2050 continuation rule ON THAT AXIS and for the reading of the statutory floor: the delivered central, the two electricity-axis continuation lines and the enforceable-standard line carry the same energy in every entry and in every year, bitwise, and they part company only in carbon.  The two VEHICLE-axis continuation lines are a different object and are not covered by this sentence: a rule on that axis moves how much of the deployed stock is electric, so it moves the kilowatt hours as well as the carbon, and the movement is reported rather than gated."
V33_POLICY_CONDITIONAL,EQUAL_SIZE_COMPARISON_1000000_VEHICLES_AT_THE_MEASURED_NATIONAL_RATIO_2988_STI_UNITS_PER_MILLION_VEHICLES,grid_intensity_kg_per_kwh,2040,electricity-weighted mean: national grid carbon over national electricity,0.21,0.0859935285465063,0.1067121183831504,0.164255303247168,0.10177620104958518,0.384479740320297,1.04849775569006,"Not priced by this interval: the deployment scale, held at 30 per cent of registered automobiles and 30 per cent of signalized intersections by 2075 in every draw, against its own declared range of 15 to 45 per cent -- the model is exactly linear in that scale, so the two declared levels are delivered beside the interval as named lines, each of them the central rescaled, and never as width; the reading of the statutory floor itself, held at the statutory-targets-honoured reading in every draw, with the enforceable-standard reading delivered beside the interval as a named line rather than as width; the vehicle load model, held at the inherited one, with the single paired dynamometer measurement in the build's own precedent table delivered beside the interval as a named measured-load line; the computing workload growth of 2 per cent a year and the hardware efficiency floor of 0.25, neither of which is drawn or varied anywhere in this build; and the published market case, held at the policy state the interval is conditional on and carried as a named line.  The post-2050 continuation rule IS inside this interval: every electricity member continues along its own 2045-2050 slope at a decreasing rate after 2050 with the enacted statutory floors applied on top, and the linear trend and frozen continuations are delivered beside the interval as named lines.  The fuel-to-direct-current conversion coefficient IS priced here: it is drawn triangular on the declared list, support 0.17 to 0.2744 with its mode at the delivered central 0.21, so the two registered branches are the endpoints of the support this interval samples rather than values outside it, and each of them is also delivered as a named line.","The electricity-scenario axis changes the carbon content of a kilowatt hour, not the number of kilowatt hours.  Its contribution to the energy interval is therefore exactly zero, and an energy figure must not be captioned as though the electricity axis were inside it.  The same holds for the post-2050 continuation rule ON THAT AXIS and for the reading of the statutory floor: the delivered central, the two electricity-axis continuation lines and the enforceable-standard line carry the same energy in every entry and in every year, bitwise, and they part company only in carbon.  The two VEHICLE-axis continuation lines are a different object and are not covered by this sentence: a rule on that axis moves how much of the deployed stock is electric, so it moves the kilowatt hours as well as the carbon, and the movement is reported rather than gated."
V33_POLICY_CONDITIONAL,EQUAL_SIZE_COMPARISON_1000000_VEHICLES_AT_THE_MEASURED_NATIONAL_RATIO_2988_STI_UNITS_PER_MILLION_VEHICLES,grid_intensity_kg_per_kwh,2041,electricity-weighted mean: national grid carbon over national electricity,0.21,0.08558391832595974,0.10644269994465769,0.16113815975692666,0.10152324614435551,0.3721031601153525,1.0484564273418446,"Not priced by this interval: the deployment scale, held at 30 per cent of registered automobiles and 30 per cent of signalized intersections by 2075 in every draw, against its own declared range of 15 to 45 per cent -- the model is exactly linear in that scale, so the two declared levels are delivered beside the interval as named lines, each of them the central rescaled, and never as width; the reading of the statutory floor itself, held at the statutory-targets-honoured reading in every draw, with the enforceable-standard reading delivered beside the interval as a named line rather than as width; the vehicle load model, held at the inherited one, with the single paired dynamometer measurement in the build's own precedent table delivered beside the interval as a named measured-load line; the computing workload growth of 2 per cent a year and the hardware efficiency floor of 0.25, neither of which is drawn or varied anywhere in this build; and the published market case, held at the policy state the interval is conditional on and carried as a named line.  The post-2050 continuation rule IS inside this interval: every electricity member continues along its own 2045-2050 slope at a decreasing rate after 2050 with the enacted statutory floors applied on top, and the linear trend and frozen continuations are delivered beside the interval as named lines.  The fuel-to-direct-current conversion coefficient IS priced here: it is drawn triangular on the declared list, support 0.17 to 0.2744 with its mode at the delivered central 0.21, so the two registered branches are the endpoints of the support this interval samples rather than values outside it, and each of them is also delivered as a named line.","The electricity-scenario axis changes the carbon content of a kilowatt hour, not the number of kilowatt hours.  Its contribution to the energy interval is therefore exactly zero, and an energy figure must not be captioned as though the electricity axis were inside it.  The same holds for the post-2050 continuation rule ON THAT AXIS and for the reading of the statutory floor: the delivered central, the two electricity-axis continuation lines and the enforceable-standard line carry the same energy in every entry and in every year, bitwise, and they part company only in carbon.  The two VEHICLE-axis continuation lines are a different object and are not covered by this sentence: a rule on that axis moves how much of the deployed stock is electric, so it moves the kilowatt hours as well as the carbon, and the movement is reported rather than gated."
V33_POLICY_CONDITIONAL,EQUAL_SIZE_COMPARISON_1000000_VEHICLES_AT_THE_MEASURED_NATIONAL_RATIO_2988_STI_UNITS_PER_MILLION_VEHICLES,grid_intensity_kg_per_kwh,2042,electricity-weighted mean: national grid carbon over national electricity,0.21,0.08515978091325538,0.10614158087452506,0.1580316898773674,0.10128140580386953,0.359749691395614,1.0479868444960885,"Not priced by this interval: the deployment scale, held at 30 per cent of registered automobiles and 30 per cent of signalized intersections by 2075 in every draw, against its own declared range of 15 to 45 per cent -- the model is exactly linear in that scale, so the two declared levels are delivered beside the interval as named lines, each of them the central rescaled, and never as width; the reading of the statutory floor itself, held at the statutory-targets-honoured reading in every draw, with the enforceable-standard reading delivered beside the interval as a named line rather than as width; the vehicle load model, held at the inherited one, with the single paired dynamometer measurement in the build's own precedent table delivered beside the interval as a named measured-load line; the computing workload growth of 2 per cent a year and the hardware efficiency floor of 0.25, neither of which is drawn or varied anywhere in this build; and the published market case, held at the policy state the interval is conditional on and carried as a named line.  The post-2050 continuation rule IS inside this interval: every electricity member continues along its own 2045-2050 slope at a decreasing rate after 2050 with the enacted statutory floors applied on top, and the linear trend and frozen continuations are delivered beside the interval as named lines.  The fuel-to-direct-current conversion coefficient IS priced here: it is drawn triangular on the declared list, support 0.17 to 0.2744 with its mode at the delivered central 0.21, so the two registered branches are the endpoints of the support this interval samples rather than values outside it, and each of them is also delivered as a named line.","The electricity-scenario axis changes the carbon content of a kilowatt hour, not the number of kilowatt hours.  Its contribution to the energy interval is therefore exactly zero, and an energy figure must not be captioned as though the electricity axis were inside it.  The same holds for the post-2050 continuation rule ON THAT AXIS and for the reading of the statutory floor: the delivered central, the two electricity-axis continuation lines and the enforceable-standard line carry the same energy in every entry and in every year, bitwise, and they part company only in carbon.  The two VEHICLE-axis continuation lines are a different object and are not covered by this sentence: a rule on that axis moves how much of the deployed stock is electric, so it moves the kilowatt hours as well as the carbon, and the movement is reported rather than gated."
V33_POLICY_CONDITIONAL,EQUAL_SIZE_COMPARISON_1000000_VEHICLES_AT_THE_MEASURED_NATIONAL_RATIO_2988_STI_UNITS_PER_MILLION_VEHICLES,grid_intensity_kg_per_kwh,2043,electricity-weighted mean: national grid carbon over national electricity,0.21,0.08463329704358442,0.10593046402250134,0.1550002952701818,0.10105355409457134,0.34816686487218534,1.0482606472540879,"Not priced by this interval: the deployment scale, held at 30 per cent of registered automobiles and 30 per cent of signalized intersections by 2075 in every draw, against its own declared range of 15 to 45 per cent -- the model is exactly linear in that scale, so the two declared levels are delivered beside the interval as named lines, each of them the central rescaled, and never as width; the reading of the statutory floor itself, held at the statutory-targets-honoured reading in every draw, with the enforceable-standard reading delivered beside the interval as a named line rather than as width; the vehicle load model, held at the inherited one, with the single paired dynamometer measurement in the build's own precedent table delivered beside the interval as a named measured-load line; the computing workload growth of 2 per cent a year and the hardware efficiency floor of 0.25, neither of which is drawn or varied anywhere in this build; and the published market case, held at the policy state the interval is conditional on and carried as a named line.  The post-2050 continuation rule IS inside this interval: every electricity member continues along its own 2045-2050 slope at a decreasing rate after 2050 with the enacted statutory floors applied on top, and the linear trend and frozen continuations are delivered beside the interval as named lines.  The fuel-to-direct-current conversion coefficient IS priced here: it is drawn triangular on the declared list, support 0.17 to 0.2744 with its mode at the delivered central 0.21, so the two registered branches are the endpoints of the support this interval samples rather than values outside it, and each of them is also delivered as a named line.","The electricity-scenario axis changes the carbon content of a kilowatt hour, not the number of kilowatt hours.  Its contribution to the energy interval is therefore exactly zero, and an energy figure must not be captioned as though the electricity axis were inside it.  The same holds for the post-2050 continuation rule ON THAT AXIS and for the reading of the statutory floor: the delivered central, the two electricity-axis continuation lines and the enforceable-standard line carry the same energy in every entry and in every year, bitwise, and they part company only in carbon.  The two VEHICLE-axis continuation lines are a different object and are not covered by this sentence: a rule on that axis moves how much of the deployed stock is electric, so it moves the kilowatt hours as well as the carbon, and the movement is reported rather than gated."
V33_POLICY_CONDITIONAL,EQUAL_SIZE_COMPARISON_1000000_VEHICLES_AT_THE_MEASURED_NATIONAL_RATIO_2988_STI_UNITS_PER_MILLION_VEHICLES,grid_intensity_kg_per_kwh,2044,electricity-weighted mean: national grid carbon over national electricity,0.21,0.08391557808737285,0.10571762155209094,0.1517402966535374,0.10082917577132056,0.3363347862725281,1.0484824530536412,"Not priced by this interval: the deployment scale, held at 30 per cent of registered automobiles and 30 per cent of signalized intersections by 2075 in every draw, against its own declared range of 15 to 45 per cent -- the model is exactly linear in that scale, so the two declared levels are delivered beside the interval as named lines, each of them the central rescaled, and never as width; the reading of the statutory floor itself, held at the statutory-targets-honoured reading in every draw, with the enforceable-standard reading delivered beside the interval as a named line rather than as width; the vehicle load model, held at the inherited one, with the single paired dynamometer measurement in the build's own precedent table delivered beside the interval as a named measured-load line; the computing workload growth of 2 per cent a year and the hardware efficiency floor of 0.25, neither of which is drawn or varied anywhere in this build; and the published market case, held at the policy state the interval is conditional on and carried as a named line.  The post-2050 continuation rule IS inside this interval: every electricity member continues along its own 2045-2050 slope at a decreasing rate after 2050 with the enacted statutory floors applied on top, and the linear trend and frozen continuations are delivered beside the interval as named lines.  The fuel-to-direct-current conversion coefficient IS priced here: it is drawn triangular on the declared list, support 0.17 to 0.2744 with its mode at the delivered central 0.21, so the two registered branches are the endpoints of the support this interval samples rather than values outside it, and each of them is also delivered as a named line.","The electricity-scenario axis changes the carbon content of a kilowatt hour, not the number of kilowatt hours.  Its contribution to the energy interval is therefore exactly zero, and an energy figure must not be captioned as though the electricity axis were inside it.  The same holds for the post-2050 continuation rule ON THAT AXIS and for the reading of the statutory floor: the delivered central, the two electricity-axis continuation lines and the enforceable-standard line carry the same energy in every entry and in every year, bitwise, and they part company only in carbon.  The two VEHICLE-axis continuation lines are a different object and are not covered by this sentence: a rule on that axis moves how much of the deployed stock is electric, so it moves the kilowatt hours as well as the carbon, and the movement is reported rather than gated."
V33_POLICY_CONDITIONAL,EQUAL_SIZE_COMPARISON_1000000_VEHICLES_AT_THE_MEASURED_NATIONAL_RATIO_2988_STI_UNITS_PER_MILLION_VEHICLES,grid_intensity_kg_per_kwh,2045,electricity-weighted mean: national grid carbon over national electricity,0.21,0.07116229242089576,0.09292505985153436,0.13847650187583194,0.08769170429111228,0.38381172996405427,1.059679026684768,"Not priced by this interval: the deployment scale, held at 30 per cent of registered automobiles and 30 per cent of signalized intersections by 2075 in every draw, against its own declared range of 15 to 45 per cent -- the model is exactly linear in that scale, so the two declared levels are delivered beside the interval as named lines, each of them the central rescaled, and never as width; the reading of the statutory floor itself, held at the statutory-targets-honoured reading in every draw, with the enforceable-standard reading delivered beside the interval as a named line rather than as width; the vehicle load model, held at the inherited one, with the single paired dynamometer measurement in the build's own precedent table delivered beside the interval as a named measured-load line; the computing workload growth of 2 per cent a year and the hardware efficiency floor of 0.25, neither of which is drawn or varied anywhere in this build; and the published market case, held at the policy state the interval is conditional on and carried as a named line.  The post-2050 continuation rule IS inside this interval: every electricity member continues along its own 2045-2050 slope at a decreasing rate after 2050 with the enacted statutory floors applied on top, and the linear trend and frozen continuations are delivered beside the interval as named lines.  The fuel-to-direct-current conversion coefficient IS priced here: it is drawn triangular on the declared list, support 0.17 to 0.2744 with its mode at the delivered central 0.21, so the two registered branches are the endpoints of the support this interval samples rather than values outside it, and each of them is also delivered as a named line.","The electricity-scenario axis changes the carbon content of a kilowatt hour, not the number of kilowatt hours.  Its contribution to the energy interval is therefore exactly zero, and an energy figure must not be captioned as though the electricity axis were inside it.  The same holds for the post-2050 continuation rule ON THAT AXIS and for the reading of the statutory floor: the delivered central, the two electricity-axis continuation lines and the enforceable-standard line carry the same energy in every entry and in every year, bitwise, and they part company only in carbon.  The two VEHICLE-axis continuation lines are a different object and are not covered by this sentence: a rule on that axis moves how much of the deployed stock is electric, so it moves the kilowatt hours as well as the carbon, and the movement is reported rather than gated."
V33_POLICY_CONDITIONAL,EQUAL_SIZE_COMPARISON_1000000_VEHICLES_AT_THE_MEASURED_NATIONAL_RATIO_2988_STI_UNITS_PER_MILLION_VEHICLES,grid_intensity_kg_per_kwh,2046,electricity-weighted mean: national grid carbon over national electricity,0.21,0.07138242018124097,0.09314941436880662,0.1372801289313947,0.08802177207096044,0.37432618771313214,1.0582542497975664,"Not priced by this interval: the deployment scale, held at 30 per cent of registered automobiles and 30 per cent of signalized intersections by 2075 in every draw, against its own declared range of 15 to 45 per cent -- the model is exactly linear in that scale, so the two declared levels are delivered beside the interval as named lines, each of them the central rescaled, and never as width; the reading of the statutory floor itself, held at the statutory-targets-honoured reading in every draw, with the enforceable-standard reading delivered beside the interval as a named line rather than as width; the vehicle load model, held at the inherited one, with the single paired dynamometer measurement in the build's own precedent table delivered beside the interval as a named measured-load line; the computing workload growth of 2 per cent a year and the hardware efficiency floor of 0.25, neither of which is drawn or varied anywhere in this build; and the published market case, held at the policy state the interval is conditional on and carried as a named line.  The post-2050 continuation rule IS inside this interval: every electricity member continues along its own 2045-2050 slope at a decreasing rate after 2050 with the enacted statutory floors applied on top, and the linear trend and frozen continuations are delivered beside the interval as named lines.  The fuel-to-direct-current conversion coefficient IS priced here: it is drawn triangular on the declared list, support 0.17 to 0.2744 with its mode at the delivered central 0.21, so the two registered branches are the endpoints of the support this interval samples rather than values outside it, and each of them is also delivered as a named line.","The electricity-scenario axis changes the carbon content of a kilowatt hour, not the number of kilowatt hours.  Its contribution to the energy interval is therefore exactly zero, and an energy figure must not be captioned as though the electricity axis were inside it.  The same holds for the post-2050 continuation rule ON THAT AXIS and for the reading of the statutory floor: the delivered central, the two electricity-axis continuation lines and the enforceable-standard line carry the same energy in every entry and in every year, bitwise, and they part company only in carbon.  The two VEHICLE-axis continuation lines are a different object and are not covered by this sentence: a rule on that axis moves how much of the deployed stock is electric, so it moves the kilowatt hours as well as the carbon, and the movement is reported rather than gated."
V33_POLICY_CONDITIONAL,EQUAL_SIZE_COMPARISON_1000000_VEHICLES_AT_THE_MEASURED_NATIONAL_RATIO_2988_STI_UNITS_PER_MILLION_VEHICLES,grid_intensity_kg_per_kwh,2047,electricity-weighted mean: national grid carbon over national electricity,0.21,0.07162596814379421,0.09348901306848023,0.13627301163250435,0.08836665909236141,0.3657886591657869,1.0579670435516284,"Not priced by this interval: the deployment scale, held at 30 per cent of registered automobiles and 30 per cent of signalized intersections by 2075 in every draw, against its own declared range of 15 to 45 per cent -- the model is exactly linear in that scale, so the two declared levels are delivered beside the interval as named lines, each of them the central rescaled, and never as width; the reading of the statutory floor itself, held at the statutory-targets-honoured reading in every draw, with the enforceable-standard reading delivered beside the interval as a named line rather than as width; the vehicle load model, held at the inherited one, with the single paired dynamometer measurement in the build's own precedent table delivered beside the interval as a named measured-load line; the computing workload growth of 2 per cent a year and the hardware efficiency floor of 0.25, neither of which is drawn or varied anywhere in this build; and the published market case, held at the policy state the interval is conditional on and carried as a named line.  The post-2050 continuation rule IS inside this interval: every electricity member continues along its own 2045-2050 slope at a decreasing rate after 2050 with the enacted statutory floors applied on top, and the linear trend and frozen continuations are delivered beside the interval as named lines.  The fuel-to-direct-current conversion coefficient IS priced here: it is drawn triangular on the declared list, support 0.17 to 0.2744 with its mode at the delivered central 0.21, so the two registered branches are the endpoints of the support this interval samples rather than values outside it, and each of them is also delivered as a named line.","The electricity-scenario axis changes the carbon content of a kilowatt hour, not the number of kilowatt hours.  Its contribution to the energy interval is therefore exactly zero, and an energy figure must not be captioned as though the electricity axis were inside it.  The same holds for the post-2050 continuation rule ON THAT AXIS and for the reading of the statutory floor: the delivered central, the two electricity-axis continuation lines and the enforceable-standard line carry the same energy in every entry and in every year, bitwise, and they part company only in carbon.  The two VEHICLE-axis continuation lines are a different object and are not covered by this sentence: a rule on that axis moves how much of the deployed stock is electric, so it moves the kilowatt hours as well as the carbon, and the movement is reported rather than gated."
V33_POLICY_CONDITIONAL,EQUAL_SIZE_COMPARISON_1000000_VEHICLES_AT_THE_MEASURED_NATIONAL_RATIO_2988_STI_UNITS_PER_MILLION_VEHICLES,grid_intensity_kg_per_kwh,2048,electricity-weighted mean: national grid carbon over national electricity,0.21,0.07169422598969588,0.09380597046599512,0.1348680033153214,0.08871793874486736,0.3560372243729588,1.0573506530146037,"Not priced by this interval: the deployment scale, held at 30 per cent of registered automobiles and 30 per cent of signalized intersections by 2075 in every draw, against its own declared range of 15 to 45 per cent -- the model is exactly linear in that scale, so the two declared levels are delivered beside the interval as named lines, each of them the central rescaled, and never as width; the reading of the statutory floor itself, held at the statutory-targets-honoured reading in every draw, with the enforceable-standard reading delivered beside the interval as a named line rather than as width; the vehicle load model, held at the inherited one, with the single paired dynamometer measurement in the build's own precedent table delivered beside the interval as a named measured-load line; the computing workload growth of 2 per cent a year and the hardware efficiency floor of 0.25, neither of which is drawn or varied anywhere in this build; and the published market case, held at the policy state the interval is conditional on and carried as a named line.  The post-2050 continuation rule IS inside this interval: every electricity member continues along its own 2045-2050 slope at a decreasing rate after 2050 with the enacted statutory floors applied on top, and the linear trend and frozen continuations are delivered beside the interval as named lines.  The fuel-to-direct-current conversion coefficient IS priced here: it is drawn triangular on the declared list, support 0.17 to 0.2744 with its mode at the delivered central 0.21, so the two registered branches are the endpoints of the support this interval samples rather than values outside it, and each of them is also delivered as a named line.","The electricity-scenario axis changes the carbon content of a kilowatt hour, not the number of kilowatt hours.  Its contribution to the energy interval is therefore exactly zero, and an energy figure must not be captioned as though the electricity axis were inside it.  The same holds for the post-2050 continuation rule ON THAT AXIS and for the reading of the statutory floor: the delivered central, the two electricity-axis continuation lines and the enforceable-standard line carry the same energy in every entry and in every year, bitwise, and they part company only in carbon.  The two VEHICLE-axis continuation lines are a different object and are not covered by this sentence: a rule on that axis moves how much of the deployed stock is electric, so it moves the kilowatt hours as well as the carbon, and the movement is reported rather than gated."
V33_POLICY_CONDITIONAL,EQUAL_SIZE_COMPARISON_1000000_VEHICLES_AT_THE_MEASURED_NATIONAL_RATIO_2988_STI_UNITS_PER_MILLION_VEHICLES,grid_intensity_kg_per_kwh,2049,electricity-weighted mean: national grid carbon over national electricity,0.21,0.07161477403013779,0.09409746346096164,0.13392877555875354,0.08902745510198241,0.34997069980959267,1.0569488182400748,"Not priced by this interval: the deployment scale, held at 30 per cent of registered automobiles and 30 per cent of signalized intersections by 2075 in every draw, against its own declared range of 15 to 45 per cent -- the model is exactly linear in that scale, so the two declared levels are delivered beside the interval as named lines, each of them the central rescaled, and never as width; the reading of the statutory floor itself, held at the statutory-targets-honoured reading in every draw, with the enforceable-standard reading delivered beside the interval as a named line rather than as width; the vehicle load model, held at the inherited one, with the single paired dynamometer measurement in the build's own precedent table delivered beside the interval as a named measured-load line; the computing workload growth of 2 per cent a year and the hardware efficiency floor of 0.25, neither of which is drawn or varied anywhere in this build; and the published market case, held at the policy state the interval is conditional on and carried as a named line.  The post-2050 continuation rule IS inside this interval: every electricity member continues along its own 2045-2050 slope at a decreasing rate after 2050 with the enacted statutory floors applied on top, and the linear trend and frozen continuations are delivered beside the interval as named lines.  The fuel-to-direct-current conversion coefficient IS priced here: it is drawn triangular on the declared list, support 0.17 to 0.2744 with its mode at the delivered central 0.21, so the two registered branches are the endpoints of the support this interval samples rather than values outside it, and each of them is also delivered as a named line.","The electricity-scenario axis changes the carbon content of a kilowatt hour, not the number of kilowatt hours.  Its contribution to the energy interval is therefore exactly zero, and an energy figure must not be captioned as though the electricity axis were inside it.  The same holds for the post-2050 continuation rule ON THAT AXIS and for the reading of the statutory floor: the delivered central, the two electricity-axis continuation lines and the enforceable-standard line carry the same energy in every entry and in every year, bitwise, and they part company only in carbon.  The two VEHICLE-axis continuation lines are a different object and are not covered by this sentence: a rule on that axis moves how much of the deployed stock is electric, so it moves the kilowatt hours as well as the carbon, and the movement is reported rather than gated."
V33_POLICY_CONDITIONAL,EQUAL_SIZE_COMPARISON_1000000_VEHICLES_AT_THE_MEASURED_NATIONAL_RATIO_2988_STI_UNITS_PER_MILLION_VEHICLES,grid_intensity_kg_per_kwh,2050,electricity-weighted mean: national grid carbon over national electricity,0.21,0.06009717606948097,0.07961992339430163,0.11454295040791995,0.07556776664725072,0.3602446966084832,1.053622819977813,"Not priced by this interval: the deployment scale, held at 30 per cent of registered automobiles and 30 per cent of signalized intersections by 2075 in every draw, against its own declared range of 15 to 45 per cent -- the model is exactly linear in that scale, so the two declared levels are delivered beside the interval as named lines, each of them the central rescaled, and never as width; the reading of the statutory floor itself, held at the statutory-targets-honoured reading in every draw, with the enforceable-standard reading delivered beside the interval as a named line rather than as width; the vehicle load model, held at the inherited one, with the single paired dynamometer measurement in the build's own precedent table delivered beside the interval as a named measured-load line; the computing workload growth of 2 per cent a year and the hardware efficiency floor of 0.25, neither of which is drawn or varied anywhere in this build; and the published market case, held at the policy state the interval is conditional on and carried as a named line.  The post-2050 continuation rule IS inside this interval: every electricity member continues along its own 2045-2050 slope at a decreasing rate after 2050 with the enacted statutory floors applied on top, and the linear trend and frozen continuations are delivered beside the interval as named lines.  The fuel-to-direct-current conversion coefficient IS priced here: it is drawn triangular on the declared list, support 0.17 to 0.2744 with its mode at the delivered central 0.21, so the two registered branches are the endpoints of the support this interval samples rather than values outside it, and each of them is also delivered as a named line.","The electricity-scenario axis changes the carbon content of a kilowatt hour, not the number of kilowatt hours.  Its contribution to the energy interval is therefore exactly zero, and an energy figure must not be captioned as though the electricity axis were inside it.  The same holds for the post-2050 continuation rule ON THAT AXIS and for the reading of the statutory floor: the delivered central, the two electricity-axis continuation lines and the enforceable-standard line carry the same energy in every entry and in every year, bitwise, and they part company only in carbon.  The two VEHICLE-axis continuation lines are a different object and are not covered by this sentence: a rule on that axis moves how much of the deployed stock is electric, so it moves the kilowatt hours as well as the carbon, and the movement is reported rather than gated."
V33_POLICY_CONDITIONAL,EQUAL_SIZE_COMPARISON_1000000_VEHICLES_AT_THE_MEASURED_NATIONAL_RATIO_2988_STI_UNITS_PER_MILLION_VEHICLES,grid_intensity_kg_per_kwh,2051,electricity-weighted mean: national grid carbon over national electricity,0.21,0.059932190020214854,0.07968597015810508,0.11402149645362386,0.07569918479404343,0.35726478812533496,1.0526661598127984,"Not priced by this interval: the deployment scale, held at 30 per cent of registered automobiles and 30 per cent of signalized intersections by 2075 in every draw, against its own declared range of 15 to 45 per cent -- the model is exactly linear in that scale, so the two declared levels are delivered beside the interval as named lines, each of them the central rescaled, and never as width; the reading of the statutory floor itself, held at the statutory-targets-honoured reading in every draw, with the enforceable-standard reading delivered beside the interval as a named line rather than as width; the vehicle load model, held at the inherited one, with the single paired dynamometer measurement in the build's own precedent table delivered beside the interval as a named measured-load line; the computing workload growth of 2 per cent a year and the hardware efficiency floor of 0.25, neither of which is drawn or varied anywhere in this build; and the published market case, held at the policy state the interval is conditional on and carried as a named line.  The post-2050 continuation rule IS inside this interval: every electricity member continues along its own 2045-2050 slope at a decreasing rate after 2050 with the enacted statutory floors applied on top, and the linear trend and frozen continuations are delivered beside the interval as named lines.  The fuel-to-direct-current conversion coefficient IS priced here: it is drawn triangular on the declared list, support 0.17 to 0.2744 with its mode at the delivered central 0.21, so the two registered branches are the endpoints of the support this interval samples rather than values outside it, and each of them is also delivered as a named line.","The electricity-scenario axis changes the carbon content of a kilowatt hour, not the number of kilowatt hours.  Its contribution to the energy interval is therefore exactly zero, and an energy figure must not be captioned as though the electricity axis were inside it.  The same holds for the post-2050 continuation rule ON THAT AXIS and for the reading of the statutory floor: the delivered central, the two electricity-axis continuation lines and the enforceable-standard line carry the same energy in every entry and in every year, bitwise, and they part company only in carbon.  The two VEHICLE-axis continuation lines are a different object and are not covered by this sentence: a rule on that axis moves how much of the deployed stock is electric, so it moves the kilowatt hours as well as the carbon, and the movement is reported rather than gated."
V33_POLICY_CONDITIONAL,EQUAL_SIZE_COMPARISON_1000000_VEHICLES_AT_THE_MEASURED_NATIONAL_RATIO_2988_STI_UNITS_PER_MILLION_VEHICLES,grid_intensity_kg_per_kwh,2052,electricity-weighted mean: national grid carbon over national electricity,0.21,0.059713003349902614,0.07975610761009934,0.11320931958852494,0.07581093418605886,0.35282717996410046,1.052039636055111,"Not priced by this interval: the deployment scale, held at 30 per cent of registered automobiles and 30 per cent of signalized intersections by 2075 in every draw, against its own declared range of 15 to 45 per cent -- the model is exactly linear in that scale, so the two declared levels are delivered beside the interval as named lines, each of them the central rescaled, and never as width; the reading of the statutory floor itself, held at the statutory-targets-honoured reading in every draw, with the enforceable-standard reading delivered beside the interval as a named line rather than as width; the vehicle load model, held at the inherited one, with the single paired dynamometer measurement in the build's own precedent table delivered beside the interval as a named measured-load line; the computing workload growth of 2 per cent a year and the hardware efficiency floor of 0.25, neither of which is drawn or varied anywhere in this build; and the published market case, held at the policy state the interval is conditional on and carried as a named line.  The post-2050 continuation rule IS inside this interval: every electricity member continues along its own 2045-2050 slope at a decreasing rate after 2050 with the enacted statutory floors applied on top, and the linear trend and frozen continuations are delivered beside the interval as named lines.  The fuel-to-direct-current conversion coefficient IS priced here: it is drawn triangular on the declared list, support 0.17 to 0.2744 with its mode at the delivered central 0.21, so the two registered branches are the endpoints of the support this interval samples rather than values outside it, and each of them is also delivered as a named line.","The electricity-scenario axis changes the carbon content of a kilowatt hour, not the number of kilowatt hours.  Its contribution to the energy interval is therefore exactly zero, and an energy figure must not be captioned as though the electricity axis were inside it.  The same holds for the post-2050 continuation rule ON THAT AXIS and for the reading of the statutory floor: the delivered central, the two electricity-axis continuation lines and the enforceable-standard line carry the same energy in every entry and in every year, bitwise, and they part company only in carbon.  The two VEHICLE-axis continuation lines are a different object and are not covered by this sentence: a rule on that axis moves how much of the deployed stock is electric, so it moves the kilowatt hours as well as the carbon, and the movement is reported rather than gated."
V33_POLICY_CONDITIONAL,EQUAL_SIZE_COMPARISON_1000000_VEHICLES_AT_THE_MEASURED_NATIONAL_RATIO_2988_STI_UNITS_PER_MILLION_VEHICLES,grid_intensity_kg_per_kwh,2053,electricity-weighted mean: national grid carbon over national electricity,0.21,0.05935860450044097,0.07980437836574887,0.11269816772276761,0.07590993429524831,0.35133453689252836,1.0513034836172206,"Not priced by this interval: the deployment scale, held at 30 per cent of registered automobiles and 30 per cent of signalized intersections by 2075 in every draw, against its own declared range of 15 to 45 per cent -- the model is exactly linear in that scale, so the two declared levels are delivered beside the interval as named lines, each of them the central rescaled, and never as width; the reading of the statutory floor itself, held at the statutory-targets-honoured reading in every draw, with the enforceable-standard reading delivered beside the interval as a named line rather than as width; the vehicle load model, held at the inherited one, with the single paired dynamometer measurement in the build's own precedent table delivered beside the interval as a named measured-load line; the computing workload growth of 2 per cent a year and the hardware efficiency floor of 0.25, neither of which is drawn or varied anywhere in this build; and the published market case, held at the policy state the interval is conditional on and carried as a named line.  The post-2050 continuation rule IS inside this interval: every electricity member continues along its own 2045-2050 slope at a decreasing rate after 2050 with the enacted statutory floors applied on top, and the linear trend and frozen continuations are delivered beside the interval as named lines.  The fuel-to-direct-current conversion coefficient IS priced here: it is drawn triangular on the declared list, support 0.17 to 0.2744 with its mode at the delivered central 0.21, so the two registered branches are the endpoints of the support this interval samples rather than values outside it, and each of them is also delivered as a named line.","The electricity-scenario axis changes the carbon content of a kilowatt hour, not the number of kilowatt hours.  Its contribution to the energy interval is therefore exactly zero, and an energy figure must not be captioned as though the electricity axis were inside it.  The same holds for the post-2050 continuation rule ON THAT AXIS and for the reading of the statutory floor: the delivered central, the two electricity-axis continuation lines and the enforceable-standard line carry the same energy in every entry and in every year, bitwise, and they part company only in carbon.  The two VEHICLE-axis continuation lines are a different object and are not covered by this sentence: a rule on that axis moves how much of the deployed stock is electric, so it moves the kilowatt hours as well as the carbon, and the movement is reported rather than gated."
V33_POLICY_CONDITIONAL,EQUAL_SIZE_COMPARISON_1000000_VEHICLES_AT_THE_MEASURED_NATIONAL_RATIO_2988_STI_UNITS_PER_MILLION_VEHICLES,grid_intensity_kg_per_kwh,2054,electricity-weighted mean: national grid carbon over national electricity,0.21,0.05914031342036744,0.07981079687300813,0.1123075163306989,0.07600190208359282,0.34977547569700307,1.050115782434313,"Not priced by this interval: the deployment scale, held at 30 per cent of registered automobiles and 30 per cent of signalized intersections by 2075 in every draw, against its own declared range of 15 to 45 per cent -- the model is exactly linear in that scale, so the two declared levels are delivered beside the interval as named lines, each of them the central rescaled, and never as width; the reading of the statutory floor itself, held at the statutory-targets-honoured reading in every draw, with the enforceable-standard reading delivered beside the interval as a named line rather than as width; the vehicle load model, held at the inherited one, with the single paired dynamometer measurement in the build's own precedent table delivered beside the interval as a named measured-load line; the computing workload growth of 2 per cent a year and the hardware efficiency floor of 0.25, neither of which is drawn or varied anywhere in this build; and the published market case, held at the policy state the interval is conditional on and carried as a named line.  The post-2050 continuation rule IS inside this interval: every electricity member continues along its own 2045-2050 slope at a decreasing rate after 2050 with the enacted statutory floors applied on top, and the linear trend and frozen continuations are delivered beside the interval as named lines.  The fuel-to-direct-current conversion coefficient IS priced here: it is drawn triangular on the declared list, support 0.17 to 0.2744 with its mode at the delivered central 0.21, so the two registered branches are the endpoints of the support this interval samples rather than values outside it, and each of them is also delivered as a named line.","The electricity-scenario axis changes the carbon content of a kilowatt hour, not the number of kilowatt hours.  Its contribution to the energy interval is therefore exactly zero, and an energy figure must not be captioned as though the electricity axis were inside it.  The same holds for the post-2050 continuation rule ON THAT AXIS and for the reading of the statutory floor: the delivered central, the two electricity-axis continuation lines and the enforceable-standard line carry the same energy in every entry and in every year, bitwise, and they part company only in carbon.  The two VEHICLE-axis continuation lines are a different object and are not covered by this sentence: a rule on that axis moves how much of the deployed stock is electric, so it moves the kilowatt hours as well as the carbon, and the movement is reported rather than gated."
V33_POLICY_CONDITIONAL,EQUAL_SIZE_COMPARISON_1000000_VEHICLES_AT_THE_MEASURED_NATIONAL_RATIO_2988_STI_UNITS_PER_MILLION_VEHICLES,grid_intensity_kg_per_kwh,2055,electricity-weighted mean: national grid carbon over national electricity,0.21,0.058981897124124,0.07987396439853961,0.11215201261903643,0.07608758870079173,0.34940071306504134,1.049763381418716,"Not priced by this interval: the deployment scale, held at 30 per cent of registered automobiles and 30 per cent of signalized intersections by 2075 in every draw, against its own declared range of 15 to 45 per cent -- the model is exactly linear in that scale, so the two declared levels are delivered beside the interval as named lines, each of them the central rescaled, and never as width; the reading of the statutory floor itself, held at the statutory-targets-honoured reading in every draw, with the enforceable-standard reading delivered beside the interval as a named line rather than as width; the vehicle load model, held at the inherited one, with the single paired dynamometer measurement in the build's own precedent table delivered beside the interval as a named measured-load line; the computing workload growth of 2 per cent a year and the hardware efficiency floor of 0.25, neither of which is drawn or varied anywhere in this build; and the published market case, held at the policy state the interval is conditional on and carried as a named line.  The post-2050 continuation rule IS inside this interval: every electricity member continues along its own 2045-2050 slope at a decreasing rate after 2050 with the enacted statutory floors applied on top, and the linear trend and frozen continuations are delivered beside the interval as named lines.  The fuel-to-direct-current conversion coefficient IS priced here: it is drawn triangular on the declared list, support 0.17 to 0.2744 with its mode at the delivered central 0.21, so the two registered branches are the endpoints of the support this interval samples rather than values outside it, and each of them is also delivered as a named line.","The electricity-scenario axis changes the carbon content of a kilowatt hour, not the number of kilowatt hours.  Its contribution to the energy interval is therefore exactly zero, and an energy figure must not be captioned as though the electricity axis were inside it.  The same holds for the post-2050 continuation rule ON THAT AXIS and for the reading of the statutory floor: the delivered central, the two electricity-axis continuation lines and the enforceable-standard line carry the same energy in every entry and in every year, bitwise, and they part company only in carbon.  The two VEHICLE-axis continuation lines are a different object and are not covered by this sentence: a rule on that axis moves how much of the deployed stock is electric, so it moves the kilowatt hours as well as the carbon, and the movement is reported rather than gated."
V33_POLICY_CONDITIONAL,EQUAL_SIZE_COMPARISON_1000000_VEHICLES_AT_THE_MEASURED_NATIONAL_RATIO_2988_STI_UNITS_PER_MILLION_VEHICLES,grid_intensity_kg_per_kwh,2056,electricity-weighted mean: national grid carbon over national electricity,0.21,0.05870009090547855,0.07994150229209525,0.11193741749206411,0.07616833838816434,0.34947149769291813,1.0495371696925087,"Not priced by this interval: the deployment scale, held at 30 per cent of registered automobiles and 30 per cent of signalized intersections by 2075 in every draw, against its own declared range of 15 to 45 per cent -- the model is exactly linear in that scale, so the two declared levels are delivered beside the interval as named lines, each of them the central rescaled, and never as width; the reading of the statutory floor itself, held at the statutory-targets-honoured reading in every draw, with the enforceable-standard reading delivered beside the interval as a named line rather than as width; the vehicle load model, held at the inherited one, with the single paired dynamometer measurement in the build's own precedent table delivered beside the interval as a named measured-load line; the computing workload growth of 2 per cent a year and the hardware efficiency floor of 0.25, neither of which is drawn or varied anywhere in this build; and the published market case, held at the policy state the interval is conditional on and carried as a named line.  The post-2050 continuation rule IS inside this interval: every electricity member continues along its own 2045-2050 slope at a decreasing rate after 2050 with the enacted statutory floors applied on top, and the linear trend and frozen continuations are delivered beside the interval as named lines.  The fuel-to-direct-current conversion coefficient IS priced here: it is drawn triangular on the declared list, support 0.17 to 0.2744 with its mode at the delivered central 0.21, so the two registered branches are the endpoints of the support this interval samples rather than values outside it, and each of them is also delivered as a named line.","The electricity-scenario axis changes the carbon content of a kilowatt hour, not the number of kilowatt hours.  Its contribution to the energy interval is therefore exactly zero, and an energy figure must not be captioned as though the electricity axis were inside it.  The same holds for the post-2050 continuation rule ON THAT AXIS and for the reading of the statutory floor: the delivered central, the two electricity-axis continuation lines and the enforceable-standard line carry the same energy in every entry and in every year, bitwise, and they part company only in carbon.  The two VEHICLE-axis continuation lines are a different object and are not covered by this sentence: a rule on that axis moves how much of the deployed stock is electric, so it moves the kilowatt hours as well as the carbon, and the movement is reported rather than gated."
V33_POLICY_CONDITIONAL,EQUAL_SIZE_COMPARISON_1000000_VEHICLES_AT_THE_MEASURED_NATIONAL_RATIO_2988_STI_UNITS_PER_MILLION_VEHICLES,grid_intensity_kg_per_kwh,2057,electricity-weighted mean: national grid carbon over national electricity,0.21,0.05846054562299086,0.07993908699611163,0.11190858465748196,0.07625069841040302,0.3504757343127436,1.0483718662595933,"Not priced by this interval: the deployment scale, held at 30 per cent of registered automobiles and 30 per cent of signalized intersections by 2075 in every draw, against its own declared range of 15 to 45 per cent -- the model is exactly linear in that scale, so the two declared levels are delivered beside the interval as named lines, each of them the central rescaled, and never as width; the reading of the statutory floor itself, held at the statutory-targets-honoured reading in every draw, with the enforceable-standard reading delivered beside the interval as a named line rather than as width; the vehicle load model, held at the inherited one, with the single paired dynamometer measurement in the build's own precedent table delivered beside the interval as a named measured-load line; the computing workload growth of 2 per cent a year and the hardware efficiency floor of 0.25, neither of which is drawn or varied anywhere in this build; and the published market case, held at the policy state the interval is conditional on and carried as a named line.  The post-2050 continuation rule IS inside this interval: every electricity member continues along its own 2045-2050 slope at a decreasing rate after 2050 with the enacted statutory floors applied on top, and the linear trend and frozen continuations are delivered beside the interval as named lines.  The fuel-to-direct-current conversion coefficient IS priced here: it is drawn triangular on the declared list, support 0.17 to 0.2744 with its mode at the delivered central 0.21, so the two registered branches are the endpoints of the support this interval samples rather than values outside it, and each of them is also delivered as a named line.","The electricity-scenario axis changes the carbon content of a kilowatt hour, not the number of kilowatt hours.  Its contribution to the energy interval is therefore exactly zero, and an energy figure must not be captioned as though the electricity axis were inside it.  The same holds for the post-2050 continuation rule ON THAT AXIS and for the reading of the statutory floor: the delivered central, the two electricity-axis continuation lines and the enforceable-standard line carry the same energy in every entry and in every year, bitwise, and they part company only in carbon.  The two VEHICLE-axis continuation lines are a different object and are not covered by this sentence: a rule on that axis moves how much of the deployed stock is electric, so it moves the kilowatt hours as well as the carbon, and the movement is reported rather than gated."
V33_POLICY_CONDITIONAL,EQUAL_SIZE_COMPARISON_1000000_VEHICLES_AT_THE_MEASURED_NATIONAL_RATIO_2988_STI_UNITS_PER_MILLION_VEHICLES,grid_intensity_kg_per_kwh,2058,electricity-weighted mean: national grid carbon over national electricity,0.21,0.058281478719950985,0.07999422465214207,0.11202489280243473,0.07633512563337522,0.35202283114463145,1.0479346695037994,"Not priced by this interval: the deployment scale, held at 30 per cent of registered automobiles and 30 per cent of signalized intersections by 2075 in every draw, against its own declared range of 15 to 45 per cent -- the model is exactly linear in that scale, so the two declared levels are delivered beside the interval as named lines, each of them the central rescaled, and never as width; the reading of the statutory floor itself, held at the statutory-targets-honoured reading in every draw, with the enforceable-standard reading delivered beside the interval as a named line rather than as width; the vehicle load model, held at the inherited one, with the single paired dynamometer measurement in the build's own precedent table delivered beside the interval as a named measured-load line; the computing workload growth of 2 per cent a year and the hardware efficiency floor of 0.25, neither of which is drawn or varied anywhere in this build; and the published market case, held at the policy state the interval is conditional on and carried as a named line.  The post-2050 continuation rule IS inside this interval: every electricity member continues along its own 2045-2050 slope at a decreasing rate after 2050 with the enacted statutory floors applied on top, and the linear trend and frozen continuations are delivered beside the interval as named lines.  The fuel-to-direct-current conversion coefficient IS priced here: it is drawn triangular on the declared list, support 0.17 to 0.2744 with its mode at the delivered central 0.21, so the two registered branches are the endpoints of the support this interval samples rather than values outside it, and each of them is also delivered as a named line.","The electricity-scenario axis changes the carbon content of a kilowatt hour, not the number of kilowatt hours.  Its contribution to the energy interval is therefore exactly zero, and an energy figure must not be captioned as though the electricity axis were inside it.  The same holds for the post-2050 continuation rule ON THAT AXIS and for the reading of the statutory floor: the delivered central, the two electricity-axis continuation lines and the enforceable-standard line carry the same energy in every entry and in every year, bitwise, and they part company only in carbon.  The two VEHICLE-axis continuation lines are a different object and are not covered by this sentence: a rule on that axis moves how much of the deployed stock is electric, so it moves the kilowatt hours as well as the carbon, and the movement is reported rather than gated."
V33_POLICY_CONDITIONAL,EQUAL_SIZE_COMPARISON_1000000_VEHICLES_AT_THE_MEASURED_NATIONAL_RATIO_2988_STI_UNITS_PER_MILLION_VEHICLES,grid_intensity_kg_per_kwh,2059,electricity-weighted mean: national grid carbon over national electricity,0.21,0.05811366465625819,0.08002678976213246,0.11184272124030069,0.07642533541225226,0.3515133842345482,1.0471238278569965,"Not priced by this interval: the deployment scale, held at 30 per cent of registered automobiles and 30 per cent of signalized intersections by 2075 in every draw, against its own declared range of 15 to 45 per cent -- the model is exactly linear in that scale, so the two declared levels are delivered beside the interval as named lines, each of them the central rescaled, and never as width; the reading of the statutory floor itself, held at the statutory-targets-honoured reading in every draw, with the enforceable-standard reading delivered beside the interval as a named line rather than as width; the vehicle load model, held at the inherited one, with the single paired dynamometer measurement in the build's own precedent table delivered beside the interval as a named measured-load line; the computing workload growth of 2 per cent a year and the hardware efficiency floor of 0.25, neither of which is drawn or varied anywhere in this build; and the published market case, held at the policy state the interval is conditional on and carried as a named line.  The post-2050 continuation rule IS inside this interval: every electricity member continues along its own 2045-2050 slope at a decreasing rate after 2050 with the enacted statutory floors applied on top, and the linear trend and frozen continuations are delivered beside the interval as named lines.  The fuel-to-direct-current conversion coefficient IS priced here: it is drawn triangular on the declared list, support 0.17 to 0.2744 with its mode at the delivered central 0.21, so the two registered branches are the endpoints of the support this interval samples rather than values outside it, and each of them is also delivered as a named line.","The electricity-scenario axis changes the carbon content of a kilowatt hour, not the number of kilowatt hours.  Its contribution to the energy interval is therefore exactly zero, and an energy figure must not be captioned as though the electricity axis were inside it.  The same holds for the post-2050 continuation rule ON THAT AXIS and for the reading of the statutory floor: the delivered central, the two electricity-axis continuation lines and the enforceable-standard line carry the same energy in every entry and in every year, bitwise, and they part company only in carbon.  The two VEHICLE-axis continuation lines are a different object and are not covered by this sentence: a rule on that axis moves how much of the deployed stock is electric, so it moves the kilowatt hours as well as the carbon, and the movement is reported rather than gated."
V33_POLICY_CONDITIONAL,EQUAL_SIZE_COMPARISON_1000000_VEHICLES_AT_THE_MEASURED_NATIONAL_RATIO_2988_STI_UNITS_PER_MILLION_VEHICLES,grid_intensity_kg_per_kwh,2060,electricity-weighted mean: national grid carbon over national electricity,0.21,0.057921018879524624,0.08009310967063918,0.1119638052231548,0.07651949554262541,0.3531308326093543,1.046702008457741,"Not priced by this interval: the deployment scale, held at 30 per cent of registered automobiles and 30 per cent of signalized intersections by 2075 in every draw, against its own declared range of 15 to 45 per cent -- the model is exactly linear in that scale, so the two declared levels are delivered beside the interval as named lines, each of them the central rescaled, and never as width; the reading of the statutory floor itself, held at the statutory-targets-honoured reading in every draw, with the enforceable-standard reading delivered beside the interval as a named line rather than as width; the vehicle load model, held at the inherited one, with the single paired dynamometer measurement in the build's own precedent table delivered beside the interval as a named measured-load line; the computing workload growth of 2 per cent a year and the hardware efficiency floor of 0.25, neither of which is drawn or varied anywhere in this build; and the published market case, held at the policy state the interval is conditional on and carried as a named line.  The post-2050 continuation rule IS inside this interval: every electricity member continues along its own 2045-2050 slope at a decreasing rate after 2050 with the enacted statutory floors applied on top, and the linear trend and frozen continuations are delivered beside the interval as named lines.  The fuel-to-direct-current conversion coefficient IS priced here: it is drawn triangular on the declared list, support 0.17 to 0.2744 with its mode at the delivered central 0.21, so the two registered branches are the endpoints of the support this interval samples rather than values outside it, and each of them is also delivered as a named line.","The electricity-scenario axis changes the carbon content of a kilowatt hour, not the number of kilowatt hours.  Its contribution to the energy interval is therefore exactly zero, and an energy figure must not be captioned as though the electricity axis were inside it.  The same holds for the post-2050 continuation rule ON THAT AXIS and for the reading of the statutory floor: the delivered central, the two electricity-axis continuation lines and the enforceable-standard line carry the same energy in every entry and in every year, bitwise, and they part company only in carbon.  The two VEHICLE-axis continuation lines are a different object and are not covered by this sentence: a rule on that axis moves how much of the deployed stock is electric, so it moves the kilowatt hours as well as the carbon, and the movement is reported rather than gated."
V33_POLICY_CONDITIONAL,EQUAL_SIZE_COMPARISON_1000000_VEHICLES_AT_THE_MEASURED_NATIONAL_RATIO_2988_STI_UNITS_PER_MILLION_VEHICLES,grid_intensity_kg_per_kwh,2061,electricity-weighted mean: national grid carbon over national electricity,0.21,0.057761245108862415,0.08020552649233328,0.11209378340599932,0.07659369771738256,0.35468021466736427,1.0471556914287876,"Not priced by this interval: the deployment scale, held at 30 per cent of registered automobiles and 30 per cent of signalized intersections by 2075 in every draw, against its own declared range of 15 to 45 per cent -- the model is exactly linear in that scale, so the two declared levels are delivered beside the interval as named lines, each of them the central rescaled, and never as width; the reading of the statutory floor itself, held at the statutory-targets-honoured reading in every draw, with the enforceable-standard reading delivered beside the interval as a named line rather than as width; the vehicle load model, held at the inherited one, with the single paired dynamometer measurement in the build's own precedent table delivered beside the interval as a named measured-load line; the computing workload growth of 2 per cent a year and the hardware efficiency floor of 0.25, neither of which is drawn or varied anywhere in this build; and the published market case, held at the policy state the interval is conditional on and carried as a named line.  The post-2050 continuation rule IS inside this interval: every electricity member continues along its own 2045-2050 slope at a decreasing rate after 2050 with the enacted statutory floors applied on top, and the linear trend and frozen continuations are delivered beside the interval as named lines.  The fuel-to-direct-current conversion coefficient IS priced here: it is drawn triangular on the declared list, support 0.17 to 0.2744 with its mode at the delivered central 0.21, so the two registered branches are the endpoints of the support this interval samples rather than values outside it, and each of them is also delivered as a named line.","The electricity-scenario axis changes the carbon content of a kilowatt hour, not the number of kilowatt hours.  Its contribution to the energy interval is therefore exactly zero, and an energy figure must not be captioned as though the electricity axis were inside it.  The same holds for the post-2050 continuation rule ON THAT AXIS and for the reading of the statutory floor: the delivered central, the two electricity-axis continuation lines and the enforceable-standard line carry the same energy in every entry and in every year, bitwise, and they part company only in carbon.  The two VEHICLE-axis continuation lines are a different object and are not covered by this sentence: a rule on that axis moves how much of the deployed stock is electric, so it moves the kilowatt hours as well as the carbon, and the movement is reported rather than gated."
V33_POLICY_CONDITIONAL,EQUAL_SIZE_COMPARISON_1000000_VEHICLES_AT_THE_MEASURED_NATIONAL_RATIO_2988_STI_UNITS_PER_MILLION_VEHICLES,grid_intensity_kg_per_kwh,2062,electricity-weighted mean: national grid carbon over national electricity,0.21,0.05753133888184397,0.08025767704292541,0.11223752814594477,0.07663350380870985,0.3569338901732634,1.047292281496904,"Not priced by this interval: the deployment scale, held at 30 per cent of registered automobiles and 30 per cent of signalized intersections by 2075 in every draw, against its own declared range of 15 to 45 per cent -- the model is exactly linear in that scale, so the two declared levels are delivered beside the interval as named lines, each of them the central rescaled, and never as width; the reading of the statutory floor itself, held at the statutory-targets-honoured reading in every draw, with the enforceable-standard reading delivered beside the interval as a named line rather than as width; the vehicle load model, held at the inherited one, with the single paired dynamometer measurement in the build's own precedent table delivered beside the interval as a named measured-load line; the computing workload growth of 2 per cent a year and the hardware efficiency floor of 0.25, neither of which is drawn or varied anywhere in this build; and the published market case, held at the policy state the interval is conditional on and carried as a named line.  The post-2050 continuation rule IS inside this interval: every electricity member continues along its own 2045-2050 slope at a decreasing rate after 2050 with the enacted statutory floors applied on top, and the linear trend and frozen continuations are delivered beside the interval as named lines.  The fuel-to-direct-current conversion coefficient IS priced here: it is drawn triangular on the declared list, support 0.17 to 0.2744 with its mode at the delivered central 0.21, so the two registered branches are the endpoints of the support this interval samples rather than values outside it, and each of them is also delivered as a named line.","The electricity-scenario axis changes the carbon content of a kilowatt hour, not the number of kilowatt hours.  Its contribution to the energy interval is therefore exactly zero, and an energy figure must not be captioned as though the electricity axis were inside it.  The same holds for the post-2050 continuation rule ON THAT AXIS and for the reading of the statutory floor: the delivered central, the two electricity-axis continuation lines and the enforceable-standard line carry the same energy in every entry and in every year, bitwise, and they part company only in carbon.  The two VEHICLE-axis continuation lines are a different object and are not covered by this sentence: a rule on that axis moves how much of the deployed stock is electric, so it moves the kilowatt hours as well as the carbon, and the movement is reported rather than gated."
V33_POLICY_CONDITIONAL,EQUAL_SIZE_COMPARISON_1000000_VEHICLES_AT_THE_MEASURED_NATIONAL_RATIO_2988_STI_UNITS_PER_MILLION_VEHICLES,grid_intensity_kg_per_kwh,2063,electricity-weighted mean: national grid carbon over national electricity,0.21,0.05740233083352906,0.0802943537654547,0.11251239674760519,0.07667567914148578,0.35937122782039066,1.0471945558811624,"Not priced by this interval: the deployment scale, held at 30 per cent of registered automobiles and 30 per cent of signalized intersections by 2075 in every draw, against its own declared range of 15 to 45 per cent -- the model is exactly linear in that scale, so the two declared levels are delivered beside the interval as named lines, each of them the central rescaled, and never as width; the reading of the statutory floor itself, held at the statutory-targets-honoured reading in every draw, with the enforceable-standard reading delivered beside the interval as a named line rather than as width; the vehicle load model, held at the inherited one, with the single paired dynamometer measurement in the build's own precedent table delivered beside the interval as a named measured-load line; the computing workload growth of 2 per cent a year and the hardware efficiency floor of 0.25, neither of which is drawn or varied anywhere in this build; and the published market case, held at the policy state the interval is conditional on and carried as a named line.  The post-2050 continuation rule IS inside this interval: every electricity member continues along its own 2045-2050 slope at a decreasing rate after 2050 with the enacted statutory floors applied on top, and the linear trend and frozen continuations are delivered beside the interval as named lines.  The fuel-to-direct-current conversion coefficient IS priced here: it is drawn triangular on the declared list, support 0.17 to 0.2744 with its mode at the delivered central 0.21, so the two registered branches are the endpoints of the support this interval samples rather than values outside it, and each of them is also delivered as a named line.","The electricity-scenario axis changes the carbon content of a kilowatt hour, not the number of kilowatt hours.  Its contribution to the energy interval is therefore exactly zero, and an energy figure must not be captioned as though the electricity axis were inside it.  The same holds for the post-2050 continuation rule ON THAT AXIS and for the reading of the statutory floor: the delivered central, the two electricity-axis continuation lines and the enforceable-standard line carry the same energy in every entry and in every year, bitwise, and they part company only in carbon.  The two VEHICLE-axis continuation lines are a different object and are not covered by this sentence: a rule on that axis moves how much of the deployed stock is electric, so it moves the kilowatt hours as well as the carbon, and the movement is reported rather than gated."
V33_POLICY_CONDITIONAL,EQUAL_SIZE_COMPARISON_1000000_VEHICLES_AT_THE_MEASURED_NATIONAL_RATIO_2988_STI_UNITS_PER_MILLION_VEHICLES,grid_intensity_kg_per_kwh,2064,electricity-weighted mean: national grid carbon over national electricity,0.21,0.05726453816226558,0.08031236613818364,0.11284965079105594,0.07670256572868665,0.36234193798292724,1.0470623163019817,"Not priced by this interval: the deployment scale, held at 30 per cent of registered automobiles and 30 per cent of signalized intersections by 2075 in every draw, against its own declared range of 15 to 45 per cent -- the model is exactly linear in that scale, so the two declared levels are delivered beside the interval as named lines, each of them the central rescaled, and never as width; the reading of the statutory floor itself, held at the statutory-targets-honoured reading in every draw, with the enforceable-standard reading delivered beside the interval as a named line rather than as width; the vehicle load model, held at the inherited one, with the single paired dynamometer measurement in the build's own precedent table delivered beside the interval as a named measured-load line; the computing workload growth of 2 per cent a year and the hardware efficiency floor of 0.25, neither of which is drawn or varied anywhere in this build; and the published market case, held at the policy state the interval is conditional on and carried as a named line.  The post-2050 continuation rule IS inside this interval: every electricity member continues along its own 2045-2050 slope at a decreasing rate after 2050 with the enacted statutory floors applied on top, and the linear trend and frozen continuations are delivered beside the interval as named lines.  The fuel-to-direct-current conversion coefficient IS priced here: it is drawn triangular on the declared list, support 0.17 to 0.2744 with its mode at the delivered central 0.21, so the two registered branches are the endpoints of the support this interval samples rather than values outside it, and each of them is also delivered as a named line.","The electricity-scenario axis changes the carbon content of a kilowatt hour, not the number of kilowatt hours.  Its contribution to the energy interval is therefore exactly zero, and an energy figure must not be captioned as though the electricity axis were inside it.  The same holds for the post-2050 continuation rule ON THAT AXIS and for the reading of the statutory floor: the delivered central, the two electricity-axis continuation lines and the enforceable-standard line carry the same energy in every entry and in every year, bitwise, and they part company only in carbon.  The two VEHICLE-axis continuation lines are a different object and are not covered by this sentence: a rule on that axis moves how much of the deployed stock is electric, so it moves the kilowatt hours as well as the carbon, and the movement is reported rather than gated."
V33_POLICY_CONDITIONAL,EQUAL_SIZE_COMPARISON_1000000_VEHICLES_AT_THE_MEASURED_NATIONAL_RATIO_2988_STI_UNITS_PER_MILLION_VEHICLES,grid_intensity_kg_per_kwh,2065,electricity-weighted mean: national grid carbon over national electricity,0.21,0.05707961950470559,0.08028541125735267,0.1131554302327969,0.07671824792663881,0.365465923972308,1.0464969342642565,"Not priced by this interval: the deployment scale, held at 30 per cent of registered automobiles and 30 per cent of signalized intersections by 2075 in every draw, against its own declared range of 15 to 45 per cent -- the model is exactly linear in that scale, so the two declared levels are delivered beside the interval as named lines, each of them the central rescaled, and never as width; the reading of the statutory floor itself, held at the statutory-targets-honoured reading in every draw, with the enforceable-standard reading delivered beside the interval as a named line rather than as width; the vehicle load model, held at the inherited one, with the single paired dynamometer measurement in the build's own precedent table delivered beside the interval as a named measured-load line; the computing workload growth of 2 per cent a year and the hardware efficiency floor of 0.25, neither of which is drawn or varied anywhere in this build; and the published market case, held at the policy state the interval is conditional on and carried as a named line.  The post-2050 continuation rule IS inside this interval: every electricity member continues along its own 2045-2050 slope at a decreasing rate after 2050 with the enacted statutory floors applied on top, and the linear trend and frozen continuations are delivered beside the interval as named lines.  The fuel-to-direct-current conversion coefficient IS priced here: it is drawn triangular on the declared list, support 0.17 to 0.2744 with its mode at the delivered central 0.21, so the two registered branches are the endpoints of the support this interval samples rather than values outside it, and each of them is also delivered as a named line.","The electricity-scenario axis changes the carbon content of a kilowatt hour, not the number of kilowatt hours.  Its contribution to the energy interval is therefore exactly zero, and an energy figure must not be captioned as though the electricity axis were inside it.  The same holds for the post-2050 continuation rule ON THAT AXIS and for the reading of the statutory floor: the delivered central, the two electricity-axis continuation lines and the enforceable-standard line carry the same energy in every entry and in every year, bitwise, and they part company only in carbon.  The two VEHICLE-axis continuation lines are a different object and are not covered by this sentence: a rule on that axis moves how much of the deployed stock is electric, so it moves the kilowatt hours as well as the carbon, and the movement is reported rather than gated."
V33_POLICY_CONDITIONAL,EQUAL_SIZE_COMPARISON_1000000_VEHICLES_AT_THE_MEASURED_NATIONAL_RATIO_2988_STI_UNITS_PER_MILLION_VEHICLES,grid_intensity_kg_per_kwh,2066,electricity-weighted mean: national grid carbon over national electricity,0.21,0.05687515349907403,0.0802396416442206,0.11344926520087516,0.07672687366579506,0.3686720766717616,1.0457827591637106,"Not priced by this interval: the deployment scale, held at 30 per cent of registered automobiles and 30 per cent of signalized intersections by 2075 in every draw, against its own declared range of 15 to 45 per cent -- the model is exactly linear in that scale, so the two declared levels are delivered beside the interval as named lines, each of them the central rescaled, and never as width; the reading of the statutory floor itself, held at the statutory-targets-honoured reading in every draw, with the enforceable-standard reading delivered beside the interval as a named line rather than as width; the vehicle load model, held at the inherited one, with the single paired dynamometer measurement in the build's own precedent table delivered beside the interval as a named measured-load line; the computing workload growth of 2 per cent a year and the hardware efficiency floor of 0.25, neither of which is drawn or varied anywhere in this build; and the published market case, held at the policy state the interval is conditional on and carried as a named line.  The post-2050 continuation rule IS inside this interval: every electricity member continues along its own 2045-2050 slope at a decreasing rate after 2050 with the enacted statutory floors applied on top, and the linear trend and frozen continuations are delivered beside the interval as named lines.  The fuel-to-direct-current conversion coefficient IS priced here: it is drawn triangular on the declared list, support 0.17 to 0.2744 with its mode at the delivered central 0.21, so the two registered branches are the endpoints of the support this interval samples rather than values outside it, and each of them is also delivered as a named line.","The electricity-scenario axis changes the carbon content of a kilowatt hour, not the number of kilowatt hours.  Its contribution to the energy interval is therefore exactly zero, and an energy figure must not be captioned as though the electricity axis were inside it.  The same holds for the post-2050 continuation rule ON THAT AXIS and for the reading of the statutory floor: the delivered central, the two electricity-axis continuation lines and the enforceable-standard line carry the same energy in every entry and in every year, bitwise, and they part company only in carbon.  The two VEHICLE-axis continuation lines are a different object and are not covered by this sentence: a rule on that axis moves how much of the deployed stock is electric, so it moves the kilowatt hours as well as the carbon, and the movement is reported rather than gated."
V33_POLICY_CONDITIONAL,EQUAL_SIZE_COMPARISON_1000000_VEHICLES_AT_THE_MEASURED_NATIONAL_RATIO_2988_STI_UNITS_PER_MILLION_VEHICLES,grid_intensity_kg_per_kwh,2067,electricity-weighted mean: national grid carbon over national electricity,0.21,0.05662427977734799,0.08016011412315244,0.11372338755749434,0.07673012051673139,0.3720775322364807,1.044702048990958,"Not priced by this interval: the deployment scale, held at 30 per cent of registered automobiles and 30 per cent of signalized intersections by 2075 in every draw, against its own declared range of 15 to 45 per cent -- the model is exactly linear in that scale, so the two declared levels are delivered beside the interval as named lines, each of them the central rescaled, and never as width; the reading of the statutory floor itself, held at the statutory-targets-honoured reading in every draw, with the enforceable-standard reading delivered beside the interval as a named line rather than as width; the vehicle load model, held at the inherited one, with the single paired dynamometer measurement in the build's own precedent table delivered beside the interval as a named measured-load line; the computing workload growth of 2 per cent a year and the hardware efficiency floor of 0.25, neither of which is drawn or varied anywhere in this build; and the published market case, held at the policy state the interval is conditional on and carried as a named line.  The post-2050 continuation rule IS inside this interval: every electricity member continues along its own 2045-2050 slope at a decreasing rate after 2050 with the enacted statutory floors applied on top, and the linear trend and frozen continuations are delivered beside the interval as named lines.  The fuel-to-direct-current conversion coefficient IS priced here: it is drawn triangular on the declared list, support 0.17 to 0.2744 with its mode at the delivered central 0.21, so the two registered branches are the endpoints of the support this interval samples rather than values outside it, and each of them is also delivered as a named line.","The electricity-scenario axis changes the carbon content of a kilowatt hour, not the number of kilowatt hours.  Its contribution to the energy interval is therefore exactly zero, and an energy figure must not be captioned as though the electricity axis were inside it.  The same holds for the post-2050 continuation rule ON THAT AXIS and for the reading of the statutory floor: the delivered central, the two electricity-axis continuation lines and the enforceable-standard line carry the same energy in every entry and in every year, bitwise, and they part company only in carbon.  The two VEHICLE-axis continuation lines are a different object and are not covered by this sentence: a rule on that axis moves how much of the deployed stock is electric, so it moves the kilowatt hours as well as the carbon, and the movement is reported rather than gated."
V33_POLICY_CONDITIONAL,EQUAL_SIZE_COMPARISON_1000000_VEHICLES_AT_THE_MEASURED_NATIONAL_RATIO_2988_STI_UNITS_PER_MILLION_VEHICLES,grid_intensity_kg_per_kwh,2068,electricity-weighted mean: national grid carbon over national electricity,0.21,0.05645122117885058,0.08015663506629185,0.11398454509120831,0.07672968550404309,0.3749091602188709,1.0446626301116297,"Not priced by this interval: the deployment scale, held at 30 per cent of registered automobiles and 30 per cent of signalized intersections by 2075 in every draw, against its own declared range of 15 to 45 per cent -- the model is exactly linear in that scale, so the two declared levels are delivered beside the interval as named lines, each of them the central rescaled, and never as width; the reading of the statutory floor itself, held at the statutory-targets-honoured reading in every draw, with the enforceable-standard reading delivered beside the interval as a named line rather than as width; the vehicle load model, held at the inherited one, with the single paired dynamometer measurement in the build's own precedent table delivered beside the interval as a named measured-load line; the computing workload growth of 2 per cent a year and the hardware efficiency floor of 0.25, neither of which is drawn or varied anywhere in this build; and the published market case, held at the policy state the interval is conditional on and carried as a named line.  The post-2050 continuation rule IS inside this interval: every electricity member continues along its own 2045-2050 slope at a decreasing rate after 2050 with the enacted statutory floors applied on top, and the linear trend and frozen continuations are delivered beside the interval as named lines.  The fuel-to-direct-current conversion coefficient IS priced here: it is drawn triangular on the declared list, support 0.17 to 0.2744 with its mode at the delivered central 0.21, so the two registered branches are the endpoints of the support this interval samples rather than values outside it, and each of them is also delivered as a named line.","The electricity-scenario axis changes the carbon content of a kilowatt hour, not the number of kilowatt hours.  Its contribution to the energy interval is therefore exactly zero, and an energy figure must not be captioned as though the electricity axis were inside it.  The same holds for the post-2050 continuation rule ON THAT AXIS and for the reading of the statutory floor: the delivered central, the two electricity-axis continuation lines and the enforceable-standard line carry the same energy in every entry and in every year, bitwise, and they part company only in carbon.  The two VEHICLE-axis continuation lines are a different object and are not covered by this sentence: a rule on that axis moves how much of the deployed stock is electric, so it moves the kilowatt hours as well as the carbon, and the movement is reported rather than gated."
V33_POLICY_CONDITIONAL,EQUAL_SIZE_COMPARISON_1000000_VEHICLES_AT_THE_MEASURED_NATIONAL_RATIO_2988_STI_UNITS_PER_MILLION_VEHICLES,grid_intensity_kg_per_kwh,2069,electricity-weighted mean: national grid carbon over national electricity,0.21,0.05627994075861739,0.08009966193187162,0.11424157905771633,0.0767297097085417,0.37770010155953015,1.0439197833033738,"Not priced by this interval: the deployment scale, held at 30 per cent of registered automobiles and 30 per cent of signalized intersections by 2075 in every draw, against its own declared range of 15 to 45 per cent -- the model is exactly linear in that scale, so the two declared levels are delivered beside the interval as named lines, each of them the central rescaled, and never as width; the reading of the statutory floor itself, held at the statutory-targets-honoured reading in every draw, with the enforceable-standard reading delivered beside the interval as a named line rather than as width; the vehicle load model, held at the inherited one, with the single paired dynamometer measurement in the build's own precedent table delivered beside the interval as a named measured-load line; the computing workload growth of 2 per cent a year and the hardware efficiency floor of 0.25, neither of which is drawn or varied anywhere in this build; and the published market case, held at the policy state the interval is conditional on and carried as a named line.  The post-2050 continuation rule IS inside this interval: every electricity member continues along its own 2045-2050 slope at a decreasing rate after 2050 with the enacted statutory floors applied on top, and the linear trend and frozen continuations are delivered beside the interval as named lines.  The fuel-to-direct-current conversion coefficient IS priced here: it is drawn triangular on the declared list, support 0.17 to 0.2744 with its mode at the delivered central 0.21, so the two registered branches are the endpoints of the support this interval samples rather than values outside it, and each of them is also delivered as a named line.","The electricity-scenario axis changes the carbon content of a kilowatt hour, not the number of kilowatt hours.  Its contribution to the energy interval is therefore exactly zero, and an energy figure must not be captioned as though the electricity axis were inside it.  The same holds for the post-2050 continuation rule ON THAT AXIS and for the reading of the statutory floor: the delivered central, the two electricity-axis continuation lines and the enforceable-standard line carry the same energy in every entry and in every year, bitwise, and they part company only in carbon.  The two VEHICLE-axis continuation lines are a different object and are not covered by this sentence: a rule on that axis moves how much of the deployed stock is electric, so it moves the kilowatt hours as well as the carbon, and the movement is reported rather than gated."
V33_POLICY_CONDITIONAL,EQUAL_SIZE_COMPARISON_1000000_VEHICLES_AT_THE_MEASURED_NATIONAL_RATIO_2988_STI_UNITS_PER_MILLION_VEHICLES,grid_intensity_kg_per_kwh,2070,electricity-weighted mean: national grid carbon over national electricity,0.21,0.05605265872870397,0.0800604999202187,0.11449712289946935,0.0767313524632584,0.3808382251489089,1.0433870556179028,"Not priced by this interval: the deployment scale, held at 30 per cent of registered automobiles and 30 per cent of signalized intersections by 2075 in every draw, against its own declared range of 15 to 45 per cent -- the model is exactly linear in that scale, so the two declared levels are delivered beside the interval as named lines, each of them the central rescaled, and never as width; the reading of the statutory floor itself, held at the statutory-targets-honoured reading in every draw, with the enforceable-standard reading delivered beside the interval as a named line rather than as width; the vehicle load model, held at the inherited one, with the single paired dynamometer measurement in the build's own precedent table delivered beside the interval as a named measured-load line; the computing workload growth of 2 per cent a year and the hardware efficiency floor of 0.25, neither of which is drawn or varied anywhere in this build; and the published market case, held at the policy state the interval is conditional on and carried as a named line.  The post-2050 continuation rule IS inside this interval: every electricity member continues along its own 2045-2050 slope at a decreasing rate after 2050 with the enacted statutory floors applied on top, and the linear trend and frozen continuations are delivered beside the interval as named lines.  The fuel-to-direct-current conversion coefficient IS priced here: it is drawn triangular on the declared list, support 0.17 to 0.2744 with its mode at the delivered central 0.21, so the two registered branches are the endpoints of the support this interval samples rather than values outside it, and each of them is also delivered as a named line.","The electricity-scenario axis changes the carbon content of a kilowatt hour, not the number of kilowatt hours.  Its contribution to the energy interval is therefore exactly zero, and an energy figure must not be captioned as though the electricity axis were inside it.  The same holds for the post-2050 continuation rule ON THAT AXIS and for the reading of the statutory floor: the delivered central, the two electricity-axis continuation lines and the enforceable-standard line carry the same energy in every entry and in every year, bitwise, and they part company only in carbon.  The two VEHICLE-axis continuation lines are a different object and are not covered by this sentence: a rule on that axis moves how much of the deployed stock is electric, so it moves the kilowatt hours as well as the carbon, and the movement is reported rather than gated."
V33_POLICY_CONDITIONAL,EQUAL_SIZE_COMPARISON_1000000_VEHICLES_AT_THE_MEASURED_NATIONAL_RATIO_2988_STI_UNITS_PER_MILLION_VEHICLES,grid_intensity_kg_per_kwh,2071,electricity-weighted mean: national grid carbon over national electricity,0.21,0.05590505817107313,0.08003508171957946,0.11475686842904387,0.07673740613885689,0.38346233746471675,1.0429735085748846,"Not priced by this interval: the deployment scale, held at 30 per cent of registered automobiles and 30 per cent of signalized intersections by 2075 in every draw, against its own declared range of 15 to 45 per cent -- the model is exactly linear in that scale, so the two declared levels are delivered beside the interval as named lines, each of them the central rescaled, and never as width; the reading of the statutory floor itself, held at the statutory-targets-honoured reading in every draw, with the enforceable-standard reading delivered beside the interval as a named line rather than as width; the vehicle load model, held at the inherited one, with the single paired dynamometer measurement in the build's own precedent table delivered beside the interval as a named measured-load line; the computing workload growth of 2 per cent a year and the hardware efficiency floor of 0.25, neither of which is drawn or varied anywhere in this build; and the published market case, held at the policy state the interval is conditional on and carried as a named line.  The post-2050 continuation rule IS inside this interval: every electricity member continues along its own 2045-2050 slope at a decreasing rate after 2050 with the enacted statutory floors applied on top, and the linear trend and frozen continuations are delivered beside the interval as named lines.  The fuel-to-direct-current conversion coefficient IS priced here: it is drawn triangular on the declared list, support 0.17 to 0.2744 with its mode at the delivered central 0.21, so the two registered branches are the endpoints of the support this interval samples rather than values outside it, and each of them is also delivered as a named line.","The electricity-scenario axis changes the carbon content of a kilowatt hour, not the number of kilowatt hours.  Its contribution to the energy interval is therefore exactly zero, and an energy figure must not be captioned as though the electricity axis were inside it.  The same holds for the post-2050 continuation rule ON THAT AXIS and for the reading of the statutory floor: the delivered central, the two electricity-axis continuation lines and the enforceable-standard line carry the same energy in every entry and in every year, bitwise, and they part company only in carbon.  The two VEHICLE-axis continuation lines are a different object and are not covered by this sentence: a rule on that axis moves how much of the deployed stock is electric, so it moves the kilowatt hours as well as the carbon, and the movement is reported rather than gated."
V33_POLICY_CONDITIONAL,EQUAL_SIZE_COMPARISON_1000000_VEHICLES_AT_THE_MEASURED_NATIONAL_RATIO_2988_STI_UNITS_PER_MILLION_VEHICLES,grid_intensity_kg_per_kwh,2072,electricity-weighted mean: national grid carbon over national electricity,0.21,0.05569466792043976,0.08004310619121757,0.11501339437954439,0.07674776027602462,0.3864524922014911,1.0429373561305397,"Not priced by this interval: the deployment scale, held at 30 per cent of registered automobiles and 30 per cent of signalized intersections by 2075 in every draw, against its own declared range of 15 to 45 per cent -- the model is exactly linear in that scale, so the two declared levels are delivered beside the interval as named lines, each of them the central rescaled, and never as width; the reading of the statutory floor itself, held at the statutory-targets-honoured reading in every draw, with the enforceable-standard reading delivered beside the interval as a named line rather than as width; the vehicle load model, held at the inherited one, with the single paired dynamometer measurement in the build's own precedent table delivered beside the interval as a named measured-load line; the computing workload growth of 2 per cent a year and the hardware efficiency floor of 0.25, neither of which is drawn or varied anywhere in this build; and the published market case, held at the policy state the interval is conditional on and carried as a named line.  The post-2050 continuation rule IS inside this interval: every electricity member continues along its own 2045-2050 slope at a decreasing rate after 2050 with the enacted statutory floors applied on top, and the linear trend and frozen continuations are delivered beside the interval as named lines.  The fuel-to-direct-current conversion coefficient IS priced here: it is drawn triangular on the declared list, support 0.17 to 0.2744 with its mode at the delivered central 0.21, so the two registered branches are the endpoints of the support this interval samples rather than values outside it, and each of them is also delivered as a named line.","The electricity-scenario axis changes the carbon content of a kilowatt hour, not the number of kilowatt hours.  Its contribution to the energy interval is therefore exactly zero, and an energy figure must not be captioned as though the electricity axis were inside it.  The same holds for the post-2050 continuation rule ON THAT AXIS and for the reading of the statutory floor: the delivered central, the two electricity-axis continuation lines and the enforceable-standard line carry the same energy in every entry and in every year, bitwise, and they part company only in carbon.  The two VEHICLE-axis continuation lines are a different object and are not covered by this sentence: a rule on that axis moves how much of the deployed stock is electric, so it moves the kilowatt hours as well as the carbon, and the movement is reported rather than gated."
V33_POLICY_CONDITIONAL,EQUAL_SIZE_COMPARISON_1000000_VEHICLES_AT_THE_MEASURED_NATIONAL_RATIO_2988_STI_UNITS_PER_MILLION_VEHICLES,grid_intensity_kg_per_kwh,2073,electricity-weighted mean: national grid carbon over national electricity,0.21,0.055474612522160203,0.08003020861018287,0.11522150011144162,0.07674670310898246,0.38924725863754156,1.042783668459839,"Not priced by this interval: the deployment scale, held at 30 per cent of registered automobiles and 30 per cent of signalized intersections by 2075 in every draw, against its own declared range of 15 to 45 per cent -- the model is exactly linear in that scale, so the two declared levels are delivered beside the interval as named lines, each of them the central rescaled, and never as width; the reading of the statutory floor itself, held at the statutory-targets-honoured reading in every draw, with the enforceable-standard reading delivered beside the interval as a named line rather than as width; the vehicle load model, held at the inherited one, with the single paired dynamometer measurement in the build's own precedent table delivered beside the interval as a named measured-load line; the computing workload growth of 2 per cent a year and the hardware efficiency floor of 0.25, neither of which is drawn or varied anywhere in this build; and the published market case, held at the policy state the interval is conditional on and carried as a named line.  The post-2050 continuation rule IS inside this interval: every electricity member continues along its own 2045-2050 slope at a decreasing rate after 2050 with the enacted statutory floors applied on top, and the linear trend and frozen continuations are delivered beside the interval as named lines.  The fuel-to-direct-current conversion coefficient IS priced here: it is drawn triangular on the declared list, support 0.17 to 0.2744 with its mode at the delivered central 0.21, so the two registered branches are the endpoints of the support this interval samples rather than values outside it, and each of them is also delivered as a named line.","The electricity-scenario axis changes the carbon content of a kilowatt hour, not the number of kilowatt hours.  Its contribution to the energy interval is therefore exactly zero, and an energy figure must not be captioned as though the electricity axis were inside it.  The same holds for the post-2050 continuation rule ON THAT AXIS and for the reading of the statutory floor: the delivered central, the two electricity-axis continuation lines and the enforceable-standard line carry the same energy in every entry and in every year, bitwise, and they part company only in carbon.  The two VEHICLE-axis continuation lines are a different object and are not covered by this sentence: a rule on that axis moves how much of the deployed stock is electric, so it moves the kilowatt hours as well as the carbon, and the movement is reported rather than gated."
V33_POLICY_CONDITIONAL,EQUAL_SIZE_COMPARISON_1000000_VEHICLES_AT_THE_MEASURED_NATIONAL_RATIO_2988_STI_UNITS_PER_MILLION_VEHICLES,grid_intensity_kg_per_kwh,2074,electricity-weighted mean: national grid carbon over national electricity,0.21,0.05529480172259103,0.07999377744382818,0.11537914291771094,0.07672316669575678,0.39156583195648326,1.0426287246594097,"Not priced by this interval: the deployment scale, held at 30 per cent of registered automobiles and 30 per cent of signalized intersections by 2075 in every draw, against its own declared range of 15 to 45 per cent -- the model is exactly linear in that scale, so the two declared levels are delivered beside the interval as named lines, each of them the central rescaled, and never as width; the reading of the statutory floor itself, held at the statutory-targets-honoured reading in every draw, with the enforceable-standard reading delivered beside the interval as a named line rather than as width; the vehicle load model, held at the inherited one, with the single paired dynamometer measurement in the build's own precedent table delivered beside the interval as a named measured-load line; the computing workload growth of 2 per cent a year and the hardware efficiency floor of 0.25, neither of which is drawn or varied anywhere in this build; and the published market case, held at the policy state the interval is conditional on and carried as a named line.  The post-2050 continuation rule IS inside this interval: every electricity member continues along its own 2045-2050 slope at a decreasing rate after 2050 with the enacted statutory floors applied on top, and the linear trend and frozen continuations are delivered beside the interval as named lines.  The fuel-to-direct-current conversion coefficient IS priced here: it is drawn triangular on the declared list, support 0.17 to 0.2744 with its mode at the delivered central 0.21, so the two registered branches are the endpoints of the support this interval samples rather than values outside it, and each of them is also delivered as a named line.","The electricity-scenario axis changes the carbon content of a kilowatt hour, not the number of kilowatt hours.  Its contribution to the energy interval is therefore exactly zero, and an energy figure must not be captioned as though the electricity axis were inside it.  The same holds for the post-2050 continuation rule ON THAT AXIS and for the reading of the statutory floor: the delivered central, the two electricity-axis continuation lines and the enforceable-standard line carry the same energy in every entry and in every year, bitwise, and they part company only in carbon.  The two VEHICLE-axis continuation lines are a different object and are not covered by this sentence: a rule on that axis moves how much of the deployed stock is electric, so it moves the kilowatt hours as well as the carbon, and the movement is reported rather than gated."
V33_POLICY_CONDITIONAL,EQUAL_SIZE_COMPARISON_1000000_VEHICLES_AT_THE_MEASURED_NATIONAL_RATIO_2988_STI_UNITS_PER_MILLION_VEHICLES,grid_intensity_kg_per_kwh,2075,electricity-weighted mean: national grid carbon over national electricity,0.21,0.055114917999488186,0.07994344241095377,0.1155314602586174,0.0766988927458402,0.3938553745445427,1.0423024316122158,"Not priced by this interval: the deployment scale, held at 30 per cent of registered automobiles and 30 per cent of signalized intersections by 2075 in every draw, against its own declared range of 15 to 45 per cent -- the model is exactly linear in that scale, so the two declared levels are delivered beside the interval as named lines, each of them the central rescaled, and never as width; the reading of the statutory floor itself, held at the statutory-targets-honoured reading in every draw, with the enforceable-standard reading delivered beside the interval as a named line rather than as width; the vehicle load model, held at the inherited one, with the single paired dynamometer measurement in the build's own precedent table delivered beside the interval as a named measured-load line; the computing workload growth of 2 per cent a year and the hardware efficiency floor of 0.25, neither of which is drawn or varied anywhere in this build; and the published market case, held at the policy state the interval is conditional on and carried as a named line.  The post-2050 continuation rule IS inside this interval: every electricity member continues along its own 2045-2050 slope at a decreasing rate after 2050 with the enacted statutory floors applied on top, and the linear trend and frozen continuations are delivered beside the interval as named lines.  The fuel-to-direct-current conversion coefficient IS priced here: it is drawn triangular on the declared list, support 0.17 to 0.2744 with its mode at the delivered central 0.21, so the two registered branches are the endpoints of the support this interval samples rather than values outside it, and each of them is also delivered as a named line.","The electricity-scenario axis changes the carbon content of a kilowatt hour, not the number of kilowatt hours.  Its contribution to the energy interval is therefore exactly zero, and an energy figure must not be captioned as though the electricity axis were inside it.  The same holds for the post-2050 continuation rule ON THAT AXIS and for the reading of the statutory floor: the delivered central, the two electricity-axis continuation lines and the enforceable-standard line carry the same energy in every entry and in every year, bitwise, and they part company only in carbon.  The two VEHICLE-axis continuation lines are a different object and are not covered by this sentence: a rule on that axis moves how much of the deployed stock is electric, so it moves the kilowatt hours as well as the carbon, and the movement is reported rather than gated."
