state,state_name,method_used,elec_bridge_class,vehicle_group,capacity_basis,registered_automobiles,registered_automobiles_source,intersections,intersections_source_class,intersections_uncertainty_class,intersections_low,intersections_high,weather_basis,weather_workload_multiplier,weather_n_stations,weather_classified_station_hours,weather_thin_evidence_flag,activity_basis,vehicle_hours_per_registered_automobile_year,miles_per_registered_automobile_year,elec_class_v1_former,elec_class_v30_former,method_used_v30_former,grid_class,grid_class_v30_former,grid_source,grid_tail_rule,grid_provenance_grade,grid_source_citation,grid_statutory_year,s0_afdc_bev_share_2025,s0g_initial_low_carbon_share,fossil_factor_kg_per_kwh,fossil_factor_uncapped_kg_per_kwh,fossil_factor_basis,fossil_factor_combustion_bound_kg_per_kwh,first_compliance_model_year,statutory_schedule_id,vehicle_schedule_binding_years,n_vehicle_schedule_binding_years,electricity_floor_binding_years,n_electricity_floor_binding_years,vehicle_base_year,vehicle_base_year_state_value,vehicle_base_year_source_value,vehicle_rebasing_convention,vehicle_rebasing_rule,vehicle_source,vehicle_source_citation,vehicle_provenance_grade,vehicle_tail_rule,vehicle_post_2050_label,vehicle_post_regulatory_label,clamp_hi_years,clamp_lo_years,capped_years,new_vehicle_share_2030,new_vehicle_share_2035,new_vehicle_share_2050,new_vehicle_share_2075,market_only_new_vehicle_share_2050,new_vehicle_share_2050_v30_former,new_vehicle_share_2075_v30_former,elec_anchors,grid_anchors_in_window_2024_2050,grid_lc_2045,grid_lc_2050,grid_lc_2075,grid_lc_2050_v30_former,grid_lc_2075_v30_former,rebasing_convention,rebasing_rule,post_2050_label,plot_shading_rule,estimand_conditional_on,scenario_definition,vehicle_rule_enforceability,survival_convention
AK,Alaska,PUBLISHED_MARKET_PROJECTION_REBASED,AEO2026_ALTTRNP_STOCK_SHARE_REBASED_COHORT_INVERTED,NO_VEHICLE_RULE_38,REAL_CAPACITY_FHWA_MV1_2024_REGISTERED_AUTOMOBILES_AND_STI_V2_INTERSECTIONS,122678.0,OFFICIAL_STATISTIC_FHWA_MV1_2024_REGISTERED_AUTOMOBILES,487.0,OSM_CLUSTER_50M_CALIBRATED,CALIBRATED_ESTIMATE_95PCT_PREDICTION_INTERVAL,366.0,649.0,OBSERVED_NOAA_LCD_2023_EXPOSURE_TIMES_AUTHORED_RESPONSE_1_105_115,1.07971325,3,25078,,NATIONAL_CONSTANT_DISCLOSED,392.98333333333335,10787.0,AEO_PATH,POOLED_RATE_LOGISTIC_STOCK_FIT_COHORT_INVERTED,POOLED_LOGISTIC_FIT,AK_RAILBELT_PUBLISHED_SCENARIO,AK_RAILBELT_PUBLISHED_SCENARIO,NREL_TP-5700-81698_RAILBELT_RPS80_PUBLISHED_SCENARIO,ASYMPTOTIC,AUTHOR_CONSTRUCTED_FROM_PUBLISHED_RAILBELT_SCENARIOS,NREL/TP-5700-81698 p.1 + Table 3 p.16 (80% by 2040),,0.0071665792693585036,0.28705666973611343,0.5152302740624807,0.5152302740624807,EGRID2023_TWO_BLOCK_ATTRIBUTION_RESIDUAL,1.3337372831999998,,,,0,,0,2025,0.0071665792693585036,0.020739782856331823,ADDITIVE_SHARE_DELTA_WITH_CLIPPING,"E_state(t) = clip(s0 + [E_source(t) - E_source(base)], 0, 1)",EIA_AEO2026_ALTTRNP_BEV_STOCK_SHARE_US,"U.S. Energy Information Administration, Annual Energy Outlook 2026, released 2026-04-08, Alternative Transportation case; battery electric vehicle share of light-duty vehicle stocks, United States, 2015-2050; file of record inputs/vehicle_market/raw/AEO2026_Narrative_Figures.xlsx sheet 5_EVStocks",PUBLISHED_PROJECTION_NO_ADDITIONAL_VEHICLE_POLICY,TREND,AUTHOR_POST_AEO_EXTENSION_NOT_AEO,,,,,0.05599860328812521,0.11087149885634483,0.19713365443772726,0.3360825878870468,0.19713365443772726,0.9,1.0,"{""2024"": 0.0071665792693585036, ""2025"": 0.007166579269358503, ""2026"": 0.014287849642288965, ""2027"": 0.023966947439994175, ""2028"": 0.03449879385010777, ""2029"": 0.045951976080811564, ""2030"": 0.05599860328812521, ""2031"": 0.065341960222198, ""2032"": 0.0747850315731948, ""2033"": 0.08637747027989129, ""2034"": 0.09815938184163188, ""2035"": 0.11087149885634483, ""2036"": 0.12254707400527556, ""2037"": 0.12798434546193307, ""2038"": 0.12879350921851657, ""2039"": 0.1322243624108269, ""2040"": 0.1367768770088895, ""2041"": 0.1420485914057832, ""2042"": 0.14807442940100574, ""2043"": 0.1539933666984621, ""2044"": 0.1600109531796814, ""2045"": 0.16746189560337965, ""2046"": 0.17510124945519706, ""2047"": 0.18382803650500992, ""2048"": 0.19235428075374486, ""2049"": 0.1963135037868493, ""2050"": 0.19713365443772726, ""2051"": 0.20650568955541768, ""2052"": 0.21067645387580922, ""2053"": 0.21544528302849686, ""2054"": 0.22083789371539336, ""2055"": 0.22635894751432534, ""2056"": 0.23210055991634448, ""2057"": 0.23887761863076667, ""2058"": 0.24595026752252178, ""2059"": 0.25390104394261104, ""2060"": 0.261911573734415, ""2061"": 0.2659391473992352, ""2062"": 0.2668382815853752, ""2063"": 0.27400971908013516, ""2064"": 0.27763851346168406, ""2065"": 0.281848414749032, ""2066"": 0.2866771752293734, ""2067"": 0.29174703880813935, ""2068"": 0.2971321717822642, ""2069"": 0.3035293246632778, ""2070"": 0.3103584447177228, ""2071"": 0.3181595676090426, ""2072"": 0.3262584067233106, ""2073"": 0.3300079766030001, ""2074"": 0.3299752839918009, ""2075"": 0.3360825878870468}","{""2024"": 0.287056669736, ""2040"": 0.737056669736, ""2050"": 0.737056669736}",0.7370566697361135,0.7370566697361135,0.7370566697361135,0.7370566697361135,0.7370566697361135,ADDITIVE_SHARE_DELTA_WITH_CLIPPING,"L_state(t) = clip(s0g + [L_source(t) - L_source(base)], 0, 1)",AUTHOR_POST_CAMBIUM_EXTENSION_NOT_CAMBIUM,SHADE_2051_2075_AUTHOR_EXTENSION,REGISTERED_STATUTORY_SCHEDULE_FLOOR_OVER_PUBLISHED_NO_ADDITIONAL_POLICY_MARKET_PROJECTION_ON_AN_AGE_SPECIFIC_SURVIVAL_WEIGHTED_VEHICLE_STOCK,ENACTED_STATE_LAW_AS_WRITTEN_OVER_PUBLISHED_NO_ADDITIONAL_POLICY_PROJECTION__ACCII_FEDERAL_WAIVER_DISAPPROVED_PUBL_119_16__NOT_ENFORCEABLE_2026_09_05,NO_STATE_VEHICLE_RULE,EPA_MOVES5_TABLE_C1_PASSENGER_CAR_AGE_SPECIFIC_SURVIVAL_MONOTONE_AGE27_INTERPOLATION_AGE40_PLUS_RATE_REUSED
AL,Alabama,PUBLISHED_MARKET_PROJECTION_REBASED,AEO2026_ALTTRNP_STOCK_SHARE_REBASED_COHORT_INVERTED,NO_VEHICLE_RULE_38,REAL_CAPACITY_FHWA_MV1_2024_REGISTERED_AUTOMOBILES_AND_STI_V2_INTERSECTIONS,1937330.0,OFFICIAL_STATISTIC_FHWA_MV1_2024_REGISTERED_AUTOMOBILES,3873.0,OSM_CLUSTER_50M_CALIBRATED,CALIBRATED_ESTIMATE_95PCT_PREDICTION_INTERVAL,2907.0,5160.0,OBSERVED_NOAA_LCD_2023_EXPOSURE_TIMES_AUTHORED_RESPONSE_1_105_115,1.0409058,3,26198,,NATIONAL_CONSTANT_DISCLOSED,392.98333333333335,10787.0,AEO_PATH,POOLED_RATE_LOGISTIC_STOCK_FIT_COHORT_INVERTED,POOLED_LOGISTIC_FIT,CAMBIUM_BA_STATE_PATH,CAMBIUM_BA_STATE_PATH,NREL_CAMBIUM_2024_MIDCASE_BA_ROLLUP_TO_STATE_ADDITIVE_REBASED_WITH_CLIPPING_ON_REGISTERED_EGRID_S0G,ASYMPTOTIC,PUBLISHED_PROJECTION_NO_ENFORCEABLE_STANDARD,"NREL Cambium 2024 MidCase, balancing-area annual rolled up to state, generation-side attributional, additively rebased on the registered eGRID base-year share; this entry carries no enforceable clean-electricity standard and therefore no floor",,0.004929492100690937,0.42122432152190314,0.5572085074645455,0.5572085074645455,EGRID2023_TWO_BLOCK_ATTRIBUTION_RESIDUAL,1.3337372831999998,,,,0,,0,2025,0.004929492100690937,0.020739782856331823,ADDITIVE_SHARE_DELTA_WITH_CLIPPING,"E_state(t) = clip(s0 + [E_source(t) - E_source(base)], 0, 1)",EIA_AEO2026_ALTTRNP_BEV_STOCK_SHARE_US,"U.S. Energy Information Administration, Annual Energy Outlook 2026, released 2026-04-08, Alternative Transportation case; battery electric vehicle share of light-duty vehicle stocks, United States, 2015-2050; file of record inputs/vehicle_market/raw/AEO2026_Narrative_Figures.xlsx sheet 5_EVStocks",PUBLISHED_PROJECTION_NO_ADDITIONAL_VEHICLE_POLICY,TREND,AUTHOR_POST_AEO_EXTENSION_NOT_AEO,,,,,0.053761516119457634,0.10863441168767725,0.19489656726905977,0.33384550071837976,0.19489656726905977,0.9,1.0,"{""2024"": 0.004929492100690937, ""2025"": 0.004929492100690937, ""2026"": 0.012050762473621399, ""2027"": 0.021729860271326604, ""2028"": 0.0322617066814402, ""2029"": 0.043714888912144007, ""2030"": 0.053761516119457634, ""2031"": 0.06310487305353048, ""2032"": 0.07254794440452719, ""2033"": 0.08414038311122372, ""2034"": 0.0959222946729643, ""2035"": 0.10863441168767725, ""2036"": 0.12030998683660807, ""2037"": 0.12574725829326547, ""2038"": 0.12655642204984896, ""2039"": 0.12998727524215942, ""2040"": 0.13453978984022194, ""2041"": 0.13981150423711575, ""2042"": 0.14583734223233805, ""2043"": 0.15175627952979448, ""2044"": 0.15777386601101376, ""2045"": 0.1652248084347121, ""2046"": 0.17286416228652962, ""2047"": 0.18159094933634234, ""2048"": 0.190117193585077, ""2049"": 0.19407641661818173, ""2050"": 0.19489656726905977, ""2051"": 0.2042686023867503, ""2052"": 0.20843936670714178, ""2053"": 0.21320819585982909, ""2054"": 0.21860080654672584, ""2055"": 0.22412186034565743, ""2056"": 0.22986347274767746, ""2057"": 0.2366405314620985, ""2058"": 0.24371318035385423, ""2059"": 0.2516639567739435, ""2060"": 0.2596744865657475, ""2061"": 0.2637020602305676, ""2062"": 0.26460119441670754, ""2063"": 0.2717726319114677, ""2064"": 0.2754014262930169, ""2065"": 0.27961132758036444, ""2066"": 0.2844400880607056, ""2067"": 0.2895099516394721, ""2068"": 0.2948950846135967, ""2069"": 0.30129223749461054, ""2070"": 0.30812135754905445, ""2071"": 0.3159224804403754, ""2072"": 0.32402131955464253, ""2073"": 0.32777088943433247, ""2074"": 0.32773819682313327, ""2075"": 0.33384550071837976}","{""2024"": 0.42122432152190314, ""2025"": 0.42122432152190314, ""2030"": 0.4527878505133648, ""2035"": 0.6729542440314736, ""2040"": 0.7608550228738408, ""2045"": 0.7904500276100431, ""2050"": 0.810338032654918}",0.7904500276100431,0.810338032654918,0.8877260328117564,0.810338032654918,0.9097780578792923,ADDITIVE_SHARE_DELTA_WITH_CLIPPING,"L_state(t) = clip(s0g + [L_source(t) - L_source(base)], 0, 1)",AUTHOR_POST_CAMBIUM_EXTENSION_NOT_CAMBIUM,SHADE_2051_2075_AUTHOR_EXTENSION,REGISTERED_STATUTORY_SCHEDULE_FLOOR_OVER_PUBLISHED_NO_ADDITIONAL_POLICY_MARKET_PROJECTION_ON_AN_AGE_SPECIFIC_SURVIVAL_WEIGHTED_VEHICLE_STOCK,ENACTED_STATE_LAW_AS_WRITTEN_OVER_PUBLISHED_NO_ADDITIONAL_POLICY_PROJECTION__ACCII_FEDERAL_WAIVER_DISAPPROVED_PUBL_119_16__NOT_ENFORCEABLE_2026_09_05,NO_STATE_VEHICLE_RULE,EPA_MOVES5_TABLE_C1_PASSENGER_CAR_AGE_SPECIFIC_SURVIVAL_MONOTONE_AGE27_INTERPOLATION_AGE40_PLUS_RATE_REUSED
AR,Arkansas,PUBLISHED_MARKET_PROJECTION_REBASED,AEO2026_ALTTRNP_STOCK_SHARE_REBASED_COHORT_INVERTED,NO_VEHICLE_RULE_38,REAL_CAPACITY_FHWA_MV1_2024_REGISTERED_AUTOMOBILES_AND_STI_V2_INTERSECTIONS,911769.0,OFFICIAL_STATISTIC_FHWA_MV1_2024_REGISTERED_AUTOMOBILES,1612.0,OSM_CLUSTER_50M_CALIBRATED,CALIBRATED_ESTIMATE_95PCT_PREDICTION_INTERVAL,1210.0,2147.0,OBSERVED_NOAA_LCD_2023_EXPOSURE_TIMES_AUTHORED_RESPONSE_1_105_115,1.0340818,3,25890,,NATIONAL_CONSTANT_DISCLOSED,392.98333333333335,10787.0,AEO_PATH,POOLED_RATE_LOGISTIC_STOCK_FIT_COHORT_INVERTED,POOLED_LOGISTIC_FIT,CAMBIUM_BA_STATE_PATH,CAMBIUM_BA_STATE_PATH,NREL_CAMBIUM_2024_MIDCASE_BA_ROLLUP_TO_STATE_ADDITIVE_REBASED_WITH_CLIPPING_ON_REGISTERED_EGRID_S0G,ASYMPTOTIC,PUBLISHED_PROJECTION_NO_ENFORCEABLE_STANDARD,"NREL Cambium 2024 MidCase, balancing-area annual rolled up to state, generation-side attributional, additively rebased on the registered eGRID base-year share; this entry carries no enforceable clean-electricity standard and therefore no floor",,0.004427167692473815,0.3135072692499098,0.6563864945320848,0.6563864945320848,EGRID2023_TWO_BLOCK_ATTRIBUTION_RESIDUAL,1.3337372831999998,,,,0,,0,2025,0.004427167692473815,0.020739782856331823,ADDITIVE_SHARE_DELTA_WITH_CLIPPING,"E_state(t) = clip(s0 + [E_source(t) - E_source(base)], 0, 1)",EIA_AEO2026_ALTTRNP_BEV_STOCK_SHARE_US,"U.S. Energy Information Administration, Annual Energy Outlook 2026, released 2026-04-08, Alternative Transportation case; battery electric vehicle share of light-duty vehicle stocks, United States, 2015-2050; file of record inputs/vehicle_market/raw/AEO2026_Narrative_Figures.xlsx sheet 5_EVStocks",PUBLISHED_PROJECTION_NO_ADDITIONAL_VEHICLE_POLICY,TREND,AUTHOR_POST_AEO_EXTENSION_NOT_AEO,,,,,0.053259191711240515,0.10813208727946019,0.19439424286084245,0.333343176310162,0.19439424286084245,0.9,1.0,"{""2024"": 0.004427167692473815, ""2025"": 0.004427167692473815, ""2026"": 0.011548438065404279, ""2027"": 0.021227535863109485, ""2028"": 0.031759382273223086, ""2029"": 0.043212564503926874, ""2030"": 0.053259191711240515, ""2031"": 0.06260254864531337, ""2032"": 0.07204561999631008, ""2033"": 0.08363805870300657, ""2034"": 0.09541997026474716, ""2035"": 0.10813208727946019, ""2036"": 0.11980766242839083, ""2037"": 0.1252449338850484, ""2038"": 0.12605409764163192, ""2039"": 0.12948495083394224, ""2040"": 0.13403746543200476, ""2041"": 0.13930917982889865, ""2042"": 0.1453350178241209, ""2043"": 0.15125395512157744, ""2044"": 0.15727154160279652, ""2045"": 0.164722484026495, ""2046"": 0.1723618378783125, ""2047"": 0.1810886249281252, ""2048"": 0.1896148691768601, ""2049"": 0.19357409220996458, ""2050"": 0.19439424286084245, ""2051"": 0.2037662779785333, ""2052"": 0.20793704229892457, ""2053"": 0.2127058714516121, ""2054"": 0.21809848213850858, ""2055"": 0.22361953593744013, ""2056"": 0.22936114833946034, ""2057"": 0.2361382070538813, ""2058"": 0.24321085594563727, ""2059"": 0.25116163236572653, ""2060"": 0.2591721621575306, ""2061"": 0.26319973582235034, ""2062"": 0.26409887000849036, ""2063"": 0.2712703075032504, ""2064"": 0.2748991018847999, ""2065"": 0.27910900317214793, ""2066"": 0.28393776365248796, ""2067"": 0.2890076272312552, ""2068"": 0.2943927602053791, ""2069"": 0.3007899130863925, ""2070"": 0.3076190331408388, ""2071"": 0.315420156032158, ""2072"": 0.3235189951464255, ""2073"": 0.3272685650261153, ""2074"": 0.32723587241491614, ""2075"": 0.333343176310162}","{""2024"": 0.3135072692499098, ""2025"": 0.3135072692499098, ""2030"": 0.7407477938483369, ""2035"": 0.8754549181359818, ""2040"": 0.8903348001321597, ""2045"": 0.9058604836630636, ""2050"": 0.9224126854181142}",0.9058604836630636,0.9224126854181142,0.9732984471110232,0.9224126854181142,1.0,ADDITIVE_SHARE_DELTA_WITH_CLIPPING,"L_state(t) = clip(s0g + [L_source(t) - L_source(base)], 0, 1)",AUTHOR_POST_CAMBIUM_EXTENSION_NOT_CAMBIUM,SHADE_2051_2075_AUTHOR_EXTENSION,REGISTERED_STATUTORY_SCHEDULE_FLOOR_OVER_PUBLISHED_NO_ADDITIONAL_POLICY_MARKET_PROJECTION_ON_AN_AGE_SPECIFIC_SURVIVAL_WEIGHTED_VEHICLE_STOCK,ENACTED_STATE_LAW_AS_WRITTEN_OVER_PUBLISHED_NO_ADDITIONAL_POLICY_PROJECTION__ACCII_FEDERAL_WAIVER_DISAPPROVED_PUBL_119_16__NOT_ENFORCEABLE_2026_09_05,NO_STATE_VEHICLE_RULE,EPA_MOVES5_TABLE_C1_PASSENGER_CAR_AGE_SPECIFIC_SURVIVAL_MONOTONE_AGE27_INTERPOLATION_AGE40_PLUS_RATE_REUSED
AZ,Arizona,PUBLISHED_MARKET_PROJECTION_REBASED,AEO2026_ALTTRNP_STOCK_SHARE_REBASED_COHORT_INVERTED,NO_VEHICLE_RULE_38,REAL_CAPACITY_FHWA_MV1_2024_REGISTERED_AUTOMOBILES_AND_STI_V2_INTERSECTIONS,2287531.0,OFFICIAL_STATISTIC_FHWA_MV1_2024_REGISTERED_AUTOMOBILES,5014.0,AGENCY_ALL_OWNER_CENSUS,AGENCY_COUNT_NO_SAMPLING_ERROR,5014.0,5014.0,OBSERVED_NOAA_LCD_2023_EXPOSURE_TIMES_AUTHORED_RESPONSE_1_105_115,1.01635375,3,25745,,NATIONAL_CONSTANT_DISCLOSED,392.98333333333335,10787.0,AEO_PATH,POOLED_RATE_LOGISTIC_STOCK_FIT_COHORT_INVERTED,POOLED_LOGISTIC_FIT,CAMBIUM_BA_STATE_PATH,CAMBIUM_BA_STATE_PATH,NREL_CAMBIUM_2024_MIDCASE_BA_ROLLUP_TO_STATE_ADDITIVE_REBASED_WITH_CLIPPING_ON_REGISTERED_EGRID_S0G,ASYMPTOTIC,PUBLISHED_PROJECTION_NO_ENFORCEABLE_STANDARD,"NREL Cambium 2024 MidCase, balancing-area annual rolled up to state, generation-side attributional, additively rebased on the registered eGRID base-year share; this entry carries no enforceable clean-electricity standard and therefore no floor",,0.021252679066560753,0.41945022913553964,0.5365197834920509,0.5365197834920509,EGRID2023_TWO_BLOCK_ATTRIBUTION_RESIDUAL,1.3337372831999998,,,,0,,0,2025,0.021252679066560753,0.020739782856331823,ADDITIVE_SHARE_DELTA_WITH_CLIPPING,"E_state(t) = clip(s0 + [E_source(t) - E_source(base)], 0, 1)",EIA_AEO2026_ALTTRNP_BEV_STOCK_SHARE_US,"U.S. Energy Information Administration, Annual Energy Outlook 2026, released 2026-04-08, Alternative Transportation case; battery electric vehicle share of light-duty vehicle stocks, United States, 2015-2050; file of record inputs/vehicle_market/raw/AEO2026_Narrative_Figures.xlsx sheet 5_EVStocks",PUBLISHED_PROJECTION_NO_ADDITIONAL_VEHICLE_POLICY,TREND,AUTHOR_POST_AEO_EXTENSION_NOT_AEO,,,,,0.07008470308532745,0.1249575986535471,0.2112197542349293,0.3501686876842491,0.2112197542349293,0.9,1.0,"{""2024"": 0.021252679066560753, ""2025"": 0.021252679066560753, ""2026"": 0.028373949439491213, ""2027"": 0.03805304723719642, ""2028"": 0.048584893647310015, ""2029"": 0.06003807587801383, ""2030"": 0.07008470308532745, ""2031"": 0.07942806001940028, ""2032"": 0.08887113137039701, ""2033"": 0.10046357007709354, ""2034"": 0.1122454816388341, ""2035"": 0.1249575986535471, ""2036"": 0.1366331738024779, ""2037"": 0.14207044525913545, ""2038"": 0.14287960901571872, ""2039"": 0.14631046220802907, ""2040"": 0.15086297680609181, ""2041"": 0.15613469120298554, ""2042"": 0.16216052919820795, ""2043"": 0.16807946649566435, ""2044"": 0.17409705297688338, ""2045"": 0.18154799540058197, ""2046"": 0.18918734925239922, ""2047"": 0.1979141363022122, ""2048"": 0.20644038055094718, ""2049"": 0.2103996035840517, ""2050"": 0.2112197542349293, ""2051"": 0.22059178935262005, ""2052"": 0.2247625536730116, ""2053"": 0.22953138282569918, ""2054"": 0.23492399351259557, ""2055"": 0.24044504731152735, ""2056"": 0.24618665971354692, ""2057"": 0.2529637184279684, ""2058"": 0.26003636731972407, ""2059"": 0.2679871437398132, ""2060"": 0.27599767353161775, ""2061"": 0.28002524719643745, ""2062"": 0.28092438138257675, ""2063"": 0.2880958188773377, ""2064"": 0.29172461325888654, ""2065"": 0.29593451454623493, ""2066"": 0.300763275026575, ""2067"": 0.3058331386053423, ""2068"": 0.3112182715794662, ""2069"": 0.3176154244604795, ""2070"": 0.324444544514925, ""2071"": 0.33224566740624534, ""2072"": 0.3403445065205122, ""2073"": 0.344094076400203, ""2074"": 0.3440613837890025, ""2075"": 0.3501686876842491}","{""2024"": 0.41945022913553964, ""2025"": 0.41945022913553964, ""2030"": 0.5448220426991192, ""2035"": 0.6653732554342153, ""2040"": 0.6955482070481002, ""2045"": 0.7299992765295321, ""2050"": 0.7380208221931074}",0.7299992765295321,0.7380208221931074,0.7752092595528528,0.7380208221931074,0.7781285505109837,ADDITIVE_SHARE_DELTA_WITH_CLIPPING,"L_state(t) = clip(s0g + [L_source(t) - L_source(base)], 0, 1)",AUTHOR_POST_CAMBIUM_EXTENSION_NOT_CAMBIUM,SHADE_2051_2075_AUTHOR_EXTENSION,REGISTERED_STATUTORY_SCHEDULE_FLOOR_OVER_PUBLISHED_NO_ADDITIONAL_POLICY_MARKET_PROJECTION_ON_AN_AGE_SPECIFIC_SURVIVAL_WEIGHTED_VEHICLE_STOCK,ENACTED_STATE_LAW_AS_WRITTEN_OVER_PUBLISHED_NO_ADDITIONAL_POLICY_PROJECTION__ACCII_FEDERAL_WAIVER_DISAPPROVED_PUBL_119_16__NOT_ENFORCEABLE_2026_09_05,NO_STATE_VEHICLE_RULE,EPA_MOVES5_TABLE_C1_PASSENGER_CAR_AGE_SPECIFIC_SURVIVAL_MONOTONE_AGE27_INTERPOLATION_AGE40_PLUS_RATE_REUSED
CA,California,POLICY_SCHEDULE_FLOOR_OVER_MARKET_PROJECTION,ACCII_FULL_SCHEDULE_MY2035_100PCT,FULL_SCHEDULE_10,REAL_CAPACITY_FHWA_MV1_2024_REGISTERED_AUTOMOBILES_AND_STI_V2_INTERSECTIONS,12979522.0,OFFICIAL_STATISTIC_FHWA_MV1_2024_REGISTERED_AUTOMOBILES,40180.0,OSM_CLUSTER_50M_CALIBRATED,CALIBRATED_ESTIMATE_95PCT_PREDICTION_INTERVAL,30161.0,53527.0,OBSERVED_NOAA_LCD_2023_EXPOSURE_TIMES_AUTHORED_RESPONSE_1_105_115,1.0348575000000002,3,26135,,NATIONAL_CONSTANT_DISCLOSED,392.98333333333335,10787.0,ACC_PATH,ACC_PATH,POLICY_SCHEDULE,CAMBIUM_BA_STATE_PATH_WITH_REGISTERED_STATUTORY_FLOOR,GRID_100_STATUTE,NREL_CAMBIUM_2024_MIDCASE_BA_ROLLUP_TO_STATE_ADDITIVE_REBASED_WITH_CLIPPING_ON_REGISTERED_EGRID_S0G_WITH_THE_FIRST_HAND_REGISTERED_ENFORCEABLE_STANDARD_AS_A_FLOOR,ASYMPTOTIC,PUBLISHED_PROJECTION_WITH_ENACTED_STATUTE_AS_FLOOR,"NREL Cambium 2024 MidCase, balancing-area annual rolled up to state, generation-side attributional, additively rebased on the registered eGRID base-year share; the entry's own enforceable clean-electricity standard applied as a floor at its registered level from 2025, rising along the registered schedule; terminal registered level 1.0",2025.0,0.04817932296431839,0.5563310069790628,0.4023012660399658,0.4023012660399658,EGRID2023_TWO_BLOCK_ATTRIBUTION_RESIDUAL,1.3337372831999998,2026.0,ACCII_13CCR_1962_4_FULL_TO_MY2035,2026-2075,50,2035-2075,41,2025,0.04817932296431839,0.020739782856331823,ADDITIVE_SHARE_DELTA_WITH_CLIPPING,"E_state(t) = clip(s0 + [E_source(t) - E_source(base)], 0, 1)",EIA_AEO2026_ALTTRNP_BEV_STOCK_SHARE_US,"U.S. Energy Information Administration, Annual Energy Outlook 2026, released 2026-04-08, Alternative Transportation case; battery electric vehicle share of light-duty vehicle stocks, United States, 2015-2050; file of record inputs/vehicle_market/raw/AEO2026_Narrative_Figures.xlsx sheet 5_EVStocks",ENACTED_REGULATION_AS_ADOPTED,TREND,AUTHOR_POST_AEO_EXTENSION_NOT_AEO,,,,,0.68,1.0,1.0,1.0,0.23814639813268682,0.9,1.0,"{""2024"": 0.04817932296431839, ""2025"": 0.04817932296431839, ""2026"": 0.35, ""2027"": 0.43, ""2028"": 0.51, ""2029"": 0.59, ""2030"": 0.68, ""2031"": 0.76, ""2032"": 0.82, ""2033"": 0.88, ""2034"": 0.94, ""2035"": 1.0, ""2036"": 1.0, ""2037"": 1.0, ""2038"": 1.0, ""2039"": 1.0, ""2040"": 1.0, ""2041"": 1.0, ""2042"": 1.0, ""2043"": 1.0, ""2044"": 1.0, ""2045"": 1.0, ""2046"": 1.0, ""2047"": 1.0, ""2048"": 1.0, ""2049"": 1.0, ""2050"": 1.0, ""2051"": 1.0, ""2052"": 1.0, ""2053"": 1.0, ""2054"": 1.0, ""2055"": 1.0, ""2056"": 1.0, ""2057"": 1.0, ""2058"": 1.0, ""2059"": 1.0, ""2060"": 1.0, ""2061"": 1.0, ""2062"": 1.0, ""2063"": 1.0, ""2064"": 1.0, ""2065"": 1.0, ""2066"": 1.0, ""2067"": 1.0, ""2068"": 1.0, ""2069"": 1.0, ""2070"": 1.0, ""2071"": 1.0, ""2072"": 1.0, ""2073"": 1.0, ""2074"": 1.0, ""2075"": 1.0}","{""2024"": 0.5563310069790628, ""2025"": 0.5563310069790628, ""2030"": 0.6105415029105743, ""2035"": 0.9, ""2040"": 0.95, ""2045"": 1.0, ""2050"": 1.0}",1.0,1.0,1.0,1.0,1.0,ADDITIVE_SHARE_DELTA_WITH_CLIPPING,"L_state(t) = clip(s0g + [L_source(t) - L_source(base)], 0, 1)",AUTHOR_POST_CAMBIUM_EXTENSION_NOT_CAMBIUM,SHADE_2051_2075_AUTHOR_EXTENSION,REGISTERED_STATUTORY_SCHEDULE_FLOOR_OVER_PUBLISHED_NO_ADDITIONAL_POLICY_MARKET_PROJECTION_ON_AN_AGE_SPECIFIC_SURVIVAL_WEIGHTED_VEHICLE_STOCK,ENACTED_STATE_LAW_AS_WRITTEN_OVER_PUBLISHED_NO_ADDITIONAL_POLICY_PROJECTION__ACCII_FEDERAL_WAIVER_DISAPPROVED_PUBL_119_16__NOT_ENFORCEABLE_2026_09_05,ENACTED_STATE_RULE__FEDERAL_WAIVER_DISAPPROVED_PUBL_119_16__NOT_ENFORCEABLE_2026_09_05,EPA_MOVES5_TABLE_C1_PASSENGER_CAR_AGE_SPECIFIC_SURVIVAL_MONOTONE_AGE27_INTERPOLATION_AGE40_PLUS_RATE_REUSED
CO,Colorado,POLICY_SCHEDULE_FLOOR_OVER_MARKET_PROJECTION,ACCII_VARIANT_CAPPED_82PCT_MY2032,CAPPED_82_MY2032_3,REAL_CAPACITY_FHWA_MV1_2024_REGISTERED_AUTOMOBILES_AND_STI_V2_INTERSECTIONS,1356526.0,OFFICIAL_STATISTIC_FHWA_MV1_2024_REGISTERED_AUTOMOBILES,6072.0,OSM_CLUSTER_50M_CALIBRATED,CALIBRATED_ESTIMATE_95PCT_PREDICTION_INTERVAL,4558.0,8089.0,OBSERVED_NOAA_LCD_2023_EXPOSURE_TIMES_AUTHORED_RESPONSE_1_105_115,1.0414877000000002,3,26221,,NATIONAL_CONSTANT_DISCLOSED,392.98333333333335,10787.0,ACC_DELAYED_PLUS2,ACC_DELAYED_PLUS2,POLICY_SCHEDULE,CAMBIUM_BA_STATE_PATH_WITH_REGISTERED_STATUTORY_FLOOR,TARGET_CES_RPS,NREL_CAMBIUM_2024_MIDCASE_BA_ROLLUP_TO_STATE_ADDITIVE_REBASED_WITH_CLIPPING_ON_REGISTERED_EGRID_S0G_WITH_THE_FIRST_HAND_REGISTERED_ENFORCEABLE_STANDARD_AS_A_FLOOR,ASYMPTOTIC,PUBLISHED_PROJECTION_WITH_ENACTED_STATUTE_AS_FLOOR,"NREL Cambium 2024 MidCase, balancing-area annual rolled up to state, generation-side attributional, additively rebased on the registered eGRID base-year share; the entry's own enforceable clean-electricity standard applied as a floor at its registered level from 2025, rising along the registered schedule; terminal registered level 1.0",2025.0,0.029158905287290444,0.37366507438470653,0.7857732768235602,0.7857732768235602,EGRID2023_TWO_BLOCK_ATTRIBUTION_RESIDUAL,1.3337372831999998,2027.0,ACCII_13CCR_1962_4_CAPPED_82PCT_MY2032,2027-2075,49,2050-2075,26,2025,0.029158905287290444,0.020739782856331823,ADDITIVE_SHARE_DELTA_WITH_CLIPPING,"E_state(t) = clip(s0 + [E_source(t) - E_source(base)], 0, 1)",EIA_AEO2026_ALTTRNP_BEV_STOCK_SHARE_US,"U.S. Energy Information Administration, Annual Energy Outlook 2026, released 2026-04-08, Alternative Transportation case; battery electric vehicle share of light-duty vehicle stocks, United States, 2015-2050; file of record inputs/vehicle_market/raw/AEO2026_Narrative_Figures.xlsx sheet 5_EVStocks",ENACTED_REGULATION_AS_ADOPTED,TREND,AUTHOR_POST_AEO_EXTENSION_NOT_AEO,AUTHOR_POST_REGULATORY_EXTENSION,,,,0.68,0.8325581395348837,0.8953488372093024,1.0,0.21912598045565898,0.8844019046282506,1.0,"{""2024"": 0.029158905287290444, ""2025"": 0.029158905287290444, ""2026"": 0.036280175660220904, ""2027"": 0.43, ""2028"": 0.51, ""2029"": 0.59, ""2030"": 0.68, ""2031"": 0.76, ""2032"": 0.82, ""2033"": 0.8241860465116279, ""2034"": 0.8283720930232558, ""2035"": 0.8325581395348837, ""2036"": 0.8367441860465116, ""2037"": 0.8409302325581395, ""2038"": 0.8451162790697674, ""2039"": 0.8493023255813953, ""2040"": 0.8534883720930232, ""2041"": 0.8576744186046511, ""2042"": 0.861860465116279, ""2043"": 0.8660465116279069, ""2044"": 0.8702325581395348, ""2045"": 0.8744186046511627, ""2046"": 0.8786046511627906, ""2047"": 0.8827906976744185, ""2048"": 0.8869767441860464, ""2049"": 0.8911627906976743, ""2050"": 0.8953488372093024, ""2051"": 0.8995348837209302, ""2052"": 0.9037209302325582, ""2053"": 0.9079069767441861, ""2054"": 0.912093023255814, ""2055"": 0.9162790697674419, ""2056"": 0.9204651162790698, ""2057"": 0.9246511627906977, ""2058"": 0.9288372093023256, ""2059"": 0.9330232558139535, ""2060"": 0.9372093023255814, ""2061"": 0.9413953488372093, ""2062"": 0.9455813953488372, ""2063"": 0.9497674418604651, ""2064"": 0.953953488372093, ""2065"": 0.958139534883721, ""2066"": 0.9623255813953489, ""2067"": 0.9665116279069768, ""2068"": 0.9706976744186047, ""2069"": 0.9748837209302326, ""2070"": 0.9790697674418605, ""2071"": 0.9832558139534884, ""2072"": 0.9874418604651163, ""2073"": 0.9916279069767442, ""2074"": 0.9958139534883721, ""2075"": 1.0}","{""2024"": 0.37366507438470653, ""2025"": 0.37366507438470653, ""2030"": 0.5793923427747173, ""2035"": 0.7408841882228968, ""2040"": 0.7683814084256332, ""2045"": 0.7750568881056575, ""2050"": 1.0}",0.7750568881056575,1.0,1.0,0.9190031104381297,1.0,ADDITIVE_SHARE_DELTA_WITH_CLIPPING,"L_state(t) = clip(s0g + [L_source(t) - L_source(base)], 0, 1)",AUTHOR_POST_CAMBIUM_EXTENSION_NOT_CAMBIUM,SHADE_2051_2075_AUTHOR_EXTENSION,REGISTERED_STATUTORY_SCHEDULE_FLOOR_OVER_PUBLISHED_NO_ADDITIONAL_POLICY_MARKET_PROJECTION_ON_AN_AGE_SPECIFIC_SURVIVAL_WEIGHTED_VEHICLE_STOCK,ENACTED_STATE_LAW_AS_WRITTEN_OVER_PUBLISHED_NO_ADDITIONAL_POLICY_PROJECTION__ACCII_FEDERAL_WAIVER_DISAPPROVED_PUBL_119_16__NOT_ENFORCEABLE_2026_09_05,ENACTED_STATE_RULE__FEDERAL_WAIVER_DISAPPROVED_PUBL_119_16__NOT_ENFORCEABLE_2026_09_05,EPA_MOVES5_TABLE_C1_PASSENGER_CAR_AGE_SPECIFIC_SURVIVAL_MONOTONE_AGE27_INTERPOLATION_AGE40_PLUS_RATE_REUSED
CT,Connecticut,PUBLISHED_MARKET_PROJECTION_REBASED,AEO2026_ALTTRNP_STOCK_SHARE_REBASED_COHORT_INVERTED,NO_VEHICLE_RULE_38,REAL_CAPACITY_FHWA_MV1_2024_REGISTERED_AUTOMOBILES_AND_STI_V2_INTERSECTIONS,1028799.0,OFFICIAL_STATISTIC_FHWA_MV1_2024_REGISTERED_AUTOMOBILES,4956.0,OSM_CLUSTER_50M_CALIBRATED,CALIBRATED_ESTIMATE_95PCT_PREDICTION_INTERVAL,3720.0,6602.0,OBSERVED_NOAA_LCD_2023_EXPOSURE_TIMES_AUTHORED_RESPONSE_1_105_115,1.0518885500000001,2,17421,TWO_STATIONS,NATIONAL_CONSTANT_DISCLOSED,392.98333333333335,10787.0,AEO_PATH,POOLED_RATE_LOGISTIC_STOCK_FIT_COHORT_INVERTED,POOLED_LOGISTIC_FIT,CAMBIUM_BA_STATE_PATH_WITH_REGISTERED_STATUTORY_FLOOR,GRID_100_STATUTE,NREL_CAMBIUM_2024_MIDCASE_BA_ROLLUP_TO_STATE_ADDITIVE_REBASED_WITH_CLIPPING_ON_REGISTERED_EGRID_S0G_WITH_THE_FIRST_HAND_REGISTERED_ENFORCEABLE_STANDARD_AS_A_FLOOR,ASYMPTOTIC,PUBLISHED_PROJECTION_WITH_ENACTED_STATUTE_AS_FLOOR,"NREL Cambium 2024 MidCase, balancing-area annual rolled up to state, generation-side attributional, additively rebased on the registered eGRID base-year share; the entry's own enforceable clean-electricity standard applied as a floor at its registered level from 2025, rising along the registered schedule; terminal registered level 1.0",2025.0,0.01649317290793565,0.37278584143279103,0.3892663252184187,0.3892663252184187,EGRID2023_TWO_BLOCK_ATTRIBUTION_RESIDUAL,1.3337372831999998,,,,0,2040-2075,36,2025,0.01649317290793565,0.020739782856331823,ADDITIVE_SHARE_DELTA_WITH_CLIPPING,"E_state(t) = clip(s0 + [E_source(t) - E_source(base)], 0, 1)",EIA_AEO2026_ALTTRNP_BEV_STOCK_SHARE_US,"U.S. Energy Information Administration, Annual Energy Outlook 2026, released 2026-04-08, Alternative Transportation case; battery electric vehicle share of light-duty vehicle stocks, United States, 2015-2050; file of record inputs/vehicle_market/raw/AEO2026_Narrative_Figures.xlsx sheet 5_EVStocks",PUBLISHED_PROJECTION_NO_ADDITIONAL_VEHICLE_POLICY,TREND,AUTHOR_POST_AEO_EXTENSION_NOT_AEO,,,,,0.06532519692670234,0.12019809249492207,0.2064602480763042,0.3454091815256243,0.2064602480763042,0.9,1.0,"{""2024"": 0.01649317290793565, ""2025"": 0.01649317290793565, ""2026"": 0.023614443280866114, ""2027"": 0.03329354107857132, ""2028"": 0.04382538748868492, ""2029"": 0.05527856971938873, ""2030"": 0.06532519692670234, ""2031"": 0.07466855386077519, ""2032"": 0.0841116252117719, ""2033"": 0.0957040639184685, ""2034"": 0.10748597548020894, ""2035"": 0.12019809249492207, ""2036"": 0.13187366764385258, ""2037"": 0.13731093910051034, ""2038"": 0.13812010285709367, ""2039"": 0.14155095604940401, ""2040"": 0.14610347064746668, ""2041"": 0.15137518504436032, ""2042"": 0.15740102303958295, ""2043"": 0.16331996033703924, ""2044"": 0.16933754681825813, ""2045"": 0.17678848924195695, ""2046"": 0.18442784309377422, ""2047"": 0.19315463014358714, ""2048"": 0.20168087439232182, ""2049"": 0.20564009742542666, ""2050"": 0.2064602480763042, ""2051"": 0.21583228319399486, ""2052"": 0.2200030475143864, ""2053"": 0.224771876667074, ""2054"": 0.23016448735397046, ""2055"": 0.2356855411529023, ""2056"": 0.24142715355492184, ""2057"": 0.24820421226934358, ""2058"": 0.2552768611610988, ""2059"": 0.26322763758118845, ""2060"": 0.27123816737299217, ""2061"": 0.2752657410378124, ""2062"": 0.27616487522395206, ""2063"": 0.28333631271871246, ""2064"": 0.28696510710026185, ""2065"": 0.29117500838760957, ""2066"": 0.29600376886794977, ""2067"": 0.3010736324467166, ""2068"": 0.30645876542084166, ""2069"": 0.3128559183018544, ""2070"": 0.31968503835629974, ""2071"": 0.32748616124762053, ""2072"": 0.3355850003618872, ""2073"": 0.3393345702415776, ""2074"": 0.3393018776303774, ""2075"": 0.3454091815256243}","{""2024"": 0.37278584143279103, ""2025"": 0.37278584143279103, ""2030"": 0.553402665453884, ""2035"": 0.5583821103264213, ""2040"": 1.0, ""2045"": 1.0, ""2050"": 1.0}",1.0,1.0,1.0,1.0,1.0,ADDITIVE_SHARE_DELTA_WITH_CLIPPING,"L_state(t) = clip(s0g + [L_source(t) - L_source(base)], 0, 1)",AUTHOR_POST_CAMBIUM_EXTENSION_NOT_CAMBIUM,SHADE_2051_2075_AUTHOR_EXTENSION,REGISTERED_STATUTORY_SCHEDULE_FLOOR_OVER_PUBLISHED_NO_ADDITIONAL_POLICY_MARKET_PROJECTION_ON_AN_AGE_SPECIFIC_SURVIVAL_WEIGHTED_VEHICLE_STOCK,ENACTED_STATE_LAW_AS_WRITTEN_OVER_PUBLISHED_NO_ADDITIONAL_POLICY_PROJECTION__ACCII_FEDERAL_WAIVER_DISAPPROVED_PUBL_119_16__NOT_ENFORCEABLE_2026_09_05,NO_STATE_VEHICLE_RULE,EPA_MOVES5_TABLE_C1_PASSENGER_CAR_AGE_SPECIFIC_SURVIVAL_MONOTONE_AGE27_INTERPOLATION_AGE40_PLUS_RATE_REUSED
DC,District of Columbia,POLICY_SCHEDULE_FLOOR_OVER_MARKET_PROJECTION,ACCII_FULL_SCHEDULE_MY2035_100PCT,FULL_SCHEDULE_10,REAL_CAPACITY_FHWA_MV1_2024_REGISTERED_AUTOMOBILES_AND_STI_V2_INTERSECTIONS,150476.0,OFFICIAL_STATISTIC_FHWA_MV1_2024_REGISTERED_AUTOMOBILES,1596.0,AGENCY_ALL_OWNER_CENSUS,AGENCY_COUNT_NO_SAMPLING_ERROR,1596.0,1596.0,OBSERVED_NOAA_LCD_2023_EXPOSURE_TIMES_AUTHORED_RESPONSE_1_105_115,1.0529085,1,8544,SINGLE_STATION,NATIONAL_CONSTANT_DISCLOSED,392.98333333333335,10787.0,ACC_DELAYED_PLUS2,ACC_DELAYED_PLUS2,POLICY_SCHEDULE,CAMBIUM_BA_STATE_PATH_WITH_REGISTERED_STATUTORY_FLOOR,GRID_100_STATUTE,NREL_CAMBIUM_2024_MIDCASE_BA_ROLLUP_TO_STATE_ADDITIVE_REBASED_WITH_CLIPPING_ON_REGISTERED_EGRID_S0G_WITH_THE_FIRST_HAND_REGISTERED_ENFORCEABLE_STANDARD_AS_A_FLOOR,ASYMPTOTIC,PUBLISHED_PROJECTION_WITH_ENACTED_STATUTE_AS_FLOOR,"NREL Cambium 2024 MidCase, balancing-area annual rolled up to state, generation-side attributional, additively rebased on the registered eGRID base-year share; the entry's own enforceable clean-electricity standard applied as a floor at its registered level from 2032, rising along the registered schedule; terminal registered level 1.0",2032.0,0.04232283464566929,0.4806329190498193,0.34418873660145827,0.34418873660145827,EGRID2023_TWO_BLOCK_ATTRIBUTION_RESIDUAL,1.3337372831999998,2027.0,ACCII_13CCR_1962_4_FULL_TO_MY2035,2027-2075,49,2032-2075,44,2025,0.04232283464566929,0.020739782856331823,ADDITIVE_SHARE_DELTA_WITH_CLIPPING,"E_state(t) = clip(s0 + [E_source(t) - E_source(base)], 0, 1)",EIA_AEO2026_ALTTRNP_BEV_STOCK_SHARE_US,"U.S. Energy Information Administration, Annual Energy Outlook 2026, released 2026-04-08, Alternative Transportation case; battery electric vehicle share of light-duty vehicle stocks, United States, 2015-2050; file of record inputs/vehicle_market/raw/AEO2026_Narrative_Figures.xlsx sheet 5_EVStocks",ENACTED_REGULATION_AS_ADOPTED,TREND,AUTHOR_POST_AEO_EXTENSION_NOT_AEO,,,,,0.68,1.0,1.0,1.0,0.2322899098140377,0.8859693343237223,1.0,"{""2024"": 0.04232283464566929, ""2025"": 0.04232283464566929, ""2026"": 0.04944410501859976, ""2027"": 0.43, ""2028"": 0.51, ""2029"": 0.59, ""2030"": 0.68, ""2031"": 0.76, ""2032"": 0.82, ""2033"": 0.88, ""2034"": 0.94, ""2035"": 1.0, ""2036"": 1.0, ""2037"": 1.0, ""2038"": 1.0, ""2039"": 1.0, ""2040"": 1.0, ""2041"": 1.0, ""2042"": 1.0, ""2043"": 1.0, ""2044"": 1.0, ""2045"": 1.0, ""2046"": 1.0, ""2047"": 1.0, ""2048"": 1.0, ""2049"": 1.0, ""2050"": 1.0, ""2051"": 1.0, ""2052"": 1.0, ""2053"": 1.0, ""2054"": 1.0, ""2055"": 1.0, ""2056"": 1.0, ""2057"": 1.0, ""2058"": 1.0, ""2059"": 1.0, ""2060"": 1.0, ""2061"": 1.0, ""2062"": 1.0, ""2063"": 1.0, ""2064"": 1.0, ""2065"": 1.0, ""2066"": 1.0, ""2067"": 1.0, ""2068"": 1.0, ""2069"": 1.0, ""2070"": 1.0, ""2071"": 1.0, ""2072"": 1.0, ""2073"": 1.0, ""2074"": 1.0, ""2075"": 1.0}","{""2024"": 0.4806329190498193, ""2025"": 0.4806329190498193, ""2030"": 0.518317555850116, ""2035"": 1.0, ""2040"": 1.0, ""2045"": 1.0, ""2050"": 1.0}",1.0,1.0,1.0,1.0,1.0,ADDITIVE_SHARE_DELTA_WITH_CLIPPING,"L_state(t) = clip(s0g + [L_source(t) - L_source(base)], 0, 1)",AUTHOR_POST_CAMBIUM_EXTENSION_NOT_CAMBIUM,SHADE_2051_2075_AUTHOR_EXTENSION,REGISTERED_STATUTORY_SCHEDULE_FLOOR_OVER_PUBLISHED_NO_ADDITIONAL_POLICY_MARKET_PROJECTION_ON_AN_AGE_SPECIFIC_SURVIVAL_WEIGHTED_VEHICLE_STOCK,ENACTED_STATE_LAW_AS_WRITTEN_OVER_PUBLISHED_NO_ADDITIONAL_POLICY_PROJECTION__ACCII_FEDERAL_WAIVER_DISAPPROVED_PUBL_119_16__NOT_ENFORCEABLE_2026_09_05,ENACTED_STATE_RULE__FEDERAL_WAIVER_DISAPPROVED_PUBL_119_16__NOT_ENFORCEABLE_2026_09_05,EPA_MOVES5_TABLE_C1_PASSENGER_CAR_AGE_SPECIFIC_SURVIVAL_MONOTONE_AGE27_INTERPOLATION_AGE40_PLUS_RATE_REUSED
DE,Delaware,POLICY_SCHEDULE_FLOOR_OVER_MARKET_PROJECTION,ACCII_VARIANT_CAPPED_82PCT_MY2032,CAPPED_82_MY2032_3,REAL_CAPACITY_FHWA_MV1_2024_REGISTERED_AUTOMOBILES_AND_STI_V2_INTERSECTIONS,148493.0,OFFICIAL_STATISTIC_FHWA_MV1_2024_REGISTERED_AUTOMOBILES,1053.0,OSM_CLUSTER_50M_CALIBRATED,CALIBRATED_ESTIMATE_95PCT_PREDICTION_INTERVAL,790.0,1403.0,OBSERVED_NOAA_LCD_2023_EXPOSURE_TIMES_AUTHORED_RESPONSE_1_105_115,1.0411441,1,8740,SINGLE_STATION,NATIONAL_CONSTANT_DISCLOSED,392.98333333333335,10787.0,ACC_DELAYED_PLUS2,ACC_DELAYED_PLUS2,POLICY_SCHEDULE,CAMBIUM_BA_STATE_PATH_WITH_REGISTERED_STATUTORY_FLOOR,TARGET_CES_RPS,NREL_CAMBIUM_2024_MIDCASE_BA_ROLLUP_TO_STATE_ADDITIVE_REBASED_WITH_CLIPPING_ON_REGISTERED_EGRID_S0G_WITH_THE_FIRST_HAND_REGISTERED_ENFORCEABLE_STANDARD_AS_A_FLOOR,ASYMPTOTIC,PUBLISHED_PROJECTION_WITH_ENACTED_STATUTE_AS_FLOOR,"NREL Cambium 2024 MidCase, balancing-area annual rolled up to state, generation-side attributional, additively rebased on the registered eGRID base-year share; the entry's own enforceable clean-electricity standard applied as a floor at its registered level from 2035, rising along the registered schedule; terminal registered level 0.4",2035.0,0.017061207080400938,0.04729913476541758,0.33479914280464307,0.33479914280464307,EGRID2023_TWO_BLOCK_ATTRIBUTION_RESIDUAL,1.3337372831999998,2027.0,ACCII_13CCR_1962_4_CAPPED_82PCT_MY2032,2027-2075,49,2035-2075,41,2025,0.017061207080400938,0.020739782856331823,ADDITIVE_SHARE_DELTA_WITH_CLIPPING,"E_state(t) = clip(s0 + [E_source(t) - E_source(base)], 0, 1)",EIA_AEO2026_ALTTRNP_BEV_STOCK_SHARE_US,"U.S. Energy Information Administration, Annual Energy Outlook 2026, released 2026-04-08, Alternative Transportation case; battery electric vehicle share of light-duty vehicle stocks, United States, 2015-2050; file of record inputs/vehicle_market/raw/AEO2026_Narrative_Figures.xlsx sheet 5_EVStocks",ENACTED_REGULATION_AS_ADOPTED,TREND,AUTHOR_POST_AEO_EXTENSION_NOT_AEO,AUTHOR_POST_REGULATORY_EXTENSION,,,,0.68,0.8325581395348837,0.8953488372093024,1.0,0.20702828224876937,0.882961431126753,1.0,"{""2024"": 0.017061207080400938, ""2025"": 0.017061207080400938, ""2026"": 0.0241824774533314, ""2027"": 0.43, ""2028"": 0.51, ""2029"": 0.59, ""2030"": 0.68, ""2031"": 0.76, ""2032"": 0.82, ""2033"": 0.8241860465116279, ""2034"": 0.8283720930232558, ""2035"": 0.8325581395348837, ""2036"": 0.8367441860465116, ""2037"": 0.8409302325581395, ""2038"": 0.8451162790697674, ""2039"": 0.8493023255813953, ""2040"": 0.8534883720930232, ""2041"": 0.8576744186046511, ""2042"": 0.861860465116279, ""2043"": 0.8660465116279069, ""2044"": 0.8702325581395348, ""2045"": 0.8744186046511627, ""2046"": 0.8786046511627906, ""2047"": 0.8827906976744185, ""2048"": 0.8869767441860464, ""2049"": 0.8911627906976743, ""2050"": 0.8953488372093024, ""2051"": 0.8995348837209302, ""2052"": 0.9037209302325582, ""2053"": 0.9079069767441861, ""2054"": 0.912093023255814, ""2055"": 0.9162790697674419, ""2056"": 0.9204651162790698, ""2057"": 0.9246511627906977, ""2058"": 0.9288372093023256, ""2059"": 0.9330232558139535, ""2060"": 0.9372093023255814, ""2061"": 0.9413953488372093, ""2062"": 0.9455813953488372, ""2063"": 0.9497674418604651, ""2064"": 0.953953488372093, ""2065"": 0.958139534883721, ""2066"": 0.9623255813953489, ""2067"": 0.9665116279069768, ""2068"": 0.9706976744186047, ""2069"": 0.9748837209302326, ""2070"": 0.9790697674418605, ""2071"": 0.9832558139534884, ""2072"": 0.9874418604651163, ""2073"": 0.9916279069767442, ""2074"": 0.9958139534883721, ""2075"": 1.0}","{""2024"": 0.04729913476541758, ""2025"": 0.04729913476541758, ""2030"": 0.03914064094083436, ""2035"": 0.4, ""2040"": 0.4, ""2045"": 0.4, ""2050"": 0.4}",0.4,0.4,0.4,0.4,0.4,ADDITIVE_SHARE_DELTA_WITH_CLIPPING,"L_state(t) = clip(s0g + [L_source(t) - L_source(base)], 0, 1)",AUTHOR_POST_CAMBIUM_EXTENSION_NOT_CAMBIUM,SHADE_2051_2075_AUTHOR_EXTENSION,REGISTERED_STATUTORY_SCHEDULE_FLOOR_OVER_PUBLISHED_NO_ADDITIONAL_POLICY_MARKET_PROJECTION_ON_AN_AGE_SPECIFIC_SURVIVAL_WEIGHTED_VEHICLE_STOCK,ENACTED_STATE_LAW_AS_WRITTEN_OVER_PUBLISHED_NO_ADDITIONAL_POLICY_PROJECTION__ACCII_FEDERAL_WAIVER_DISAPPROVED_PUBL_119_16__NOT_ENFORCEABLE_2026_09_05,ENACTED_STATE_RULE__FEDERAL_WAIVER_DISAPPROVED_PUBL_119_16__NOT_ENFORCEABLE_2026_09_05,EPA_MOVES5_TABLE_C1_PASSENGER_CAR_AGE_SPECIFIC_SURVIVAL_MONOTONE_AGE27_INTERPOLATION_AGE40_PLUS_RATE_REUSED
FL,Florida,PUBLISHED_MARKET_PROJECTION_REBASED,AEO2026_ALTTRNP_STOCK_SHARE_REBASED_COHORT_INVERTED,NO_VEHICLE_RULE_38,REAL_CAPACITY_FHWA_MV1_2024_REGISTERED_AUTOMOBILES_AND_STI_V2_INTERSECTIONS,7210114.0,OFFICIAL_STATISTIC_FHWA_MV1_2024_REGISTERED_AUTOMOBILES,17312.0,OSM_CLUSTER_50M_CALIBRATED,CALIBRATED_ESTIMATE_95PCT_PREDICTION_INTERVAL,12995.0,23063.0,OBSERVED_NOAA_LCD_2023_EXPOSURE_TIMES_AUTHORED_RESPONSE_1_105_115,1.03725845,3,26182,,NATIONAL_CONSTANT_DISCLOSED,392.98333333333335,10787.0,AEO_PATH,POOLED_RATE_LOGISTIC_STOCK_FIT_COHORT_INVERTED,POOLED_LOGISTIC_FIT,CAMBIUM_BA_STATE_PATH,CAMBIUM_BA_STATE_PATH,NREL_CAMBIUM_2024_MIDCASE_BA_ROLLUP_TO_STATE_ADDITIVE_REBASED_WITH_CLIPPING_ON_REGISTERED_EGRID_S0G,ASYMPTOTIC,PUBLISHED_PROJECTION_NO_ENFORCEABLE_STANDARD,"NREL Cambium 2024 MidCase, balancing-area annual rolled up to state, generation-side attributional, additively rebased on the registered eGRID base-year share; this entry carries no enforceable clean-electricity standard and therefore no floor",,0.02347728635096041,0.18688961079922484,0.43882869366528793,0.43882869366528793,EGRID2023_TWO_BLOCK_ATTRIBUTION_RESIDUAL,1.3337372831999998,,,,0,,0,2025,0.02347728635096041,0.020739782856331823,ADDITIVE_SHARE_DELTA_WITH_CLIPPING,"E_state(t) = clip(s0 + [E_source(t) - E_source(base)], 0, 1)",EIA_AEO2026_ALTTRNP_BEV_STOCK_SHARE_US,"U.S. Energy Information Administration, Annual Energy Outlook 2026, released 2026-04-08, Alternative Transportation case; battery electric vehicle share of light-duty vehicle stocks, United States, 2015-2050; file of record inputs/vehicle_market/raw/AEO2026_Narrative_Figures.xlsx sheet 5_EVStocks",PUBLISHED_PROJECTION_NO_ADDITIONAL_VEHICLE_POLICY,TREND,AUTHOR_POST_AEO_EXTENSION_NOT_AEO,,,,,0.0723093103697271,0.1271822059379468,0.2134443615193293,0.35239329496864913,0.2134443615193293,0.9,1.0,"{""2024"": 0.02347728635096041, ""2025"": 0.02347728635096041, ""2026"": 0.030598556723890873, ""2027"": 0.04027765452159608, ""2028"": 0.05080950093170967, ""2029"": 0.06226268316241349, ""2030"": 0.0723093103697271, ""2031"": 0.08165266730379997, ""2032"": 0.09109573865479667, ""2033"": 0.10268817736149319, ""2034"": 0.11447008892323378, ""2035"": 0.1271822059379468, ""2036"": 0.1388577810868775, ""2037"": 0.14429505254353495, ""2038"": 0.14510421630011847, ""2039"": 0.1485350694924288, ""2040"": 0.1530875840904915, ""2041"": 0.15835929848738492, ""2042"": 0.16438513648260786, ""2043"": 0.17030407378006387, ""2044"": 0.17632166026128313, ""2045"": 0.18377260268498155, ""2046"": 0.1914119565367989, ""2047"": 0.20013874358661213, ""2048"": 0.20866498783534662, ""2049"": 0.21262421086845104, ""2050"": 0.2134443615193293, ""2051"": 0.22281639663701946, ""2052"": 0.2269871609574117, ""2053"": 0.23175599011009848, ""2054"": 0.2371486007969956, ""2055"": 0.24266965459592688, ""2056"": 0.24841126699794633, ""2057"": 0.25518832571236844, ""2058"": 0.2622609746041238, ""2059"": 0.2702117510242129, ""2060"": 0.2782222808160172, ""2061"": 0.2822498544808366, ""2062"": 0.2831489886669771, ""2063"": 0.2903204261617369, ""2064"": 0.29394922054328676, ""2065"": 0.29815912183063364, ""2066"": 0.3029878823109758, ""2067"": 0.3080577458897413, ""2068"": 0.3134428788638659, ""2069"": 0.3198400317448797, ""2070"": 0.3266691517993246, ""2071"": 0.33447027469064466, ""2072"": 0.3425691138049121, ""2073"": 0.3463186836846019, ""2074"": 0.3462859910734025, ""2075"": 0.35239329496864913}","{""2024"": 0.18688961079922484, ""2025"": 0.18688961079922484, ""2030"": 0.21568891320845643, ""2035"": 0.4418848255543981, ""2040"": 0.4923955077984803, ""2045"": 0.5105549717042805, ""2050"": 0.5224232733686075}",0.5105549717042805,0.5224232733686075,0.5782261006900393,0.5224232733686075,0.5817647816902423,ADDITIVE_SHARE_DELTA_WITH_CLIPPING,"L_state(t) = clip(s0g + [L_source(t) - L_source(base)], 0, 1)",AUTHOR_POST_CAMBIUM_EXTENSION_NOT_CAMBIUM,SHADE_2051_2075_AUTHOR_EXTENSION,REGISTERED_STATUTORY_SCHEDULE_FLOOR_OVER_PUBLISHED_NO_ADDITIONAL_POLICY_MARKET_PROJECTION_ON_AN_AGE_SPECIFIC_SURVIVAL_WEIGHTED_VEHICLE_STOCK,ENACTED_STATE_LAW_AS_WRITTEN_OVER_PUBLISHED_NO_ADDITIONAL_POLICY_PROJECTION__ACCII_FEDERAL_WAIVER_DISAPPROVED_PUBL_119_16__NOT_ENFORCEABLE_2026_09_05,NO_STATE_VEHICLE_RULE,EPA_MOVES5_TABLE_C1_PASSENGER_CAR_AGE_SPECIFIC_SURVIVAL_MONOTONE_AGE27_INTERPOLATION_AGE40_PLUS_RATE_REUSED
GA,Georgia,PUBLISHED_MARKET_PROJECTION_REBASED,AEO2026_ALTTRNP_STOCK_SHARE_REBASED_COHORT_INVERTED,NO_VEHICLE_RULE_38,REAL_CAPACITY_FHWA_MV1_2024_REGISTERED_AUTOMOBILES_AND_STI_V2_INTERSECTIONS,3206610.0,OFFICIAL_STATISTIC_FHWA_MV1_2024_REGISTERED_AUTOMOBILES,7310.0,OSM_CLUSTER_50M_CALIBRATED,CALIBRATED_ESTIMATE_95PCT_PREDICTION_INTERVAL,5487.0,9738.0,OBSERVED_NOAA_LCD_2023_EXPOSURE_TIMES_AUTHORED_RESPONSE_1_105_115,1.0423971,3,26210,,NATIONAL_CONSTANT_DISCLOSED,392.98333333333335,10787.0,AEO_PATH,POOLED_RATE_LOGISTIC_STOCK_FIT_COHORT_INVERTED,POOLED_LOGISTIC_FIT,CAMBIUM_BA_STATE_PATH,CAMBIUM_BA_STATE_PATH,NREL_CAMBIUM_2024_MIDCASE_BA_ROLLUP_TO_STATE_ADDITIVE_REBASED_WITH_CLIPPING_ON_REGISTERED_EGRID_S0G,ASYMPTOTIC,PUBLISHED_PROJECTION_NO_ENFORCEABLE_STANDARD,"NREL Cambium 2024 MidCase, balancing-area annual rolled up to state, generation-side attributional, additively rebased on the registered eGRID base-year share; this entry carries no enforceable clean-electricity standard and therefore no floor",,0.01634855276769234,0.4030374501918622,0.5423929778736283,0.5423929778736283,EGRID2023_TWO_BLOCK_ATTRIBUTION_RESIDUAL,1.3337372831999998,,,,0,,0,2025,0.01634855276769234,0.020739782856331823,ADDITIVE_SHARE_DELTA_WITH_CLIPPING,"E_state(t) = clip(s0 + [E_source(t) - E_source(base)], 0, 1)",EIA_AEO2026_ALTTRNP_BEV_STOCK_SHARE_US,"U.S. Energy Information Administration, Annual Energy Outlook 2026, released 2026-04-08, Alternative Transportation case; battery electric vehicle share of light-duty vehicle stocks, United States, 2015-2050; file of record inputs/vehicle_market/raw/AEO2026_Narrative_Figures.xlsx sheet 5_EVStocks",PUBLISHED_PROJECTION_NO_ADDITIONAL_VEHICLE_POLICY,TREND,AUTHOR_POST_AEO_EXTENSION_NOT_AEO,,,,,0.065180576786459,0.1200534723546786,0.20631562793606098,0.34526456138538014,0.20631562793606098,0.9,1.0,"{""2024"": 0.01634855276769234, ""2025"": 0.01634855276769234, ""2026"": 0.023469823140622802, ""2027"": 0.033148920938328004, ""2028"": 0.0436807673484416, ""2029"": 0.05513394957914543, ""2030"": 0.065180576786459, ""2031"": 0.07452393372053193, ""2032"": 0.0839670050715286, ""2033"": 0.09555944377822512, ""2034"": 0.10734135533996576, ""2035"": 0.1200534723546786, ""2036"": 0.13172904750360948, ""2037"": 0.13716631896026701, ""2038"": 0.13797548271685037, ""2039"": 0.1414063359091607, ""2040"": 0.14595885050722332, ""2041"": 0.1512305649041171, ""2042"": 0.1572564028993397, ""2043"": 0.16317534019679567, ""2044"": 0.16919292667801514, ""2045"": 0.17664386910171354, ""2046"": 0.18428322295353108, ""2047"": 0.19301001000334378, ""2048"": 0.20153625425207838, ""2049"": 0.2054954772851834, ""2050"": 0.20631562793606098, ""2051"": 0.2156876630537515, ""2052"": 0.2198584273741433, ""2053"": 0.22462725652683077, ""2054"": 0.23001986721372733, ""2055"": 0.23554092101265836, ""2056"": 0.24128253341467856, ""2057"": 0.2480595921291006, ""2058"": 0.25513224102085547, ""2059"": 0.26308301744094503, ""2060"": 0.27109354723274903, ""2061"": 0.2751211208975688, ""2062"": 0.2760202550837087, ""2063"": 0.2831916925784687, ""2064"": 0.28682048696001833, ""2065"": 0.2910303882473663, ""2066"": 0.2958591487277068, ""2067"": 0.300929012306473, ""2068"": 0.3063141452805981, ""2069"": 0.312711298161612, ""2070"": 0.3195404182160568, ""2071"": 0.327341541107377, ""2072"": 0.33544038022164313, ""2073"": 0.33918995010133407, ""2074"": 0.339157257490135, ""2075"": 0.34526456138538014}","{""2024"": 0.4030374501918622, ""2025"": 0.4030374501918622, ""2030"": 0.3871452723703772, ""2035"": 0.6556674876172652, ""2040"": 0.6801305165393193, ""2045"": 0.6493862520754412, ""2050"": 0.6619401346164028}",0.6493862520754412,0.6619401346164028,0.7192267059710309,0.6619401346164028,0.7247095473212106,ADDITIVE_SHARE_DELTA_WITH_CLIPPING,"L_state(t) = clip(s0g + [L_source(t) - L_source(base)], 0, 1)",AUTHOR_POST_CAMBIUM_EXTENSION_NOT_CAMBIUM,SHADE_2051_2075_AUTHOR_EXTENSION,REGISTERED_STATUTORY_SCHEDULE_FLOOR_OVER_PUBLISHED_NO_ADDITIONAL_POLICY_MARKET_PROJECTION_ON_AN_AGE_SPECIFIC_SURVIVAL_WEIGHTED_VEHICLE_STOCK,ENACTED_STATE_LAW_AS_WRITTEN_OVER_PUBLISHED_NO_ADDITIONAL_POLICY_PROJECTION__ACCII_FEDERAL_WAIVER_DISAPPROVED_PUBL_119_16__NOT_ENFORCEABLE_2026_09_05,NO_STATE_VEHICLE_RULE,EPA_MOVES5_TABLE_C1_PASSENGER_CAR_AGE_SPECIFIC_SURVIVAL_MONOTONE_AGE27_INTERPOLATION_AGE40_PLUS_RATE_REUSED
HI,Hawaii,PUBLISHED_MARKET_PROJECTION_REBASED,AEO2026_ALTTRNP_STOCK_SHARE_REBASED_COHORT_INVERTED,NO_VEHICLE_RULE_38,REAL_CAPACITY_FHWA_MV1_2024_REGISTERED_AUTOMOBILES_AND_STI_V2_INTERSECTIONS,422292.0,OFFICIAL_STATISTIC_FHWA_MV1_2024_REGISTERED_AUTOMOBILES,939.0,OSM_CLUSTER_50M_CALIBRATED,CALIBRATED_ESTIMATE_95PCT_PREDICTION_INTERVAL,705.0,1251.0,OBSERVED_NOAA_LCD_2023_EXPOSURE_TIMES_AUTHORED_RESPONSE_1_105_115,1.04017755,3,25518,,NATIONAL_CONSTANT_DISCLOSED,392.98333333333335,10787.0,AEO_PATH,POOLED_RATE_LOGISTIC_STOCK_FIT_COHORT_INVERTED,POOLED_LOGISTIC_FIT,HI_STATUTE_MINUS_REGISTERED_FIRM_BIOFUEL,GRID_100_STATUTE,ENACTED_HAWAII_RPS_STATUTE_MINUS_THE_REGISTERED_FIRM_BIOFUEL_BRACKET,ASYMPTOTIC,AUTHOR_BRACKET_ON_ENACTED_STATUTE,"Hawaii RPS statute (HRS 269-92) with the registered firm-biofuel deduction b = 0.05 carried through every rung, so the floor is 0.35 at 2030, 0.65 at 2040 and 0.95 at 2045; Cambium 2024 does not cover Hawaii",2030.0,0.03210757409440176,0.19887131411077963,0.7842496019888481,0.7842496019888481,EGRID2023_TWO_BLOCK_ATTRIBUTION_RESIDUAL,1.3337372831999998,,,,0,,0,2025,0.03210757409440176,0.020739782856331823,ADDITIVE_SHARE_DELTA_WITH_CLIPPING,"E_state(t) = clip(s0 + [E_source(t) - E_source(base)], 0, 1)",EIA_AEO2026_ALTTRNP_BEV_STOCK_SHARE_US,"U.S. Energy Information Administration, Annual Energy Outlook 2026, released 2026-04-08, Alternative Transportation case; battery electric vehicle share of light-duty vehicle stocks, United States, 2015-2050; file of record inputs/vehicle_market/raw/AEO2026_Narrative_Figures.xlsx sheet 5_EVStocks",PUBLISHED_PROJECTION_NO_ADDITIONAL_VEHICLE_POLICY,TREND,AUTHOR_POST_AEO_EXTENSION_NOT_AEO,,,,,0.08093959811316845,0.13581249368138804,0.2220746492627703,0.36102358271209056,0.2220746492627703,0.9,1.0,"{""2024"": 0.03210757409440176, ""2025"": 0.03210757409440176, ""2026"": 0.03922884446733222, ""2027"": 0.048907942265037425, ""2028"": 0.059439788675151026, ""2029"": 0.07089297090585482, ""2030"": 0.08093959811316845, ""2031"": 0.09028295504724129, ""2032"": 0.09972602639823798, ""2033"": 0.11131846510493454, ""2034"": 0.12310037666667518, ""2035"": 0.13581249368138804, ""2036"": 0.147488068830319, ""2037"": 0.15292534028697644, ""2038"": 0.15373450404355954, ""2039"": 0.15716535723587038, ""2040"": 0.1617178718339327, ""2041"": 0.1669895862308265, ""2042"": 0.17301542422604912, ""2043"": 0.1789343615235051, ""2044"": 0.18495194800472464, ""2045"": 0.1924028904284227, ""2046"": 0.20004224428024048, ""2047"": 0.20876903133005326, ""2048"": 0.21729527557878814, ""2049"": 0.2212544986118926, ""2050"": 0.2220746492627703, ""2051"": 0.23144668438046107, ""2052"": 0.23561744870085277, ""2053"": 0.2403862778535397, ""2054"": 0.24577888854043695, ""2055"": 0.25129994233936814, ""2056"": 0.2570415547413884, ""2057"": 0.2638186134558093, ""2058"": 0.27089126234756505, ""2059"": 0.27884203876765407, ""2060"": 0.2868525685594586, ""2061"": 0.2908801422242781, ""2062"": 0.29177927641041784, ""2063"": 0.29895071390517847, ""2064"": 0.3025795082867284, ""2065"": 0.30678940957407547, ""2066"": 0.3116181700544165, ""2067"": 0.31668803363318226, ""2068"": 0.3220731666073081, ""2069"": 0.3284703194883206, ""2070"": 0.3352994395427658, ""2071"": 0.34310056243408593, ""2072"": 0.3511994015483538, ""2073"": 0.35494897142804277, ""2074"": 0.354916278816844, ""2075"": 0.36102358271209056}","{""2024"": 0.19887131411077963, ""2025"": 0.23463934677217108, ""2030"": 0.41347951007912825, ""2035"": 0.5923196733860855, ""2040"": 0.7711598366930428, ""2045"": 0.95, ""2050"": 0.95}",0.95,0.95,0.95,1.0,1.0,ADDITIVE_SHARE_DELTA_WITH_CLIPPING,"L_state(t) = clip(s0g + [L_source(t) - L_source(base)], 0, 1)",AUTHOR_POST_CAMBIUM_EXTENSION_NOT_CAMBIUM,SHADE_2051_2075_AUTHOR_EXTENSION,REGISTERED_STATUTORY_SCHEDULE_FLOOR_OVER_PUBLISHED_NO_ADDITIONAL_POLICY_MARKET_PROJECTION_ON_AN_AGE_SPECIFIC_SURVIVAL_WEIGHTED_VEHICLE_STOCK,ENACTED_STATE_LAW_AS_WRITTEN_OVER_PUBLISHED_NO_ADDITIONAL_POLICY_PROJECTION__ACCII_FEDERAL_WAIVER_DISAPPROVED_PUBL_119_16__NOT_ENFORCEABLE_2026_09_05,NO_STATE_VEHICLE_RULE,EPA_MOVES5_TABLE_C1_PASSENGER_CAR_AGE_SPECIFIC_SURVIVAL_MONOTONE_AGE27_INTERPOLATION_AGE40_PLUS_RATE_REUSED
IA,Iowa,PUBLISHED_MARKET_PROJECTION_REBASED,AEO2026_ALTTRNP_STOCK_SHARE_REBASED_COHORT_INVERTED,NO_VEHICLE_RULE_38,REAL_CAPACITY_FHWA_MV1_2024_REGISTERED_AUTOMOBILES_AND_STI_V2_INTERSECTIONS,1006994.0,OFFICIAL_STATISTIC_FHWA_MV1_2024_REGISTERED_AUTOMOBILES,2532.0,OSM_CLUSTER_50M_CALIBRATED,CALIBRATED_ESTIMATE_95PCT_PREDICTION_INTERVAL,1901.0,3373.0,OBSERVED_NOAA_LCD_2023_EXPOSURE_TIMES_AUTHORED_RESPONSE_1_105_115,1.0497978,3,26220,,NATIONAL_CONSTANT_DISCLOSED,392.98333333333335,10787.0,AEO_PATH,POOLED_RATE_LOGISTIC_STOCK_FIT_COHORT_INVERTED,POOLED_LOGISTIC_FIT,CAMBIUM_BA_STATE_PATH,CAMBIUM_BA_STATE_PATH,NREL_CAMBIUM_2024_MIDCASE_BA_ROLLUP_TO_STATE_ADDITIVE_REBASED_WITH_CLIPPING_ON_REGISTERED_EGRID_S0G,ASYMPTOTIC,PUBLISHED_PROJECTION_NO_ENFORCEABLE_STANDARD,"NREL Cambium 2024 MidCase, balancing-area annual rolled up to state, generation-side attributional, additively rebased on the registered eGRID base-year share; this entry carries no enforceable clean-electricity standard and therefore no floor",,0.004705369106603097,0.6174692834000945,0.747255063368317,0.747255063368317,EGRID2023_TWO_BLOCK_ATTRIBUTION_RESIDUAL,1.3337372831999998,,,,0,,0,2025,0.004705369106603097,0.020739782856331823,ADDITIVE_SHARE_DELTA_WITH_CLIPPING,"E_state(t) = clip(s0 + [E_source(t) - E_source(base)], 0, 1)",EIA_AEO2026_ALTTRNP_BEV_STOCK_SHARE_US,"U.S. Energy Information Administration, Annual Energy Outlook 2026, released 2026-04-08, Alternative Transportation case; battery electric vehicle share of light-duty vehicle stocks, United States, 2015-2050; file of record inputs/vehicle_market/raw/AEO2026_Narrative_Figures.xlsx sheet 5_EVStocks",PUBLISHED_PROJECTION_NO_ADDITIONAL_VEHICLE_POLICY,TREND,AUTHOR_POST_AEO_EXTENSION_NOT_AEO,,,,,0.053537393125369794,0.10841028869358942,0.1946724442749719,0.3336213777242911,0.1946724442749719,0.9,1.0,"{""2024"": 0.004705369106603097, ""2025"": 0.004705369106603097, ""2026"": 0.011826639479533559, ""2027"": 0.021505737277238764, ""2028"": 0.03203758368735236, ""2029"": 0.04349076591805616, ""2030"": 0.053537393125369794, ""2031"": 0.06288075005944263, ""2032"": 0.07232382141043936, ""2033"": 0.08391626011713589, ""2034"": 0.0956981716788765, ""2035"": 0.10841028869358942, ""2036"": 0.12008586384252025, ""2037"": 0.12552313529917777, ""2038"": 0.12633229905576104, ""2039"": 0.12976315224807156, ""2040"": 0.13431566684613414, ""2041"": 0.1395873812430278, ""2042"": 0.14561321923825044, ""2043"": 0.15153215653570654, ""2044"": 0.15754974301692581, ""2045"": 0.16500068544062432, ""2046"": 0.1726400392924417, ""2047"": 0.18136682634225443, ""2048"": 0.18989307059098937, ""2049"": 0.193852293624094, ""2050"": 0.1946724442749719, ""2051"": 0.20404447939266218, ""2052"": 0.20821524371305408, ""2053"": 0.21298407286574125, ""2054"": 0.21837668355263812, ""2055"": 0.22389773735156984, ""2056"": 0.22963934975358938, ""2057"": 0.2364164084680107, ""2058"": 0.24348905735976636, ""2059"": 0.2514398337798556, ""2060"": 0.2594503635716596, ""2061"": 0.26347793723648, ""2062"": 0.2643770714226194, ""2063"": 0.27154850891737947, ""2064"": 0.2751773032989293, ""2065"": 0.27938720458627675, ""2066"": 0.28421596506661767, ""2067"": 0.2892858286453843, ""2068"": 0.29467096161950934, ""2069"": 0.3010681145005217, ""2070"": 0.3078972345549668, ""2071"": 0.3156983574462877, ""2072"": 0.32379719656055467, ""2073"": 0.32754676644024494, ""2074"": 0.3275140738290455, ""2075"": 0.3336213777242911}","{""2024"": 0.6174692834000945, ""2025"": 0.6174692834000945, ""2030"": 0.7883621029390618, ""2035"": 0.9112622146447905, ""2040"": 0.9096394551745037, ""2045"": 0.9180928991969481, ""2050"": 0.9214186837789717}",0.9180928991969481,0.9214186837789717,0.9364059598796268,0.9214186837789717,0.9380476066890897,ADDITIVE_SHARE_DELTA_WITH_CLIPPING,"L_state(t) = clip(s0g + [L_source(t) - L_source(base)], 0, 1)",AUTHOR_POST_CAMBIUM_EXTENSION_NOT_CAMBIUM,SHADE_2051_2075_AUTHOR_EXTENSION,REGISTERED_STATUTORY_SCHEDULE_FLOOR_OVER_PUBLISHED_NO_ADDITIONAL_POLICY_MARKET_PROJECTION_ON_AN_AGE_SPECIFIC_SURVIVAL_WEIGHTED_VEHICLE_STOCK,ENACTED_STATE_LAW_AS_WRITTEN_OVER_PUBLISHED_NO_ADDITIONAL_POLICY_PROJECTION__ACCII_FEDERAL_WAIVER_DISAPPROVED_PUBL_119_16__NOT_ENFORCEABLE_2026_09_05,NO_STATE_VEHICLE_RULE,EPA_MOVES5_TABLE_C1_PASSENGER_CAR_AGE_SPECIFIC_SURVIVAL_MONOTONE_AGE27_INTERPOLATION_AGE40_PLUS_RATE_REUSED
ID,Idaho,PUBLISHED_MARKET_PROJECTION_REBASED,AEO2026_ALTTRNP_STOCK_SHARE_REBASED_COHORT_INVERTED,NO_VEHICLE_RULE_38,REAL_CAPACITY_FHWA_MV1_2024_REGISTERED_AUTOMOBILES_AND_STI_V2_INTERSECTIONS,510516.0,OFFICIAL_STATISTIC_FHWA_MV1_2024_REGISTERED_AUTOMOBILES,1084.0,OSM_CLUSTER_50M_CALIBRATED,CALIBRATED_ESTIMATE_95PCT_PREDICTION_INTERVAL,814.0,1444.0,OBSERVED_NOAA_LCD_2023_EXPOSURE_TIMES_AUTHORED_RESPONSE_1_105_115,1.0345380999999998,3,23186,,NATIONAL_CONSTANT_DISCLOSED,392.98333333333335,10787.0,AEO_PATH,POOLED_RATE_LOGISTIC_STOCK_FIT_COHORT_INVERTED,POOLED_LOGISTIC_FIT,CAMBIUM_BA_STATE_PATH,CAMBIUM_BA_STATE_PATH,NREL_CAMBIUM_2024_MIDCASE_BA_ROLLUP_TO_STATE_ADDITIVE_REBASED_WITH_CLIPPING_ON_REGISTERED_EGRID_S0G,ASYMPTOTIC,PUBLISHED_PROJECTION_NO_ENFORCEABLE_STANDARD,"NREL Cambium 2024 MidCase, balancing-area annual rolled up to state, generation-side attributional, additively rebased on the registered eGRID base-year share; this entry carries no enforceable clean-electricity standard and therefore no floor",,0.006833050642112915,0.6813022253743708,0.44589850352413457,0.44589850352413457,EGRID2023_TWO_BLOCK_ATTRIBUTION_RESIDUAL,1.3337372831999998,,,,0,,0,2025,0.006833050642112915,0.020739782856331823,ADDITIVE_SHARE_DELTA_WITH_CLIPPING,"E_state(t) = clip(s0 + [E_source(t) - E_source(base)], 0, 1)",EIA_AEO2026_ALTTRNP_BEV_STOCK_SHARE_US,"U.S. Energy Information Administration, Annual Energy Outlook 2026, released 2026-04-08, Alternative Transportation case; battery electric vehicle share of light-duty vehicle stocks, United States, 2015-2050; file of record inputs/vehicle_market/raw/AEO2026_Narrative_Figures.xlsx sheet 5_EVStocks",PUBLISHED_PROJECTION_NO_ADDITIONAL_VEHICLE_POLICY,TREND,AUTHOR_POST_AEO_EXTENSION_NOT_AEO,,,,,0.05566507466087963,0.11053797022909924,0.1968001258104812,0.33574905925980136,0.1968001258104812,0.9,1.0,"{""2024"": 0.006833050642112915, ""2025"": 0.006833050642112914, ""2026"": 0.013954321015043378, ""2027"": 0.023633418812748583, ""2028"": 0.03416526522286217, ""2029"": 0.04561844745356597, ""2030"": 0.05566507466087963, ""2031"": 0.06500843159495244, ""2032"": 0.07445150294594917, ""2033"": 0.08604394165264571, ""2034"": 0.09782585321438626, ""2035"": 0.11053797022909924, ""2036"": 0.12221354537803, ""2037"": 0.12765081683468754, ""2038"": 0.12845998059127098, ""2039"": 0.1318908337835813, ""2040"": 0.1364433483816439, ""2041"": 0.14171506277853774, ""2042"": 0.1477409007737602, ""2043"": 0.15365983807121633, ""2044"": 0.15967742455243575, ""2045"": 0.1671283669761342, ""2046"": 0.17476772082795128, ""2047"": 0.18349450787776445, ""2048"": 0.19202075212649905, ""2049"": 0.1959799751596041, ""2050"": 0.1968001258104812, ""2051"": 0.20617216092817262, ""2052"": 0.21034292524856354, ""2053"": 0.21511175440125113, ""2054"": 0.2205043650881478, ""2055"": 0.2260254188870797, ""2056"": 0.23176703128909934, ""2057"": 0.23854409000352078, ""2058"": 0.2456167388952762, ""2059"": 0.25356751531536553, ""2060"": 0.26157804510716925, ""2061"": 0.2656056187719897, ""2062"": 0.2665047529581289, ""2063"": 0.27367619045289004, ""2064"": 0.2773049848344388, ""2065"": 0.2815148861217869, ""2066"": 0.2863436466021273, ""2067"": 0.291413510180894, ""2068"": 0.29679864315501897, ""2069"": 0.3031957960360324, ""2070"": 0.310024916090477, ""2071"": 0.31782603898179723, ""2072"": 0.32592487809606413, ""2073"": 0.32967444797575524, ""2074"": 0.3296417553645543, ""2075"": 0.33574905925980136}","{""2024"": 0.6813022253743708, ""2025"": 0.6813022253743708, ""2030"": 0.74086594141539, ""2035"": 0.7640754457871194, ""2040"": 0.7719400396901136, ""2045"": 0.774206779794498, ""2050"": 0.7743364065389043}",0.774206779794498,0.7743364065389043,0.7749836103913178,0.7743364065389043,0.7749845402609359,ADDITIVE_SHARE_DELTA_WITH_CLIPPING,"L_state(t) = clip(s0g + [L_source(t) - L_source(base)], 0, 1)",AUTHOR_POST_CAMBIUM_EXTENSION_NOT_CAMBIUM,SHADE_2051_2075_AUTHOR_EXTENSION,REGISTERED_STATUTORY_SCHEDULE_FLOOR_OVER_PUBLISHED_NO_ADDITIONAL_POLICY_MARKET_PROJECTION_ON_AN_AGE_SPECIFIC_SURVIVAL_WEIGHTED_VEHICLE_STOCK,ENACTED_STATE_LAW_AS_WRITTEN_OVER_PUBLISHED_NO_ADDITIONAL_POLICY_PROJECTION__ACCII_FEDERAL_WAIVER_DISAPPROVED_PUBL_119_16__NOT_ENFORCEABLE_2026_09_05,NO_STATE_VEHICLE_RULE,EPA_MOVES5_TABLE_C1_PASSENGER_CAR_AGE_SPECIFIC_SURVIVAL_MONOTONE_AGE27_INTERPOLATION_AGE40_PLUS_RATE_REUSED
IL,Illinois,PUBLISHED_MARKET_PROJECTION_REBASED,AEO2026_ALTTRNP_STOCK_SHARE_REBASED_COHORT_INVERTED,NO_VEHICLE_RULE_38,REAL_CAPACITY_FHWA_MV1_2024_REGISTERED_AUTOMOBILES_AND_STI_V2_INTERSECTIONS,3514238.0,OFFICIAL_STATISTIC_FHWA_MV1_2024_REGISTERED_AUTOMOBILES,11218.0,OSM_CLUSTER_50M_CALIBRATED,CALIBRATED_ESTIMATE_95PCT_PREDICTION_INTERVAL,8421.0,14944.0,OBSERVED_NOAA_LCD_2023_EXPOSURE_TIMES_AUTHORED_RESPONSE_1_105_115,1.05241685,3,26212,,NATIONAL_CONSTANT_DISCLOSED,392.98333333333335,10787.0,AEO_PATH,POOLED_RATE_LOGISTIC_STOCK_FIT_COHORT_INVERTED,POOLED_LOGISTIC_FIT,CAMBIUM_BA_STATE_PATH_WITH_REGISTERED_STATUTORY_FLOOR,GRID_100_STATUTE,NREL_CAMBIUM_2024_MIDCASE_BA_ROLLUP_TO_STATE_ADDITIVE_REBASED_WITH_CLIPPING_ON_REGISTERED_EGRID_S0G_WITH_THE_FIRST_HAND_REGISTERED_ENFORCEABLE_STANDARD_AS_A_FLOOR,ASYMPTOTIC,PUBLISHED_PROJECTION_WITH_ENACTED_STATUTE_AS_FLOOR,"NREL Cambium 2024 MidCase, balancing-area annual rolled up to state, generation-side attributional, additively rebased on the registered eGRID base-year share; the entry's own enforceable clean-electricity standard applied as a floor at its registered level from 2030, rising along the registered schedule; terminal registered level 1.0",2030.0,0.01600209609020951,0.6857405324913772,0.6808443691039453,0.6808443691039453,EGRID2023_TWO_BLOCK_ATTRIBUTION_RESIDUAL,1.3337372831999998,,,,0,2045-2075,31,2025,0.01600209609020951,0.020739782856331823,ADDITIVE_SHARE_DELTA_WITH_CLIPPING,"E_state(t) = clip(s0 + [E_source(t) - E_source(base)], 0, 1)",EIA_AEO2026_ALTTRNP_BEV_STOCK_SHARE_US,"U.S. Energy Information Administration, Annual Energy Outlook 2026, released 2026-04-08, Alternative Transportation case; battery electric vehicle share of light-duty vehicle stocks, United States, 2015-2050; file of record inputs/vehicle_market/raw/AEO2026_Narrative_Figures.xlsx sheet 5_EVStocks",PUBLISHED_PROJECTION_NO_ADDITIONAL_VEHICLE_POLICY,TREND,AUTHOR_POST_AEO_EXTENSION_NOT_AEO,,,,,0.06483412010897618,0.1197070156771959,0.2059691712585782,0.34491810470789735,0.2059691712585782,0.9,1.0,"{""2024"": 0.01600209609020951, ""2025"": 0.01600209609020951, ""2026"": 0.023123366463139974, ""2027"": 0.032802464260845175, ""2028"": 0.04333431067095877, ""2029"": 0.0547874929016626, ""2030"": 0.06483412010897618, ""2031"": 0.07417747704304907, ""2032"": 0.08362054839404577, ""2033"": 0.09521298710074229, ""2034"": 0.10699489866248287, ""2035"": 0.1197070156771959, ""2036"": 0.13138259082612655, ""2037"": 0.13681986228278417, ""2038"": 0.1376290260393675, ""2039"": 0.14105987923167795, ""2040"": 0.14561239382974053, ""2041"": 0.15088410822663426, ""2042"": 0.1569099462218567, ""2043"": 0.16282888351931293, ""2044"": 0.16884647000053227, ""2045"": 0.17629741242423075, ""2046"": 0.18393676627604796, ""2047"": 0.19266355332586094, ""2048"": 0.20118979757459582, ""2049"": 0.2051490206077004, ""2050"": 0.2059691712585782, ""2051"": 0.21534120637626883, ""2052"": 0.21951197069666048, ""2053"": 0.22428079984934773, ""2054"": 0.2296734105362441, ""2055"": 0.23519446433517593, ""2056"": 0.24093607673719597, ""2057"": 0.24771313545161733, ""2058"": 0.2547857843433726, ""2059"": 0.26273656076346213, ""2060"": 0.27074709055526647, ""2061"": 0.2747746642200862, ""2062"": 0.27567379840622563, ""2063"": 0.2828452359009865, ""2064"": 0.2864740302825357, ""2065"": 0.2906839315698831, ""2066"": 0.2955126920502239, ""2067"": 0.30058255562899044, ""2068"": 0.30596768860311563, ""2069"": 0.31236484148412885, ""2070"": 0.3191939615385739, ""2071"": 0.3269950844298935, ""2072"": 0.33509392354416107, ""2073"": 0.3388434934238513, ""2074"": 0.33881080081265225, ""2075"": 0.34491810470789735}","{""2024"": 0.6857405324913772, ""2025"": 0.6857405324913772, ""2030"": 0.7946483476621026, ""2035"": 0.8182949434388747, ""2040"": 0.8222830521442079, ""2045"": 1.0, ""2050"": 1.0}",1.0,1.0,1.0,1.0,1.0,ADDITIVE_SHARE_DELTA_WITH_CLIPPING,"L_state(t) = clip(s0g + [L_source(t) - L_source(base)], 0, 1)",AUTHOR_POST_CAMBIUM_EXTENSION_NOT_CAMBIUM,SHADE_2051_2075_AUTHOR_EXTENSION,REGISTERED_STATUTORY_SCHEDULE_FLOOR_OVER_PUBLISHED_NO_ADDITIONAL_POLICY_MARKET_PROJECTION_ON_AN_AGE_SPECIFIC_SURVIVAL_WEIGHTED_VEHICLE_STOCK,ENACTED_STATE_LAW_AS_WRITTEN_OVER_PUBLISHED_NO_ADDITIONAL_POLICY_PROJECTION__ACCII_FEDERAL_WAIVER_DISAPPROVED_PUBL_119_16__NOT_ENFORCEABLE_2026_09_05,NO_STATE_VEHICLE_RULE,EPA_MOVES5_TABLE_C1_PASSENGER_CAR_AGE_SPECIFIC_SURVIVAL_MONOTONE_AGE27_INTERPOLATION_AGE40_PLUS_RATE_REUSED
IN,Indiana,PUBLISHED_MARKET_PROJECTION_REBASED,AEO2026_ALTTRNP_STOCK_SHARE_REBASED_COHORT_INVERTED,NO_VEHICLE_RULE_38,REAL_CAPACITY_FHWA_MV1_2024_REGISTERED_AUTOMOBILES_AND_STI_V2_INTERSECTIONS,1791108.0,OFFICIAL_STATISTIC_FHWA_MV1_2024_REGISTERED_AUTOMOBILES,5432.0,OSM_CLUSTER_50M_CALIBRATED,CALIBRATED_ESTIMATE_95PCT_PREDICTION_INTERVAL,4078.0,7236.0,OBSERVED_NOAA_LCD_2023_EXPOSURE_TIMES_AUTHORED_RESPONSE_1_105_115,1.0552697,3,26197,,NATIONAL_CONSTANT_DISCLOSED,392.98333333333335,10787.0,AEO_PATH,POOLED_RATE_LOGISTIC_STOCK_FIT_COHORT_INVERTED,POOLED_LOGISTIC_FIT,CAMBIUM_BA_STATE_PATH_WITH_REGISTERED_STATUTORY_FLOOR,CAMBIUM_BA_STATE_PATH,NREL_CAMBIUM_2024_MIDCASE_BA_ROLLUP_TO_STATE_ADDITIVE_REBASED_WITH_CLIPPING_ON_REGISTERED_EGRID_S0G_WITH_THE_FIRST_HAND_REGISTERED_ENFORCEABLE_STANDARD_AS_A_FLOOR,ASYMPTOTIC,PUBLISHED_PROJECTION_WITH_ENACTED_STATUTE_AS_FLOOR,"NREL Cambium 2024 MidCase, balancing-area annual rolled up to state, generation-side attributional, additively rebased on the registered eGRID base-year share; the entry's own enforceable clean-electricity standard applied as a floor at its registered level from 2025, rising along the registered schedule; terminal registered level 0.1",2025.0,0.0074131080083554525,0.13198368459012744,0.7614721680988146,0.7614721680988146,EGRID2023_TWO_BLOCK_ATTRIBUTION_RESIDUAL,1.3337372831999998,,,,0,,0,2025,0.0074131080083554525,0.020739782856331823,ADDITIVE_SHARE_DELTA_WITH_CLIPPING,"E_state(t) = clip(s0 + [E_source(t) - E_source(base)], 0, 1)",EIA_AEO2026_ALTTRNP_BEV_STOCK_SHARE_US,"U.S. Energy Information Administration, Annual Energy Outlook 2026, released 2026-04-08, Alternative Transportation case; battery electric vehicle share of light-duty vehicle stocks, United States, 2015-2050; file of record inputs/vehicle_market/raw/AEO2026_Narrative_Figures.xlsx sheet 5_EVStocks",PUBLISHED_PROJECTION_NO_ADDITIONAL_VEHICLE_POLICY,TREND,AUTHOR_POST_AEO_EXTENSION_NOT_AEO,,,,,0.05624513202712214,0.1111180275953418,0.19738018317672398,0.33632911662604364,0.19738018317672398,0.9,1.0,"{""2024"": 0.0074131080083554525, ""2025"": 0.0074131080083554525, ""2026"": 0.014534378381285917, ""2027"": 0.024213476178991125, ""2028"": 0.03474532258910471, ""2029"": 0.046198504819808514, ""2030"": 0.05624513202712214, ""2031"": 0.06558848896119499, ""2032"": 0.07503156031219171, ""2033"": 0.08662399901888826, ""2034"": 0.09840591058062886, ""2035"": 0.1111180275953418, ""2036"": 0.12279360274427253, ""2037"": 0.12823087420093002, ""2038"": 0.12904003795751345, ""2039"": 0.13247089114982394, ""2040"": 0.13702340574788638, ""2041"": 0.14229512014478038, ""2042"": 0.14832095814000273, ""2043"": 0.15423989543745883, ""2044"": 0.16025748191867825, ""2045"": 0.1677084243423765, ""2046"": 0.175347778194194, ""2047"": 0.1840745652440072, ""2048"": 0.1926008094927414, ""2049"": 0.19656003252584647, ""2050"": 0.19738018317672398, ""2051"": 0.20675221829441479, ""2052"": 0.21092298261480644, ""2053"": 0.21569181176749394, ""2054"": 0.22108442245439025, ""2055"": 0.22660547625332167, ""2056"": 0.2323470886553418, ""2057"": 0.2391241473697632, ""2058"": 0.2461967962615188, ""2059"": 0.2541475726816082, ""2060"": 0.26215810247341226, ""2061"": 0.2661856761382318, ""2062"": 0.2670848103243719, ""2063"": 0.27425624781913205, ""2064"": 0.27788504220068116, ""2065"": 0.28209494348802966, ""2066"": 0.2869237039683699, ""2067"": 0.2919935675471365, ""2068"": 0.2973787005212612, ""2069"": 0.3037758534022738, ""2070"": 0.3106049734567199, ""2071"": 0.3184060963480406, ""2072"": 0.3265049354623068, ""2073"": 0.3302545053419969, ""2074"": 0.33022181273079737, ""2075"": 0.33632911662604364}","{""2024"": 0.13198368459012744, ""2025"": 0.13198368459012744, ""2030"": 0.47238626603696454, ""2035"": 0.6964195541490359, ""2040"": 0.7317034189913463, ""2045"": 0.7285223654256153, ""2050"": 0.737600091611932}",0.7285223654256153,0.737600091611932,0.7792800546947174,0.737600091611932,0.7829887225435151,ADDITIVE_SHARE_DELTA_WITH_CLIPPING,"L_state(t) = clip(s0g + [L_source(t) - L_source(base)], 0, 1)",AUTHOR_POST_CAMBIUM_EXTENSION_NOT_CAMBIUM,SHADE_2051_2075_AUTHOR_EXTENSION,REGISTERED_STATUTORY_SCHEDULE_FLOOR_OVER_PUBLISHED_NO_ADDITIONAL_POLICY_MARKET_PROJECTION_ON_AN_AGE_SPECIFIC_SURVIVAL_WEIGHTED_VEHICLE_STOCK,ENACTED_STATE_LAW_AS_WRITTEN_OVER_PUBLISHED_NO_ADDITIONAL_POLICY_PROJECTION__ACCII_FEDERAL_WAIVER_DISAPPROVED_PUBL_119_16__NOT_ENFORCEABLE_2026_09_05,NO_STATE_VEHICLE_RULE,EPA_MOVES5_TABLE_C1_PASSENGER_CAR_AGE_SPECIFIC_SURVIVAL_MONOTONE_AGE27_INTERPOLATION_AGE40_PLUS_RATE_REUSED
KS,Kansas,PUBLISHED_MARKET_PROJECTION_REBASED,AEO2026_ALTTRNP_STOCK_SHARE_REBASED_COHORT_INVERTED,NO_VEHICLE_RULE_38,REAL_CAPACITY_FHWA_MV1_2024_REGISTERED_AUTOMOBILES_AND_STI_V2_INTERSECTIONS,594786.0,OFFICIAL_STATISTIC_FHWA_MV1_2024_REGISTERED_AUTOMOBILES,2318.0,OSM_CLUSTER_50M_CALIBRATED,CALIBRATED_ESTIMATE_95PCT_PREDICTION_INTERVAL,1740.0,3088.0,OBSERVED_NOAA_LCD_2023_EXPOSURE_TIMES_AUTHORED_RESPONSE_1_105_115,1.0396961500000002,3,26102,,NATIONAL_CONSTANT_DISCLOSED,392.98333333333335,10787.0,AEO_PATH,POOLED_RATE_LOGISTIC_STOCK_FIT_COHORT_INVERTED,POOLED_LOGISTIC_FIT,CAMBIUM_BA_STATE_PATH,CAMBIUM_BA_STATE_PATH,NREL_CAMBIUM_2024_MIDCASE_BA_ROLLUP_TO_STATE_ADDITIVE_REBASED_WITH_CLIPPING_ON_REGISTERED_EGRID_S0G,ASYMPTOTIC,PUBLISHED_PROJECTION_NO_ENFORCEABLE_STANDARD,"NREL Cambium 2024 MidCase, balancing-area annual rolled up to state, generation-side attributional, additively rebased on the registered eGRID base-year share; this entry carries no enforceable clean-electricity standard and therefore no floor",,0.006990392882509065,0.645571795618261,0.9318892121335284,0.9318892121335284,EGRID2023_TWO_BLOCK_ATTRIBUTION_RESIDUAL,1.3337372831999998,,,,0,,0,2025,0.006990392882509065,0.020739782856331823,ADDITIVE_SHARE_DELTA_WITH_CLIPPING,"E_state(t) = clip(s0 + [E_source(t) - E_source(base)], 0, 1)",EIA_AEO2026_ALTTRNP_BEV_STOCK_SHARE_US,"U.S. Energy Information Administration, Annual Energy Outlook 2026, released 2026-04-08, Alternative Transportation case; battery electric vehicle share of light-duty vehicle stocks, United States, 2015-2050; file of record inputs/vehicle_market/raw/AEO2026_Narrative_Figures.xlsx sheet 5_EVStocks",PUBLISHED_PROJECTION_NO_ADDITIONAL_VEHICLE_POLICY,TREND,AUTHOR_POST_AEO_EXTENSION_NOT_AEO,,,,,0.055822416901275755,0.11069531246949542,0.19695746805087774,0.33590640150019707,0.19695746805087774,0.9,1.0,"{""2024"": 0.006990392882509065, ""2025"": 0.006990392882509065, ""2026"": 0.014111663255439525, ""2027"": 0.023790761053144732, ""2028"": 0.034322607463258326, ""2029"": 0.045775789693962135, ""2030"": 0.055822416901275755, ""2031"": 0.06516577383534859, ""2032"": 0.07460884518634535, ""2033"": 0.08620128389304182, ""2034"": 0.09798319545478246, ""2035"": 0.11069531246949542, ""2036"": 0.12237088761842607, ""2037"": 0.12780815907508375, ""2038"": 0.1286173228316671, ""2039"": 0.1320481760239775, ""2040"": 0.13660069062204008, ""2041"": 0.14187240501893367, ""2042"": 0.1478982430141565, ""2043"": 0.1538171803116126, ""2044"": 0.15983476679283173, ""2045"": 0.1672857092165303, ""2046"": 0.1749250630683475, ""2047"": 0.1836518501181605, ""2048"": 0.19217809436689567, ""2049"": 0.19613731739999973, ""2050"": 0.19695746805087774, ""2051"": 0.20632950316856832, ""2052"": 0.2105002674889602, ""2053"": 0.21526909664164715, ""2054"": 0.220661707328544, ""2055"": 0.22618276112747546, ""2056"": 0.23192437352949558, ""2057"": 0.23870143224391666, ""2058"": 0.2457740811356726, ""2059"": 0.25372485755576135, ""2060"": 0.261735387347566, ""2061"": 0.2657629610123859, ""2062"": 0.2666620951985251, ""2063"": 0.2738335326932858, ""2064"": 0.27746232707483554, ""2065"": 0.28167222836218286, ""2066"": 0.2865009888425234, ""2067"": 0.2915708524212897, ""2068"": 0.29695598539541496, ""2069"": 0.3033531382764282, ""2070"": 0.31018225833087426, ""2071"": 0.3179833812221926, ""2072"": 0.32608222033646056, ""2073"": 0.3298317902161515, ""2074"": 0.3297990976049505, ""2075"": 0.33590640150019707}","{""2024"": 0.645571795618261, ""2025"": 0.645571795618261, ""2030"": 0.834879530962934, ""2035"": 0.9324770923179526, ""2040"": 0.9370844011438494, ""2045"": 0.9379391449109128, ""2050"": 0.9378198355544538}",0.9379391449109128,0.9378198355544538,0.9378198355544538,0.9378198355544538,0.9372232887721589,ADDITIVE_SHARE_DELTA_WITH_CLIPPING,"L_state(t) = clip(s0g + [L_source(t) - L_source(base)], 0, 1)",AUTHOR_POST_CAMBIUM_EXTENSION_NOT_CAMBIUM,SHADE_2051_2075_AUTHOR_EXTENSION,REGISTERED_STATUTORY_SCHEDULE_FLOOR_OVER_PUBLISHED_NO_ADDITIONAL_POLICY_MARKET_PROJECTION_ON_AN_AGE_SPECIFIC_SURVIVAL_WEIGHTED_VEHICLE_STOCK,ENACTED_STATE_LAW_AS_WRITTEN_OVER_PUBLISHED_NO_ADDITIONAL_POLICY_PROJECTION__ACCII_FEDERAL_WAIVER_DISAPPROVED_PUBL_119_16__NOT_ENFORCEABLE_2026_09_05,NO_STATE_VEHICLE_RULE,EPA_MOVES5_TABLE_C1_PASSENGER_CAR_AGE_SPECIFIC_SURVIVAL_MONOTONE_AGE27_INTERPOLATION_AGE40_PLUS_RATE_REUSED
KY,Kentucky,PUBLISHED_MARKET_PROJECTION_REBASED,AEO2026_ALTTRNP_STOCK_SHARE_REBASED_COHORT_INVERTED,NO_VEHICLE_RULE_38,REAL_CAPACITY_FHWA_MV1_2024_REGISTERED_AUTOMOBILES_AND_STI_V2_INTERSECTIONS,1458659.0,OFFICIAL_STATISTIC_FHWA_MV1_2024_REGISTERED_AUTOMOBILES,3363.0,OSM_CLUSTER_50M_CALIBRATED,CALIBRATED_ESTIMATE_95PCT_PREDICTION_INTERVAL,2524.0,4480.0,OBSERVED_NOAA_LCD_2023_EXPOSURE_TIMES_AUTHORED_RESPONSE_1_105_115,1.0474118000000001,3,26215,,NATIONAL_CONSTANT_DISCLOSED,392.98333333333335,10787.0,AEO_PATH,POOLED_RATE_LOGISTIC_STOCK_FIT_COHORT_INVERTED,POOLED_LOGISTIC_FIT,CAMBIUM_BA_STATE_PATH,CAMBIUM_BA_STATE_PATH,NREL_CAMBIUM_2024_MIDCASE_BA_ROLLUP_TO_STATE_ADDITIVE_REBASED_WITH_CLIPPING_ON_REGISTERED_EGRID_S0G,ASYMPTOTIC,PUBLISHED_PROJECTION_NO_ENFORCEABLE_STANDARD,"NREL Cambium 2024 MidCase, balancing-area annual rolled up to state, generation-side attributional, additively rebased on the registered eGRID base-year share; this entry carries no enforceable clean-electricity standard and therefore no floor",,0.005088370492367445,0.07253036521856382,0.8485311160260123,0.8485311160260123,EGRID2023_TWO_BLOCK_ATTRIBUTION_RESIDUAL,1.3337372831999998,,,,0,,0,2025,0.005088370492367445,0.020739782856331823,ADDITIVE_SHARE_DELTA_WITH_CLIPPING,"E_state(t) = clip(s0 + [E_source(t) - E_source(base)], 0, 1)",EIA_AEO2026_ALTTRNP_BEV_STOCK_SHARE_US,"U.S. Energy Information Administration, Annual Energy Outlook 2026, released 2026-04-08, Alternative Transportation case; battery electric vehicle share of light-duty vehicle stocks, United States, 2015-2050; file of record inputs/vehicle_market/raw/AEO2026_Narrative_Figures.xlsx sheet 5_EVStocks",PUBLISHED_PROJECTION_NO_ADDITIONAL_VEHICLE_POLICY,TREND,AUTHOR_POST_AEO_EXTENSION_NOT_AEO,,,,,0.053920394511134145,0.10879329007935375,0.19505544566073632,0.33400437911005554,0.19505544566073632,0.9,1.0,"{""2024"": 0.005088370492367445, ""2025"": 0.005088370492367445, ""2026"": 0.012209640865297907, ""2027"": 0.021888738663003112, ""2028"": 0.0324205850731167, ""2029"": 0.04387376730382052, ""2030"": 0.053920394511134145, ""2031"": 0.063263751445207, ""2032"": 0.07270682279620369, ""2033"": 0.08429926150290024, ""2034"": 0.09608117306464083, ""2035"": 0.10879329007935375, ""2036"": 0.12046886522828454, ""2037"": 0.12590613668494205, ""2038"": 0.1267153004415255, ""2039"": 0.1301461536338358, ""2040"": 0.13469866823189852, ""2041"": 0.13997038262879224, ""2042"": 0.1459962206240146, ""2043"": 0.15191515792147078, ""2044"": 0.15793274440269023, ""2045"": 0.16538368682638857, ""2046"": 0.17302304067820615, ""2047"": 0.18174982772801865, ""2048"": 0.19027607197675378, ""2049"": 0.19423529500985823, ""2050"": 0.19505544566073632, ""2051"": 0.20442748077842657, ""2052"": 0.20859824509881844, ""2053"": 0.21336707425150592, ""2054"": 0.218759684938402, ""2055"": 0.22428073873733406, ""2056"": 0.23002235113935374, ""2057"": 0.23679940985377532, ""2058"": 0.24387205874553075, ""2059"": 0.25182283516561993, ""2060"": 0.25983336495742404, ""2061"": 0.263860938622244, ""2062"": 0.26476007280838393, ""2063"": 0.2719315103031439, ""2064"": 0.2755603046846938, ""2065"": 0.2797702059720416, ""2066"": 0.2845989664523813, ""2067"": 0.28966883003114824, ""2068"": 0.2950539630052739, ""2069"": 0.30145111588628615, ""2070"": 0.30828023594073156, ""2071"": 0.31608135883205196, ""2072"": 0.3241801979463188, ""2073"": 0.32792976782600997, ""2074"": 0.3278970752148086, ""2075"": 0.33400437911005554}","{""2024"": 0.07253036521856382, ""2025"": 0.07253036521856382, ""2030"": 0.17233919382076943, ""2035"": 0.861454251867287, ""2040"": 0.8917171449008969, ""2045"": 0.9234004322904593, ""2050"": 0.9309622172023371}",0.9234004322904593,0.9309622172023371,0.9600751719777605,0.9309622172023371,0.9687711417617259,ADDITIVE_SHARE_DELTA_WITH_CLIPPING,"L_state(t) = clip(s0g + [L_source(t) - L_source(base)], 0, 1)",AUTHOR_POST_CAMBIUM_EXTENSION_NOT_CAMBIUM,SHADE_2051_2075_AUTHOR_EXTENSION,REGISTERED_STATUTORY_SCHEDULE_FLOOR_OVER_PUBLISHED_NO_ADDITIONAL_POLICY_MARKET_PROJECTION_ON_AN_AGE_SPECIFIC_SURVIVAL_WEIGHTED_VEHICLE_STOCK,ENACTED_STATE_LAW_AS_WRITTEN_OVER_PUBLISHED_NO_ADDITIONAL_POLICY_PROJECTION__ACCII_FEDERAL_WAIVER_DISAPPROVED_PUBL_119_16__NOT_ENFORCEABLE_2026_09_05,NO_STATE_VEHICLE_RULE,EPA_MOVES5_TABLE_C1_PASSENGER_CAR_AGE_SPECIFIC_SURVIVAL_MONOTONE_AGE27_INTERPOLATION_AGE40_PLUS_RATE_REUSED
LA,Louisiana,PUBLISHED_MARKET_PROJECTION_REBASED,AEO2026_ALTTRNP_STOCK_SHARE_REBASED_COHORT_INVERTED,NO_VEHICLE_RULE_38,REAL_CAPACITY_FHWA_MV1_2024_REGISTERED_AUTOMOBILES_AND_STI_V2_INTERSECTIONS,1370563.0,OFFICIAL_STATISTIC_FHWA_MV1_2024_REGISTERED_AUTOMOBILES,2693.0,OSM_CLUSTER_50M_CALIBRATED,CALIBRATED_ESTIMATE_95PCT_PREDICTION_INTERVAL,2022.0,3588.0,OBSERVED_NOAA_LCD_2023_EXPOSURE_TIMES_AUTHORED_RESPONSE_1_105_115,1.0353773999999998,3,26184,,NATIONAL_CONSTANT_DISCLOSED,392.98333333333335,10787.0,AEO_PATH,POOLED_RATE_LOGISTIC_STOCK_FIT_COHORT_INVERTED,POOLED_LOGISTIC_FIT,CAMBIUM_BA_STATE_PATH,CAMBIUM_BA_STATE_PATH,NREL_CAMBIUM_2024_MIDCASE_BA_ROLLUP_TO_STATE_ADDITIVE_REBASED_WITH_CLIPPING_ON_REGISTERED_EGRID_S0G,ASYMPTOTIC,PUBLISHED_PROJECTION_NO_ENFORCEABLE_STANDARD,"NREL Cambium 2024 MidCase, balancing-area annual rolled up to state, generation-side attributional, additively rebased on the registered eGRID base-year share; this entry carries no enforceable clean-electricity standard and therefore no floor",,0.00591236102027469,0.16094574317736365,0.4116146745924745,0.4116146745924745,EGRID2023_TWO_BLOCK_ATTRIBUTION_RESIDUAL,1.3337372831999998,,,,0,,0,2025,0.00591236102027469,0.020739782856331823,ADDITIVE_SHARE_DELTA_WITH_CLIPPING,"E_state(t) = clip(s0 + [E_source(t) - E_source(base)], 0, 1)",EIA_AEO2026_ALTTRNP_BEV_STOCK_SHARE_US,"U.S. Energy Information Administration, Annual Energy Outlook 2026, released 2026-04-08, Alternative Transportation case; battery electric vehicle share of light-duty vehicle stocks, United States, 2015-2050; file of record inputs/vehicle_market/raw/AEO2026_Narrative_Figures.xlsx sheet 5_EVStocks",PUBLISHED_PROJECTION_NO_ADDITIONAL_VEHICLE_POLICY,TREND,AUTHOR_POST_AEO_EXTENSION_NOT_AEO,,,,,0.05474438503904138,0.10961728060726103,0.19587943618864345,0.33482836963796303,0.19587943618864345,0.9,1.0,"{""2024"": 0.00591236102027469, ""2025"": 0.00591236102027469, ""2026"": 0.013033631393205153, ""2027"": 0.022712729190910354, ""2028"": 0.03324457560102395, ""2029"": 0.044697757831727754, ""2030"": 0.05474438503904138, ""2031"": 0.06408774197311423, ""2032"": 0.07353081332411096, ""2033"": 0.08512325203080745, ""2034"": 0.0969051635925481, ""2035"": 0.10961728060726103, ""2036"": 0.12129285575619174, ""2037"": 0.12673012721284935, ""2038"": 0.1275392909694327, ""2039"": 0.1309701441617431, ""2040"": 0.13552265875980574, ""2041"": 0.14079437315669943, ""2042"": 0.14682021115192195, ""2043"": 0.15273914844937803, ""2044"": 0.15875673493059778, ""2045"": 0.1662076773542957, ""2046"": 0.17384703120611344, ""2047"": 0.1825738182559258, ""2048"": 0.19110006250466124, ""2049"": 0.19505928553776555, ""2050"": 0.19587943618864345, ""2051"": 0.20525147130633398, ""2052"": 0.20942223562672557, ""2053"": 0.21419106477941305, ""2054"": 0.21958367546630972, ""2055"": 0.2251047292652411, ""2056"": 0.2308463416672611, ""2057"": 0.23762340038168217, ""2058"": 0.24469604927343797, ""2059"": 0.2526468256935271, ""2060"": 0.2606573554853317, ""2061"": 0.26468492915015146, ""2062"": 0.2655840633362911, ""2063"": 0.27275550083105154, ""2064"": 0.2763842952126, ""2065"": 0.2805941964999492, ""2066"": 0.28542295698028897, ""2067"": 0.2904928205590553, ""2068"": 0.295877953533181, ""2069"": 0.30227510641419375, ""2070"": 0.30910422646863894, ""2071"": 0.316905349359959, ""2072"": 0.3250041884742265, ""2073"": 0.3287537583539163, ""2074"": 0.3287210657427169, ""2075"": 0.33482836963796303}","{""2024"": 0.16094574317736365, ""2025"": 0.16094574317736365, ""2030"": 0.23443835687322756, ""2035"": 0.4181338589491495, ""2040"": 0.532011958000091, ""2045"": 0.582073533319748, ""2050"": 0.5648712078676339}",0.582073533319748,0.5648712078676339,0.5648712078676339,0.5648712078676339,0.47885958060706346,ADDITIVE_SHARE_DELTA_WITH_CLIPPING,"L_state(t) = clip(s0g + [L_source(t) - L_source(base)], 0, 1)",AUTHOR_POST_CAMBIUM_EXTENSION_NOT_CAMBIUM,SHADE_2051_2075_AUTHOR_EXTENSION,REGISTERED_STATUTORY_SCHEDULE_FLOOR_OVER_PUBLISHED_NO_ADDITIONAL_POLICY_MARKET_PROJECTION_ON_AN_AGE_SPECIFIC_SURVIVAL_WEIGHTED_VEHICLE_STOCK,ENACTED_STATE_LAW_AS_WRITTEN_OVER_PUBLISHED_NO_ADDITIONAL_POLICY_PROJECTION__ACCII_FEDERAL_WAIVER_DISAPPROVED_PUBL_119_16__NOT_ENFORCEABLE_2026_09_05,NO_STATE_VEHICLE_RULE,EPA_MOVES5_TABLE_C1_PASSENGER_CAR_AGE_SPECIFIC_SURVIVAL_MONOTONE_AGE27_INTERPOLATION_AGE40_PLUS_RATE_REUSED
MA,Massachusetts,POLICY_SCHEDULE_FLOOR_OVER_MARKET_PROJECTION,ACCII_FULL_SCHEDULE_MY2035_100PCT,FULL_SCHEDULE_10,REAL_CAPACITY_FHWA_MV1_2024_REGISTERED_AUTOMOBILES_AND_STI_V2_INTERSECTIONS,1706714.0,OFFICIAL_STATISTIC_FHWA_MV1_2024_REGISTERED_AUTOMOBILES,5439.0,OSM_CLUSTER_50M_CALIBRATED,CALIBRATED_ESTIMATE_95PCT_PREDICTION_INTERVAL,4083.0,7246.0,OBSERVED_NOAA_LCD_2023_EXPOSURE_TIMES_AUTHORED_RESPONSE_1_105_115,1.05819945,3,26136,,NATIONAL_CONSTANT_DISCLOSED,392.98333333333335,10787.0,ACC_PATH,ACC_PATH,POLICY_SCHEDULE,CAMBIUM_BA_STATE_PATH_WITH_REGISTERED_STATUTORY_FLOOR,GRID_100_STATUTE,NREL_CAMBIUM_2024_MIDCASE_BA_ROLLUP_TO_STATE_ADDITIVE_REBASED_WITH_CLIPPING_ON_REGISTERED_EGRID_S0G_WITH_THE_FIRST_HAND_REGISTERED_ENFORCEABLE_STANDARD_AS_A_FLOOR,ASYMPTOTIC,PUBLISHED_PROJECTION_WITH_ENACTED_STATUTE_AS_FLOOR,"NREL Cambium 2024 MidCase, balancing-area annual rolled up to state, generation-side attributional, additively rebased on the registered eGRID base-year share; the entry's own enforceable clean-electricity standard applied as a floor at its registered level from 2030, rising along the registered schedule; terminal registered level 0.8",2030.0,0.020361465167414505,0.19615777545275415,0.4640585151823847,0.4640585151823847,EGRID2023_TWO_BLOCK_ATTRIBUTION_RESIDUAL,1.3337372831999998,2026.0,ACCII_13CCR_1962_4_FULL_TO_MY2035,2026-2075,50,2030-2075,46,2025,0.020361465167414505,0.020739782856331823,ADDITIVE_SHARE_DELTA_WITH_CLIPPING,"E_state(t) = clip(s0 + [E_source(t) - E_source(base)], 0, 1)",EIA_AEO2026_ALTTRNP_BEV_STOCK_SHARE_US,"U.S. Energy Information Administration, Annual Energy Outlook 2026, released 2026-04-08, Alternative Transportation case; battery electric vehicle share of light-duty vehicle stocks, United States, 2015-2050; file of record inputs/vehicle_market/raw/AEO2026_Narrative_Figures.xlsx sheet 5_EVStocks",ENACTED_REGULATION_AS_ADOPTED,TREND,AUTHOR_POST_AEO_EXTENSION_NOT_AEO,,,,,0.68,1.0,1.0,1.0,0.21032854033578327,0.8970774056008597,1.0,"{""2024"": 0.020361465167414505, ""2025"": 0.020361465167414505, ""2026"": 0.35, ""2027"": 0.43, ""2028"": 0.51, ""2029"": 0.59, ""2030"": 0.68, ""2031"": 0.76, ""2032"": 0.82, ""2033"": 0.88, ""2034"": 0.94, ""2035"": 1.0, ""2036"": 1.0, ""2037"": 1.0, ""2038"": 1.0, ""2039"": 1.0, ""2040"": 1.0, ""2041"": 1.0, ""2042"": 1.0, ""2043"": 1.0, ""2044"": 1.0, ""2045"": 1.0, ""2046"": 1.0, ""2047"": 1.0, ""2048"": 1.0, ""2049"": 1.0, ""2050"": 1.0, ""2051"": 1.0, ""2052"": 1.0, ""2053"": 1.0, ""2054"": 1.0, ""2055"": 1.0, ""2056"": 1.0, ""2057"": 1.0, ""2058"": 1.0, ""2059"": 1.0, ""2060"": 1.0, ""2061"": 1.0, ""2062"": 1.0, ""2063"": 1.0, ""2064"": 1.0, ""2065"": 1.0, ""2066"": 1.0, ""2067"": 1.0, ""2068"": 1.0, ""2069"": 1.0, ""2070"": 1.0, ""2071"": 1.0, ""2072"": 1.0, ""2073"": 1.0, ""2074"": 1.0, ""2075"": 1.0}","{""2024"": 0.19615777545275415, ""2025"": 0.19615777545275415, ""2030"": 0.6, ""2035"": 0.6, ""2040"": 0.7, ""2045"": 0.7, ""2050"": 0.8}",0.7,0.8,0.8,1.0,1.0,ADDITIVE_SHARE_DELTA_WITH_CLIPPING,"L_state(t) = clip(s0g + [L_source(t) - L_source(base)], 0, 1)",AUTHOR_POST_CAMBIUM_EXTENSION_NOT_CAMBIUM,SHADE_2051_2075_AUTHOR_EXTENSION,REGISTERED_STATUTORY_SCHEDULE_FLOOR_OVER_PUBLISHED_NO_ADDITIONAL_POLICY_MARKET_PROJECTION_ON_AN_AGE_SPECIFIC_SURVIVAL_WEIGHTED_VEHICLE_STOCK,ENACTED_STATE_LAW_AS_WRITTEN_OVER_PUBLISHED_NO_ADDITIONAL_POLICY_PROJECTION__ACCII_FEDERAL_WAIVER_DISAPPROVED_PUBL_119_16__NOT_ENFORCEABLE_2026_09_05,ENACTED_STATE_RULE__FEDERAL_WAIVER_DISAPPROVED_PUBL_119_16__NOT_ENFORCEABLE_2026_09_05,EPA_MOVES5_TABLE_C1_PASSENGER_CAR_AGE_SPECIFIC_SURVIVAL_MONOTONE_AGE27_INTERPOLATION_AGE40_PLUS_RATE_REUSED
MD,Maryland,POLICY_SCHEDULE_FLOOR_OVER_MARKET_PROJECTION,ACCII_FULL_SCHEDULE_MY2035_100PCT,FULL_SCHEDULE_10,REAL_CAPACITY_FHWA_MV1_2024_REGISTERED_AUTOMOBILES_AND_STI_V2_INTERSECTIONS,1908452.0,OFFICIAL_STATISTIC_FHWA_MV1_2024_REGISTERED_AUTOMOBILES,5878.0,OSM_CLUSTER_50M_CALIBRATED,CALIBRATED_ESTIMATE_95PCT_PREDICTION_INTERVAL,4412.0,7831.0,OBSERVED_NOAA_LCD_2023_EXPOSURE_TIMES_AUTHORED_RESPONSE_1_105_115,1.0430396499999999,3,26220,,NATIONAL_CONSTANT_DISCLOSED,392.98333333333335,10787.0,ACC_DELAYED_PLUS2,ACC_DELAYED_PLUS2,POLICY_SCHEDULE,CAMBIUM_BA_STATE_PATH_WITH_REGISTERED_STATUTORY_FLOOR,TARGET_CES_RPS,NREL_CAMBIUM_2024_MIDCASE_BA_ROLLUP_TO_STATE_ADDITIVE_REBASED_WITH_CLIPPING_ON_REGISTERED_EGRID_S0G_WITH_THE_FIRST_HAND_REGISTERED_ENFORCEABLE_STANDARD_AS_A_FLOOR,ASYMPTOTIC,PUBLISHED_PROJECTION_WITH_ENACTED_STATUTE_AS_FLOOR,"NREL Cambium 2024 MidCase, balancing-area annual rolled up to state, generation-side attributional, additively rebased on the registered eGRID base-year share; the entry's own enforceable clean-electricity standard applied as a floor at its registered level from 2030, rising along the registered schedule; terminal registered level 0.525",2030.0,0.02385052352393959,0.5160543123769228,0.48740595786826074,0.48740595786826074,EGRID2023_TWO_BLOCK_ATTRIBUTION_RESIDUAL,1.3337372831999998,2027.0,ACCII_13CCR_1962_4_FULL_TO_MY2035,2027-2075,49,,0,2025,0.02385052352393959,0.020739782856331823,ADDITIVE_SHARE_DELTA_WITH_CLIPPING,"E_state(t) = clip(s0 + [E_source(t) - E_source(base)], 0, 1)",EIA_AEO2026_ALTTRNP_BEV_STOCK_SHARE_US,"U.S. Energy Information Administration, Annual Energy Outlook 2026, released 2026-04-08, Alternative Transportation case; battery electric vehicle share of light-duty vehicle stocks, United States, 2015-2050; file of record inputs/vehicle_market/raw/AEO2026_Narrative_Figures.xlsx sheet 5_EVStocks",ENACTED_REGULATION_AS_ADOPTED,TREND,AUTHOR_POST_AEO_EXTENSION_NOT_AEO,,,,,0.68,1.0,1.0,1.0,0.21381759869230818,0.8837698353589424,1.0,"{""2024"": 0.02385052352393959, ""2025"": 0.02385052352393959, ""2026"": 0.03097179389687005, ""2027"": 0.43, ""2028"": 0.51, ""2029"": 0.59, ""2030"": 0.68, ""2031"": 0.76, ""2032"": 0.82, ""2033"": 0.88, ""2034"": 0.94, ""2035"": 1.0, ""2036"": 1.0, ""2037"": 1.0, ""2038"": 1.0, ""2039"": 1.0, ""2040"": 1.0, ""2041"": 1.0, ""2042"": 1.0, ""2043"": 1.0, ""2044"": 1.0, ""2045"": 1.0, ""2046"": 1.0, ""2047"": 1.0, ""2048"": 1.0, ""2049"": 1.0, ""2050"": 1.0, ""2051"": 1.0, ""2052"": 1.0, ""2053"": 1.0, ""2054"": 1.0, ""2055"": 1.0, ""2056"": 1.0, ""2057"": 1.0, ""2058"": 1.0, ""2059"": 1.0, ""2060"": 1.0, ""2061"": 1.0, ""2062"": 1.0, ""2063"": 1.0, ""2064"": 1.0, ""2065"": 1.0, ""2066"": 1.0, ""2067"": 1.0, ""2068"": 1.0, ""2069"": 1.0, ""2070"": 1.0, ""2071"": 1.0, ""2072"": 1.0, ""2073"": 1.0, ""2074"": 1.0, ""2075"": 1.0}","{""2024"": 0.5160543123769228, ""2025"": 0.5160543123769228, ""2030"": 0.5650142988522904, ""2035"": 0.6819809802394818, ""2040"": 0.6973909134152291, ""2045"": 0.7007239392732713, ""2050"": 0.6999372925958166}",0.7007239392732713,0.6999372925958166,0.6999372925958166,0.525,0.525,ADDITIVE_SHARE_DELTA_WITH_CLIPPING,"L_state(t) = clip(s0g + [L_source(t) - L_source(base)], 0, 1)",AUTHOR_POST_CAMBIUM_EXTENSION_NOT_CAMBIUM,SHADE_2051_2075_AUTHOR_EXTENSION,REGISTERED_STATUTORY_SCHEDULE_FLOOR_OVER_PUBLISHED_NO_ADDITIONAL_POLICY_MARKET_PROJECTION_ON_AN_AGE_SPECIFIC_SURVIVAL_WEIGHTED_VEHICLE_STOCK,ENACTED_STATE_LAW_AS_WRITTEN_OVER_PUBLISHED_NO_ADDITIONAL_POLICY_PROJECTION__ACCII_FEDERAL_WAIVER_DISAPPROVED_PUBL_119_16__NOT_ENFORCEABLE_2026_09_05,ENACTED_STATE_RULE__FEDERAL_WAIVER_DISAPPROVED_PUBL_119_16__NOT_ENFORCEABLE_2026_09_05,EPA_MOVES5_TABLE_C1_PASSENGER_CAR_AGE_SPECIFIC_SURVIVAL_MONOTONE_AGE27_INTERPOLATION_AGE40_PLUS_RATE_REUSED
ME,Maine,PUBLISHED_MARKET_PROJECTION_REBASED,AEO2026_ALTTRNP_STOCK_SHARE_REBASED_COHORT_INVERTED,NO_VEHICLE_RULE_38,REAL_CAPACITY_FHWA_MV1_2024_REGISTERED_AUTOMOBILES_AND_STI_V2_INTERSECTIONS,312473.0,OFFICIAL_STATISTIC_FHWA_MV1_2024_REGISTERED_AUTOMOBILES,839.0,AGENCY_ALL_OWNER_CENSUS,AGENCY_COUNT_NO_SAMPLING_ERROR,839.0,839.0,OBSERVED_NOAA_LCD_2023_EXPOSURE_TIMES_AUTHORED_RESPONSE_1_105_115,1.0599389,3,25981,,NATIONAL_CONSTANT_DISCLOSED,392.98333333333335,10787.0,AEO_PATH,POOLED_RATE_LOGISTIC_STOCK_FIT_COHORT_INVERTED,POOLED_LOGISTIC_FIT,CAMBIUM_BA_STATE_PATH_WITH_REGISTERED_STATUTORY_FLOOR,GRID_100_STATUTE,NREL_CAMBIUM_2024_MIDCASE_BA_ROLLUP_TO_STATE_ADDITIVE_REBASED_WITH_CLIPPING_ON_REGISTERED_EGRID_S0G_WITH_THE_FIRST_HAND_REGISTERED_ENFORCEABLE_STANDARD_AS_A_FLOOR,ASYMPTOTIC,PUBLISHED_PROJECTION_WITH_ENACTED_STATUTE_AS_FLOOR,"NREL Cambium 2024 MidCase, balancing-area annual rolled up to state, generation-side attributional, additively rebased on the registered eGRID base-year share; the entry's own enforceable clean-electricity standard applied as a floor at its registered level from 2025, rising along the registered schedule; terminal registered level 1.0",2025.0,0.00936418004406673,0.6591799801003357,0.41500199203239163,0.41500199203239163,EGRID2023_TWO_BLOCK_ATTRIBUTION_RESIDUAL,1.3337372831999998,,,,0,2030-2075,46,2025,0.00936418004406673,0.020739782856331823,ADDITIVE_SHARE_DELTA_WITH_CLIPPING,"E_state(t) = clip(s0 + [E_source(t) - E_source(base)], 0, 1)",EIA_AEO2026_ALTTRNP_BEV_STOCK_SHARE_US,"U.S. Energy Information Administration, Annual Energy Outlook 2026, released 2026-04-08, Alternative Transportation case; battery electric vehicle share of light-duty vehicle stocks, United States, 2015-2050; file of record inputs/vehicle_market/raw/AEO2026_Narrative_Figures.xlsx sheet 5_EVStocks",PUBLISHED_PROJECTION_NO_ADDITIONAL_VEHICLE_POLICY,TREND,AUTHOR_POST_AEO_EXTENSION_NOT_AEO,,,,,0.05819620406283344,0.11306909963105315,0.19933125521243544,0.3382801886617549,0.19933125521243544,0.9,1.0,"{""2024"": 0.00936418004406673, ""2025"": 0.00936418004406673, ""2026"": 0.016485450416997192, ""2027"": 0.026164548214702397, ""2028"": 0.036696394624815984, ""2029"": 0.04814957685551979, ""2030"": 0.05819620406283344, ""2031"": 0.06753956099690625, ""2032"": 0.07698263234790301, ""2033"": 0.08857507105459954, ""2034"": 0.10035698261634003, ""2035"": 0.11306909963105315, ""2036"": 0.12474467477998374, ""2037"": 0.13018194623664137, ""2038"": 0.13099110999322486, ""2039"": 0.13442196318553504, ""2040"": 0.13897447778359784, ""2041"": 0.14424619218049134, ""2042"": 0.150272030175714, ""2043"": 0.15619096747317024, ""2044"": 0.1622085539543895, ""2045"": 0.16965949637808786, ""2046"": 0.1772988502299054, ""2047"": 0.18602563727971813, ""2048"": 0.19455188152845274, ""2049"": 0.19851110456155774, ""2050"": 0.19933125521243544, ""2051"": 0.20870329033012597, ""2052"": 0.21287405465051754, ""2053"": 0.21764288380320515, ""2054"": 0.22303549449010138, ""2055"": 0.22855654828903355, ""2056"": 0.23429816069105303, ""2057"": 0.24107521940547427, ""2058"": 0.24814786829722987, ""2059"": 0.25609864471731947, ""2060"": 0.2641091745091234, ""2061"": 0.2681367481739433, ""2062"": 0.2690358823600832, ""2063"": 0.2762073198548435, ""2064"": 0.27983611423639326, ""2065"": 0.28404601552374037, ""2066"": 0.28887477600408096, ""2067"": 0.2939446395828479, ""2068"": 0.29932977255697285, ""2069"": 0.3057269254379858, ""2070"": 0.31255604549243093, ""2071"": 0.3203571683837507, ""2072"": 0.3284560074980189, ""2073"": 0.33220557737770756, ""2074"": 0.33217288476650964, ""2075"": 0.3382801886617549}","{""2024"": 0.6591799801003357, ""2025"": 0.6591799801003357, ""2030"": 0.8, ""2035"": 0.9, ""2040"": 1.0, ""2045"": 1.0, ""2050"": 1.0}",1.0,1.0,1.0,1.0,1.0,ADDITIVE_SHARE_DELTA_WITH_CLIPPING,"L_state(t) = clip(s0g + [L_source(t) - L_source(base)], 0, 1)",AUTHOR_POST_CAMBIUM_EXTENSION_NOT_CAMBIUM,SHADE_2051_2075_AUTHOR_EXTENSION,REGISTERED_STATUTORY_SCHEDULE_FLOOR_OVER_PUBLISHED_NO_ADDITIONAL_POLICY_MARKET_PROJECTION_ON_AN_AGE_SPECIFIC_SURVIVAL_WEIGHTED_VEHICLE_STOCK,ENACTED_STATE_LAW_AS_WRITTEN_OVER_PUBLISHED_NO_ADDITIONAL_POLICY_PROJECTION__ACCII_FEDERAL_WAIVER_DISAPPROVED_PUBL_119_16__NOT_ENFORCEABLE_2026_09_05,NO_STATE_VEHICLE_RULE,EPA_MOVES5_TABLE_C1_PASSENGER_CAR_AGE_SPECIFIC_SURVIVAL_MONOTONE_AGE27_INTERPOLATION_AGE40_PLUS_RATE_REUSED
MI,Michigan,PUBLISHED_MARKET_PROJECTION_REBASED,AEO2026_ALTTRNP_STOCK_SHARE_REBASED_COHORT_INVERTED,NO_VEHICLE_RULE_38,REAL_CAPACITY_FHWA_MV1_2024_REGISTERED_AUTOMOBILES_AND_STI_V2_INTERSECTIONS,2494236.0,OFFICIAL_STATISTIC_FHWA_MV1_2024_REGISTERED_AUTOMOBILES,8422.0,OSM_CLUSTER_50M_CALIBRATED,CALIBRATED_ESTIMATE_95PCT_PREDICTION_INTERVAL,6322.0,11220.0,OBSERVED_NOAA_LCD_2023_EXPOSURE_TIMES_AUTHORED_RESPONSE_1_105_115,1.06247335,3,26236,,NATIONAL_CONSTANT_DISCLOSED,392.98333333333335,10787.0,AEO_PATH,POOLED_RATE_LOGISTIC_STOCK_FIT_COHORT_INVERTED,POOLED_LOGISTIC_FIT,CAMBIUM_BA_STATE_PATH_WITH_REGISTERED_STATUTORY_FLOOR,GRID_100_STATUTE,NREL_CAMBIUM_2024_MIDCASE_BA_ROLLUP_TO_STATE_ADDITIVE_REBASED_WITH_CLIPPING_ON_REGISTERED_EGRID_S0G_WITH_THE_FIRST_HAND_REGISTERED_ENFORCEABLE_STANDARD_AS_A_FLOOR,ASYMPTOTIC,PUBLISHED_PROJECTION_WITH_ENACTED_STATUTE_AS_FLOOR,"NREL Cambium 2024 MidCase, balancing-area annual rolled up to state, generation-side attributional, additively rebased on the registered eGRID base-year share; the entry's own enforceable clean-electricity standard applied as a floor at its registered level from 2030, rising along the registered schedule; terminal registered level 1.0",2030.0,0.012985215766773531,0.33286967034454096,0.539289397756923,0.539289397756923,EGRID2023_TWO_BLOCK_ATTRIBUTION_RESIDUAL,1.3337372831999998,,,,0,"2030-2033,2035-2075",45,2025,0.012985215766773531,0.020739782856331823,ADDITIVE_SHARE_DELTA_WITH_CLIPPING,"E_state(t) = clip(s0 + [E_source(t) - E_source(base)], 0, 1)",EIA_AEO2026_ALTTRNP_BEV_STOCK_SHARE_US,"U.S. Energy Information Administration, Annual Energy Outlook 2026, released 2026-04-08, Alternative Transportation case; battery electric vehicle share of light-duty vehicle stocks, United States, 2015-2050; file of record inputs/vehicle_market/raw/AEO2026_Narrative_Figures.xlsx sheet 5_EVStocks",PUBLISHED_PROJECTION_NO_ADDITIONAL_VEHICLE_POLICY,TREND,AUTHOR_POST_AEO_EXTENSION_NOT_AEO,,,,,0.06181723978554024,0.11669013535375988,0.2029522909351423,0.3419012243844627,0.2029522909351423,0.9,1.0,"{""2024"": 0.012985215766773531, ""2025"": 0.012985215766773531, ""2026"": 0.020106486139703995, ""2027"": 0.029785583937409203, ""2028"": 0.0403174303475228, ""2029"": 0.051770612578226585, ""2030"": 0.06181723978554024, ""2031"": 0.07116059671961307, ""2032"": 0.08060366807060977, ""2033"": 0.09219610677730632, ""2034"": 0.10397801833904692, ""2035"": 0.11669013535375988, ""2036"": 0.12836571050269055, ""2037"": 0.13380298195934817, ""2038"": 0.13461214571593158, ""2039"": 0.1380429989082419, ""2040"": 0.1425955135063046, ""2041"": 0.14786722790319828, ""2042"": 0.15389306589842067, ""2043"": 0.15981200319587702, ""2044"": 0.16582958967709646, ""2045"": 0.17328053210079467, ""2046"": 0.1809198859526122, ""2047"": 0.18964667300242502, ""2048"": 0.1981729172511595, ""2049"": 0.20213214028426443, ""2050"": 0.2029522909351423, ""2051"": 0.21232432605283283, ""2052"": 0.2164950903732245, ""2053"": 0.22126391952591146, ""2054"": 0.2266565302128086, ""2055"": 0.23217758401173974, ""2056"": 0.2379191964137602, ""2057"": 0.24469625512818122, ""2058"": 0.2517689040199372, ""2059"": 0.2597196804400257, ""2060"": 0.26773021023183013, ""2061"": 0.27175778389665034, ""2062"": 0.27265691808278975, ""2063"": 0.27982835557755037, ""2064"": 0.28345714995909965, ""2065"": 0.28766705124644726, ""2066"": 0.2924958117267882, ""2067"": 0.29756567530555417, ""2068"": 0.3029508082796795, ""2069"": 0.3093479611606926, ""2070"": 0.31617708121513816, ""2071"": 0.32397820410645795, ""2072"": 0.3320770432207247, ""2073"": 0.3358266131004154, ""2074"": 0.33579392048921525, ""2075"": 0.3419012243844627}","{""2024"": 0.33286967034454096, ""2025"": 0.33286967034454096, ""2030"": 0.5, ""2035"": 0.8, ""2040"": 1.0, ""2045"": 1.0, ""2050"": 1.0}",1.0,1.0,1.0,1.0,1.0,ADDITIVE_SHARE_DELTA_WITH_CLIPPING,"L_state(t) = clip(s0g + [L_source(t) - L_source(base)], 0, 1)",AUTHOR_POST_CAMBIUM_EXTENSION_NOT_CAMBIUM,SHADE_2051_2075_AUTHOR_EXTENSION,REGISTERED_STATUTORY_SCHEDULE_FLOOR_OVER_PUBLISHED_NO_ADDITIONAL_POLICY_MARKET_PROJECTION_ON_AN_AGE_SPECIFIC_SURVIVAL_WEIGHTED_VEHICLE_STOCK,ENACTED_STATE_LAW_AS_WRITTEN_OVER_PUBLISHED_NO_ADDITIONAL_POLICY_PROJECTION__ACCII_FEDERAL_WAIVER_DISAPPROVED_PUBL_119_16__NOT_ENFORCEABLE_2026_09_05,NO_STATE_VEHICLE_RULE,EPA_MOVES5_TABLE_C1_PASSENGER_CAR_AGE_SPECIFIC_SURVIVAL_MONOTONE_AGE27_INTERPOLATION_AGE40_PLUS_RATE_REUSED
MN,Minnesota,PUBLISHED_MARKET_PROJECTION_REBASED,AEO2026_ALTTRNP_STOCK_SHARE_REBASED_COHORT_INVERTED,NO_VEHICLE_RULE_38,REAL_CAPACITY_FHWA_MV1_2024_REGISTERED_AUTOMOBILES_AND_STI_V2_INTERSECTIONS,1609042.0,OFFICIAL_STATISTIC_FHWA_MV1_2024_REGISTERED_AUTOMOBILES,4163.0,OSM_CLUSTER_50M_CALIBRATED,CALIBRATED_ESTIMATE_95PCT_PREDICTION_INTERVAL,3125.0,5546.0,OBSERVED_NOAA_LCD_2023_EXPOSURE_TIMES_AUTHORED_RESPONSE_1_105_115,1.0534591500000001,3,26206,,NATIONAL_CONSTANT_DISCLOSED,392.98333333333335,10787.0,AEO_PATH,POOLED_RATE_LOGISTIC_STOCK_FIT_COHORT_INVERTED,POOLED_LOGISTIC_FIT,CAMBIUM_BA_STATE_PATH_WITH_REGISTERED_STATUTORY_FLOOR,GRID_100_STATUTE,NREL_CAMBIUM_2024_MIDCASE_BA_ROLLUP_TO_STATE_ADDITIVE_REBASED_WITH_CLIPPING_ON_REGISTERED_EGRID_S0G_WITH_THE_FIRST_HAND_REGISTERED_ENFORCEABLE_STANDARD_AS_A_FLOOR,ASYMPTOTIC,PUBLISHED_PROJECTION_WITH_ENACTED_STATUTE_AS_FLOOR,"NREL Cambium 2024 MidCase, balancing-area annual rolled up to state, generation-side attributional, additively rebased on the registered eGRID base-year share; the entry's own enforceable clean-electricity standard applied as a floor at its registered level from 2030, rising along the registered schedule; terminal registered level 1.0",2030.0,0.011396337163874755,0.5297498091854166,0.7210644777076707,0.7210644777076707,EGRID2023_TWO_BLOCK_ATTRIBUTION_RESIDUAL,1.3337372831999998,,,,0,2035-2075,41,2025,0.011396337163874755,0.020739782856331823,ADDITIVE_SHARE_DELTA_WITH_CLIPPING,"E_state(t) = clip(s0 + [E_source(t) - E_source(base)], 0, 1)",EIA_AEO2026_ALTTRNP_BEV_STOCK_SHARE_US,"U.S. Energy Information Administration, Annual Energy Outlook 2026, released 2026-04-08, Alternative Transportation case; battery electric vehicle share of light-duty vehicle stocks, United States, 2015-2050; file of record inputs/vehicle_market/raw/AEO2026_Narrative_Figures.xlsx sheet 5_EVStocks",PUBLISHED_PROJECTION_NO_ADDITIONAL_VEHICLE_POLICY,TREND,AUTHOR_POST_AEO_EXTENSION_NOT_AEO,,,,,0.06022836118264145,0.11510125675086104,0.201363412332243,0.3403123457815629,0.201363412332243,0.9,1.0,"{""2024"": 0.011396337163874755, ""2025"": 0.011396337163874755, ""2026"": 0.018517607536805217, ""2027"": 0.02819670533451042, ""2028"": 0.038728551744624015, ""2029"": 0.050181733975327825, ""2030"": 0.06022836118264145, ""2031"": 0.0695717181167143, ""2032"": 0.07901478946771101, ""2033"": 0.09060722817440751, ""2034"": 0.10238913973614816, ""2035"": 0.11510125675086104, ""2036"": 0.1267768318997919, ""2037"": 0.13221410335644945, ""2038"": 0.13302326711303267, ""2039"": 0.13645412030534318, ""2040"": 0.14100663490340581, ""2041"": 0.1462783493002995, ""2042"": 0.15230418729552192, ""2043"": 0.15822312459297824, ""2044"": 0.16424071107419763, ""2045"": 0.17169165349789578, ""2046"": 0.17933100734971347, ""2047"": 0.18805779439952613, ""2048"": 0.19658403864826074, ""2049"": 0.20054326168136621, ""2050"": 0.201363412332243, ""2051"": 0.21073544744993403, ""2052"": 0.2149062117703258, ""2053"": 0.21967504092301282, ""2054"": 0.22506765160990969, ""2055"": 0.2305887054088413, ""2056"": 0.2363303178108611, ""2057"": 0.2431073765252823, ""2058"": 0.2501800254170384, ""2059"": 0.25813080183712733, ""2060"": 0.2661413316289312, ""2061"": 0.2701689052937517, ""2062"": 0.27106803947989083, ""2063"": 0.27823947697465135, ""2064"": 0.2818682713562011, ""2065"": 0.2860781726435485, ""2066"": 0.29090693312388927, ""2067"": 0.2959767967026561, ""2068"": 0.3013619296767807, ""2069"": 0.3077590825577934, ""2070"": 0.3145882026122395, ""2071"": 0.3223893255035592, ""2072"": 0.33048816461782615, ""2073"": 0.33423773449751676, ""2074"": 0.33420504188631633, ""2075"": 0.3403123457815629}","{""2024"": 0.5297498091854166, ""2025"": 0.5297498091854166, ""2030"": 0.7026863031294798, ""2035"": 0.9, ""2040"": 1.0, ""2045"": 1.0, ""2050"": 1.0}",1.0,1.0,1.0,1.0,1.0,ADDITIVE_SHARE_DELTA_WITH_CLIPPING,"L_state(t) = clip(s0g + [L_source(t) - L_source(base)], 0, 1)",AUTHOR_POST_CAMBIUM_EXTENSION_NOT_CAMBIUM,SHADE_2051_2075_AUTHOR_EXTENSION,REGISTERED_STATUTORY_SCHEDULE_FLOOR_OVER_PUBLISHED_NO_ADDITIONAL_POLICY_MARKET_PROJECTION_ON_AN_AGE_SPECIFIC_SURVIVAL_WEIGHTED_VEHICLE_STOCK,ENACTED_STATE_LAW_AS_WRITTEN_OVER_PUBLISHED_NO_ADDITIONAL_POLICY_PROJECTION__ACCII_FEDERAL_WAIVER_DISAPPROVED_PUBL_119_16__NOT_ENFORCEABLE_2026_09_05,NO_STATE_VEHICLE_RULE,EPA_MOVES5_TABLE_C1_PASSENGER_CAR_AGE_SPECIFIC_SURVIVAL_MONOTONE_AGE27_INTERPOLATION_AGE40_PLUS_RATE_REUSED
MO,Missouri,PUBLISHED_MARKET_PROJECTION_REBASED,AEO2026_ALTTRNP_STOCK_SHARE_REBASED_COHORT_INVERTED,NO_VEHICLE_RULE_38,REAL_CAPACITY_FHWA_MV1_2024_REGISTERED_AUTOMOBILES_AND_STI_V2_INTERSECTIONS,1645714.0,OFFICIAL_STATISTIC_FHWA_MV1_2024_REGISTERED_AUTOMOBILES,4949.0,OSM_CLUSTER_50M_CALIBRATED,CALIBRATED_ESTIMATE_95PCT_PREDICTION_INTERVAL,3715.0,6593.0,OBSERVED_NOAA_LCD_2023_EXPOSURE_TIMES_AUTHORED_RESPONSE_1_105_115,1.0438663,3,26224,,NATIONAL_CONSTANT_DISCLOSED,392.98333333333335,10787.0,AEO_PATH,POOLED_RATE_LOGISTIC_STOCK_FIT_COHORT_INVERTED,POOLED_LOGISTIC_FIT,CAMBIUM_BA_STATE_PATH_WITH_REGISTERED_STATUTORY_FLOOR,CAMBIUM_BA_STATE_PATH,NREL_CAMBIUM_2024_MIDCASE_BA_ROLLUP_TO_STATE_ADDITIVE_REBASED_WITH_CLIPPING_ON_REGISTERED_EGRID_S0G_WITH_THE_FIRST_HAND_REGISTERED_ENFORCEABLE_STANDARD_AS_A_FLOOR,ASYMPTOTIC,PUBLISHED_PROJECTION_WITH_ENACTED_STATUTE_AS_FLOOR,"NREL Cambium 2024 MidCase, balancing-area annual rolled up to state, generation-side attributional, additively rebased on the registered eGRID base-year share; the entry's own enforceable clean-electricity standard applied as a floor at its registered level from 2025, rising along the registered schedule; terminal registered level 0.15",2025.0,0.007568016902481686,0.25431778149024964,0.8784566778913004,0.8784566778913004,EGRID2023_TWO_BLOCK_ATTRIBUTION_RESIDUAL,1.3337372831999998,,,,0,,0,2025,0.007568016902481686,0.020739782856331823,ADDITIVE_SHARE_DELTA_WITH_CLIPPING,"E_state(t) = clip(s0 + [E_source(t) - E_source(base)], 0, 1)",EIA_AEO2026_ALTTRNP_BEV_STOCK_SHARE_US,"U.S. Energy Information Administration, Annual Energy Outlook 2026, released 2026-04-08, Alternative Transportation case; battery electric vehicle share of light-duty vehicle stocks, United States, 2015-2050; file of record inputs/vehicle_market/raw/AEO2026_Narrative_Figures.xlsx sheet 5_EVStocks",PUBLISHED_PROJECTION_NO_ADDITIONAL_VEHICLE_POLICY,TREND,AUTHOR_POST_AEO_EXTENSION_NOT_AEO,,,,,0.05640004092124838,0.11127293648946801,0.19753509207085057,0.33648402552017015,0.19753509207085057,0.9,1.0,"{""2024"": 0.007568016902481686, ""2025"": 0.007568016902481686, ""2026"": 0.014689287275412148, ""2027"": 0.02436838507311736, ""2028"": 0.03490023148323095, ""2029"": 0.04635341371393474, ""2030"": 0.05640004092124838, ""2031"": 0.06574339785532121, ""2032"": 0.07518646920631798, ""2033"": 0.08677890791301444, ""2034"": 0.09856081947475505, ""2035"": 0.11127293648946801, ""2036"": 0.12294851163839875, ""2037"": 0.12838578309505633, ""2038"": 0.12919494685163968, ""2039"": 0.1326258000439501, ""2040"": 0.13717831464201274, ""2041"": 0.14245002903890644, ""2042"": 0.14847586703412893, ""2043"": 0.15439480433158503, ""2044"": 0.16041239081280453, ""2045"": 0.16786333323650288, ""2046"": 0.17550268708832023, ""2047"": 0.18422947413813323, ""2048"": 0.19275571838686775, ""2049"": 0.19671494141997262, ""2050"": 0.19753509207085057, ""2051"": 0.20690712718854073, ""2052"": 0.2110778915089326, ""2053"": 0.21584672066161992, ""2054"": 0.22123933134851662, ""2055"": 0.2267603851474482, ""2056"": 0.2325019975494678, ""2057"": 0.23927905626388973, ""2058"": 0.24635170515564483, ""2059"": 0.25430248157573443, ""2060"": 0.26231301136753826, ""2061"": 0.2663405850323582, ""2062"": 0.2672397192184985, ""2063"": 0.2744111567132581, ""2064"": 0.27803995109480784, ""2065"": 0.2822498523821556, ""2066"": 0.287078612862496, ""2067"": 0.2921484764412629, ""2068"": 0.29753360941538776, ""2069"": 0.30393076229640076, ""2070"": 0.3107598823508457, ""2071"": 0.318561005242166, ""2072"": 0.32665984435643375, ""2073"": 0.33040941423612286, ""2074"": 0.33037672162492415, ""2075"": 0.33648402552017015}","{""2024"": 0.25431778149024964, ""2025"": 0.25431778149024964, ""2030"": 0.5780201147238877, ""2035"": 0.9681347867102431, ""2040"": 0.9719507774539807, ""2045"": 0.9783959569347634, ""2050"": 0.9811526228909416}",0.9783959569347634,0.9811526228909416,0.9909291962999252,0.9811526228909416,0.9949359526718325,ADDITIVE_SHARE_DELTA_WITH_CLIPPING,"L_state(t) = clip(s0g + [L_source(t) - L_source(base)], 0, 1)",AUTHOR_POST_CAMBIUM_EXTENSION_NOT_CAMBIUM,SHADE_2051_2075_AUTHOR_EXTENSION,REGISTERED_STATUTORY_SCHEDULE_FLOOR_OVER_PUBLISHED_NO_ADDITIONAL_POLICY_MARKET_PROJECTION_ON_AN_AGE_SPECIFIC_SURVIVAL_WEIGHTED_VEHICLE_STOCK,ENACTED_STATE_LAW_AS_WRITTEN_OVER_PUBLISHED_NO_ADDITIONAL_POLICY_PROJECTION__ACCII_FEDERAL_WAIVER_DISAPPROVED_PUBL_119_16__NOT_ENFORCEABLE_2026_09_05,NO_STATE_VEHICLE_RULE,EPA_MOVES5_TABLE_C1_PASSENGER_CAR_AGE_SPECIFIC_SURVIVAL_MONOTONE_AGE27_INTERPOLATION_AGE40_PLUS_RATE_REUSED
MS,Mississippi,PUBLISHED_MARKET_PROJECTION_REBASED,AEO2026_ALTTRNP_STOCK_SHARE_REBASED_COHORT_INVERTED,NO_VEHICLE_RULE_38,REAL_CAPACITY_FHWA_MV1_2024_REGISTERED_AUTOMOBILES_AND_STI_V2_INTERSECTIONS,756941.0,OFFICIAL_STATISTIC_FHWA_MV1_2024_REGISTERED_AUTOMOBILES,1661.0,OSM_CLUSTER_50M_CALIBRATED,CALIBRATED_ESTIMATE_95PCT_PREDICTION_INTERVAL,1247.0,2213.0,OBSERVED_NOAA_LCD_2023_EXPOSURE_TIMES_AUTHORED_RESPONSE_1_105_115,1.0309282,3,25813,,NATIONAL_CONSTANT_DISCLOSED,392.98333333333335,10787.0,AEO_PATH,POOLED_RATE_LOGISTIC_STOCK_FIT_COHORT_INVERTED,POOLED_LOGISTIC_FIT,CAMBIUM_BA_STATE_PATH,CAMBIUM_BA_STATE_PATH,NREL_CAMBIUM_2024_MIDCASE_BA_ROLLUP_TO_STATE_ADDITIVE_REBASED_WITH_CLIPPING_ON_REGISTERED_EGRID_S0G,ASYMPTOTIC,PUBLISHED_PROJECTION_NO_ENFORCEABLE_STANDARD,"NREL Cambium 2024 MidCase, balancing-area annual rolled up to state, generation-side attributional, additively rebased on the registered eGRID base-year share; this entry carries no enforceable clean-electricity standard and therefore no floor",,0.002617896229502236,0.18814185982703524,0.4616807204570192,0.4616807204570192,EGRID2023_TWO_BLOCK_ATTRIBUTION_RESIDUAL,1.3337372831999998,,,,0,,0,2025,0.002617896229502236,0.020739782856331823,ADDITIVE_SHARE_DELTA_WITH_CLIPPING,"E_state(t) = clip(s0 + [E_source(t) - E_source(base)], 0, 1)",EIA_AEO2026_ALTTRNP_BEV_STOCK_SHARE_US,"U.S. Energy Information Administration, Annual Energy Outlook 2026, released 2026-04-08, Alternative Transportation case; battery electric vehicle share of light-duty vehicle stocks, United States, 2015-2050; file of record inputs/vehicle_market/raw/AEO2026_Narrative_Figures.xlsx sheet 5_EVStocks",PUBLISHED_PROJECTION_NO_ADDITIONAL_VEHICLE_POLICY,TREND,AUTHOR_POST_AEO_EXTENSION_NOT_AEO,,,,,0.05144992024826894,0.10632281581648853,0.19258497139787062,0.3315339048471909,0.19258497139787062,0.9,1.0,"{""2024"": 0.002617896229502236, ""2025"": 0.002617896229502236, ""2026"": 0.0097391666024327, ""2027"": 0.019418264400137903, ""2028"": 0.029950110810251493, ""2029"": 0.04140329304095531, ""2030"": 0.05144992024826894, ""2031"": 0.06079327718234178, ""2032"": 0.07023634853333849, ""2033"": 0.08182878724003503, ""2034"": 0.0936106988017756, ""2035"": 0.10632281581648853, ""2036"": 0.1179983909654193, ""2037"": 0.12343566242207683, ""2038"": 0.12424482617866035, ""2039"": 0.12767567937097055, ""2040"": 0.13222819396903332, ""2041"": 0.13749990836592701, ""2042"": 0.14352574636114934, ""2043"": 0.14944468365860575, ""2044"": 0.15546227013982497, ""2045"": 0.1629132125635234, ""2046"": 0.1705525664153408, ""2047"": 0.17927935346515364, ""2048"": 0.18780559771388852, ""2049"": 0.19176482074699328, ""2050"": 0.19258497139787062, ""2051"": 0.20195700651556173, ""2052"": 0.20612777083595302, ""2053"": 0.21089659998864083, ""2054"": 0.21628921067553689, ""2055"": 0.22181026447446897, ""2056"": 0.22755187687648837, ""2057"": 0.23432893559091028, ""2058"": 0.2414015844826652, ""2059"": 0.24935236090275478, ""2060"": 0.25736289069455887, ""2061"": 0.2613904643593792, ""2062"": 0.2622895985455181, ""2063"": 0.26946103604027943, ""2064"": 0.27308983042182816, ""2065"": 0.2772997317091762, ""2066"": 0.2821284921895171, ""2067"": 0.28719835576828306, ""2068"": 0.29258348874240825, ""2069"": 0.29898064162342153, ""2070"": 0.30580976167786617, ""2071"": 0.3136108845691863, ""2072"": 0.32170972368345435, ""2073"": 0.32545929356314357, ""2074"": 0.32542660095194403, ""2075"": 0.3315339048471909}","{""2024"": 0.18814185982703524, ""2025"": 0.18814185982703524, ""2030"": 0.4636456541053506, ""2035"": 0.6765922005701843, ""2040"": 0.7217107868532502, ""2045"": 0.7690865649924115, ""2050"": 0.8131429501955201}",0.7690865649924115,0.8131429501955201,0.9425184234317204,0.8131429501955201,1.0,ADDITIVE_SHARE_DELTA_WITH_CLIPPING,"L_state(t) = clip(s0g + [L_source(t) - L_source(base)], 0, 1)",AUTHOR_POST_CAMBIUM_EXTENSION_NOT_CAMBIUM,SHADE_2051_2075_AUTHOR_EXTENSION,REGISTERED_STATUTORY_SCHEDULE_FLOOR_OVER_PUBLISHED_NO_ADDITIONAL_POLICY_MARKET_PROJECTION_ON_AN_AGE_SPECIFIC_SURVIVAL_WEIGHTED_VEHICLE_STOCK,ENACTED_STATE_LAW_AS_WRITTEN_OVER_PUBLISHED_NO_ADDITIONAL_POLICY_PROJECTION__ACCII_FEDERAL_WAIVER_DISAPPROVED_PUBL_119_16__NOT_ENFORCEABLE_2026_09_05,NO_STATE_VEHICLE_RULE,EPA_MOVES5_TABLE_C1_PASSENGER_CAR_AGE_SPECIFIC_SURVIVAL_MONOTONE_AGE27_INTERPOLATION_AGE40_PLUS_RATE_REUSED
MT,Montana,PUBLISHED_MARKET_PROJECTION_REBASED,AEO2026_ALTTRNP_STOCK_SHARE_REBASED_COHORT_INVERTED,NO_VEHICLE_RULE_38,REAL_CAPACITY_FHWA_MV1_2024_REGISTERED_AUTOMOBILES_AND_STI_V2_INTERSECTIONS,525226.0,OFFICIAL_STATISTIC_FHWA_MV1_2024_REGISTERED_AUTOMOBILES,634.0,OSM_CLUSTER_50M_CALIBRATED,CALIBRATED_ESTIMATE_95PCT_PREDICTION_INTERVAL,476.0,845.0,OBSERVED_NOAA_LCD_2023_EXPOSURE_TIMES_AUTHORED_RESPONSE_1_105_115,1.0438171,3,26177,,NATIONAL_CONSTANT_DISCLOSED,392.98333333333335,10787.0,AEO_PATH,POOLED_RATE_LOGISTIC_STOCK_FIT_COHORT_INVERTED,POOLED_LOGISTIC_FIT,CAMBIUM_BA_STATE_PATH,CAMBIUM_BA_STATE_PATH,NREL_CAMBIUM_2024_MIDCASE_BA_ROLLUP_TO_STATE_ADDITIVE_REBASED_WITH_CLIPPING_ON_REGISTERED_EGRID_S0G,ASYMPTOTIC,PUBLISHED_PROJECTION_NO_ENFORCEABLE_STANDARD,"NREL Cambium 2024 MidCase, balancing-area annual rolled up to state, generation-side attributional, additively rebased on the registered eGRID base-year share; this entry carries no enforceable clean-electricity standard and therefore no floor",,0.00647218835006097,0.5145997495705532,0.9869572424446514,0.9869572424446514,EGRID2023_TWO_BLOCK_ATTRIBUTION_RESIDUAL,1.3337372831999998,,,,0,,0,2025,0.00647218835006097,0.020739782856331823,ADDITIVE_SHARE_DELTA_WITH_CLIPPING,"E_state(t) = clip(s0 + [E_source(t) - E_source(base)], 0, 1)",EIA_AEO2026_ALTTRNP_BEV_STOCK_SHARE_US,"U.S. Energy Information Administration, Annual Energy Outlook 2026, released 2026-04-08, Alternative Transportation case; battery electric vehicle share of light-duty vehicle stocks, United States, 2015-2050; file of record inputs/vehicle_market/raw/AEO2026_Narrative_Figures.xlsx sheet 5_EVStocks",PUBLISHED_PROJECTION_NO_ADDITIONAL_VEHICLE_POLICY,TREND,AUTHOR_POST_AEO_EXTENSION_NOT_AEO,,,,,0.055304212368827675,0.11017710793704731,0.19643926351842939,0.33538819696774913,0.19643926351842939,0.9,1.0,"{""2024"": 0.00647218835006097, ""2025"": 0.00647218835006097, ""2026"": 0.013593458722991433, ""2027"": 0.023272556520696642, ""2028"": 0.03380440293081024, ""2029"": 0.045257585161514034, ""2030"": 0.055304212368827675, ""2031"": 0.0646475693029005, ""2032"": 0.07409064065389726, ""2033"": 0.08568307936059373, ""2034"": 0.09746499092233438, ""2035"": 0.11017710793704731, ""2036"": 0.12185268308597799, ""2037"": 0.1272899545426356, ""2038"": 0.12809911829921897, ""2039"": 0.1315299714915294, ""2040"": 0.136082486089592, ""2041"": 0.1413542004864857, ""2042"": 0.14738003848170833, ""2043"": 0.15329897577916438, ""2044"": 0.15931656226038382, ""2045"": 0.16676750468408214, ""2046"": 0.1744068585358993, ""2047"": 0.18313364558571238, ""2048"": 0.19165988983444732, ""2049"": 0.19561911286755201, ""2050"": 0.19643926351842939, ""2051"": 0.20581129863612055, ""2052"": 0.20998206295651184, ""2053"": 0.2147508921091993, ""2054"": 0.22014350279609562, ""2055"": 0.22566455659502768, ""2056"": 0.2314061689970471, ""2057"": 0.23818322771146894, ""2058"": 0.2452558766032237, ""2059"": 0.2532066530233137, ""2060"": 0.261217182815118, ""2061"": 0.2652447564799377, ""2062"": 0.266143890666077, ""2063"": 0.27331532816083776, ""2064"": 0.27694412254238704, ""2065"": 0.2811540238297353, ""2066"": 0.285982784310075, ""2067"": 0.29105264788884205, ""2068"": 0.29643778086296707, ""2069"": 0.30283493374397935, ""2070"": 0.309664053798425, ""2071"": 0.3174651766897457, ""2072"": 0.325564015804013, ""2073"": 0.32931358568370245, ""2074"": 0.3292808930725029, ""2075"": 0.33538819696774913}","{""2024"": 0.5145997495705532, ""2025"": 0.5145997495705532, ""2030"": 0.5818025729572864, ""2035"": 0.6052261402505588, ""2040"": 0.6043451710532132, ""2045"": 0.6045381363916416, ""2050"": 0.6043616450628148}",0.6045381363916416,0.6043616450628148,0.6043616450628148,0.6043616450628148,0.6034791884186808,ADDITIVE_SHARE_DELTA_WITH_CLIPPING,"L_state(t) = clip(s0g + [L_source(t) - L_source(base)], 0, 1)",AUTHOR_POST_CAMBIUM_EXTENSION_NOT_CAMBIUM,SHADE_2051_2075_AUTHOR_EXTENSION,REGISTERED_STATUTORY_SCHEDULE_FLOOR_OVER_PUBLISHED_NO_ADDITIONAL_POLICY_MARKET_PROJECTION_ON_AN_AGE_SPECIFIC_SURVIVAL_WEIGHTED_VEHICLE_STOCK,ENACTED_STATE_LAW_AS_WRITTEN_OVER_PUBLISHED_NO_ADDITIONAL_POLICY_PROJECTION__ACCII_FEDERAL_WAIVER_DISAPPROVED_PUBL_119_16__NOT_ENFORCEABLE_2026_09_05,NO_STATE_VEHICLE_RULE,EPA_MOVES5_TABLE_C1_PASSENGER_CAR_AGE_SPECIFIC_SURVIVAL_MONOTONE_AGE27_INTERPOLATION_AGE40_PLUS_RATE_REUSED
NC,North Carolina,PUBLISHED_MARKET_PROJECTION_REBASED,AEO2026_ALTTRNP_STOCK_SHARE_REBASED_COHORT_INVERTED,NO_VEHICLE_RULE_38,REAL_CAPACITY_FHWA_MV1_2024_REGISTERED_AUTOMOBILES_AND_STI_V2_INTERSECTIONS,3005649.0,OFFICIAL_STATISTIC_FHWA_MV1_2024_REGISTERED_AUTOMOBILES,9648.0,OSM_CLUSTER_50M_CALIBRATED,CALIBRATED_ESTIMATE_95PCT_PREDICTION_INTERVAL,7242.0,12853.0,OBSERVED_NOAA_LCD_2023_EXPOSURE_TIMES_AUTHORED_RESPONSE_1_105_115,1.0423589,3,26135,,NATIONAL_CONSTANT_DISCLOSED,392.98333333333335,10787.0,AEO_PATH,POOLED_RATE_LOGISTIC_STOCK_FIT_COHORT_INVERTED,POOLED_LOGISTIC_FIT,CAMBIUM_BA_STATE_PATH_WITH_REGISTERED_STATUTORY_FLOOR,GRID_100_STATUTE,NREL_CAMBIUM_2024_MIDCASE_BA_ROLLUP_TO_STATE_ADDITIVE_REBASED_WITH_CLIPPING_ON_REGISTERED_EGRID_S0G_WITH_THE_FIRST_HAND_REGISTERED_ENFORCEABLE_STANDARD_AS_A_FLOOR,ASYMPTOTIC,PUBLISHED_PROJECTION_WITH_ENACTED_STATUTE_AS_FLOOR,"NREL Cambium 2024 MidCase, balancing-area annual rolled up to state, generation-side attributional, additively rebased on the registered eGRID base-year share; the entry's own enforceable clean-electricity standard applied as a floor at its registered level from 2025, rising along the registered schedule; terminal registered level 1.0",2025.0,0.013001246400481368,0.4777257327829638,0.5419041407277438,0.5419041407277438,EGRID2023_TWO_BLOCK_ATTRIBUTION_RESIDUAL,1.3337372831999998,,,,0,2050-2075,26,2025,0.013001246400481368,0.020739782856331823,ADDITIVE_SHARE_DELTA_WITH_CLIPPING,"E_state(t) = clip(s0 + [E_source(t) - E_source(base)], 0, 1)",EIA_AEO2026_ALTTRNP_BEV_STOCK_SHARE_US,"U.S. Energy Information Administration, Annual Energy Outlook 2026, released 2026-04-08, Alternative Transportation case; battery electric vehicle share of light-duty vehicle stocks, United States, 2015-2050; file of record inputs/vehicle_market/raw/AEO2026_Narrative_Figures.xlsx sheet 5_EVStocks",PUBLISHED_PROJECTION_NO_ADDITIONAL_VEHICLE_POLICY,TREND,AUTHOR_POST_AEO_EXTENSION_NOT_AEO,,,,,0.06183327041924808,0.1167061659874677,0.20296832156884992,0.34191725501816966,0.20296832156884992,0.9,1.0,"{""2024"": 0.013001246400481368, ""2025"": 0.013001246400481366, ""2026"": 0.02012251677341183, ""2027"": 0.029801614571117036, ""2028"": 0.04033346098123063, ""2029"": 0.05178664321193443, ""2030"": 0.06183327041924808, ""2031"": 0.07117662735332088, ""2032"": 0.08061969870431766, ""2033"": 0.09221213741101411, ""2034"": 0.10399404897275476, ""2035"": 0.1167061659874677, ""2036"": 0.12838174113639844, ""2037"": 0.13381901259305598, ""2038"": 0.13462817634963944, ""2039"": 0.13805902954194976, ""2040"": 0.14261154414001243, ""2041"": 0.14788325853690604, ""2042"": 0.15390909653212856, ""2043"": 0.15982803382958494, ""2044"": 0.16584562031080402, ""2045"": 0.17329656273450256, ""2046"": 0.18093591658632, ""2047"": 0.18966270363613283, ""2048"": 0.1981889478848675, ""2049"": 0.20214817091797238, ""2050"": 0.20296832156884992, ""2051"": 0.21234035668654083, ""2052"": 0.2165111210069322, ""2053"": 0.22127995015961954, ""2054"": 0.22667256084651657, ""2055"": 0.23219361464544735, ""2056"": 0.23793522704746803, ""2057"": 0.24471228576188886, ""2058"": 0.2517849346536449, ""2059"": 0.25973571107373405, ""2060"": 0.26774624086553767, ""2061"": 0.2717738145303579, ""2062"": 0.27267294871649783, ""2063"": 0.2798443862112586, ""2064"": 0.2834731805928072, ""2065"": 0.2876830818801555, ""2066"": 0.2925118423604957, ""2067"": 0.2975817059392624, ""2068"": 0.3029668389133871, ""2069"": 0.3093639917944008, ""2070"": 0.3161931118488457, ""2071"": 0.32399423474016503, ""2072"": 0.3320930738544328, ""2073"": 0.33584264373412354, ""2074"": 0.33580995112292367, ""2075"": 0.34191725501816966}","{""2024"": 0.4777257327829638, ""2025"": 0.4777257327829638, ""2030"": 0.47881049181788093, ""2035"": 0.8371620801981545, ""2040"": 0.8530181739554136, ""2045"": 0.8609527792699625, ""2050"": 1.0}",0.8609527792699625,1.0,1.0,1.0,1.0,ADDITIVE_SHARE_DELTA_WITH_CLIPPING,"L_state(t) = clip(s0g + [L_source(t) - L_source(base)], 0, 1)",AUTHOR_POST_CAMBIUM_EXTENSION_NOT_CAMBIUM,SHADE_2051_2075_AUTHOR_EXTENSION,REGISTERED_STATUTORY_SCHEDULE_FLOOR_OVER_PUBLISHED_NO_ADDITIONAL_POLICY_MARKET_PROJECTION_ON_AN_AGE_SPECIFIC_SURVIVAL_WEIGHTED_VEHICLE_STOCK,ENACTED_STATE_LAW_AS_WRITTEN_OVER_PUBLISHED_NO_ADDITIONAL_POLICY_PROJECTION__ACCII_FEDERAL_WAIVER_DISAPPROVED_PUBL_119_16__NOT_ENFORCEABLE_2026_09_05,NO_STATE_VEHICLE_RULE,EPA_MOVES5_TABLE_C1_PASSENGER_CAR_AGE_SPECIFIC_SURVIVAL_MONOTONE_AGE27_INTERPOLATION_AGE40_PLUS_RATE_REUSED
ND,North Dakota,PUBLISHED_MARKET_PROJECTION_REBASED,AEO2026_ALTTRNP_STOCK_SHARE_REBASED_COHORT_INVERTED,NO_VEHICLE_RULE_38,REAL_CAPACITY_FHWA_MV1_2024_REGISTERED_AUTOMOBILES_AND_STI_V2_INTERSECTIONS,215289.0,OFFICIAL_STATISTIC_FHWA_MV1_2024_REGISTERED_AUTOMOBILES,470.0,OSM_CLUSTER_50M_CALIBRATED,CALIBRATED_ESTIMATE_95PCT_PREDICTION_INTERVAL,353.0,626.0,OBSERVED_NOAA_LCD_2023_EXPOSURE_TIMES_AUTHORED_RESPONSE_1_105_115,1.0471919,3,26210,,NATIONAL_CONSTANT_DISCLOSED,392.98333333333335,10787.0,AEO_PATH,POOLED_RATE_LOGISTIC_STOCK_FIT_COHORT_INVERTED,POOLED_LOGISTIC_FIT,CAMBIUM_BA_STATE_PATH,CAMBIUM_BA_STATE_PATH,NREL_CAMBIUM_2024_MIDCASE_BA_ROLLUP_TO_STATE_ADDITIVE_REBASED_WITH_CLIPPING_ON_REGISTERED_EGRID_S0G,ASYMPTOTIC,PUBLISHED_PROJECTION_NO_ENFORCEABLE_STANDARD,"NREL Cambium 2024 MidCase, balancing-area annual rolled up to state, generation-side attributional, additively rebased on the registered eGRID base-year share; this entry carries no enforceable clean-electricity standard and therefore no floor",,0.0023267205486162137,0.39539461968996825,0.9665677799344315,0.9665677799344315,EGRID2023_TWO_BLOCK_ATTRIBUTION_RESIDUAL,1.3337372831999998,,,,0,,0,2025,0.0023267205486162137,0.020739782856331823,ADDITIVE_SHARE_DELTA_WITH_CLIPPING,"E_state(t) = clip(s0 + [E_source(t) - E_source(base)], 0, 1)",EIA_AEO2026_ALTTRNP_BEV_STOCK_SHARE_US,"U.S. Energy Information Administration, Annual Energy Outlook 2026, released 2026-04-08, Alternative Transportation case; battery electric vehicle share of light-duty vehicle stocks, United States, 2015-2050; file of record inputs/vehicle_market/raw/AEO2026_Narrative_Figures.xlsx sheet 5_EVStocks",PUBLISHED_PROJECTION_NO_ADDITIONAL_VEHICLE_POLICY,TREND,AUTHOR_POST_AEO_EXTENSION_NOT_AEO,,,,,0.05115874456738291,0.10603164013560254,0.19229379571698488,0.33124272916630426,0.19229379571698488,0.9,1.0,"{""2024"": 0.0023267205486162137, ""2025"": 0.0023267205486162137, ""2026"": 0.009447990921546677, ""2027"": 0.01912708871925188, ""2028"": 0.029658935129365474, ""2029"": 0.04111211736006928, ""2030"": 0.05115874456738291, ""2031"": 0.060502101501455754, ""2032"": 0.06994517285245247, ""2033"": 0.08153761155914899, ""2034"": 0.0933195231208896, ""2035"": 0.10603164013560254, ""2036"": 0.11770721528453329, ""2037"": 0.12314448674119079, ""2038"": 0.12395365049777435, ""2039"": 0.1273845036900845, ""2040"": 0.1319370182881472, ""2041"": 0.13720873268504094, ""2042"": 0.14323457068026352, ""2043"": 0.14915350797771973, ""2044"": 0.15517109445893887, ""2045"": 0.16262203688263746, ""2046"": 0.1702613907344547, ""2047"": 0.17898817778426787, ""2048"": 0.1875144220330023, ""2049"": 0.19147364506610712, ""2050"": 0.19229379571698488, ""2051"": 0.20166583083467537, ""2052"": 0.20583659515506716, ""2053"": 0.21060542430775453, ""2054"": 0.21599803499465098, ""2055"": 0.22151908879358292, ""2056"": 0.22726070119560243, ""2057"": 0.23403775991002365, ""2058"": 0.24111040880177978, ""2059"": 0.2490611852218691, ""2060"": 0.2570717150136728, ""2061"": 0.26109928867849275, ""2062"": 0.26199842286463276, ""2063"": 0.26916986035939267, ""2064"": 0.272798654740942, ""2065"": 0.27700855602829033, ""2066"": 0.2818373165086303, ""2067"": 0.28690718008739763, ""2068"": 0.29229231306152215, ""2069"": 0.2986894659425344, ""2070"": 0.30551858599698056, ""2071"": 0.3133197088883013, ""2072"": 0.3214185480025673, ""2073"": 0.3251681178822587, ""2074"": 0.32513542527105826, ""2075"": 0.33124272916630426}","{""2024"": 0.39539461968996825, ""2025"": 0.39539461968996825, ""2030"": 0.6195856025859411, ""2035"": 0.7602553569084735, ""2040"": 0.7594113140415297, ""2045"": 0.7581638300779739, ""2050"": 0.7581561467655241}",0.7581638300779739,0.7581561467655241,0.7581561467655241,0.7581561467655241,0.758117730203275,ADDITIVE_SHARE_DELTA_WITH_CLIPPING,"L_state(t) = clip(s0g + [L_source(t) - L_source(base)], 0, 1)",AUTHOR_POST_CAMBIUM_EXTENSION_NOT_CAMBIUM,SHADE_2051_2075_AUTHOR_EXTENSION,REGISTERED_STATUTORY_SCHEDULE_FLOOR_OVER_PUBLISHED_NO_ADDITIONAL_POLICY_MARKET_PROJECTION_ON_AN_AGE_SPECIFIC_SURVIVAL_WEIGHTED_VEHICLE_STOCK,ENACTED_STATE_LAW_AS_WRITTEN_OVER_PUBLISHED_NO_ADDITIONAL_POLICY_PROJECTION__ACCII_FEDERAL_WAIVER_DISAPPROVED_PUBL_119_16__NOT_ENFORCEABLE_2026_09_05,NO_STATE_VEHICLE_RULE,EPA_MOVES5_TABLE_C1_PASSENGER_CAR_AGE_SPECIFIC_SURVIVAL_MONOTONE_AGE27_INTERPOLATION_AGE40_PLUS_RATE_REUSED
NE,Nebraska,PUBLISHED_MARKET_PROJECTION_REBASED,AEO2026_ALTTRNP_STOCK_SHARE_REBASED_COHORT_INVERTED,NO_VEHICLE_RULE_38,REAL_CAPACITY_FHWA_MV1_2024_REGISTERED_AUTOMOBILES_AND_STI_V2_INTERSECTIONS,561111.0,OFFICIAL_STATISTIC_FHWA_MV1_2024_REGISTERED_AUTOMOBILES,1995.0,OSM_CLUSTER_50M_CALIBRATED,CALIBRATED_ESTIMATE_95PCT_PREDICTION_INTERVAL,1498.0,2658.0,OBSERVED_NOAA_LCD_2023_EXPOSURE_TIMES_AUTHORED_RESPONSE_1_105_115,1.0446169,3,26184,,NATIONAL_CONSTANT_DISCLOSED,392.98333333333335,10787.0,AEO_PATH,POOLED_RATE_LOGISTIC_STOCK_FIT_COHORT_INVERTED,POOLED_LOGISTIC_FIT,CAMBIUM_BA_STATE_PATH,GRID_100_STATUTE,NREL_CAMBIUM_2024_MIDCASE_BA_ROLLUP_TO_STATE_ADDITIVE_REBASED_WITH_CLIPPING_ON_REGISTERED_EGRID_S0G,ASYMPTOTIC,PUBLISHED_PROJECTION_NO_ENFORCEABLE_STANDARD,"NREL Cambium 2024 MidCase, balancing-area annual rolled up to state, generation-side attributional, additively rebased on the registered eGRID base-year share; this entry carries no enforceable clean-electricity standard and therefore no floor",,0.005865977331477431,0.5091399075506008,0.9408523793011099,0.9408523793011099,EGRID2023_TWO_BLOCK_ATTRIBUTION_RESIDUAL,1.3337372831999998,,,,0,,0,2025,0.005865977331477431,0.020739782856331823,ADDITIVE_SHARE_DELTA_WITH_CLIPPING,"E_state(t) = clip(s0 + [E_source(t) - E_source(base)], 0, 1)",EIA_AEO2026_ALTTRNP_BEV_STOCK_SHARE_US,"U.S. Energy Information Administration, Annual Energy Outlook 2026, released 2026-04-08, Alternative Transportation case; battery electric vehicle share of light-duty vehicle stocks, United States, 2015-2050; file of record inputs/vehicle_market/raw/AEO2026_Narrative_Figures.xlsx sheet 5_EVStocks",PUBLISHED_PROJECTION_NO_ADDITIONAL_VEHICLE_POLICY,TREND,AUTHOR_POST_AEO_EXTENSION_NOT_AEO,,,,,0.05469800135024412,0.10957089691846379,0.1958330524998462,0.3347819859491653,0.1958330524998462,0.9,1.0,"{""2024"": 0.005865977331477431, ""2025"": 0.005865977331477431, ""2026"": 0.012987247704407894, ""2027"": 0.0226663455021131, ""2028"": 0.03319819191222669, ""2029"": 0.0446513741429305, ""2030"": 0.05469800135024412, ""2031"": 0.06404135828431698, ""2032"": 0.07348442963531368, ""2033"": 0.08507686834201021, ""2034"": 0.09685877990375084, ""2035"": 0.10957089691846379, ""2036"": 0.12124647206739451, ""2037"": 0.1266837435240521, ""2038"": 0.12749290728063548, ""2039"": 0.1309237604729458, ""2040"": 0.13547627507100854, ""2041"": 0.1407479894679021, ""2042"": 0.14677382746312473, ""2043"": 0.1526927647605808, ""2044"": 0.15871035124180027, ""2045"": 0.16616129366549837, ""2046"": 0.17380064751731597, ""2047"": 0.182527434567129, ""2048"": 0.19105367881586358, ""2049"": 0.19501290184896847, ""2050"": 0.1958330524998462, ""2051"": 0.20520508761753647, ""2052"": 0.20937585193792854, ""2053"": 0.2141446810906158, ""2054"": 0.21953729177751213, ""2055"": 0.22505834557644405, ""2056"": 0.2307999579784639, ""2057"": 0.23757701669288478, ""2058"": 0.24464966558464063, ""2059"": 0.25260044200473003, ""2060"": 0.2606109717965342, ""2061"": 0.26463854546135407, ""2062"": 0.26553767964749386, ""2063"": 0.2727091171422539, ""2064"": 0.2763379115238034, ""2065"": 0.2805478128111519, ""2066"": 0.28537657329149146, ""2067"": 0.2904464368702588, ""2068"": 0.29583156984438325, ""2069"": 0.3022287227253961, ""2070"": 0.3090578427798418, ""2071"": 0.31685896567116195, ""2072"": 0.3249578047854287, ""2073"": 0.3287073746651192, ""2074"": 0.3286746820539201, ""2075"": 0.3347819859491653}","{""2024"": 0.5091399075506008, ""2025"": 0.5091399075506008, ""2030"": 0.681320695274702, ""2035"": 0.7809722915087561, ""2040"": 0.7864978775781634, ""2045"": 0.7888067849304201, ""2050"": 0.790201158321436}",0.7888067849304201,0.790201158321436,0.7970584561258336,1.0,1.0,ADDITIVE_SHARE_DELTA_WITH_CLIPPING,"L_state(t) = clip(s0g + [L_source(t) - L_source(base)], 0, 1)",AUTHOR_POST_CAMBIUM_EXTENSION_NOT_CAMBIUM,SHADE_2051_2075_AUTHOR_EXTENSION,REGISTERED_STATUTORY_SCHEDULE_FLOOR_OVER_PUBLISHED_NO_ADDITIONAL_POLICY_MARKET_PROJECTION_ON_AN_AGE_SPECIFIC_SURVIVAL_WEIGHTED_VEHICLE_STOCK,ENACTED_STATE_LAW_AS_WRITTEN_OVER_PUBLISHED_NO_ADDITIONAL_POLICY_PROJECTION__ACCII_FEDERAL_WAIVER_DISAPPROVED_PUBL_119_16__NOT_ENFORCEABLE_2026_09_05,NO_STATE_VEHICLE_RULE,EPA_MOVES5_TABLE_C1_PASSENGER_CAR_AGE_SPECIFIC_SURVIVAL_MONOTONE_AGE27_INTERPOLATION_AGE40_PLUS_RATE_REUSED
NH,New Hampshire,PUBLISHED_MARKET_PROJECTION_REBASED,AEO2026_ALTTRNP_STOCK_SHARE_REBASED_COHORT_INVERTED,NO_VEHICLE_RULE_38,REAL_CAPACITY_FHWA_MV1_2024_REGISTERED_AUTOMOBILES_AND_STI_V2_INTERSECTIONS,391064.0,OFFICIAL_STATISTIC_FHWA_MV1_2024_REGISTERED_AUTOMOBILES,991.0,OSM_CLUSTER_50M_CALIBRATED,CALIBRATED_ESTIMATE_95PCT_PREDICTION_INTERVAL,744.0,1320.0,OBSERVED_NOAA_LCD_2023_EXPOSURE_TIMES_AUTHORED_RESPONSE_1_105_115,1.0588975999999999,3,26032,,NATIONAL_CONSTANT_DISCLOSED,392.98333333333335,10787.0,AEO_PATH,POOLED_RATE_LOGISTIC_STOCK_FIT_COHORT_INVERTED,POOLED_LOGISTIC_FIT,CAMBIUM_BA_STATE_PATH_WITH_REGISTERED_STATUTORY_FLOOR,CAMBIUM_BA_STATE_PATH,NREL_CAMBIUM_2024_MIDCASE_BA_ROLLUP_TO_STATE_ADDITIVE_REBASED_WITH_CLIPPING_ON_REGISTERED_EGRID_S0G_WITH_THE_FIRST_HAND_REGISTERED_ENFORCEABLE_STANDARD_AS_A_FLOOR,ASYMPTOTIC,PUBLISHED_PROJECTION_WITH_ENACTED_STATUTE_AS_FLOOR,"NREL Cambium 2024 MidCase, balancing-area annual rolled up to state, generation-side attributional, additively rebased on the registered eGRID base-year share; the entry's own enforceable clean-electricity standard applied as a floor at its registered level from 2025, rising along the registered schedule; terminal registered level 0.252",2025.0,0.011389360498019242,0.7322592525135233,0.46225497495569373,0.46225497495569373,EGRID2023_TWO_BLOCK_ATTRIBUTION_RESIDUAL,1.3337372831999998,,,,0,,0,2025,0.011389360498019242,0.020739782856331823,ADDITIVE_SHARE_DELTA_WITH_CLIPPING,"E_state(t) = clip(s0 + [E_source(t) - E_source(base)], 0, 1)",EIA_AEO2026_ALTTRNP_BEV_STOCK_SHARE_US,"U.S. Energy Information Administration, Annual Energy Outlook 2026, released 2026-04-08, Alternative Transportation case; battery electric vehicle share of light-duty vehicle stocks, United States, 2015-2050; file of record inputs/vehicle_market/raw/AEO2026_Narrative_Figures.xlsx sheet 5_EVStocks",PUBLISHED_PROJECTION_NO_ADDITIONAL_VEHICLE_POLICY,TREND,AUTHOR_POST_AEO_EXTENSION_NOT_AEO,,,,,0.06022138451678596,0.11509428008500551,0.20135643566638778,0.34030536911570775,0.20135643566638778,0.9,1.0,"{""2024"": 0.011389360498019242, ""2025"": 0.011389360498019242, ""2026"": 0.018510630870949705, ""2027"": 0.028189728668654903, ""2028"": 0.03872157507876851, ""2029"": 0.0501747573094723, ""2030"": 0.06022138451678596, ""2031"": 0.06956474145085874, ""2032"": 0.07900781280185551, ""2033"": 0.09060025150855204, ""2034"": 0.10238216307029264, ""2035"": 0.11509428008500551, ""2036"": 0.12676985523393633, ""2037"": 0.13220712669059395, ""2038"": 0.13301629044717725, ""2039"": 0.1364471436394876, ""2040"": 0.14099965823755026, ""2041"": 0.146271372634444, ""2042"": 0.15229721062966647, ""2043"": 0.1582161479271228, ""2044"": 0.16423373440834205, ""2045"": 0.17168467683204028, ""2046"": 0.17932403068385794, ""2047"": 0.18805081773367052, ""2048"": 0.19657706198240577, ""2049"": 0.2005362850155102, ""2050"": 0.20135643566638778, ""2051"": 0.21072847078407866, ""2052"": 0.21489923510447004, ""2053"": 0.21966806425715732, ""2054"": 0.22506067494405416, ""2055"": 0.2305817287429861, ""2056"": 0.2363233411450052, ""2057"": 0.24310039985942733, ""2058"": 0.25017304875118235, ""2059"": 0.25812382517127186, ""2060"": 0.26613435496307597, ""2061"": 0.27016192862789595, ""2062"": 0.2710610628140356, ""2063"": 0.2782325003087962, ""2064"": 0.2818612946903446, ""2065"": 0.28607119597769326, ""2066"": 0.2908999564580338, ""2067"": 0.29596982003680034, ""2068"": 0.301354953010925, ""2069"": 0.3077521058919382, ""2070"": 0.31458122594638377, ""2071"": 0.32238234883770334, ""2072"": 0.3304811879519714, ""2073"": 0.3342307578316604, ""2074"": 0.33419806522046164, ""2075"": 0.34030536911570775}","{""2024"": 0.7322592525135233, ""2025"": 0.7322592525135233, ""2030"": 0.7616016152885321, ""2035"": 0.7127077815710198, ""2040"": 0.6465728584749441, ""2045"": 0.6709240494868773, ""2050"": 0.6799943384115246}",0.6709240494868773,0.6799943384115246,0.7222787449366175,0.6799943384115246,0.7253457830347607,ADDITIVE_SHARE_DELTA_WITH_CLIPPING,"L_state(t) = clip(s0g + [L_source(t) - L_source(base)], 0, 1)",AUTHOR_POST_CAMBIUM_EXTENSION_NOT_CAMBIUM,SHADE_2051_2075_AUTHOR_EXTENSION,REGISTERED_STATUTORY_SCHEDULE_FLOOR_OVER_PUBLISHED_NO_ADDITIONAL_POLICY_MARKET_PROJECTION_ON_AN_AGE_SPECIFIC_SURVIVAL_WEIGHTED_VEHICLE_STOCK,ENACTED_STATE_LAW_AS_WRITTEN_OVER_PUBLISHED_NO_ADDITIONAL_POLICY_PROJECTION__ACCII_FEDERAL_WAIVER_DISAPPROVED_PUBL_119_16__NOT_ENFORCEABLE_2026_09_05,NO_STATE_VEHICLE_RULE,EPA_MOVES5_TABLE_C1_PASSENGER_CAR_AGE_SPECIFIC_SURVIVAL_MONOTONE_AGE27_INTERPOLATION_AGE40_PLUS_RATE_REUSED
NJ,New Jersey,POLICY_SCHEDULE_FLOOR_OVER_MARKET_PROJECTION,ACCII_FULL_SCHEDULE_MY2035_100PCT,FULL_SCHEDULE_10,REAL_CAPACITY_FHWA_MV1_2024_REGISTERED_AUTOMOBILES_AND_STI_V2_INTERSECTIONS,2275055.0,OFFICIAL_STATISTIC_FHWA_MV1_2024_REGISTERED_AUTOMOBILES,8896.0,OSM_CLUSTER_50M_CALIBRATED,CALIBRATED_ESTIMATE_95PCT_PREDICTION_INTERVAL,6678.0,11851.0,OBSERVED_NOAA_LCD_2023_EXPOSURE_TIMES_AUTHORED_RESPONSE_1_105_115,1.0472353500000002,3,25880,,NATIONAL_CONSTANT_DISCLOSED,392.98333333333335,10787.0,ACC_DELAYED_PLUS2,ACC_DELAYED_PLUS2,POLICY_SCHEDULE,CAMBIUM_BA_STATE_PATH_WITH_REGISTERED_STATUTORY_FLOOR,TARGET_CES_RPS,NREL_CAMBIUM_2024_MIDCASE_BA_ROLLUP_TO_STATE_ADDITIVE_REBASED_WITH_CLIPPING_ON_REGISTERED_EGRID_S0G_WITH_THE_FIRST_HAND_REGISTERED_ENFORCEABLE_STANDARD_AS_A_FLOOR,ASYMPTOTIC,PUBLISHED_PROJECTION_WITH_ENACTED_STATUTE_AS_FLOOR,"NREL Cambium 2024 MidCase, balancing-area annual rolled up to state, generation-side attributional, additively rebased on the registered eGRID base-year share; the entry's own enforceable clean-electricity standard applied as a floor at its registered level from 2025, rising along the registered schedule; terminal registered level 0.525",2025.0,0.027857739808710185,0.4735782192347352,0.40352023901043793,0.40352023901043793,EGRID2023_TWO_BLOCK_ATTRIBUTION_RESIDUAL,1.3337372831999998,2027.0,ACCII_13CCR_1962_4_FULL_TO_MY2035,2027-2075,49,2030-2031,2,2025,0.027857739808710185,0.020739782856331823,ADDITIVE_SHARE_DELTA_WITH_CLIPPING,"E_state(t) = clip(s0 + [E_source(t) - E_source(base)], 0, 1)",EIA_AEO2026_ALTTRNP_BEV_STOCK_SHARE_US,"U.S. Energy Information Administration, Annual Energy Outlook 2026, released 2026-04-08, Alternative Transportation case; battery electric vehicle share of light-duty vehicle stocks, United States, 2015-2050; file of record inputs/vehicle_market/raw/AEO2026_Narrative_Figures.xlsx sheet 5_EVStocks",ENACTED_REGULATION_AS_ADOPTED,TREND,AUTHOR_POST_AEO_EXTENSION_NOT_AEO,,,,,0.68,1.0,1.0,1.0,0.21782481497707876,0.8842469747927642,1.0,"{""2024"": 0.027857739808710185, ""2025"": 0.02785773980871019, ""2026"": 0.03497901018164065, ""2027"": 0.43, ""2028"": 0.51, ""2029"": 0.59, ""2030"": 0.68, ""2031"": 0.76, ""2032"": 0.82, ""2033"": 0.88, ""2034"": 0.94, ""2035"": 1.0, ""2036"": 1.0, ""2037"": 1.0, ""2038"": 1.0, ""2039"": 1.0, ""2040"": 1.0, ""2041"": 1.0, ""2042"": 1.0, ""2043"": 1.0, ""2044"": 1.0, ""2045"": 1.0, ""2046"": 1.0, ""2047"": 1.0, ""2048"": 1.0, ""2049"": 1.0, ""2050"": 1.0, ""2051"": 1.0, ""2052"": 1.0, ""2053"": 1.0, ""2054"": 1.0, ""2055"": 1.0, ""2056"": 1.0, ""2057"": 1.0, ""2058"": 1.0, ""2059"": 1.0, ""2060"": 1.0, ""2061"": 1.0, ""2062"": 1.0, ""2063"": 1.0, ""2064"": 1.0, ""2065"": 1.0, ""2066"": 1.0, ""2067"": 1.0, ""2068"": 1.0, ""2069"": 1.0, ""2070"": 1.0, ""2071"": 1.0, ""2072"": 1.0, ""2073"": 1.0, ""2074"": 1.0, ""2075"": 1.0}","{""2024"": 0.4735782192347352, ""2025"": 0.4735782192347352, ""2030"": 0.525, ""2035"": 0.6071381326041727, ""2040"": 0.7014495911511366, ""2045"": 0.6418342946016251, ""2050"": 0.593830017126324}",0.6418342946016251,0.593830017126324,0.593830017126324,0.525,0.525,ADDITIVE_SHARE_DELTA_WITH_CLIPPING,"L_state(t) = clip(s0g + [L_source(t) - L_source(base)], 0, 1)",AUTHOR_POST_CAMBIUM_EXTENSION_NOT_CAMBIUM,SHADE_2051_2075_AUTHOR_EXTENSION,REGISTERED_STATUTORY_SCHEDULE_FLOOR_OVER_PUBLISHED_NO_ADDITIONAL_POLICY_MARKET_PROJECTION_ON_AN_AGE_SPECIFIC_SURVIVAL_WEIGHTED_VEHICLE_STOCK,ENACTED_STATE_LAW_AS_WRITTEN_OVER_PUBLISHED_NO_ADDITIONAL_POLICY_PROJECTION__ACCII_FEDERAL_WAIVER_DISAPPROVED_PUBL_119_16__NOT_ENFORCEABLE_2026_09_05,ENACTED_STATE_RULE__FEDERAL_WAIVER_DISAPPROVED_PUBL_119_16__NOT_ENFORCEABLE_2026_09_05,EPA_MOVES5_TABLE_C1_PASSENGER_CAR_AGE_SPECIFIC_SURVIVAL_MONOTONE_AGE27_INTERPOLATION_AGE40_PLUS_RATE_REUSED
NM,New Mexico,POLICY_SCHEDULE_FLOOR_OVER_MARKET_PROJECTION,ACCII_VARIANT_CAPPED_82PCT_MY2032,CAPPED_82_MY2032_3,REAL_CAPACITY_FHWA_MV1_2024_REGISTERED_AUTOMOBILES_AND_STI_V2_INTERSECTIONS,590034.0,OFFICIAL_STATISTIC_FHWA_MV1_2024_REGISTERED_AUTOMOBILES,1534.0,OSM_CLUSTER_50M_CALIBRATED,CALIBRATED_ESTIMATE_95PCT_PREDICTION_INTERVAL,1152.0,2044.0,OBSERVED_NOAA_LCD_2023_EXPOSURE_TIMES_AUTHORED_RESPONSE_1_105_115,1.0308577,3,26222,,NATIONAL_CONSTANT_DISCLOSED,392.98333333333335,10787.0,ACC_DELAYED_PLUS2,ACC_DELAYED_PLUS2,POLICY_SCHEDULE,CAMBIUM_BA_STATE_PATH_WITH_REGISTERED_STATUTORY_FLOOR,GRID_100_STATUTE,NREL_CAMBIUM_2024_MIDCASE_BA_ROLLUP_TO_STATE_ADDITIVE_REBASED_WITH_CLIPPING_ON_REGISTERED_EGRID_S0G_WITH_THE_FIRST_HAND_REGISTERED_ENFORCEABLE_STANDARD_AS_A_FLOOR,ASYMPTOTIC,PUBLISHED_PROJECTION_WITH_ENACTED_STATUTE_AS_FLOOR,"NREL Cambium 2024 MidCase, balancing-area annual rolled up to state, generation-side attributional, additively rebased on the registered eGRID base-year share; the entry's own enforceable clean-electricity standard applied as a floor at its registered level from 2025, rising along the registered schedule; terminal registered level 1.0",2025.0,0.008357247142929064,0.4497040968404066,0.6348642460561076,0.6348642460561076,EGRID2023_TWO_BLOCK_ATTRIBUTION_RESIDUAL,1.3337372831999998,2027.0,ACCII_13CCR_1962_4_CAPPED_82PCT_MY2032,2027-2075,49,2040-2075,36,2025,0.008357247142929064,0.020739782856331823,ADDITIVE_SHARE_DELTA_WITH_CLIPPING,"E_state(t) = clip(s0 + [E_source(t) - E_source(base)], 0, 1)",EIA_AEO2026_ALTTRNP_BEV_STOCK_SHARE_US,"U.S. Energy Information Administration, Annual Energy Outlook 2026, released 2026-04-08, Alternative Transportation case; battery electric vehicle share of light-duty vehicle stocks, United States, 2015-2050; file of record inputs/vehicle_market/raw/AEO2026_Narrative_Figures.xlsx sheet 5_EVStocks",ENACTED_REGULATION_AS_ADOPTED,TREND,AUTHOR_POST_AEO_EXTENSION_NOT_AEO,AUTHOR_POST_REGULATORY_EXTENSION,,,,0.68,0.8325581395348837,0.8953488372093024,1.0,0.19832432231129787,0.8819250502025797,1.0,"{""2024"": 0.008357247142929064, ""2025"": 0.008357247142929064, ""2026"": 0.015478517515859528, ""2027"": 0.43, ""2028"": 0.51, ""2029"": 0.59, ""2030"": 0.68, ""2031"": 0.76, ""2032"": 0.82, ""2033"": 0.8241860465116279, ""2034"": 0.8283720930232558, ""2035"": 0.8325581395348837, ""2036"": 0.8367441860465116, ""2037"": 0.8409302325581395, ""2038"": 0.8451162790697674, ""2039"": 0.8493023255813953, ""2040"": 0.8534883720930232, ""2041"": 0.8576744186046511, ""2042"": 0.861860465116279, ""2043"": 0.8660465116279069, ""2044"": 0.8702325581395348, ""2045"": 0.8744186046511627, ""2046"": 0.8786046511627906, ""2047"": 0.8827906976744185, ""2048"": 0.8869767441860464, ""2049"": 0.8911627906976743, ""2050"": 0.8953488372093024, ""2051"": 0.8995348837209302, ""2052"": 0.9037209302325582, ""2053"": 0.9079069767441861, ""2054"": 0.912093023255814, ""2055"": 0.9162790697674419, ""2056"": 0.9204651162790698, ""2057"": 0.9246511627906977, ""2058"": 0.9288372093023256, ""2059"": 0.9330232558139535, ""2060"": 0.9372093023255814, ""2061"": 0.9413953488372093, ""2062"": 0.9455813953488372, ""2063"": 0.9497674418604651, ""2064"": 0.953953488372093, ""2065"": 0.958139534883721, ""2066"": 0.9623255813953489, ""2067"": 0.9665116279069768, ""2068"": 0.9706976744186047, ""2069"": 0.9748837209302326, ""2070"": 0.9790697674418605, ""2071"": 0.9832558139534884, ""2072"": 0.9874418604651163, ""2073"": 0.9916279069767442, ""2074"": 0.9958139534883721, ""2075"": 1.0}","{""2024"": 0.4497040968404066, ""2025"": 0.4497040968404066, ""2030"": 0.7140602985596871, ""2035"": 0.7749066428856229, ""2040"": 0.8, ""2045"": 1.0, ""2050"": 1.0}",1.0,1.0,1.0,1.0,1.0,ADDITIVE_SHARE_DELTA_WITH_CLIPPING,"L_state(t) = clip(s0g + [L_source(t) - L_source(base)], 0, 1)",AUTHOR_POST_CAMBIUM_EXTENSION_NOT_CAMBIUM,SHADE_2051_2075_AUTHOR_EXTENSION,REGISTERED_STATUTORY_SCHEDULE_FLOOR_OVER_PUBLISHED_NO_ADDITIONAL_POLICY_MARKET_PROJECTION_ON_AN_AGE_SPECIFIC_SURVIVAL_WEIGHTED_VEHICLE_STOCK,ENACTED_STATE_LAW_AS_WRITTEN_OVER_PUBLISHED_NO_ADDITIONAL_POLICY_PROJECTION__ACCII_FEDERAL_WAIVER_DISAPPROVED_PUBL_119_16__NOT_ENFORCEABLE_2026_09_05,ENACTED_STATE_RULE__FEDERAL_WAIVER_DISAPPROVED_PUBL_119_16__NOT_ENFORCEABLE_2026_09_05,EPA_MOVES5_TABLE_C1_PASSENGER_CAR_AGE_SPECIFIC_SURVIVAL_MONOTONE_AGE27_INTERPOLATION_AGE40_PLUS_RATE_REUSED
NV,Nevada,PUBLISHED_MARKET_PROJECTION_REBASED,AEO2026_ALTTRNP_STOCK_SHARE_REBASED_COHORT_INVERTED,NO_VEHICLE_RULE_38,REAL_CAPACITY_FHWA_MV1_2024_REGISTERED_AUTOMOBILES_AND_STI_V2_INTERSECTIONS,843099.0,OFFICIAL_STATISTIC_FHWA_MV1_2024_REGISTERED_AUTOMOBILES,2385.0,OSM_CLUSTER_50M_CALIBRATED,CALIBRATED_ESTIMATE_95PCT_PREDICTION_INTERVAL,1790.0,3177.0,OBSERVED_NOAA_LCD_2023_EXPOSURE_TIMES_AUTHORED_RESPONSE_1_105_115,1.0272692,3,25945,,NATIONAL_CONSTANT_DISCLOSED,392.98333333333335,10787.0,AEO_PATH,POOLED_RATE_LOGISTIC_STOCK_FIT_COHORT_INVERTED,POOLED_LOGISTIC_FIT,CAMBIUM_BA_STATE_PATH_WITH_REGISTERED_STATUTORY_FLOOR,GRID_100_STATUTE,NREL_CAMBIUM_2024_MIDCASE_BA_ROLLUP_TO_STATE_ADDITIVE_REBASED_WITH_CLIPPING_ON_REGISTERED_EGRID_S0G_WITH_THE_FIRST_HAND_REGISTERED_ENFORCEABLE_STANDARD_AS_A_FLOOR,ASYMPTOTIC,PUBLISHED_PROJECTION_WITH_ENACTED_STATUTE_AS_FLOOR,"NREL Cambium 2024 MidCase, balancing-area annual rolled up to state, generation-side attributional, additively rebased on the registered eGRID base-year share; the entry's own enforceable clean-electricity standard applied as a floor at its registered level from 2025, rising along the registered schedule; terminal registered level 1.0",2025.0,0.032528975869276076,0.3675198119458841,0.4606849925423588,0.4606849925423588,EGRID2023_TWO_BLOCK_ATTRIBUTION_RESIDUAL,1.3337372831999998,,,,0,"2027-2033,2038-2075",45,2025,0.032528975869276076,0.020739782856331823,ADDITIVE_SHARE_DELTA_WITH_CLIPPING,"E_state(t) = clip(s0 + [E_source(t) - E_source(base)], 0, 1)",EIA_AEO2026_ALTTRNP_BEV_STOCK_SHARE_US,"U.S. Energy Information Administration, Annual Energy Outlook 2026, released 2026-04-08, Alternative Transportation case; battery electric vehicle share of light-duty vehicle stocks, United States, 2015-2050; file of record inputs/vehicle_market/raw/AEO2026_Narrative_Figures.xlsx sheet 5_EVStocks",PUBLISHED_PROJECTION_NO_ADDITIONAL_VEHICLE_POLICY,TREND,AUTHOR_POST_AEO_EXTENSION_NOT_AEO,,,,,0.08136099988804277,0.13623389545626235,0.22249605103764453,0.36144498448696355,0.22249605103764453,0.9,1.0,"{""2024"": 0.032528975869276076, ""2025"": 0.032528975869276076, ""2026"": 0.03965024624220654, ""2027"": 0.049329344039911745, ""2028"": 0.05986119045002535, ""2029"": 0.07131437268072914, ""2030"": 0.08136099988804277, ""2031"": 0.09070435682211557, ""2032"": 0.10014742817311237, ""2033"": 0.11173986687980884, ""2034"": 0.12352177844154952, ""2035"": 0.13623389545626235, ""2036"": 0.14790947060519324, ""2037"": 0.15334674206185073, ""2038"": 0.15415590581843394, ""2039"": 0.15758675901074456, ""2040"": 0.16213927360880717, ""2041"": 0.16741098800570078, ""2042"": 0.1734368260009233, ""2043"": 0.17935576329837954, ""2044"": 0.185373349779599, ""2045"": 0.19282429220329703, ""2046"": 0.20046364605511469, ""2047"": 0.2091904331049277, ""2048"": 0.21771667735366232, ""2049"": 0.22167590038676716, ""2050"": 0.22249605103764453, ""2051"": 0.23186808615533513, ""2052"": 0.23603885047572754, ""2053"": 0.240807679628414, ""2054"": 0.24620029031531074, ""2055"": 0.2517213441142426, ""2056"": 0.25746295651626305, ""2057"": 0.2642400152306837, ""2058"": 0.2713126641224388, ""2059"": 0.279263440542529, ""2060"": 0.2872739703343327, ""2061"": 0.2913015439991528, ""2062"": 0.2922006781852924, ""2063"": 0.299372115680052, ""2064"": 0.30300091006160285, ""2065"": 0.3072108113489494, ""2066"": 0.31203957182929026, ""2067"": 0.31710943540805764, ""2068"": 0.3224945683821823, ""2069"": 0.32889172126319544, ""2070"": 0.335720841317639, ""2071"": 0.343521964208961, ""2072"": 0.3516208033232279, ""2073"": 0.35537037320291814, ""2074"": 0.35533768059171783, ""2075"": 0.36144498448696355}","{""2024"": 0.3675198119458841, ""2025"": 0.3675198119458841, ""2030"": 0.5, ""2035"": 0.5493458166312496, ""2040"": 0.5, ""2045"": 0.5, ""2050"": 1.0}",0.5,1.0,1.0,1.0,1.0,ADDITIVE_SHARE_DELTA_WITH_CLIPPING,"L_state(t) = clip(s0g + [L_source(t) - L_source(base)], 0, 1)",AUTHOR_POST_CAMBIUM_EXTENSION_NOT_CAMBIUM,SHADE_2051_2075_AUTHOR_EXTENSION,REGISTERED_STATUTORY_SCHEDULE_FLOOR_OVER_PUBLISHED_NO_ADDITIONAL_POLICY_MARKET_PROJECTION_ON_AN_AGE_SPECIFIC_SURVIVAL_WEIGHTED_VEHICLE_STOCK,ENACTED_STATE_LAW_AS_WRITTEN_OVER_PUBLISHED_NO_ADDITIONAL_POLICY_PROJECTION__ACCII_FEDERAL_WAIVER_DISAPPROVED_PUBL_119_16__NOT_ENFORCEABLE_2026_09_05,NO_STATE_VEHICLE_RULE,EPA_MOVES5_TABLE_C1_PASSENGER_CAR_AGE_SPECIFIC_SURVIVAL_MONOTONE_AGE27_INTERPOLATION_AGE40_PLUS_RATE_REUSED
NY,New York,POLICY_SCHEDULE_FLOOR_OVER_MARKET_PROJECTION,ACCII_FULL_SCHEDULE_MY2035_100PCT,FULL_SCHEDULE_10,REAL_CAPACITY_FHWA_MV1_2024_REGISTERED_AUTOMOBILES_AND_STI_V2_INTERSECTIONS,6474059.0,OFFICIAL_STATISTIC_FHWA_MV1_2024_REGISTERED_AUTOMOBILES,23645.0,OSM_CLUSTER_50M_CALIBRATED,CALIBRATED_ESTIMATE_95PCT_PREDICTION_INTERVAL,17749.0,31499.0,OBSERVED_NOAA_LCD_2023_EXPOSURE_TIMES_AUTHORED_RESPONSE_1_105_115,1.06123935,3,26207,,NATIONAL_CONSTANT_DISCLOSED,392.98333333333335,10787.0,ACC_PATH,ACC_PATH,POLICY_SCHEDULE,CAMBIUM_BA_STATE_PATH_WITH_REGISTERED_STATUTORY_FLOOR,GRID_100_STATUTE,NREL_CAMBIUM_2024_MIDCASE_BA_ROLLUP_TO_STATE_ADDITIVE_REBASED_WITH_CLIPPING_ON_REGISTERED_EGRID_S0G_WITH_THE_FIRST_HAND_REGISTERED_ENFORCEABLE_STANDARD_AS_A_FLOOR,ASYMPTOTIC,PUBLISHED_PROJECTION_WITH_ENACTED_STATUTE_AS_FLOOR,"NREL Cambium 2024 MidCase, balancing-area annual rolled up to state, generation-side attributional, additively rebased on the registered eGRID base-year share; the entry's own enforceable clean-electricity standard applied as a floor at its registered level from 2030, rising along the registered schedule; terminal registered level 1.0",2030.0,0.018432570960554475,0.5195519216836615,0.43913619417872735,0.43913619417872735,EGRID2023_TWO_BLOCK_ATTRIBUTION_RESIDUAL,1.3337372831999998,2026.0,ACCII_13CCR_1962_4_FULL_TO_MY2035,2026-2075,50,2040-2075,36,2025,0.018432570960554475,0.020739782856331823,ADDITIVE_SHARE_DELTA_WITH_CLIPPING,"E_state(t) = clip(s0 + [E_source(t) - E_source(base)], 0, 1)",EIA_AEO2026_ALTTRNP_BEV_STOCK_SHARE_US,"U.S. Energy Information Administration, Annual Energy Outlook 2026, released 2026-04-08, Alternative Transportation case; battery electric vehicle share of light-duty vehicle stocks, United States, 2015-2050; file of record inputs/vehicle_market/raw/AEO2026_Narrative_Figures.xlsx sheet 5_EVStocks",ENACTED_REGULATION_AS_ADOPTED,TREND,AUTHOR_POST_AEO_EXTENSION_NOT_AEO,,,,,0.68,1.0,1.0,1.0,0.20839964612892328,0.896874752490521,1.0,"{""2024"": 0.018432570960554475, ""2025"": 0.018432570960554475, ""2026"": 0.35, ""2027"": 0.43, ""2028"": 0.51, ""2029"": 0.59, ""2030"": 0.68, ""2031"": 0.76, ""2032"": 0.82, ""2033"": 0.88, ""2034"": 0.94, ""2035"": 1.0, ""2036"": 1.0, ""2037"": 1.0, ""2038"": 1.0, ""2039"": 1.0, ""2040"": 1.0, ""2041"": 1.0, ""2042"": 1.0, ""2043"": 1.0, ""2044"": 1.0, ""2045"": 1.0, ""2046"": 1.0, ""2047"": 1.0, ""2048"": 1.0, ""2049"": 1.0, ""2050"": 1.0, ""2051"": 1.0, ""2052"": 1.0, ""2053"": 1.0, ""2054"": 1.0, ""2055"": 1.0, ""2056"": 1.0, ""2057"": 1.0, ""2058"": 1.0, ""2059"": 1.0, ""2060"": 1.0, ""2061"": 1.0, ""2062"": 1.0, ""2063"": 1.0, ""2064"": 1.0, ""2065"": 1.0, ""2066"": 1.0, ""2067"": 1.0, ""2068"": 1.0, ""2069"": 1.0, ""2070"": 1.0, ""2071"": 1.0, ""2072"": 1.0, ""2073"": 1.0, ""2074"": 1.0, ""2075"": 1.0}","{""2024"": 0.5195519216836615, ""2025"": 0.5195519216836615, ""2030"": 0.7011675672140669, ""2035"": 0.7192389414012516, ""2040"": 1.0, ""2045"": 1.0, ""2050"": 1.0}",1.0,1.0,1.0,1.0,1.0,ADDITIVE_SHARE_DELTA_WITH_CLIPPING,"L_state(t) = clip(s0g + [L_source(t) - L_source(base)], 0, 1)",AUTHOR_POST_CAMBIUM_EXTENSION_NOT_CAMBIUM,SHADE_2051_2075_AUTHOR_EXTENSION,REGISTERED_STATUTORY_SCHEDULE_FLOOR_OVER_PUBLISHED_NO_ADDITIONAL_POLICY_MARKET_PROJECTION_ON_AN_AGE_SPECIFIC_SURVIVAL_WEIGHTED_VEHICLE_STOCK,ENACTED_STATE_LAW_AS_WRITTEN_OVER_PUBLISHED_NO_ADDITIONAL_POLICY_PROJECTION__ACCII_FEDERAL_WAIVER_DISAPPROVED_PUBL_119_16__NOT_ENFORCEABLE_2026_09_05,ENACTED_STATE_RULE__FEDERAL_WAIVER_DISAPPROVED_PUBL_119_16__NOT_ENFORCEABLE_2026_09_05,EPA_MOVES5_TABLE_C1_PASSENGER_CAR_AGE_SPECIFIC_SURVIVAL_MONOTONE_AGE27_INTERPOLATION_AGE40_PLUS_RATE_REUSED
OH,Ohio,PUBLISHED_MARKET_PROJECTION_REBASED,AEO2026_ALTTRNP_STOCK_SHARE_REBASED_COHORT_INVERTED,NO_VEHICLE_RULE_38,REAL_CAPACITY_FHWA_MV1_2024_REGISTERED_AUTOMOBILES_AND_STI_V2_INTERSECTIONS,3805614.0,OFFICIAL_STATISTIC_FHWA_MV1_2024_REGISTERED_AUTOMOBILES,12767.0,OSM_CLUSTER_50M_CALIBRATED,CALIBRATED_ESTIMATE_95PCT_PREDICTION_INTERVAL,9584.0,17008.0,OBSERVED_NOAA_LCD_2023_EXPOSURE_TIMES_AUTHORED_RESPONSE_1_105_115,1.05438155,3,26230,,NATIONAL_CONSTANT_DISCLOSED,392.98333333333335,10787.0,AEO_PATH,POOLED_RATE_LOGISTIC_STOCK_FIT_COHORT_INVERTED,POOLED_LOGISTIC_FIT,CAMBIUM_BA_STATE_PATH_WITH_REGISTERED_STATUTORY_FLOOR,CAMBIUM_BA_STATE_PATH,NREL_CAMBIUM_2024_MIDCASE_BA_ROLLUP_TO_STATE_ADDITIVE_REBASED_WITH_CLIPPING_ON_REGISTERED_EGRID_S0G_WITH_THE_FIRST_HAND_REGISTERED_ENFORCEABLE_STANDARD_AS_A_FLOOR,ASYMPTOTIC,PUBLISHED_PROJECTION_WITH_ENACTED_STATUTE_AS_FLOOR,"NREL Cambium 2024 MidCase, balancing-area annual rolled up to state, generation-side attributional, additively rebased on the registered eGRID base-year share; the entry's own enforceable clean-electricity standard applied as a floor at its registered level from 2026, rising along the registered schedule; terminal registered level 0.085",2026.0,0.0089584601339014,0.159,0.5737592903757431,0.5737592903757431,EGRID2023_TWO_BLOCK_ATTRIBUTION_RESIDUAL,1.3337372831999998,,,,0,,0,2025,0.0089584601339014,0.020739782856331823,ADDITIVE_SHARE_DELTA_WITH_CLIPPING,"E_state(t) = clip(s0 + [E_source(t) - E_source(base)], 0, 1)",EIA_AEO2026_ALTTRNP_BEV_STOCK_SHARE_US,"U.S. Energy Information Administration, Annual Energy Outlook 2026, released 2026-04-08, Alternative Transportation case; battery electric vehicle share of light-duty vehicle stocks, United States, 2015-2050; file of record inputs/vehicle_market/raw/AEO2026_Narrative_Figures.xlsx sheet 5_EVStocks",PUBLISHED_PROJECTION_NO_ADDITIONAL_VEHICLE_POLICY,TREND,AUTHOR_POST_AEO_EXTENSION_NOT_AEO,,,,,0.057790484152668097,0.11266337972088775,0.19892553530226995,0.3378744687515898,0.19892553530226995,0.9,1.0,"{""2024"": 0.0089584601339014, ""2025"": 0.0089584601339014, ""2026"": 0.01607973050683186, ""2027"": 0.025758828304537067, ""2028"": 0.03629067471465066, ""2029"": 0.04774385694535446, ""2030"": 0.057790484152668097, ""2031"": 0.06713384108674095, ""2032"": 0.07657691243773768, ""2033"": 0.08816935114443415, ""2034"": 0.09995126270617485, ""2035"": 0.11266337972088775, ""2036"": 0.12433895486981847, ""2037"": 0.1297762263264761, ""2038"": 0.13058539008305933, ""2039"": 0.1340162432753698, ""2040"": 0.13856875787343245, ""2041"": 0.14384047227032612, ""2042"": 0.14986631026554859, ""2043"": 0.155785247563005, ""2044"": 0.16180283404422408, ""2045"": 0.16925377646792253, ""2046"": 0.17689313031973988, ""2047"": 0.1856199173695529, ""2048"": 0.19414616161828754, ""2049"": 0.1981053846513924, ""2050"": 0.19892553530226995, ""2051"": 0.20829757041996072, ""2052"": 0.2124683347403524, ""2053"": 0.2172371638930397, ""2054"": 0.2226297745799362, ""2055"": 0.2281508283788678, ""2056"": 0.23389244078088794, ""2057"": 0.240669499495309, ""2058"": 0.24774214838706463, ""2059"": 0.25569292480715405, ""2060"": 0.26370345459895805, ""2061"": 0.267731028263778, ""2062"": 0.26863016244991755, ""2063"": 0.2758015999446785, ""2064"": 0.279430394326227, ""2065"": 0.2836402956135756, ""2066"": 0.2884690560939155, ""2067"": 0.29353891967268214, ""2068"": 0.2989240526468077, ""2069"": 0.30532120552782055, ""2070"": 0.31215032558226546, ""2071"": 0.319951448473586, ""2072"": 0.328050287587853, ""2073"": 0.3317998574675425, ""2074"": 0.33176716485634405, ""2075"": 0.3378744687515898}","{""2024"": 0.159, ""2025"": 0.159, ""2030"": 0.18604597026187, ""2035"": 0.3192215417469959, ""2040"": 0.36585712605481857, ""2045"": 0.33795806379917404, ""2050"": 0.34775962125119475}",0.33795806379917404,0.34775962125119475,0.3949715045578057,0.34775962125119475,0.3967674085112983,ADDITIVE_SHARE_DELTA_WITH_CLIPPING,"L_state(t) = clip(s0g + [L_source(t) - L_source(base)], 0, 1)",AUTHOR_POST_CAMBIUM_EXTENSION_NOT_CAMBIUM,SHADE_2051_2075_AUTHOR_EXTENSION,REGISTERED_STATUTORY_SCHEDULE_FLOOR_OVER_PUBLISHED_NO_ADDITIONAL_POLICY_MARKET_PROJECTION_ON_AN_AGE_SPECIFIC_SURVIVAL_WEIGHTED_VEHICLE_STOCK,ENACTED_STATE_LAW_AS_WRITTEN_OVER_PUBLISHED_NO_ADDITIONAL_POLICY_PROJECTION__ACCII_FEDERAL_WAIVER_DISAPPROVED_PUBL_119_16__NOT_ENFORCEABLE_2026_09_05,NO_STATE_VEHICLE_RULE,EPA_MOVES5_TABLE_C1_PASSENGER_CAR_AGE_SPECIFIC_SURVIVAL_MONOTONE_AGE27_INTERPOLATION_AGE40_PLUS_RATE_REUSED
OK,Oklahoma,PUBLISHED_MARKET_PROJECTION_REBASED,AEO2026_ALTTRNP_STOCK_SHARE_REBASED_COHORT_INVERTED,NO_VEHICLE_RULE_38,REAL_CAPACITY_FHWA_MV1_2024_REGISTERED_AUTOMOBILES_AND_STI_V2_INTERSECTIONS,1061114.0,OFFICIAL_STATISTIC_FHWA_MV1_2024_REGISTERED_AUTOMOBILES,3045.0,OSM_CLUSTER_50M_CALIBRATED,CALIBRATED_ESTIMATE_95PCT_PREDICTION_INTERVAL,2286.0,4056.0,OBSERVED_NOAA_LCD_2023_EXPOSURE_TIMES_AUTHORED_RESPONSE_1_105_115,1.03846085,3,26189,,NATIONAL_CONSTANT_DISCLOSED,392.98333333333335,10787.0,AEO_PATH,POOLED_RATE_LOGISTIC_STOCK_FIT_COHORT_INVERTED,POOLED_LOGISTIC_FIT,CAMBIUM_BA_STATE_PATH,CAMBIUM_BA_STATE_PATH,NREL_CAMBIUM_2024_MIDCASE_BA_ROLLUP_TO_STATE_ADDITIVE_REBASED_WITH_CLIPPING_ON_REGISTERED_EGRID_S0G,ASYMPTOTIC,PUBLISHED_PROJECTION_NO_ENFORCEABLE_STANDARD,"NREL Cambium 2024 MidCase, balancing-area annual rolled up to state, generation-side attributional, additively rebased on the registered eGRID base-year share; this entry carries no enforceable clean-electricity standard and therefore no floor",,0.006193095161066691,0.4363983422687291,0.5208788032886967,0.5208788032886967,EGRID2023_TWO_BLOCK_ATTRIBUTION_RESIDUAL,1.3337372831999998,,,,0,,0,2025,0.006193095161066691,0.020739782856331823,ADDITIVE_SHARE_DELTA_WITH_CLIPPING,"E_state(t) = clip(s0 + [E_source(t) - E_source(base)], 0, 1)",EIA_AEO2026_ALTTRNP_BEV_STOCK_SHARE_US,"U.S. Energy Information Administration, Annual Energy Outlook 2026, released 2026-04-08, Alternative Transportation case; battery electric vehicle share of light-duty vehicle stocks, United States, 2015-2050; file of record inputs/vehicle_market/raw/AEO2026_Narrative_Figures.xlsx sheet 5_EVStocks",PUBLISHED_PROJECTION_NO_ADDITIONAL_VEHICLE_POLICY,TREND,AUTHOR_POST_AEO_EXTENSION_NOT_AEO,,,,,0.05502511917983338,0.10989801474805307,0.1961601703294357,0.3351091037787551,0.1961601703294357,0.9,1.0,"{""2024"": 0.006193095161066691, ""2025"": 0.00619309516106669, ""2026"": 0.013314365533997152, ""2027"": 0.02299346333170236, ""2028"": 0.03352530974181595, ""2029"": 0.04497849197251976, ""2030"": 0.05502511917983338, ""2031"": 0.06436847611390623, ""2032"": 0.07381154746490298, ""2033"": 0.08540398617159946, ""2034"": 0.0971858977333401, ""2035"": 0.10989801474805307, ""2036"": 0.12157358989698379, ""2037"": 0.1270108613536414, ""2038"": 0.12782002511022464, ""2039"": 0.13125087830253507, ""2040"": 0.13580339290059773, ""2041"": 0.14107510729749143, ""2042"": 0.14710094529271397, ""2043"": 0.15301988259017016, ""2044"": 0.15903746907138944, ""2045"": 0.1664884114950879, ""2046"": 0.17412776534690522, ""2047"": 0.18285455239671833, ""2048"": 0.19138079664545263, ""2049"": 0.19534001967855769, ""2050"": 0.1961601703294357, ""2051"": 0.2055322054471258, ""2052"": 0.20970296976751773, ""2053"": 0.21447179892020465, ""2054"": 0.21986440960710182, ""2055"": 0.22538546340603308, ""2056"": 0.23112707580805297, ""2057"": 0.23790413452247444, ""2058"": 0.24497678341423004, ""2059"": 0.25292755983431936, ""2060"": 0.26093808962612325, ""2061"": 0.26496566329094334, ""2062"": 0.26586479747708336, ""2063"": 0.2730362349718431, ""2064"": 0.2766650293533929, ""2065"": 0.28087493064074076, ""2066"": 0.28570369112108124, ""2067"": 0.29077355469984767, ""2068"": 0.2961586876739718, ""2069"": 0.30255584055498613, ""2070"": 0.3093849606094315, ""2071"": 0.31718608350075084, ""2072"": 0.3252849226150179, ""2073"": 0.32903449249470895, ""2074"": 0.3290017998835086, ""2075"": 0.3351091037787551}","{""2024"": 0.4363983422687291, ""2025"": 0.4363983422687291, ""2030"": 0.6145644600475334, ""2035"": 0.7066550472997837, ""2040"": 0.7243043655767692, ""2045"": 0.7446310400214583, ""2050"": 0.7573971128842053}",0.7446310400214583,0.7573971128842053,0.8135208325968657,0.7573971128842053,0.8212274771979403,ADDITIVE_SHARE_DELTA_WITH_CLIPPING,"L_state(t) = clip(s0g + [L_source(t) - L_source(base)], 0, 1)",AUTHOR_POST_CAMBIUM_EXTENSION_NOT_CAMBIUM,SHADE_2051_2075_AUTHOR_EXTENSION,REGISTERED_STATUTORY_SCHEDULE_FLOOR_OVER_PUBLISHED_NO_ADDITIONAL_POLICY_MARKET_PROJECTION_ON_AN_AGE_SPECIFIC_SURVIVAL_WEIGHTED_VEHICLE_STOCK,ENACTED_STATE_LAW_AS_WRITTEN_OVER_PUBLISHED_NO_ADDITIONAL_POLICY_PROJECTION__ACCII_FEDERAL_WAIVER_DISAPPROVED_PUBL_119_16__NOT_ENFORCEABLE_2026_09_05,NO_STATE_VEHICLE_RULE,EPA_MOVES5_TABLE_C1_PASSENGER_CAR_AGE_SPECIFIC_SURVIVAL_MONOTONE_AGE27_INTERPOLATION_AGE40_PLUS_RATE_REUSED
OR,Oregon,POLICY_SCHEDULE_FLOOR_OVER_MARKET_PROJECTION,ACCII_FULL_SCHEDULE_MY2035_100PCT,FULL_SCHEDULE_10,REAL_CAPACITY_FHWA_MV1_2024_REGISTERED_AUTOMOBILES_AND_STI_V2_INTERSECTIONS,1308985.0,OFFICIAL_STATISTIC_FHWA_MV1_2024_REGISTERED_AUTOMOBILES,3734.0,OSM_CLUSTER_50M_CALIBRATED,CALIBRATED_ESTIMATE_95PCT_PREDICTION_INTERVAL,2803.0,4974.0,OBSERVED_NOAA_LCD_2023_EXPOSURE_TIMES_AUTHORED_RESPONSE_1_105_115,1.05006675,3,26218,,NATIONAL_CONSTANT_DISCLOSED,392.98333333333335,10787.0,ACC_PATH,ACC_PATH,POLICY_SCHEDULE,CAMBIUM_BA_STATE_PATH_WITH_REGISTERED_STATUTORY_FLOOR,GRID_100_STATUTE,NREL_CAMBIUM_2024_MIDCASE_BA_ROLLUP_TO_STATE_ADDITIVE_REBASED_WITH_CLIPPING_ON_REGISTERED_EGRID_S0G_WITH_THE_FIRST_HAND_REGISTERED_ENFORCEABLE_STANDARD_AS_A_FLOOR,ASYMPTOTIC,PUBLISHED_PROJECTION_WITH_ENACTED_STATUTE_AS_FLOOR,"NREL Cambium 2024 MidCase, balancing-area annual rolled up to state, generation-side attributional, additively rebased on the registered eGRID base-year share; the entry's own enforceable clean-electricity standard applied as a floor at its registered level from 2040, rising along the registered schedule; terminal registered level 1.0",2040.0,0.025461158742530528,0.6204506503208184,0.4352032345294786,0.4352032345294786,EGRID2023_TWO_BLOCK_ATTRIBUTION_RESIDUAL,1.3337372831999998,2026.0,ACCII_13CCR_1962_4_FULL_TO_MY2035,2026-2075,50,2040-2075,36,2025,0.025461158742530528,0.020739782856331823,ADDITIVE_SHARE_DELTA_WITH_CLIPPING,"E_state(t) = clip(s0 + [E_source(t) - E_source(base)], 0, 1)",EIA_AEO2026_ALTTRNP_BEV_STOCK_SHARE_US,"U.S. Energy Information Administration, Annual Energy Outlook 2026, released 2026-04-08, Alternative Transportation case; battery electric vehicle share of light-duty vehicle stocks, United States, 2015-2050; file of record inputs/vehicle_market/raw/AEO2026_Narrative_Figures.xlsx sheet 5_EVStocks",ENACTED_REGULATION_AS_ADOPTED,TREND,AUTHOR_POST_AEO_EXTENSION_NOT_AEO,,,,,0.68,1.0,1.0,1.0,0.21542823391089913,0.8976131886215647,1.0,"{""2024"": 0.025461158742530528, ""2025"": 0.025461158742530528, ""2026"": 0.35, ""2027"": 0.43, ""2028"": 0.51, ""2029"": 0.59, ""2030"": 0.68, ""2031"": 0.76, ""2032"": 0.82, ""2033"": 0.88, ""2034"": 0.94, ""2035"": 1.0, ""2036"": 1.0, ""2037"": 1.0, ""2038"": 1.0, ""2039"": 1.0, ""2040"": 1.0, ""2041"": 1.0, ""2042"": 1.0, ""2043"": 1.0, ""2044"": 1.0, ""2045"": 1.0, ""2046"": 1.0, ""2047"": 1.0, ""2048"": 1.0, ""2049"": 1.0, ""2050"": 1.0, ""2051"": 1.0, ""2052"": 1.0, ""2053"": 1.0, ""2054"": 1.0, ""2055"": 1.0, ""2056"": 1.0, ""2057"": 1.0, ""2058"": 1.0, ""2059"": 1.0, ""2060"": 1.0, ""2061"": 1.0, ""2062"": 1.0, ""2063"": 1.0, ""2064"": 1.0, ""2065"": 1.0, ""2066"": 1.0, ""2067"": 1.0, ""2068"": 1.0, ""2069"": 1.0, ""2070"": 1.0, ""2071"": 1.0, ""2072"": 1.0, ""2073"": 1.0, ""2074"": 1.0, ""2075"": 1.0}","{""2024"": 0.6204506503208184, ""2025"": 0.6204506503208184, ""2030"": 0.6560684157033081, ""2035"": 0.6739772365494081, ""2040"": 1.0, ""2045"": 1.0, ""2050"": 1.0}",1.0,1.0,1.0,1.0,1.0,ADDITIVE_SHARE_DELTA_WITH_CLIPPING,"L_state(t) = clip(s0g + [L_source(t) - L_source(base)], 0, 1)",AUTHOR_POST_CAMBIUM_EXTENSION_NOT_CAMBIUM,SHADE_2051_2075_AUTHOR_EXTENSION,REGISTERED_STATUTORY_SCHEDULE_FLOOR_OVER_PUBLISHED_NO_ADDITIONAL_POLICY_MARKET_PROJECTION_ON_AN_AGE_SPECIFIC_SURVIVAL_WEIGHTED_VEHICLE_STOCK,ENACTED_STATE_LAW_AS_WRITTEN_OVER_PUBLISHED_NO_ADDITIONAL_POLICY_PROJECTION__ACCII_FEDERAL_WAIVER_DISAPPROVED_PUBL_119_16__NOT_ENFORCEABLE_2026_09_05,ENACTED_STATE_RULE__FEDERAL_WAIVER_DISAPPROVED_PUBL_119_16__NOT_ENFORCEABLE_2026_09_05,EPA_MOVES5_TABLE_C1_PASSENGER_CAR_AGE_SPECIFIC_SURVIVAL_MONOTONE_AGE27_INTERPOLATION_AGE40_PLUS_RATE_REUSED
PA,Pennsylvania,PUBLISHED_MARKET_PROJECTION_REBASED,AEO2026_ALTTRNP_STOCK_SHARE_REBASED_COHORT_INVERTED,NO_VEHICLE_RULE_38,REAL_CAPACITY_FHWA_MV1_2024_REGISTERED_AUTOMOBILES_AND_STI_V2_INTERSECTIONS,3371581.0,OFFICIAL_STATISTIC_FHWA_MV1_2024_REGISTERED_AUTOMOBILES,13579.0,AGENCY_ALL_OWNER_CENSUS,AGENCY_COUNT_NO_SAMPLING_ERROR,13579.0,13579.0,OBSERVED_NOAA_LCD_2023_EXPOSURE_TIMES_AUTHORED_RESPONSE_1_105_115,1.05363925,3,26242,,NATIONAL_CONSTANT_DISCLOSED,392.98333333333335,10787.0,AEO_PATH,POOLED_RATE_LOGISTIC_STOCK_FIT_COHORT_INVERTED,POOLED_LOGISTIC_FIT,CAMBIUM_BA_STATE_PATH_WITH_REGISTERED_STATUTORY_FLOOR,CAMBIUM_BA_STATE_PATH,NREL_CAMBIUM_2024_MIDCASE_BA_ROLLUP_TO_STATE_ADDITIVE_REBASED_WITH_CLIPPING_ON_REGISTERED_EGRID_S0G_WITH_THE_FIRST_HAND_REGISTERED_ENFORCEABLE_STANDARD_AS_A_FLOOR,ASYMPTOTIC,PUBLISHED_PROJECTION_WITH_ENACTED_STATUTE_AS_FLOOR,"NREL Cambium 2024 MidCase, balancing-area annual rolled up to state, generation-side attributional, additively rebased on the registered eGRID base-year share; the entry's own enforceable clean-electricity standard applied as a floor at its registered level from 2025, rising along the registered schedule; terminal registered level 0.08",2025.0,0.010955569080949483,0.3488797355028096,0.4498672849296245,0.4498672849296245,EGRID2023_TWO_BLOCK_ATTRIBUTION_RESIDUAL,1.3337372831999998,,,,0,,0,2025,0.010955569080949483,0.020739782856331823,ADDITIVE_SHARE_DELTA_WITH_CLIPPING,"E_state(t) = clip(s0 + [E_source(t) - E_source(base)], 0, 1)",EIA_AEO2026_ALTTRNP_BEV_STOCK_SHARE_US,"U.S. Energy Information Administration, Annual Energy Outlook 2026, released 2026-04-08, Alternative Transportation case; battery electric vehicle share of light-duty vehicle stocks, United States, 2015-2050; file of record inputs/vehicle_market/raw/AEO2026_Narrative_Figures.xlsx sheet 5_EVStocks",PUBLISHED_PROJECTION_NO_ADDITIONAL_VEHICLE_POLICY,TREND,AUTHOR_POST_AEO_EXTENSION_NOT_AEO,,,,,0.05978759309971617,0.11466048866793581,0.20092264424931808,0.339871577698638,0.20092264424931808,0.9,1.0,"{""2024"": 0.010955569080949483, ""2025"": 0.010955569080949483, ""2026"": 0.01807683945387994, ""2027"": 0.02775593725158515, ""2028"": 0.03828778366169875, ""2029"": 0.049740965892402546, ""2030"": 0.05978759309971617, ""2031"": 0.06913095003378904, ""2032"": 0.07857402138478572, ""2033"": 0.09016646009148228, ""2034"": 0.10194837165322289, ""2035"": 0.11466048866793581, ""2036"": 0.12633606381686652, ""2037"": 0.13177333527352408, ""2038"": 0.13258249903010755, ""2039"": 0.13601335222241784, ""2040"": 0.1405658668204805, ""2041"": 0.14583758121737428, ""2042"": 0.1518634192125968, ""2043"": 0.15778235651005304, ""2044"": 0.16379994299127226, ""2045"": 0.17125088541497063, ""2046"": 0.17889023926678801, ""2047"": 0.1876170263166009, ""2048"": 0.19614327056533545, ""2049"": 0.20010249359844076, ""2050"": 0.20092264424931808, ""2051"": 0.2102946793670087, ""2052"": 0.21446544368740053, ""2053"": 0.2192342728400878, ""2054"": 0.22462688352698434, ""2055"": 0.2301479373259162, ""2056"": 0.23588954972793574, ""2057"": 0.24266660844235716, ""2058"": 0.24973925733411298, ""2059"": 0.25769003375420185, ""2060"": 0.26570056354600613, ""2061"": 0.2697281372108264, ""2062"": 0.2706272713969655, ""2063"": 0.27779870889172625, ""2064"": 0.28142750327327487, ""2065"": 0.28563740456062375, ""2066"": 0.2904661650409642, ""2067"": 0.29553602861973016, ""2068"": 0.3009211615938556, ""2069"": 0.307318314474868, ""2070"": 0.3141474345293139, ""2071"": 0.3219485574206344, ""2072"": 0.3300473965349011, ""2073"": 0.33379696641459133, ""2074"": 0.33376427380339113, ""2075"": 0.339871577698638}","{""2024"": 0.3488797355028096, ""2025"": 0.3488797355028096, ""2030"": 0.4014282340150206, ""2035"": 0.444371675811063, ""2040"": 0.3998743638056488, ""2045"": 0.384750875217302, ""2050"": 0.3887989908888817}",0.384750875217302,0.3887989908888817,0.4087080941200947,0.3887989908888817,0.4090395692467802,ADDITIVE_SHARE_DELTA_WITH_CLIPPING,"L_state(t) = clip(s0g + [L_source(t) - L_source(base)], 0, 1)",AUTHOR_POST_CAMBIUM_EXTENSION_NOT_CAMBIUM,SHADE_2051_2075_AUTHOR_EXTENSION,REGISTERED_STATUTORY_SCHEDULE_FLOOR_OVER_PUBLISHED_NO_ADDITIONAL_POLICY_MARKET_PROJECTION_ON_AN_AGE_SPECIFIC_SURVIVAL_WEIGHTED_VEHICLE_STOCK,ENACTED_STATE_LAW_AS_WRITTEN_OVER_PUBLISHED_NO_ADDITIONAL_POLICY_PROJECTION__ACCII_FEDERAL_WAIVER_DISAPPROVED_PUBL_119_16__NOT_ENFORCEABLE_2026_09_05,NO_STATE_VEHICLE_RULE,EPA_MOVES5_TABLE_C1_PASSENGER_CAR_AGE_SPECIFIC_SURVIVAL_MONOTONE_AGE27_INTERPOLATION_AGE40_PLUS_RATE_REUSED
RI,Rhode Island,POLICY_SCHEDULE_FLOOR_OVER_MARKET_PROJECTION,ACCII_FULL_SCHEDULE_MY2035_100PCT,FULL_SCHEDULE_10,REAL_CAPACITY_FHWA_MV1_2024_REGISTERED_AUTOMOBILES_AND_STI_V2_INTERSECTIONS,308699.0,OFFICIAL_STATISTIC_FHWA_MV1_2024_REGISTERED_AUTOMOBILES,1023.0,OSM_CLUSTER_50M_CALIBRATED,CALIBRATED_ESTIMATE_95PCT_PREDICTION_INTERVAL,768.0,1363.0,OBSERVED_NOAA_LCD_2023_EXPOSURE_TIMES_AUTHORED_RESPONSE_1_105_115,1.05048545,3,25953,,NATIONAL_CONSTANT_DISCLOSED,392.98333333333335,10787.0,ACC_DELAYED_PLUS2,ACC_DELAYED_PLUS2,POLICY_SCHEDULE,CAMBIUM_BA_STATE_PATH_WITH_REGISTERED_STATUTORY_FLOOR,GRID_100_STATUTE,NREL_CAMBIUM_2024_MIDCASE_BA_ROLLUP_TO_STATE_ADDITIVE_REBASED_WITH_CLIPPING_ON_REGISTERED_EGRID_S0G_WITH_THE_FIRST_HAND_REGISTERED_ENFORCEABLE_STANDARD_AS_A_FLOOR,ASYMPTOTIC,PUBLISHED_PROJECTION_WITH_ENACTED_STATUTE_AS_FLOOR,"NREL Cambium 2024 MidCase, balancing-area annual rolled up to state, generation-side attributional, additively rebased on the registered eGRID base-year share; the entry's own enforceable clean-electricity standard applied as a floor at its registered level from 2025, rising along the registered schedule; terminal registered level 1.0",2025.0,0.012145247242533151,0.08070364545029685,0.41404024405031065,0.41404024405031065,EGRID2023_TWO_BLOCK_ATTRIBUTION_RESIDUAL,1.3337372831999998,2027.0,ACCII_13CCR_1962_4_FULL_TO_MY2035,2027-2075,49,"2025-2027,2030-2075",49,2025,0.012145247242533151,0.020739782856331823,ADDITIVE_SHARE_DELTA_WITH_CLIPPING,"E_state(t) = clip(s0 + [E_source(t) - E_source(base)], 0, 1)",EIA_AEO2026_ALTTRNP_BEV_STOCK_SHARE_US,"U.S. Energy Information Administration, Annual Energy Outlook 2026, released 2026-04-08, Alternative Transportation case; battery electric vehicle share of light-duty vehicle stocks, United States, 2015-2050; file of record inputs/vehicle_market/raw/AEO2026_Narrative_Figures.xlsx sheet 5_EVStocks",ENACTED_REGULATION_AS_ADOPTED,TREND,AUTHOR_POST_AEO_EXTENSION_NOT_AEO,,,,,0.68,1.0,1.0,1.0,0.20211232241090182,0.8823760875547962,1.0,"{""2024"": 0.012145247242533151, ""2025"": 0.012145247242533151, ""2026"": 0.019266517615463614, ""2027"": 0.43, ""2028"": 0.51, ""2029"": 0.59, ""2030"": 0.68, ""2031"": 0.76, ""2032"": 0.82, ""2033"": 0.88, ""2034"": 0.94, ""2035"": 1.0, ""2036"": 1.0, ""2037"": 1.0, ""2038"": 1.0, ""2039"": 1.0, ""2040"": 1.0, ""2041"": 1.0, ""2042"": 1.0, ""2043"": 1.0, ""2044"": 1.0, ""2045"": 1.0, ""2046"": 1.0, ""2047"": 1.0, ""2048"": 1.0, ""2049"": 1.0, ""2050"": 1.0, ""2051"": 1.0, ""2052"": 1.0, ""2053"": 1.0, ""2054"": 1.0, ""2055"": 1.0, ""2056"": 1.0, ""2057"": 1.0, ""2058"": 1.0, ""2059"": 1.0, ""2060"": 1.0, ""2061"": 1.0, ""2062"": 1.0, ""2063"": 1.0, ""2064"": 1.0, ""2065"": 1.0, ""2066"": 1.0, ""2067"": 1.0, ""2068"": 1.0, ""2069"": 1.0, ""2070"": 1.0, ""2071"": 1.0, ""2072"": 1.0, ""2073"": 1.0, ""2074"": 1.0, ""2075"": 1.0}","{""2024"": 0.08070364545029685, ""2025"": 0.355, ""2030"": 0.735, ""2035"": 1.0, ""2040"": 1.0, ""2045"": 1.0, ""2050"": 1.0}",1.0,1.0,1.0,1.0,1.0,ADDITIVE_SHARE_DELTA_WITH_CLIPPING,"L_state(t) = clip(s0g + [L_source(t) - L_source(base)], 0, 1)",AUTHOR_POST_CAMBIUM_EXTENSION_NOT_CAMBIUM,SHADE_2051_2075_AUTHOR_EXTENSION,REGISTERED_STATUTORY_SCHEDULE_FLOOR_OVER_PUBLISHED_NO_ADDITIONAL_POLICY_MARKET_PROJECTION_ON_AN_AGE_SPECIFIC_SURVIVAL_WEIGHTED_VEHICLE_STOCK,ENACTED_STATE_LAW_AS_WRITTEN_OVER_PUBLISHED_NO_ADDITIONAL_POLICY_PROJECTION__ACCII_FEDERAL_WAIVER_DISAPPROVED_PUBL_119_16__NOT_ENFORCEABLE_2026_09_05,ENACTED_STATE_RULE__FEDERAL_WAIVER_DISAPPROVED_PUBL_119_16__NOT_ENFORCEABLE_2026_09_05,EPA_MOVES5_TABLE_C1_PASSENGER_CAR_AGE_SPECIFIC_SURVIVAL_MONOTONE_AGE27_INTERPOLATION_AGE40_PLUS_RATE_REUSED
SC,South Carolina,PUBLISHED_MARKET_PROJECTION_REBASED,AEO2026_ALTTRNP_STOCK_SHARE_REBASED_COHORT_INVERTED,NO_VEHICLE_RULE_38,REAL_CAPACITY_FHWA_MV1_2024_REGISTERED_AUTOMOBILES_AND_STI_V2_INTERSECTIONS,1720378.0,OFFICIAL_STATISTIC_FHWA_MV1_2024_REGISTERED_AUTOMOBILES,4163.0,AGENCY_ALL_OWNER_CENSUS,AGENCY_COUNT_NO_SAMPLING_ERROR,4163.0,4163.0,OBSERVED_NOAA_LCD_2023_EXPOSURE_TIMES_AUTHORED_RESPONSE_1_105_115,1.03530495,3,25951,,NATIONAL_CONSTANT_DISCLOSED,392.98333333333335,10787.0,AEO_PATH,POOLED_RATE_LOGISTIC_STOCK_FIT_COHORT_INVERTED,POOLED_LOGISTIC_FIT,CAMBIUM_BA_STATE_PATH,CAMBIUM_BA_STATE_PATH,NREL_CAMBIUM_2024_MIDCASE_BA_ROLLUP_TO_STATE_ADDITIVE_REBASED_WITH_CLIPPING_ON_REGISTERED_EGRID_S0G,ASYMPTOTIC,PUBLISHED_PROJECTION_NO_ENFORCEABLE_STANDARD,"NREL Cambium 2024 MidCase, balancing-area annual rolled up to state, generation-side attributional, additively rebased on the registered eGRID base-year share; this entry carries no enforceable clean-electricity standard and therefore no floor",,0.006841701801456497,0.6134724363060908,0.6538457934403513,0.6538457934403513,EGRID2023_TWO_BLOCK_ATTRIBUTION_RESIDUAL,1.3337372831999998,,,,0,,0,2025,0.006841701801456497,0.020739782856331823,ADDITIVE_SHARE_DELTA_WITH_CLIPPING,"E_state(t) = clip(s0 + [E_source(t) - E_source(base)], 0, 1)",EIA_AEO2026_ALTTRNP_BEV_STOCK_SHARE_US,"U.S. Energy Information Administration, Annual Energy Outlook 2026, released 2026-04-08, Alternative Transportation case; battery electric vehicle share of light-duty vehicle stocks, United States, 2015-2050; file of record inputs/vehicle_market/raw/AEO2026_Narrative_Figures.xlsx sheet 5_EVStocks",PUBLISHED_PROJECTION_NO_ADDITIONAL_VEHICLE_POLICY,TREND,AUTHOR_POST_AEO_EXTENSION_NOT_AEO,,,,,0.05567372582022319,0.11054662138844285,0.19680877696982532,0.33575771041914415,0.19680877696982532,0.9,1.0,"{""2024"": 0.006841701801456497, ""2025"": 0.006841701801456497, ""2026"": 0.01396297217438696, ""2027"": 0.023642069972092162, ""2028"": 0.034173916382205766, ""2029"": 0.045627098612909554, ""2030"": 0.05567372582022319, ""2031"": 0.06501708275429605, ""2032"": 0.07446015410529273, ""2033"": 0.0860525928119893, ""2034"": 0.09783450437372984, ""2035"": 0.11054662138844285, ""2036"": 0.12222219653737355, ""2037"": 0.1276594679940311, ""2038"": 0.1284686317506146, ""2039"": 0.1318994849429248, ""2040"": 0.13645199954098747, ""2041"": 0.14172371393788127, ""2042"": 0.14774955193310385, ""2043"": 0.1536684892305597, ""2044"": 0.15968607571177934, ""2045"": 0.16713701813547777, ""2046"": 0.17477637198729495, ""2047"": 0.18350315903710826, ""2048"": 0.19202940328584253, ""2049"": 0.19598862631894734, ""2050"": 0.19680877696982532, ""2051"": 0.20618081208751576, ""2052"": 0.21035157640790733, ""2053"": 0.21512040556059467, ""2054"": 0.22051301624749145, ""2055"": 0.226034070046423, ""2056"": 0.23177568244844263, ""2057"": 0.23855274116286448, ""2058"": 0.24562539005461972, ""2059"": 0.25357616647470904, ""2060"": 0.26158669626651315, ""2061"": 0.26561426993133314, ""2062"": 0.26651340411747293, ""2063"": 0.2736848416122331, ""2064"": 0.2773136359937828, ""2065"": 0.28152353728113005, ""2066"": 0.2863522977614711, ""2067"": 0.29142216134023763, ""2068"": 0.29680729431436215, ""2069"": 0.30320444719537604, ""2070"": 0.31003356724982023, ""2071"": 0.31783469014114096, ""2072"": 0.3259335292554081, ""2073"": 0.32968309913509863, ""2074"": 0.32965040652389865, ""2075"": 0.33575771041914415}","{""2024"": 0.6134724363060908, ""2025"": 0.6134724363060908, ""2030"": 0.5903794418569611, ""2035"": 0.9005439163051777, ""2040"": 0.9263412477826742, ""2045"": 0.9474531387863391, ""2050"": 0.9645750460229559}",0.9474531387863391,0.9645750460229559,0.9968393694937665,0.9645750460229559,1.0,ADDITIVE_SHARE_DELTA_WITH_CLIPPING,"L_state(t) = clip(s0g + [L_source(t) - L_source(base)], 0, 1)",AUTHOR_POST_CAMBIUM_EXTENSION_NOT_CAMBIUM,SHADE_2051_2075_AUTHOR_EXTENSION,REGISTERED_STATUTORY_SCHEDULE_FLOOR_OVER_PUBLISHED_NO_ADDITIONAL_POLICY_MARKET_PROJECTION_ON_AN_AGE_SPECIFIC_SURVIVAL_WEIGHTED_VEHICLE_STOCK,ENACTED_STATE_LAW_AS_WRITTEN_OVER_PUBLISHED_NO_ADDITIONAL_POLICY_PROJECTION__ACCII_FEDERAL_WAIVER_DISAPPROVED_PUBL_119_16__NOT_ENFORCEABLE_2026_09_05,NO_STATE_VEHICLE_RULE,EPA_MOVES5_TABLE_C1_PASSENGER_CAR_AGE_SPECIFIC_SURVIVAL_MONOTONE_AGE27_INTERPOLATION_AGE40_PLUS_RATE_REUSED
SD,South Dakota,PUBLISHED_MARKET_PROJECTION_REBASED,AEO2026_ALTTRNP_STOCK_SHARE_REBASED_COHORT_INVERTED,NO_VEHICLE_RULE_38,REAL_CAPACITY_FHWA_MV1_2024_REGISTERED_AUTOMOBILES_AND_STI_V2_INTERSECTIONS,282489.0,OFFICIAL_STATISTIC_FHWA_MV1_2024_REGISTERED_AUTOMOBILES,672.0,OSM_CLUSTER_50M_CALIBRATED,CALIBRATED_ESTIMATE_95PCT_PREDICTION_INTERVAL,504.0,895.0,OBSERVED_NOAA_LCD_2023_EXPOSURE_TIMES_AUTHORED_RESPONSE_1_105_115,1.0474063,3,26198,,NATIONAL_CONSTANT_DISCLOSED,392.98333333333335,10787.0,AEO_PATH,POOLED_RATE_LOGISTIC_STOCK_FIT_COHORT_INVERTED,POOLED_LOGISTIC_FIT,CAMBIUM_BA_STATE_PATH_WITH_REGISTERED_STATUTORY_FLOOR,CAMBIUM_BA_STATE_PATH,NREL_CAMBIUM_2024_MIDCASE_BA_ROLLUP_TO_STATE_ADDITIVE_REBASED_WITH_CLIPPING_ON_REGISTERED_EGRID_S0G_WITH_THE_FIRST_HAND_REGISTERED_ENFORCEABLE_STANDARD_AS_A_FLOOR,ASYMPTOTIC,PUBLISHED_PROJECTION_WITH_ENACTED_STATUTE_AS_FLOOR,"NREL Cambium 2024 MidCase, balancing-area annual rolled up to state, generation-side attributional, additively rebased on the registered eGRID base-year share; the entry's own enforceable clean-electricity standard applied as a floor at its registered level from 2025, rising along the registered schedule; terminal registered level 0.1",2025.0,0.003234850118611171,0.7873397270227472,0.7124714193893974,0.7124714193893974,EGRID2023_TWO_BLOCK_ATTRIBUTION_RESIDUAL,1.3337372831999998,,,,0,,0,2025,0.003234850118611171,0.020739782856331823,ADDITIVE_SHARE_DELTA_WITH_CLIPPING,"E_state(t) = clip(s0 + [E_source(t) - E_source(base)], 0, 1)",EIA_AEO2026_ALTTRNP_BEV_STOCK_SHARE_US,"U.S. Energy Information Administration, Annual Energy Outlook 2026, released 2026-04-08, Alternative Transportation case; battery electric vehicle share of light-duty vehicle stocks, United States, 2015-2050; file of record inputs/vehicle_market/raw/AEO2026_Narrative_Figures.xlsx sheet 5_EVStocks",PUBLISHED_PROJECTION_NO_ADDITIONAL_VEHICLE_POLICY,TREND,AUTHOR_POST_AEO_EXTENSION_NOT_AEO,,,,,0.05206687413737787,0.10693976970559747,0.19320192528697983,0.33215085873629935,0.19320192528697983,0.9,1.0,"{""2024"": 0.003234850118611171, ""2025"": 0.003234850118611171, ""2026"": 0.010356120491541634, ""2027"": 0.02003521828924684, ""2028"": 0.030567064699360436, ""2029"": 0.04202024693006424, ""2030"": 0.05206687413737787, ""2031"": 0.06141023107145072, ""2032"": 0.07085330242244743, ""2033"": 0.08244574112914393, ""2034"": 0.09422765269088458, ""2035"": 0.10693976970559747, ""2036"": 0.11861534485452829, ""2037"": 0.12405261631118579, ""2038"": 0.12486178006776914, ""2039"": 0.12829263326007959, ""2040"": 0.13284514785814225, ""2041"": 0.1381168622550358, ""2042"": 0.14414270025025863, ""2043"": 0.15006163754771437, ""2044"": 0.15607922402893407, ""2045"": 0.16353016645263238, ""2046"": 0.17116952030444965, ""2047"": 0.17989630735426237, ""2048"": 0.18842255160299745, ""2049"": 0.1923817746361022, ""2050"": 0.19320192528697983, ""2051"": 0.20257396040467057, ""2052"": 0.20674472472506178, ""2053"": 0.21151355387774937, ""2054"": 0.21690616456464612, ""2055"": 0.22242721836357765, ""2056"": 0.22816883076559777, ""2057"": 0.23494588948001904, ""2058"": 0.24201853837177403, ""2059"": 0.2499693147918637, ""2060"": 0.2579798445836679, ""2061"": 0.2620074182484878, ""2062"": 0.26290655243462757, ""2063"": 0.27007798992938775, ""2064"": 0.2737067843109372, ""2065"": 0.277916685598285, ""2066"": 0.2827454460786263, ""2067"": 0.28781530965739166, ""2068"": 0.29320044263151773, ""2069"": 0.2995975955125301, ""2070"": 0.30642671556697537, ""2071"": 0.3142278384582948, ""2072"": 0.3223266775725637, ""2073"": 0.3260762474522526, ""2074"": 0.3260435548410531, ""2075"": 0.33215085873629935}","{""2024"": 0.7873397270227472, ""2025"": 0.7873397270227472, ""2030"": 0.8275800771185788, ""2035"": 0.8348079128118469, ""2040"": 0.8414669351983762, ""2045"": 0.8430265626867308, ""2050"": 0.8421597947791213}",0.8430265626867308,0.8421597947791213,0.8421597947791213,0.8421597947791213,0.8378259552410736,ADDITIVE_SHARE_DELTA_WITH_CLIPPING,"L_state(t) = clip(s0g + [L_source(t) - L_source(base)], 0, 1)",AUTHOR_POST_CAMBIUM_EXTENSION_NOT_CAMBIUM,SHADE_2051_2075_AUTHOR_EXTENSION,REGISTERED_STATUTORY_SCHEDULE_FLOOR_OVER_PUBLISHED_NO_ADDITIONAL_POLICY_MARKET_PROJECTION_ON_AN_AGE_SPECIFIC_SURVIVAL_WEIGHTED_VEHICLE_STOCK,ENACTED_STATE_LAW_AS_WRITTEN_OVER_PUBLISHED_NO_ADDITIONAL_POLICY_PROJECTION__ACCII_FEDERAL_WAIVER_DISAPPROVED_PUBL_119_16__NOT_ENFORCEABLE_2026_09_05,NO_STATE_VEHICLE_RULE,EPA_MOVES5_TABLE_C1_PASSENGER_CAR_AGE_SPECIFIC_SURVIVAL_MONOTONE_AGE27_INTERPOLATION_AGE40_PLUS_RATE_REUSED
TN,Tennessee,PUBLISHED_MARKET_PROJECTION_REBASED,AEO2026_ALTTRNP_STOCK_SHARE_REBASED_COHORT_INVERTED,NO_VEHICLE_RULE_38,REAL_CAPACITY_FHWA_MV1_2024_REGISTERED_AUTOMOBILES_AND_STI_V2_INTERSECTIONS,2253028.0,OFFICIAL_STATISTIC_FHWA_MV1_2024_REGISTERED_AUTOMOBILES,5145.0,OSM_CLUSTER_50M_CALIBRATED,CALIBRATED_ESTIMATE_95PCT_PREDICTION_INTERVAL,3862.0,6854.0,OBSERVED_NOAA_LCD_2023_EXPOSURE_TIMES_AUTHORED_RESPONSE_1_105_115,1.04382515,3,26159,,NATIONAL_CONSTANT_DISCLOSED,392.98333333333335,10787.0,AEO_PATH,POOLED_RATE_LOGISTIC_STOCK_FIT_COHORT_INVERTED,POOLED_LOGISTIC_FIT,CAMBIUM_BA_STATE_PATH,CAMBIUM_BA_STATE_PATH,NREL_CAMBIUM_2024_MIDCASE_BA_ROLLUP_TO_STATE_ADDITIVE_REBASED_WITH_CLIPPING_ON_REGISTERED_EGRID_S0G,ASYMPTOTIC,PUBLISHED_PROJECTION_NO_ENFORCEABLE_STANDARD,"NREL Cambium 2024 MidCase, balancing-area annual rolled up to state, generation-side attributional, additively rebased on the registered eGRID base-year share; this entry carries no enforceable clean-electricity standard and therefore no floor",,0.008388220152926035,0.6026111431440948,0.7502256067559883,0.7502256067559883,EGRID2023_TWO_BLOCK_ATTRIBUTION_RESIDUAL,1.3337372831999998,,,,0,,0,2025,0.008388220152926035,0.020739782856331823,ADDITIVE_SHARE_DELTA_WITH_CLIPPING,"E_state(t) = clip(s0 + [E_source(t) - E_source(base)], 0, 1)",EIA_AEO2026_ALTTRNP_BEV_STOCK_SHARE_US,"U.S. Energy Information Administration, Annual Energy Outlook 2026, released 2026-04-08, Alternative Transportation case; battery electric vehicle share of light-duty vehicle stocks, United States, 2015-2050; file of record inputs/vehicle_market/raw/AEO2026_Narrative_Figures.xlsx sheet 5_EVStocks",PUBLISHED_PROJECTION_NO_ADDITIONAL_VEHICLE_POLICY,TREND,AUTHOR_POST_AEO_EXTENSION_NOT_AEO,,,,,0.057220244171692726,0.11209313973991232,0.19835529532129487,0.33730422877061444,0.19835529532129487,0.9,1.0,"{""2024"": 0.008388220152926035, ""2025"": 0.008388220152926035, ""2026"": 0.015509490525856498, ""2027"": 0.025188588323561703, ""2028"": 0.035720434733675296, ""2029"": 0.047173616964379106, ""2030"": 0.057220244171692726, ""2031"": 0.06656360110576556, ""2032"": 0.0760066724567623, ""2033"": 0.08759911116345884, ""2034"": 0.09938102272519941, ""2035"": 0.11209313973991232, ""2036"": 0.12376871488884313, ""2037"": 0.12920598634550073, ""2038"": 0.13001515010208406, ""2039"": 0.1334460032943944, ""2040"": 0.13799851789245707, ""2041"": 0.1432702322893508, ""2042"": 0.14929607028457337, ""2043"": 0.15521500758202947, ""2044"": 0.16123259406324872, ""2045"": 0.16868353648694717, ""2046"": 0.17632289033876475, ""2047"": 0.18504967738857736, ""2048"": 0.19357592163731252, ""2049"": 0.1975351446704166, ""2050"": 0.19835529532129487, ""2051"": 0.20772733043898542, ""2052"": 0.2118980947593768, ""2053"": 0.21666692391206435, ""2054"": 0.22205953459896086, ""2055"": 0.22758058839789252, ""2056"": 0.233322200799912, ""2057"": 0.24009925951433408, ""2058"": 0.24717190840608927, ""2059"": 0.25512268482617856, ""2060"": 0.2631332146179834, ""2061"": 0.2671607882828022, ""2062"": 0.26805992246894217, ""2063"": 0.275231359963703, ""2064"": 0.27886015434525213, ""2065"": 0.28307005563260024, ""2066"": 0.2878988161129404, ""2067"": 0.2929686796917074, ""2068"": 0.29835381266583094, ""2069"": 0.30475096554684583, ""2070"": 0.3115800856012901, ""2071"": 0.31938120849261004, ""2072"": 0.3274800476068784, ""2073"": 0.3312296174865677, ""2074"": 0.33119692487536734, ""2075"": 0.33730422877061444}","{""2024"": 0.6026111431440948, ""2025"": 0.6026111431440948, ""2030"": 0.60819788827486, ""2035"": 0.928397621832861, ""2040"": 0.9576912473780795, ""2045"": 0.9780443965517925, ""2050"": 0.9922224914180225}",0.9780443965517925,0.9922224914180225,0.9999991442814008,0.9922224914180225,1.0,ADDITIVE_SHARE_DELTA_WITH_CLIPPING,"L_state(t) = clip(s0g + [L_source(t) - L_source(base)], 0, 1)",AUTHOR_POST_CAMBIUM_EXTENSION_NOT_CAMBIUM,SHADE_2051_2075_AUTHOR_EXTENSION,REGISTERED_STATUTORY_SCHEDULE_FLOOR_OVER_PUBLISHED_NO_ADDITIONAL_POLICY_MARKET_PROJECTION_ON_AN_AGE_SPECIFIC_SURVIVAL_WEIGHTED_VEHICLE_STOCK,ENACTED_STATE_LAW_AS_WRITTEN_OVER_PUBLISHED_NO_ADDITIONAL_POLICY_PROJECTION__ACCII_FEDERAL_WAIVER_DISAPPROVED_PUBL_119_16__NOT_ENFORCEABLE_2026_09_05,NO_STATE_VEHICLE_RULE,EPA_MOVES5_TABLE_C1_PASSENGER_CAR_AGE_SPECIFIC_SURVIVAL_MONOTONE_AGE27_INTERPOLATION_AGE40_PLUS_RATE_REUSED
TX,Texas,PUBLISHED_MARKET_PROJECTION_REBASED,AEO2026_ALTTRNP_STOCK_SHARE_REBASED_COHORT_INVERTED,NO_VEHICLE_RULE_38,REAL_CAPACITY_FHWA_MV1_2024_REGISTERED_AUTOMOBILES_AND_STI_V2_INTERSECTIONS,7281613.0,OFFICIAL_STATISTIC_FHWA_MV1_2024_REGISTERED_AUTOMOBILES,24007.0,OSM_CLUSTER_50M_CALIBRATED,CALIBRATED_ESTIMATE_95PCT_PREDICTION_INTERVAL,18021.0,31981.0,OBSERVED_NOAA_LCD_2023_EXPOSURE_TIMES_AUTHORED_RESPONSE_1_105_115,1.0429685499999999,3,26229,,NATIONAL_CONSTANT_DISCLOSED,392.98333333333335,10787.0,AEO_PATH,POOLED_RATE_LOGISTIC_STOCK_FIT_COHORT_INVERTED,POOLED_LOGISTIC_FIT,CAMBIUM_BA_STATE_PATH,CAMBIUM_BA_STATE_PATH,NREL_CAMBIUM_2024_MIDCASE_BA_ROLLUP_TO_STATE_ADDITIVE_REBASED_WITH_CLIPPING_ON_REGISTERED_EGRID_S0G,ASYMPTOTIC,PUBLISHED_PROJECTION_NO_ENFORCEABLE_STANDARD,"NREL Cambium 2024 MidCase, balancing-area annual rolled up to state, generation-side attributional, additively rebased on the registered eGRID base-year share; this entry carries no enforceable clean-electricity standard and therefore no floor",,0.014507570225402854,0.34879240797062294,0.5351637990817043,0.5351637990817043,EGRID2023_TWO_BLOCK_ATTRIBUTION_RESIDUAL,1.3337372831999998,,,,0,,0,2025,0.014507570225402854,0.020739782856331823,ADDITIVE_SHARE_DELTA_WITH_CLIPPING,"E_state(t) = clip(s0 + [E_source(t) - E_source(base)], 0, 1)",EIA_AEO2026_ALTTRNP_BEV_STOCK_SHARE_US,"U.S. Energy Information Administration, Annual Energy Outlook 2026, released 2026-04-08, Alternative Transportation case; battery electric vehicle share of light-duty vehicle stocks, United States, 2015-2050; file of record inputs/vehicle_market/raw/AEO2026_Narrative_Figures.xlsx sheet 5_EVStocks",PUBLISHED_PROJECTION_NO_ADDITIONAL_VEHICLE_POLICY,TREND,AUTHOR_POST_AEO_EXTENSION_NOT_AEO,,,,,0.06333959424416954,0.11821248981238915,0.20447464539377147,0.34342357884309055,0.20447464539377147,0.9,1.0,"{""2024"": 0.014507570225402854, ""2025"": 0.014507570225402855, ""2026"": 0.021628840598333317, ""2027"": 0.03130793839603852, ""2028"": 0.041839784806152115, ""2029"": 0.05329296703685592, ""2030"": 0.06333959424416954, ""2031"": 0.0726829511782424, ""2032"": 0.08212602252923912, ""2033"": 0.09371846123593562, ""2034"": 0.10550037279767625, ""2035"": 0.11821248981238915, ""2036"": 0.12988806496132005, ""2037"": 0.1353253364179775, ""2038"": 0.1361345001745607, ""2039"": 0.1395653533668714, ""2040"": 0.14411786796493387, ""2041"": 0.14938958236182776, ""2042"": 0.15541542035705005, ""2043"": 0.16133435765450638, ""2044"": 0.16735194413572557, ""2045"": 0.1748028865594241, ""2046"": 0.1824422404112414, ""2047"": 0.19116902746105413, ""2048"": 0.1996952717097892, ""2049"": 0.2036544947428939, ""2050"": 0.20447464539377147, ""2051"": 0.21384668051146222, ""2052"": 0.21801744483185345, ""2053"": 0.22278627398454143, ""2054"": 0.22817888467143796, ""2055"": 0.23369993847036918, ""2056"": 0.23944155087238925, ""2057"": 0.24621860958681055, ""2058"": 0.25329125847856604, ""2059"": 0.2612420348986556, ""2060"": 0.2692525646904594, ""2061"": 0.2732801383552797, ""2062"": 0.27417927254141916, ""2063"": 0.28135071003617934, ""2064"": 0.2849795044177281, ""2065"": 0.28918940570507756, ""2066"": 0.29401816618541743, ""2067"": 0.2990880297641836, ""2068"": 0.3044731627383088, ""2069"": 0.3108703156193214, ""2070"": 0.3176994356737674, ""2071"": 0.3255005585650874, ""2072"": 0.33359939767935404, ""2073"": 0.3373489675590451, ""2074"": 0.3373162749478447, ""2075"": 0.34342357884309055}","{""2024"": 0.34879240797062294, ""2025"": 0.34879240797062294, ""2030"": 0.5336377007478786, ""2035"": 0.6207587158062605, ""2040"": 0.6205269911417302, ""2045"": 0.6433758650923964, ""2050"": 0.6654167675132132}",0.6433758650923964,0.6654167675132132,0.7593106233772275,0.6654167675132132,0.7756212796172972,ADDITIVE_SHARE_DELTA_WITH_CLIPPING,"L_state(t) = clip(s0g + [L_source(t) - L_source(base)], 0, 1)",AUTHOR_POST_CAMBIUM_EXTENSION_NOT_CAMBIUM,SHADE_2051_2075_AUTHOR_EXTENSION,REGISTERED_STATUTORY_SCHEDULE_FLOOR_OVER_PUBLISHED_NO_ADDITIONAL_POLICY_MARKET_PROJECTION_ON_AN_AGE_SPECIFIC_SURVIVAL_WEIGHTED_VEHICLE_STOCK,ENACTED_STATE_LAW_AS_WRITTEN_OVER_PUBLISHED_NO_ADDITIONAL_POLICY_PROJECTION__ACCII_FEDERAL_WAIVER_DISAPPROVED_PUBL_119_16__NOT_ENFORCEABLE_2026_09_05,NO_STATE_VEHICLE_RULE,EPA_MOVES5_TABLE_C1_PASSENGER_CAR_AGE_SPECIFIC_SURVIVAL_MONOTONE_AGE27_INTERPOLATION_AGE40_PLUS_RATE_REUSED
UT,Utah,PUBLISHED_MARKET_PROJECTION_REBASED,AEO2026_ALTTRNP_STOCK_SHARE_REBASED_COHORT_INVERTED,NO_VEHICLE_RULE_38,REAL_CAPACITY_FHWA_MV1_2024_REGISTERED_AUTOMOBILES_AND_STI_V2_INTERSECTIONS,970972.0,OFFICIAL_STATISTIC_FHWA_MV1_2024_REGISTERED_AUTOMOBILES,2278.0,AGENCY_ALL_OWNER_CENSUS,AGENCY_COUNT_NO_SAMPLING_ERROR,2278.0,2278.0,OBSERVED_NOAA_LCD_2023_EXPOSURE_TIMES_AUTHORED_RESPONSE_1_105_115,1.03477785,3,25706,,NATIONAL_CONSTANT_DISCLOSED,392.98333333333335,10787.0,AEO_PATH,POOLED_RATE_LOGISTIC_STOCK_FIT_COHORT_INVERTED,POOLED_LOGISTIC_FIT,CAMBIUM_BA_STATE_PATH_WITH_REGISTERED_STATUTORY_FLOOR,CAMBIUM_BA_STATE_PATH,NREL_CAMBIUM_2024_MIDCASE_BA_ROLLUP_TO_STATE_ADDITIVE_REBASED_WITH_CLIPPING_ON_REGISTERED_EGRID_S0G_WITH_THE_FIRST_HAND_REGISTERED_ENFORCEABLE_STANDARD_AS_A_FLOOR,ASYMPTOTIC,PUBLISHED_PROJECTION_WITH_ENACTED_STATUTE_AS_FLOOR,"NREL Cambium 2024 MidCase, balancing-area annual rolled up to state, generation-side attributional, additively rebased on the registered eGRID base-year share; the entry's own enforceable clean-electricity standard applied as a floor at its registered level from 2025, rising along the registered schedule; terminal registered level 0.2",2025.0,0.02125940200161621,0.18390204529298837,0.7853648368658549,0.7853648368658549,EGRID2023_TWO_BLOCK_ATTRIBUTION_RESIDUAL,1.3337372831999998,,,,0,2025-2026,2,2025,0.02125940200161621,0.020739782856331823,ADDITIVE_SHARE_DELTA_WITH_CLIPPING,"E_state(t) = clip(s0 + [E_source(t) - E_source(base)], 0, 1)",EIA_AEO2026_ALTTRNP_BEV_STOCK_SHARE_US,"U.S. Energy Information Administration, Annual Energy Outlook 2026, released 2026-04-08, Alternative Transportation case; battery electric vehicle share of light-duty vehicle stocks, United States, 2015-2050; file of record inputs/vehicle_market/raw/AEO2026_Narrative_Figures.xlsx sheet 5_EVStocks",PUBLISHED_PROJECTION_NO_ADDITIONAL_VEHICLE_POLICY,TREND,AUTHOR_POST_AEO_EXTENSION_NOT_AEO,,,,,0.07009142602038292,0.12496432158860246,0.21122647716998472,0.3501754106193051,0.21122647716998472,0.9,1.0,"{""2024"": 0.02125940200161621, ""2025"": 0.02125940200161621, ""2026"": 0.028380672374546678, ""2027"": 0.03805977017225188, ""2028"": 0.048591616582365466, ""2029"": 0.06004479881306928, ""2030"": 0.07009142602038292, ""2031"": 0.07943478295445576, ""2032"": 0.08887785430545245, ""2033"": 0.10047029301214898, ""2034"": 0.11225220457388965, ""2035"": 0.12496432158860246, ""2036"": 0.13663989673753338, ""2037"": 0.14207716819419092, ""2038"": 0.14288633195077405, ""2039"": 0.14631718514308473, ""2040"": 0.15086969974114725, ""2041"": 0.15614141413804095, ""2042"": 0.1621672521332635, ""2043"": 0.1680861894307198, ""2044"": 0.17410377591193893, ""2045"": 0.18155471833563727, ""2046"": 0.18919407218745474, ""2047"": 0.19792085923726785, ""2048"": 0.20644710348600243, ""2049"": 0.2104063265191072, ""2050"": 0.21122647716998472, ""2051"": 0.22059851228767552, ""2052"": 0.2247692766080674, ""2053"": 0.22953810576075429, ""2054"": 0.2349307164476512, ""2055"": 0.24045177024658274, ""2056"": 0.2461933826486025, ""2057"": 0.25297044136302393, ""2058"": 0.26004309025477934, ""2059"": 0.26799386667486896, ""2060"": 0.27600439646667274, ""2061"": 0.2800319701314931, ""2062"": 0.280931104317632, ""2063"": 0.28810254181239314, ""2064"": 0.2917313361939423, ""2065"": 0.2959412374812898, ""2066"": 0.3007699979616307, ""2067"": 0.3058398615403972, ""2068"": 0.311224994514522, ""2069"": 0.3176221473955356, ""2070"": 0.3244512674499801, ""2071"": 0.3322523903413011, ""2072"": 0.3403512294555674, ""2073"": 0.34410079933525844, ""2074"": 0.3440681067240573, ""2075"": 0.3501754106193051}","{""2024"": 0.18390204529298837, ""2025"": 0.2, ""2030"": 0.261234974361587, ""2035"": 0.5221098370594304, ""2040"": 0.5356187237416827, ""2045"": 0.5205892768171321, ""2050"": 0.5886571829265091}",0.5205892768171321,0.5886571829265091,0.8201648888140668,0.5886571829265091,0.9289967134733945,ADDITIVE_SHARE_DELTA_WITH_CLIPPING,"L_state(t) = clip(s0g + [L_source(t) - L_source(base)], 0, 1)",AUTHOR_POST_CAMBIUM_EXTENSION_NOT_CAMBIUM,SHADE_2051_2075_AUTHOR_EXTENSION,REGISTERED_STATUTORY_SCHEDULE_FLOOR_OVER_PUBLISHED_NO_ADDITIONAL_POLICY_MARKET_PROJECTION_ON_AN_AGE_SPECIFIC_SURVIVAL_WEIGHTED_VEHICLE_STOCK,ENACTED_STATE_LAW_AS_WRITTEN_OVER_PUBLISHED_NO_ADDITIONAL_POLICY_PROJECTION__ACCII_FEDERAL_WAIVER_DISAPPROVED_PUBL_119_16__NOT_ENFORCEABLE_2026_09_05,NO_STATE_VEHICLE_RULE,EPA_MOVES5_TABLE_C1_PASSENGER_CAR_AGE_SPECIFIC_SURVIVAL_MONOTONE_AGE27_INTERPOLATION_AGE40_PLUS_RATE_REUSED
VA,Virginia,PUBLISHED_MARKET_PROJECTION_REBASED,AEO2026_ALTTRNP_STOCK_SHARE_REBASED_COHORT_INVERTED,NO_VEHICLE_RULE_38,REAL_CAPACITY_FHWA_MV1_2024_REGISTERED_AUTOMOBILES_AND_STI_V2_INTERSECTIONS,2833864.0,OFFICIAL_STATISTIC_FHWA_MV1_2024_REGISTERED_AUTOMOBILES,7726.0,OSM_CLUSTER_50M_CALIBRATED,CALIBRATED_ESTIMATE_95PCT_PREDICTION_INTERVAL,5800.0,10292.0,OBSERVED_NOAA_LCD_2023_EXPOSURE_TIMES_AUTHORED_RESPONSE_1_105_115,1.0497253,3,26030,,NATIONAL_CONSTANT_DISCLOSED,392.98333333333335,10787.0,AEO_PATH,POOLED_RATE_LOGISTIC_STOCK_FIT_COHORT_INVERTED,POOLED_LOGISTIC_FIT,CAMBIUM_BA_STATE_PATH_WITH_REGISTERED_STATUTORY_FLOOR,GRID_100_STATUTE,NREL_CAMBIUM_2024_MIDCASE_BA_ROLLUP_TO_STATE_ADDITIVE_REBASED_WITH_CLIPPING_ON_REGISTERED_EGRID_S0G_WITH_THE_FIRST_HAND_REGISTERED_ENFORCEABLE_STANDARD_AS_A_FLOOR,ASYMPTOTIC,PUBLISHED_PROJECTION_WITH_ENACTED_STATUTE_AS_FLOOR,"NREL Cambium 2024 MidCase, balancing-area annual rolled up to state, generation-side attributional, additively rebased on the registered eGRID base-year share; the entry's own enforceable clean-electricity standard applied as a floor at its registered level from 2030, rising along the registered schedule; terminal registered level 1.0",2030.0,0.017046603315810756,0.42177330244808975,0.4211350296654346,0.4211350296654346,EGRID2023_TWO_BLOCK_ATTRIBUTION_RESIDUAL,1.3337372831999998,,,,0,"2040,2050-2075",27,2025,0.017046603315810756,0.020739782856331823,ADDITIVE_SHARE_DELTA_WITH_CLIPPING,"E_state(t) = clip(s0 + [E_source(t) - E_source(base)], 0, 1)",EIA_AEO2026_ALTTRNP_BEV_STOCK_SHARE_US,"U.S. Energy Information Administration, Annual Energy Outlook 2026, released 2026-04-08, Alternative Transportation case; battery electric vehicle share of light-duty vehicle stocks, United States, 2015-2050; file of record inputs/vehicle_market/raw/AEO2026_Narrative_Figures.xlsx sheet 5_EVStocks",PUBLISHED_PROJECTION_NO_ADDITIONAL_VEHICLE_POLICY,TREND,AUTHOR_POST_AEO_EXTENSION_NOT_AEO,,,,,0.06587862733457744,0.12075152290279706,0.20701367848417937,0.3459626119334988,0.20701367848417937,0.9,1.0,"{""2024"": 0.017046603315810756, ""2025"": 0.017046603315810756, ""2026"": 0.02416787368874122, ""2027"": 0.03384697148644642, ""2028"": 0.04437881789656001, ""2029"": 0.05583200012726384, ""2030"": 0.06587862733457744, ""2031"": 0.0752219842686503, ""2032"": 0.08466505561964703, ""2033"": 0.09625749432634355, ""2034"": 0.10803940588808414, ""2035"": 0.12075152290279706, ""2036"": 0.13242709805172784, ""2037"": 0.13786436950838546, ""2038"": 0.13867353326496876, ""2039"": 0.14210438645727919, ""2040"": 0.14665690105534163, ""2041"": 0.15192861545223568, ""2042"": 0.157954453447458, ""2043"": 0.16387339074491405, ""2044"": 0.16989097722613367, ""2045"": 0.17734191964983181, ""2046"": 0.1849812735016494, ""2047"": 0.19370806055146209, ""2048"": 0.20223430480019705, ""2049"": 0.2061935278333018, ""2050"": 0.20701367848417937, ""2051"": 0.21638571360187028, ""2052"": 0.22055647792226124, ""2053"": 0.22532530707494924, ""2054"": 0.23071791776184597, ""2055"": 0.23623897156077694, ""2056"": 0.2419805839627969, ""2057"": 0.24875764267721853, ""2058"": 0.2558302915689745, ""2059"": 0.26378106798906303, ""2060"": 0.2717915977808675, ""2061"": 0.27581917144568774, ""2062"": 0.27671830563182664, ""2063"": 0.2838897431265877, ""2064"": 0.2875185375081365, ""2065"": 0.291728438795485, ""2066"": 0.2965571992758256, ""2067"": 0.30162706285459145, ""2068"": 0.30701219582871647, ""2069"": 0.31340934870972986, ""2070"": 0.32023846876417494, ""2071"": 0.3280395916554957, ""2072"": 0.33613843076976185, ""2073"": 0.3398880006494527, ""2074"": 0.3398553080382531, ""2075"": 0.3459626119334988}","{""2024"": 0.42177330244808975, ""2025"": 0.42177330244808975, ""2030"": 0.4743491499722292, ""2035"": 0.6031725666431905, ""2040"": 0.65, ""2045"": 0.8205676292093934, ""2050"": 1.0}",0.8205676292093934,1.0,1.0,1.0,1.0,ADDITIVE_SHARE_DELTA_WITH_CLIPPING,"L_state(t) = clip(s0g + [L_source(t) - L_source(base)], 0, 1)",AUTHOR_POST_CAMBIUM_EXTENSION_NOT_CAMBIUM,SHADE_2051_2075_AUTHOR_EXTENSION,REGISTERED_STATUTORY_SCHEDULE_FLOOR_OVER_PUBLISHED_NO_ADDITIONAL_POLICY_MARKET_PROJECTION_ON_AN_AGE_SPECIFIC_SURVIVAL_WEIGHTED_VEHICLE_STOCK,ENACTED_STATE_LAW_AS_WRITTEN_OVER_PUBLISHED_NO_ADDITIONAL_POLICY_PROJECTION__ACCII_FEDERAL_WAIVER_DISAPPROVED_PUBL_119_16__NOT_ENFORCEABLE_2026_09_05,NO_STATE_VEHICLE_RULE,EPA_MOVES5_TABLE_C1_PASSENGER_CAR_AGE_SPECIFIC_SURVIVAL_MONOTONE_AGE27_INTERPOLATION_AGE40_PLUS_RATE_REUSED
VT,Vermont,POLICY_SCHEDULE_FLOOR_OVER_MARKET_PROJECTION,ACCII_FULL_SCHEDULE_MY2035_100PCT,FULL_SCHEDULE_10,REAL_CAPACITY_FHWA_MV1_2024_REGISTERED_AUTOMOBILES_AND_STI_V2_INTERSECTIONS,164231.0,OFFICIAL_STATISTIC_FHWA_MV1_2024_REGISTERED_AUTOMOBILES,309.0,OSM_CLUSTER_50M_CALIBRATED,CALIBRATED_ESTIMATE_95PCT_PREDICTION_INTERVAL,232.0,412.0,OBSERVED_NOAA_LCD_2023_EXPOSURE_TIMES_AUTHORED_RESPONSE_1_105_115,1.0620614000000002,1,8693,SINGLE_STATION,NATIONAL_CONSTANT_DISCLOSED,392.98333333333335,10787.0,ACC_PATH,ACC_PATH,POLICY_SCHEDULE,CAMBIUM_BA_STATE_PATH_WITH_REGISTERED_STATUTORY_FLOOR,GRID_100_STATUTE,NREL_CAMBIUM_2024_MIDCASE_BA_ROLLUP_TO_STATE_ADDITIVE_REBASED_WITH_CLIPPING_ON_REGISTERED_EGRID_S0G_WITH_THE_FIRST_HAND_REGISTERED_ENFORCEABLE_STANDARD_AS_A_FLOOR,ASYMPTOTIC,PUBLISHED_PROJECTION_WITH_ENACTED_STATUTE_AS_FLOOR,"NREL Cambium 2024 MidCase, balancing-area annual rolled up to state, generation-side attributional, additively rebased on the registered eGRID base-year share; the entry's own enforceable clean-electricity standard applied as a floor at its registered level from 2025, rising along the registered schedule; terminal registered level 1.0",2025.0,0.0207208775901097,0.9984378909131026,1.3337372831999998,12.480468757590508,CAPPED_AT_A_STATED_COMBUSTION_BOUND,1.3337372831999998,2026.0,ACCII_13CCR_1962_4_FULL_TO_MY2035,2026-2075,50,2035-2075,41,2025,0.0207208775901097,0.020739782856331823,ADDITIVE_SHARE_DELTA_WITH_CLIPPING,"E_state(t) = clip(s0 + [E_source(t) - E_source(base)], 0, 1)",EIA_AEO2026_ALTTRNP_BEV_STOCK_SHARE_US,"U.S. Energy Information Administration, Annual Energy Outlook 2026, released 2026-04-08, Alternative Transportation case; battery electric vehicle share of light-duty vehicle stocks, United States, 2015-2050; file of record inputs/vehicle_market/raw/AEO2026_Narrative_Figures.xlsx sheet 5_EVStocks",ENACTED_REGULATION_AS_ADOPTED,TREND,AUTHOR_POST_AEO_EXTENSION_NOT_AEO,,,,,0.68,1.0,1.0,1.0,0.21068795275847818,0.8971151661193446,1.0,"{""2024"": 0.0207208775901097, ""2025"": 0.0207208775901097, ""2026"": 0.35, ""2027"": 0.43, ""2028"": 0.51, ""2029"": 0.59, ""2030"": 0.68, ""2031"": 0.76, ""2032"": 0.82, ""2033"": 0.88, ""2034"": 0.94, ""2035"": 1.0, ""2036"": 1.0, ""2037"": 1.0, ""2038"": 1.0, ""2039"": 1.0, ""2040"": 1.0, ""2041"": 1.0, ""2042"": 1.0, ""2043"": 1.0, ""2044"": 1.0, ""2045"": 1.0, ""2046"": 1.0, ""2047"": 1.0, ""2048"": 1.0, ""2049"": 1.0, ""2050"": 1.0, ""2051"": 1.0, ""2052"": 1.0, ""2053"": 1.0, ""2054"": 1.0, ""2055"": 1.0, ""2056"": 1.0, ""2057"": 1.0, ""2058"": 1.0, ""2059"": 1.0, ""2060"": 1.0, ""2061"": 1.0, ""2062"": 1.0, ""2063"": 1.0, ""2064"": 1.0, ""2065"": 1.0, ""2066"": 1.0, ""2067"": 1.0, ""2068"": 1.0, ""2069"": 1.0, ""2070"": 1.0, ""2071"": 1.0, ""2072"": 1.0, ""2073"": 1.0, ""2074"": 1.0, ""2075"": 1.0}","{""2024"": 0.9984378909131026, ""2025"": 0.9984378909131026, ""2030"": 0.9984415003347162, ""2035"": 1.0, ""2040"": 1.0, ""2045"": 1.0, ""2050"": 1.0}",1.0,1.0,1.0,1.0,1.0,ADDITIVE_SHARE_DELTA_WITH_CLIPPING,"L_state(t) = clip(s0g + [L_source(t) - L_source(base)], 0, 1)",AUTHOR_POST_CAMBIUM_EXTENSION_NOT_CAMBIUM,SHADE_2051_2075_AUTHOR_EXTENSION,REGISTERED_STATUTORY_SCHEDULE_FLOOR_OVER_PUBLISHED_NO_ADDITIONAL_POLICY_MARKET_PROJECTION_ON_AN_AGE_SPECIFIC_SURVIVAL_WEIGHTED_VEHICLE_STOCK,ENACTED_STATE_LAW_AS_WRITTEN_OVER_PUBLISHED_NO_ADDITIONAL_POLICY_PROJECTION__ACCII_FEDERAL_WAIVER_DISAPPROVED_PUBL_119_16__NOT_ENFORCEABLE_2026_09_05,ENACTED_STATE_RULE__FEDERAL_WAIVER_DISAPPROVED_PUBL_119_16__NOT_ENFORCEABLE_2026_09_05,EPA_MOVES5_TABLE_C1_PASSENGER_CAR_AGE_SPECIFIC_SURVIVAL_MONOTONE_AGE27_INTERPOLATION_AGE40_PLUS_RATE_REUSED
WA,Washington,POLICY_SCHEDULE_FLOOR_OVER_MARKET_PROJECTION,ACCII_FULL_SCHEDULE_MY2035_100PCT,FULL_SCHEDULE_10,REAL_CAPACITY_FHWA_MV1_2024_REGISTERED_AUTOMOBILES_AND_STI_V2_INTERSECTIONS,2535919.0,OFFICIAL_STATISTIC_FHWA_MV1_2024_REGISTERED_AUTOMOBILES,6253.0,OSM_CLUSTER_50M_CALIBRATED,CALIBRATED_ESTIMATE_95PCT_PREDICTION_INTERVAL,4694.0,8330.0,OBSERVED_NOAA_LCD_2023_EXPOSURE_TIMES_AUTHORED_RESPONSE_1_105_115,1.04828915,3,26215,,NATIONAL_CONSTANT_DISCLOSED,392.98333333333335,10787.0,ACC_PATH,ACC_PATH,POLICY_SCHEDULE,CAMBIUM_BA_STATE_PATH_WITH_REGISTERED_STATUTORY_FLOOR,GRID_100_STATUTE,NREL_CAMBIUM_2024_MIDCASE_BA_ROLLUP_TO_STATE_ADDITIVE_REBASED_WITH_CLIPPING_ON_REGISTERED_EGRID_S0G_WITH_THE_FIRST_HAND_REGISTERED_ENFORCEABLE_STANDARD_AS_A_FLOOR,ASYMPTOTIC,PUBLISHED_PROJECTION_WITH_ENACTED_STATUTE_AS_FLOOR,"NREL Cambium 2024 MidCase, balancing-area annual rolled up to state, generation-side attributional, additively rebased on the registered eGRID base-year share; the entry's own enforceable clean-electricity standard applied as a floor at its registered level from 2030, rising along the registered schedule; terminal registered level 1.0",2030.0,0.034375954281725775,0.7678448855594467,0.5179983039866363,0.5179983039866363,EGRID2023_TWO_BLOCK_ATTRIBUTION_RESIDUAL,1.3337372831999998,2026.0,ACCII_13CCR_1962_4_FULL_TO_MY2035,2026-2075,50,2030-2075,46,2025,0.034375954281725775,0.020739782856331823,ADDITIVE_SHARE_DELTA_WITH_CLIPPING,"E_state(t) = clip(s0 + [E_source(t) - E_source(base)], 0, 1)",EIA_AEO2026_ALTTRNP_BEV_STOCK_SHARE_US,"U.S. Energy Information Administration, Annual Energy Outlook 2026, released 2026-04-08, Alternative Transportation case; battery electric vehicle share of light-duty vehicle stocks, United States, 2015-2050; file of record inputs/vehicle_market/raw/AEO2026_Narrative_Figures.xlsx sheet 5_EVStocks",ENACTED_REGULATION_AS_ADOPTED,TREND,AUTHOR_POST_AEO_EXTENSION_NOT_AEO,,,,,0.68,1.0,1.0,1.0,0.22434302945009454,0.8985497931474254,1.0,"{""2024"": 0.034375954281725775, ""2025"": 0.034375954281725775, ""2026"": 0.35, ""2027"": 0.43, ""2028"": 0.51, ""2029"": 0.59, ""2030"": 0.68, ""2031"": 0.76, ""2032"": 0.82, ""2033"": 0.88, ""2034"": 0.94, ""2035"": 1.0, ""2036"": 1.0, ""2037"": 1.0, ""2038"": 1.0, ""2039"": 1.0, ""2040"": 1.0, ""2041"": 1.0, ""2042"": 1.0, ""2043"": 1.0, ""2044"": 1.0, ""2045"": 1.0, ""2046"": 1.0, ""2047"": 1.0, ""2048"": 1.0, ""2049"": 1.0, ""2050"": 1.0, ""2051"": 1.0, ""2052"": 1.0, ""2053"": 1.0, ""2054"": 1.0, ""2055"": 1.0, ""2056"": 1.0, ""2057"": 1.0, ""2058"": 1.0, ""2059"": 1.0, ""2060"": 1.0, ""2061"": 1.0, ""2062"": 1.0, ""2063"": 1.0, ""2064"": 1.0, ""2065"": 1.0, ""2066"": 1.0, ""2067"": 1.0, ""2068"": 1.0, ""2069"": 1.0, ""2070"": 1.0, ""2071"": 1.0, ""2072"": 1.0, ""2073"": 1.0, ""2074"": 1.0, ""2075"": 1.0}","{""2024"": 0.7678448855594467, ""2025"": 0.7678448855594467, ""2030"": 0.8, ""2035"": 0.8, ""2040"": 0.8, ""2045"": 1.0, ""2050"": 1.0}",1.0,1.0,1.0,1.0,1.0,ADDITIVE_SHARE_DELTA_WITH_CLIPPING,"L_state(t) = clip(s0g + [L_source(t) - L_source(base)], 0, 1)",AUTHOR_POST_CAMBIUM_EXTENSION_NOT_CAMBIUM,SHADE_2051_2075_AUTHOR_EXTENSION,REGISTERED_STATUTORY_SCHEDULE_FLOOR_OVER_PUBLISHED_NO_ADDITIONAL_POLICY_MARKET_PROJECTION_ON_AN_AGE_SPECIFIC_SURVIVAL_WEIGHTED_VEHICLE_STOCK,ENACTED_STATE_LAW_AS_WRITTEN_OVER_PUBLISHED_NO_ADDITIONAL_POLICY_PROJECTION__ACCII_FEDERAL_WAIVER_DISAPPROVED_PUBL_119_16__NOT_ENFORCEABLE_2026_09_05,ENACTED_STATE_RULE__FEDERAL_WAIVER_DISAPPROVED_PUBL_119_16__NOT_ENFORCEABLE_2026_09_05,EPA_MOVES5_TABLE_C1_PASSENGER_CAR_AGE_SPECIFIC_SURVIVAL_MONOTONE_AGE27_INTERPOLATION_AGE40_PLUS_RATE_REUSED
WI,Wisconsin,PUBLISHED_MARKET_PROJECTION_REBASED,AEO2026_ALTTRNP_STOCK_SHARE_REBASED_COHORT_INVERTED,NO_VEHICLE_RULE_38,REAL_CAPACITY_FHWA_MV1_2024_REGISTERED_AUTOMOBILES_AND_STI_V2_INTERSECTIONS,1626951.0,OFFICIAL_STATISTIC_FHWA_MV1_2024_REGISTERED_AUTOMOBILES,4305.0,OSM_CLUSTER_50M_CALIBRATED,CALIBRATED_ESTIMATE_95PCT_PREDICTION_INTERVAL,3232.0,5735.0,OBSERVED_NOAA_LCD_2023_EXPOSURE_TIMES_AUTHORED_RESPONSE_1_105_115,1.0523929,3,25952,,NATIONAL_CONSTANT_DISCLOSED,392.98333333333335,10787.0,AEO_PATH,POOLED_RATE_LOGISTIC_STOCK_FIT_COHORT_INVERTED,POOLED_LOGISTIC_FIT,CAMBIUM_BA_STATE_PATH_WITH_REGISTERED_STATUTORY_FLOOR,CAMBIUM_BA_STATE_PATH,NREL_CAMBIUM_2024_MIDCASE_BA_ROLLUP_TO_STATE_ADDITIVE_REBASED_WITH_CLIPPING_ON_REGISTERED_EGRID_S0G_WITH_THE_FIRST_HAND_REGISTERED_ENFORCEABLE_STANDARD_AS_A_FLOOR,ASYMPTOTIC,PUBLISHED_PROJECTION_WITH_ENACTED_STATUTE_AS_FLOOR,"NREL Cambium 2024 MidCase, balancing-area annual rolled up to state, generation-side attributional, additively rebased on the registered eGRID base-year share; the entry's own enforceable clean-electricity standard applied as a floor at its registered level from 2025, rising along the registered schedule; terminal registered level 0.1",2025.0,0.007423681366382594,0.25015577413426804,0.6998847755540258,0.6998847755540258,EGRID2023_TWO_BLOCK_ATTRIBUTION_RESIDUAL,1.3337372831999998,,,,0,,0,2025,0.007423681366382594,0.020739782856331823,ADDITIVE_SHARE_DELTA_WITH_CLIPPING,"E_state(t) = clip(s0 + [E_source(t) - E_source(base)], 0, 1)",EIA_AEO2026_ALTTRNP_BEV_STOCK_SHARE_US,"U.S. Energy Information Administration, Annual Energy Outlook 2026, released 2026-04-08, Alternative Transportation case; battery electric vehicle share of light-duty vehicle stocks, United States, 2015-2050; file of record inputs/vehicle_market/raw/AEO2026_Narrative_Figures.xlsx sheet 5_EVStocks",PUBLISHED_PROJECTION_NO_ADDITIONAL_VEHICLE_POLICY,TREND,AUTHOR_POST_AEO_EXTENSION_NOT_AEO,,,,,0.056255705385149284,0.1111286009533689,0.1973907565347511,0.33633968998407043,0.1973907565347511,0.9,1.0,"{""2024"": 0.007423681366382594, ""2025"": 0.007423681366382594, ""2026"": 0.014544951739313057, ""2027"": 0.02422404953701826, ""2028"": 0.034755895947131854, ""2029"": 0.046209078177835664, ""2030"": 0.056255705385149284, ""2031"": 0.06559906231922213, ""2032"": 0.07504213367021885, ""2033"": 0.08663457237691541, ""2034"": 0.09841648393865597, ""2035"": 0.1111286009533689, ""2036"": 0.1228041761022997, ""2037"": 0.12824144755895725, ""2038"": 0.12905061131554052, ""2039"": 0.13248146450785098, ""2040"": 0.13703397910591367, ""2041"": 0.1423056935028073, ""2042"": 0.14833153149802983, ""2043"": 0.15425046879548632, ""2044"": 0.16026805527670535, ""2045"": 0.16771899770040366, ""2046"": 0.17535835155222126, ""2047"": 0.18408513860203407, ""2048"": 0.1926113828507687, ""2049"": 0.19657060588387362, ""2050"": 0.1973907565347511, ""2051"": 0.20676279165244205, ""2052"": 0.2109335559728336, ""2053"": 0.21570238512552078, ""2054"": 0.22109499581241715, ""2055"": 0.2266160496113493, ""2056"": 0.23235766201336888, ""2057"": 0.2391347207277901, ""2058"": 0.24620736961954615, ""2059"": 0.2541581460396353, ""2060"": 0.2621686758314394, ""2061"": 0.2661962494962591, ""2062"": 0.2670953836823991, ""2063"": 0.2742668211771591, ""2064"": 0.27789561555870923, ""2065"": 0.28210551684605606, ""2066"": 0.28693427732639665, ""2067"": 0.29200414090516447, ""2068"": 0.29738927387928804, ""2069"": 0.3037864267603012, ""2070"": 0.3106155468147467, ""2071"": 0.3184166697060673, ""2072"": 0.32651550882033453, ""2073"": 0.3302650787000243, ""2074"": 0.3302323860888248, ""2075"": 0.33633968998407043}","{""2024"": 0.25015577413426804, ""2025"": 0.25015577413426804, ""2030"": 0.4078844578009145, ""2035"": 0.47029327425975026, ""2040"": 0.5722752115130949, ""2045"": 0.5479725694595448, ""2050"": 0.5332415238979278}",0.5479725694595448,0.5332415238979278,0.5332415238979278,0.5332415238979278,0.4595862960898429,ADDITIVE_SHARE_DELTA_WITH_CLIPPING,"L_state(t) = clip(s0g + [L_source(t) - L_source(base)], 0, 1)",AUTHOR_POST_CAMBIUM_EXTENSION_NOT_CAMBIUM,SHADE_2051_2075_AUTHOR_EXTENSION,REGISTERED_STATUTORY_SCHEDULE_FLOOR_OVER_PUBLISHED_NO_ADDITIONAL_POLICY_MARKET_PROJECTION_ON_AN_AGE_SPECIFIC_SURVIVAL_WEIGHTED_VEHICLE_STOCK,ENACTED_STATE_LAW_AS_WRITTEN_OVER_PUBLISHED_NO_ADDITIONAL_POLICY_PROJECTION__ACCII_FEDERAL_WAIVER_DISAPPROVED_PUBL_119_16__NOT_ENFORCEABLE_2026_09_05,NO_STATE_VEHICLE_RULE,EPA_MOVES5_TABLE_C1_PASSENGER_CAR_AGE_SPECIFIC_SURVIVAL_MONOTONE_AGE27_INTERPOLATION_AGE40_PLUS_RATE_REUSED
WV,West Virginia,PUBLISHED_MARKET_PROJECTION_REBASED,AEO2026_ALTTRNP_STOCK_SHARE_REBASED_COHORT_INVERTED,NO_VEHICLE_RULE_38,REAL_CAPACITY_FHWA_MV1_2024_REGISTERED_AUTOMOBILES_AND_STI_V2_INTERSECTIONS,398614.0,OFFICIAL_STATISTIC_FHWA_MV1_2024_REGISTERED_AUTOMOBILES,1068.0,OSM_CLUSTER_50M_CALIBRATED,CALIBRATED_ESTIMATE_95PCT_PREDICTION_INTERVAL,802.0,1423.0,OBSERVED_NOAA_LCD_2023_EXPOSURE_TIMES_AUTHORED_RESPONSE_1_105_115,1.0497592,3,26159,,NATIONAL_CONSTANT_DISCLOSED,392.98333333333335,10787.0,AEO_PATH,POOLED_RATE_LOGISTIC_STOCK_FIT_COHORT_INVERTED,POOLED_LOGISTIC_FIT,CAMBIUM_BA_STATE_PATH,CAMBIUM_BA_STATE_PATH,NREL_CAMBIUM_2024_MIDCASE_BA_ROLLUP_TO_STATE_ADDITIVE_REBASED_WITH_CLIPPING_ON_REGISTERED_EGRID_S0G,ASYMPTOTIC,PUBLISHED_PROJECTION_NO_ENFORCEABLE_STANDARD,"NREL Cambium 2024 MidCase, balancing-area annual rolled up to state, generation-side attributional, additively rebased on the registered eGRID base-year share; this entry carries no enforceable clean-electricity standard and therefore no floor",,0.0033692722371967657,0.06913340228521703,0.9523311063411163,0.9523311063411163,EGRID2023_TWO_BLOCK_ATTRIBUTION_RESIDUAL,1.3337372831999998,,,,0,,0,2025,0.0033692722371967657,0.020739782856331823,ADDITIVE_SHARE_DELTA_WITH_CLIPPING,"E_state(t) = clip(s0 + [E_source(t) - E_source(base)], 0, 1)",EIA_AEO2026_ALTTRNP_BEV_STOCK_SHARE_US,"U.S. Energy Information Administration, Annual Energy Outlook 2026, released 2026-04-08, Alternative Transportation case; battery electric vehicle share of light-duty vehicle stocks, United States, 2015-2050; file of record inputs/vehicle_market/raw/AEO2026_Narrative_Figures.xlsx sheet 5_EVStocks",PUBLISHED_PROJECTION_NO_ADDITIONAL_VEHICLE_POLICY,TREND,AUTHOR_POST_AEO_EXTENSION_NOT_AEO,,,,,0.05220129625596346,0.10707419182418311,0.1933363474055652,0.332285280854884,0.1933363474055652,0.9,1.0,"{""2024"": 0.0033692722371967657, ""2025"": 0.003369272237196766, ""2026"": 0.010490542610127229, ""2027"": 0.020169640407832434, ""2028"": 0.03070148681794603, ""2029"": 0.04215466904864984, ""2030"": 0.05220129625596346, ""2031"": 0.06154465319003631, ""2032"": 0.07098772454103303, ""2033"": 0.08258016324772954, ""2034"": 0.09436207480947016, ""2035"": 0.10707419182418311, ""2036"": 0.11874976697311382, ""2037"": 0.12418703842977144, ""2038"": 0.12499620218635481, ""2039"": 0.12842705537866514, ""2040"": 0.13297956997672775, ""2041"": 0.13825128437362152, ""2042"": 0.1442771223688441, ""2043"": 0.15019605966630004, ""2044"": 0.1562136461475197, ""2045"": 0.16366458857121802, ""2046"": 0.1713039424230352, ""2047"": 0.18003072947284812, ""2048"": 0.18855697372158287, ""2049"": 0.1925161967546881, ""2050"": 0.1933363474055652, ""2051"": 0.20270838252325618, ""2052"": 0.20687914684364764, ""2053"": 0.2116479759963351, ""2054"": 0.21704058668323148, ""2055"": 0.2225616404821632, ""2056"": 0.22830325288418302, ""2057"": 0.23508031159860474, ""2058"": 0.2421529604903602, ""2059"": 0.25010373691044907, ""2060"": 0.25811426670225346, ""2061"": 0.26214184036707383, ""2062"": 0.26304097455321296, ""2063"": 0.2702124120479734, ""2064"": 0.2738412064295227, ""2065"": 0.2780511077168706, ""2066"": 0.28287986819721084, ""2067"": 0.2879497317759779, ""2068"": 0.29333486475010284, ""2069"": 0.2997320176311158, ""2070"": 0.30656113768556115, ""2071"": 0.3143622605768812, ""2072"": 0.322461099691148, ""2073"": 0.32621066957083844, ""2074"": 0.3261779769596398, ""2075"": 0.332285280854884}","{""2024"": 0.06913340228521703, ""2025"": 0.06913340228521703, ""2030"": 0.16443039118735883, ""2035"": 0.7404625555639373, ""2040"": 0.7811683386189434, ""2045"": 0.8251421862278737, ""2050"": 0.8484985161518344}",0.8251421862278737,0.8484985161518344,0.929910920453463,0.8484985161518344,0.9652801657716376,ADDITIVE_SHARE_DELTA_WITH_CLIPPING,"L_state(t) = clip(s0g + [L_source(t) - L_source(base)], 0, 1)",AUTHOR_POST_CAMBIUM_EXTENSION_NOT_CAMBIUM,SHADE_2051_2075_AUTHOR_EXTENSION,REGISTERED_STATUTORY_SCHEDULE_FLOOR_OVER_PUBLISHED_NO_ADDITIONAL_POLICY_MARKET_PROJECTION_ON_AN_AGE_SPECIFIC_SURVIVAL_WEIGHTED_VEHICLE_STOCK,ENACTED_STATE_LAW_AS_WRITTEN_OVER_PUBLISHED_NO_ADDITIONAL_POLICY_PROJECTION__ACCII_FEDERAL_WAIVER_DISAPPROVED_PUBL_119_16__NOT_ENFORCEABLE_2026_09_05,NO_STATE_VEHICLE_RULE,EPA_MOVES5_TABLE_C1_PASSENGER_CAR_AGE_SPECIFIC_SURVIVAL_MONOTONE_AGE27_INTERPOLATION_AGE40_PLUS_RATE_REUSED
WY,Wyoming,PUBLISHED_MARKET_PROJECTION_REBASED,AEO2026_ALTTRNP_STOCK_SHARE_REBASED_COHORT_INVERTED,NO_VEHICLE_RULE_38,REAL_CAPACITY_FHWA_MV1_2024_REGISTERED_AUTOMOBILES_AND_STI_V2_INTERSECTIONS,166107.0,OFFICIAL_STATISTIC_FHWA_MV1_2024_REGISTERED_AUTOMOBILES,431.0,OSM_CLUSTER_50M_CALIBRATED,CALIBRATED_ESTIMATE_95PCT_PREDICTION_INTERVAL,324.0,574.0,OBSERVED_NOAA_LCD_2023_EXPOSURE_TIMES_AUTHORED_RESPONSE_1_105_115,1.04531405,3,25363,,NATIONAL_CONSTANT_DISCLOSED,392.98333333333335,10787.0,AEO_PATH,POOLED_RATE_LOGISTIC_STOCK_FIT_COHORT_INVERTED,POOLED_LOGISTIC_FIT,CAMBIUM_BA_STATE_PATH,CAMBIUM_BA_STATE_PATH,NREL_CAMBIUM_2024_MIDCASE_BA_ROLLUP_TO_STATE_ADDITIVE_REBASED_WITH_CLIPPING_ON_REGISTERED_EGRID_S0G,ASYMPTOTIC,PUBLISHED_PROJECTION_NO_ENFORCEABLE_STANDARD,"NREL Cambium 2024 MidCase, balancing-area annual rolled up to state, generation-side attributional, additively rebased on the registered eGRID base-year share; this entry carries no enforceable clean-electricity standard and therefore no floor",,0.002784698812838927,0.22713342071497844,1.0683375085742461,1.0683375085742461,EGRID2023_TWO_BLOCK_ATTRIBUTION_RESIDUAL,1.3337372831999998,,,,0,,0,2025,0.002784698812838927,0.020739782856331823,ADDITIVE_SHARE_DELTA_WITH_CLIPPING,"E_state(t) = clip(s0 + [E_source(t) - E_source(base)], 0, 1)",EIA_AEO2026_ALTTRNP_BEV_STOCK_SHARE_US,"U.S. Energy Information Administration, Annual Energy Outlook 2026, released 2026-04-08, Alternative Transportation case; battery electric vehicle share of light-duty vehicle stocks, United States, 2015-2050; file of record inputs/vehicle_market/raw/AEO2026_Narrative_Figures.xlsx sheet 5_EVStocks",PUBLISHED_PROJECTION_NO_ADDITIONAL_VEHICLE_POLICY,TREND,AUTHOR_POST_AEO_EXTENSION_NOT_AEO,,,,,0.05161672283160563,0.1064896183998252,0.19275177398120769,0.3317007074305273,0.19275177398120769,0.9,1.0,"{""2024"": 0.002784698812838927, ""2025"": 0.002784698812838927, ""2026"": 0.009905969185769388, ""2027"": 0.019585066983474595, ""2028"": 0.03011691339358819, ""2029"": 0.04157009562429199, ""2030"": 0.05161672283160563, ""2031"": 0.06096007976567846, ""2032"": 0.07040315111667521, ""2033"": 0.0819955898233717, ""2034"": 0.09377750138511232, ""2035"": 0.1064896183998252, ""2036"": 0.11816519354875603, ""2037"": 0.12360246500541355, ""2038"": 0.12441162876199695, ""2039"": 0.12784248195430728, ""2040"": 0.13239499655237003, ""2041"": 0.13766671094926355, ""2042"": 0.1436925489444863, ""2043"": 0.14961148624194223, ""2044"": 0.15562907272316184, ""2045"": 0.16308001514686019, ""2046"": 0.17071936899867737, ""2047"": 0.17944615604849048, ""2048"": 0.18797240029722534, ""2049"": 0.19193162333032956, ""2050"": 0.19275177398120769, ""2051"": 0.2021238090988983, ""2052"": 0.20629457341928972, ""2053"": 0.21106340257197714, ""2054"": 0.21645601325887376, ""2055"": 0.22197706705780532, ""2056"": 0.2277186794598256, ""2057"": 0.23449573817424674, ""2058"": 0.24156838706600223, ""2059"": 0.24951916348609143, ""2060"": 0.2575296932778958, ""2061"": 0.26155726694271547, ""2062"": 0.26245640112885527, ""2063"": 0.2696278386236158, ""2064"": 0.27325663300516495, ""2065"": 0.2774665342925127, ""2066"": 0.2822952947728534, ""2067"": 0.2873651583516194, ""2068"": 0.29275029132574554, ""2069"": 0.2991474442067579, ""2070"": 0.3059765642612032, ""2071"": 0.3137776871525231, ""2072"": 0.32187652626679086, ""2073"": 0.3256260961464805, ""2074"": 0.3255934035352809, ""2075"": 0.3317007074305273}","{""2024"": 0.22713342071497844, ""2025"": 0.22713342071497844, ""2030"": 0.5275285788525447, ""2035"": 0.6017416947433427, ""2040"": 0.6015286674054531, ""2045"": 0.6015480246874108, ""2050"": 0.6017143920065147}",0.6015480246874108,0.6017143920065147,0.60254536054324,0.6017143920065147,0.6025462286020342,ADDITIVE_SHARE_DELTA_WITH_CLIPPING,"L_state(t) = clip(s0g + [L_source(t) - L_source(base)], 0, 1)",AUTHOR_POST_CAMBIUM_EXTENSION_NOT_CAMBIUM,SHADE_2051_2075_AUTHOR_EXTENSION,REGISTERED_STATUTORY_SCHEDULE_FLOOR_OVER_PUBLISHED_NO_ADDITIONAL_POLICY_MARKET_PROJECTION_ON_AN_AGE_SPECIFIC_SURVIVAL_WEIGHTED_VEHICLE_STOCK,ENACTED_STATE_LAW_AS_WRITTEN_OVER_PUBLISHED_NO_ADDITIONAL_POLICY_PROJECTION__ACCII_FEDERAL_WAIVER_DISAPPROVED_PUBL_119_16__NOT_ENFORCEABLE_2026_09_05,NO_STATE_VEHICLE_RULE,EPA_MOVES5_TABLE_C1_PASSENGER_CAR_AGE_SPECIFIC_SURVIVAL_MONOTONE_AGE27_INTERPOLATION_AGE40_PLUS_RATE_REUSED
