deployment_scale_basis,quantity,unit,value,ci95_lo,ci95_hi,threshold,threshold_rule,verdict,note
"the delivered interval, real capacity",draws,draws,2000,,,,,EXACT_COUNT,"paired draws, J = 2000  [read back from band_summary.json]"
the gates and the parity certificate,"seed, load",seed,42,,,,,EXACT_COUNT,registered  [read back from band_summary.json]
the gates and the parity certificate,"seed, published_market_case",seed,4242,,,,,EXACT_COUNT,registered  [read back from band_summary.json]
the gates and the parity certificate,"seed, compliance_level",seed,424242,,,,,EXACT_COUNT,registered  [read back from band_summary.json]
the gates and the parity certificate,"seed, compliance_level_atom",seed,42424242,,,,,EXACT_COUNT,registered  [read back from band_summary.json]
the gates and the parity certificate,"seed, electricity_member",seed,4242424242,,,,,EXACT_COUNT,registered  [read back from band_summary.json]
the gates and the parity certificate,"seed, survival_shape",seed,424242424242,,,,,EXACT_COUNT,registered  [read back from band_summary.json]
the conversion-coefficient axis,"conversion coefficient, central",share,0.21,,,,,QUOTE_EXACT,"ruling D1; the MODE of the sampled prior, by construction  [read back from band_summary.json]"
the conversion-coefficient axis,"conversion coefficient, declared list",share,0.17 | 0.21 | 0.2744,,,,,QUOTE_EXACT,"the registered evidence: three declared values, registered twice identically; the prior is the triangular they define  [read back from band_summary.json]"
the conversion-coefficient axis,"conversion coefficient, declared support minimum",share,0.17,,,,,QUOTE_EXACT,"the prior's own lower endpoint, which is the registered LOW branch  [read back from band_summary.json]"
the conversion-coefficient axis,"conversion coefficient, declared support maximum",share,0.2744,,,,,QUOTE_EXACT,"the prior's own upper endpoint, which is the registered HIGH branch  [read back from band_summary.json]"
the conversion-coefficient axis,"conversion coefficient, support minimum over the 2,000 draws",share,0.1710216815598078,,,,,QUOTE_EXACT,"realised; a triangular density is zero at its endpoints, so no draw sits exactly on one  [read back from band_summary.json]"
the conversion-coefficient axis,"conversion coefficient, support maximum over the 2,000 draws",share,0.2733040927858699,,,,,QUOTE_EXACT,"realised, same reason  [read back from band_summary.json]"
the conversion-coefficient axis,"conversion coefficient, p05",share,0.1841604517283863,,,,,QUOTE_EXACT,"over all 2,000 draws  [read back from band_summary.json]"
the conversion-coefficient axis,"conversion coefficient, p50",share,0.21658670232886884,,,,,QUOTE_EXACT,"over all 2,000 draws  [read back from band_summary.json]"
the conversion-coefficient axis,"conversion coefficient, p95",share,0.25661536505828014,,,,,QUOTE_EXACT,"over all 2,000 draws  [read back from band_summary.json]"
the conversion-coefficient axis,"conversion coefficient, mean",share,0.21853335513803382,,,,,QUOTE_EXACT,"over all 2,000 draws; above the central because the declared list places 0.21 nearer its low endpoint than its high one  [read back from band_summary.json]"
the conversion-coefficient axis,"conversion coefficient, draws at or below the central",share,732,,,,,EXACT_COUNT,"of 2,000  [read back from band_summary.json]"
the conversion-coefficient axis,"conversion coefficient, the central is inside the support",share,True,,,,,PASS,by construction: the central IS the mode of the prior  [read back from band_summary.json]
the conversion-coefficient axis,"conversion coefficient, the registered high branch 0.2744 is inside the support",share,True,,,,,PASS,"asserted TRUE: the branch is the upper ENDPOINT of the support the interval samples, and is also delivered as a full product and a named line  [read back from band_summary.json]"
the conversion-coefficient axis,"conversion coefficient, the registered low branch 0.17 is inside the support",share,True,,,,,PASS,"asserted TRUE: the branch is the lower ENDPOINT of the support, same treatment  [read back from band_summary.json]"
the conversion-coefficient axis,"conversion coefficient, distance from the nearest draw to the low branch",share,0.00102168155980778,,,,,QUOTE_EXACT,"how close the 2,000 draws come to the endpoint they cannot attain  [read back from band_summary.json]"
the conversion-coefficient axis,"conversion coefficient, distance from the nearest draw to the high branch",share,0.001095907214130054,,,,,QUOTE_EXACT,"same, at the other endpoint  [read back from band_summary.json]"
the conversion-coefficient axis,"conversion coefficient, every draw's position within its own prior is preserved",share,True,,,,,PASS,"the draws are carried from the registered seed-42 stream, not redrawn: u = F_overhead(overhead_j), then eta_j = F_declared^-1(1 - u); the reflection is forced by the coefficient being the reciprocal of the overhead  [read back from band_summary.json]"
the conversion-coefficient axis,"gasoline-term multiplier from the coefficient axis, min",x,0.7683748818373246,,,,,QUOTE_EXACT,"the factor the gasoline term of an entry's carbon is multiplied by, against the delivered central coefficient.  Gasoline carries the large majority of the delivered carbon, so this factor is very nearly the factor on the carbon itself  [read back from band_summary.json]"
the conversion-coefficient axis,"gasoline-term multiplier from the coefficient axis, p05",x,0.8183453867809528,,,,,QUOTE_EXACT,"the factor the gasoline term of an entry's carbon is multiplied by, against the delivered central coefficient.  Gasoline carries the large majority of the delivered carbon, so this factor is very nearly the factor on the carbon itself  [read back from band_summary.json]"
the conversion-coefficient axis,"gasoline-term multiplier from the coefficient axis, p50",x,0.9695886119310317,,,,,QUOTE_EXACT,"the factor the gasoline term of an entry's carbon is multiplied by, against the delivered central coefficient.  Gasoline carries the large majority of the delivered carbon, so this factor is very nearly the factor on the carbon itself  [read back from band_summary.json]"
the conversion-coefficient axis,"gasoline-term multiplier from the coefficient axis, p95",x,1.140309974963552,,,,,QUOTE_EXACT,"the factor the gasoline term of an entry's carbon is multiplied by, against the delivered central coefficient.  Gasoline carries the large majority of the delivered carbon, so this factor is very nearly the factor on the carbon itself  [read back from band_summary.json]"
the conversion-coefficient axis,"gasoline-term multiplier from the coefficient axis, max",x,1.2279144847874808,,,,,QUOTE_EXACT,"the factor the gasoline term of an entry's carbon is multiplied by, against the delivered central coefficient.  Gasoline carries the large majority of the delivered carbon, so this factor is very nearly the factor on the carbon itself  [read back from band_summary.json]"
the conversion-coefficient axis,"gasoline-term multiplier from the coefficient axis, span_max_over_min",x,1.598066925159387,,,,,QUOTE_EXACT,"the factor the gasoline term of an entry's carbon is multiplied by, against the delivered central coefficient.  Gasoline carries the large majority of the delivered carbon, so this factor is very nearly the factor on the carbon itself  [read back from band_summary.json]"
the conversion-coefficient axis,"gasoline-term multiplier under the RETIRED rescaled prior, min",x,0.852835220630362,,,,,QUOTE_EXACT,"the first v3.2 run's prior, retired by the magnitude audit and reported here so the replacement is visible  [read back from band_summary.json]"
the conversion-coefficient axis,"gasoline-term multiplier under the RETIRED rescaled prior, p05",x,0.8960106140069694,,,,,QUOTE_EXACT,"the first v3.2 run's prior, retired by the magnitude audit and reported here so the replacement is visible  [read back from band_summary.json]"
the conversion-coefficient axis,"gasoline-term multiplier under the RETIRED rescaled prior, p50",x,0.9995687334689303,,,,,QUOTE_EXACT,"the first v3.2 run's prior, retired by the magnitude audit and reported here so the replacement is visible  [read back from band_summary.json]"
the conversion-coefficient axis,"gasoline-term multiplier under the RETIRED rescaled prior, p95",x,1.1035160398913828,,,,,QUOTE_EXACT,"the first v3.2 run's prior, retired by the magnitude audit and reported here so the replacement is visible  [read back from band_summary.json]"
the conversion-coefficient axis,"gasoline-term multiplier under the RETIRED rescaled prior, max",x,1.1466461659647438,,,,,QUOTE_EXACT,"the first v3.2 run's prior, retired by the magnitude audit and reported here so the replacement is visible  [read back from band_summary.json]"
the conversion-coefficient axis,"gasoline-term multiplier under the RETIRED rescaled prior, span_max_over_min",x,1.3445108014150908,,,,,QUOTE_EXACT,"the first v3.2 run's prior, retired by the magnitude audit and reported here so the replacement is visible  [read back from band_summary.json]"
the conversion-coefficient axis,"gasoline-term multiplier at the declared endpoints, at_the_low_branch_0p17",x,1.2352941176470587,,,,,QUOTE_EXACT,what the declared list itself reaches  [read back from band_summary.json]
the conversion-coefficient axis,"gasoline-term multiplier at the declared endpoints, at_the_high_branch_0p2744",x,0.7653061224489797,,,,,QUOTE_EXACT,what the declared list itself reaches  [read back from band_summary.json]
the conversion-coefficient axis,"gasoline-term multiplier at the declared endpoints, full_declared_span_low_over_high",x,1.6141176470588232,,,,,QUOTE_EXACT,what the declared list itself reaches  [read back from band_summary.json]
the conversion-coefficient axis,share of the declared span the drawn coefficient covers,share,0.9900560396395623,,,,,QUOTE_EXACT,"the drawn span over the declared span, both measured as the multiplier's maximum over its minimum  [read back from band_summary.json]"
the named lines beside the interval,deployment scale held in every draw,,0.3,,,,,QUOTE_EXACT,"of registered automobiles and of signalized intersections, by 2075; NOT drawn, and not priced by the interval  [read back from band_summary.json]"
the named lines beside the interval,"deployment scale, declared range",,0.15 to 0.45,,,,,QUOTE_EXACT,"delivered as two named lines, each the central rescaled  [read back from band_summary.json]"
the named lines beside the interval,"deployment-scale linearity, real, DEPLOYMENT_SCALE_LOW_15PCT, energy_kwh_eq, maximum relative deviation from the central rescaled",relative deviation,0.0,,,1e-12,declared harness tolerance,QUOTE_EXACT,"the harness RUN at a deployment scale of 0.15 against the central multiplied by 0.5; 2601 of 2601 cells agree bitwise.  0.15 is exactly half of 0.30 in binary floating point, so the low line agrees cell for cell and bit for bit.  0.45 is NOT exactly one and a half times 0.30 -- the two differ by half a unit in the last place -- so the high line agrees to within about one part in 10^15, which is that representation and not a departure from linearity  [read back from band_summary.json]"
the named lines beside the interval,"deployment-scale linearity, real, DEPLOYMENT_SCALE_LOW_15PCT, direct_co2_kg, maximum relative deviation from the central rescaled",relative deviation,0.0,,,1e-12,declared harness tolerance,QUOTE_EXACT,"the harness RUN at a deployment scale of 0.15 against the central multiplied by 0.5; 2601 of 2601 cells agree bitwise.  0.15 is exactly half of 0.30 in binary floating point, so the low line agrees cell for cell and bit for bit.  0.45 is NOT exactly one and a half times 0.30 -- the two differ by half a unit in the last place -- so the high line agrees to within about one part in 10^15, which is that representation and not a departure from linearity  [read back from band_summary.json]"
the named lines beside the interval,"deployment-scale linearity, real, DEPLOYMENT_SCALE_LOW_15PCT, grid_intensity_kg_per_kwh, maximum relative deviation from the central rescaled",relative deviation,0.0,,,1e-12,declared harness tolerance,QUOTE_EXACT,"the harness RUN at a deployment scale of 0.15 against the central multiplied by 0.5; 2601 of 2601 cells agree bitwise.  0.15 is exactly half of 0.30 in binary floating point, so the low line agrees cell for cell and bit for bit.  0.45 is NOT exactly one and a half times 0.30 -- the two differ by half a unit in the last place -- so the high line agrees to within about one part in 10^15, which is that representation and not a departure from linearity  [read back from band_summary.json]"
the named lines beside the interval,"deployment-scale linearity, real, DEPLOYMENT_SCALE_HIGH_45PCT, energy_kwh_eq, maximum relative deviation from the central rescaled",relative deviation,1.3287103115949797e-15,,,1e-12,declared harness tolerance,QUOTE_EXACT,"the harness RUN at a deployment scale of 0.45 against the central multiplied by 1.5; 592 of 2601 cells agree bitwise.  0.15 is exactly half of 0.30 in binary floating point, so the low line agrees cell for cell and bit for bit.  0.45 is NOT exactly one and a half times 0.30 -- the two differ by half a unit in the last place -- so the high line agrees to within about one part in 10^15, which is that representation and not a departure from linearity  [read back from band_summary.json]"
the named lines beside the interval,"deployment-scale linearity, real, DEPLOYMENT_SCALE_HIGH_45PCT, direct_co2_kg, maximum relative deviation from the central rescaled",relative deviation,1.3681979218092908e-15,,,1e-12,declared harness tolerance,QUOTE_EXACT,"the harness RUN at a deployment scale of 0.45 against the central multiplied by 1.5; 563 of 2601 cells agree bitwise.  0.15 is exactly half of 0.30 in binary floating point, so the low line agrees cell for cell and bit for bit.  0.45 is NOT exactly one and a half times 0.30 -- the two differ by half a unit in the last place -- so the high line agrees to within about one part in 10^15, which is that representation and not a departure from linearity  [read back from band_summary.json]"
the named lines beside the interval,"deployment-scale linearity, real, DEPLOYMENT_SCALE_HIGH_45PCT, grid_intensity_kg_per_kwh, maximum relative deviation from the central rescaled",relative deviation,0.0,,,1e-12,declared harness tolerance,QUOTE_EXACT,"the harness RUN at a deployment scale of 0.45 against the central multiplied by 1.5; 2601 of 2601 cells agree bitwise.  0.15 is exactly half of 0.30 in binary floating point, so the low line agrees cell for cell and bit for bit.  0.45 is NOT exactly one and a half times 0.30 -- the two differ by half a unit in the last place -- so the high line agrees to within about one part in 10^15, which is that representation and not a departure from linearity  [read back from band_summary.json]"
the named lines beside the interval,"deployment-scale linearity, equal, DEPLOYMENT_SCALE_LOW_15PCT, energy_kwh_eq, maximum relative deviation from the central rescaled",relative deviation,0.0,,,1e-12,declared harness tolerance,QUOTE_EXACT,"the harness RUN at a deployment scale of 0.15 against the central multiplied by 0.5; 2601 of 2601 cells agree bitwise.  0.15 is exactly half of 0.30 in binary floating point, so the low line agrees cell for cell and bit for bit.  0.45 is NOT exactly one and a half times 0.30 -- the two differ by half a unit in the last place -- so the high line agrees to within about one part in 10^15, which is that representation and not a departure from linearity  [read back from band_summary.json]"
the named lines beside the interval,"deployment-scale linearity, equal, DEPLOYMENT_SCALE_LOW_15PCT, direct_co2_kg, maximum relative deviation from the central rescaled",relative deviation,0.0,,,1e-12,declared harness tolerance,QUOTE_EXACT,"the harness RUN at a deployment scale of 0.15 against the central multiplied by 0.5; 2601 of 2601 cells agree bitwise.  0.15 is exactly half of 0.30 in binary floating point, so the low line agrees cell for cell and bit for bit.  0.45 is NOT exactly one and a half times 0.30 -- the two differ by half a unit in the last place -- so the high line agrees to within about one part in 10^15, which is that representation and not a departure from linearity  [read back from band_summary.json]"
the named lines beside the interval,"deployment-scale linearity, equal, DEPLOYMENT_SCALE_LOW_15PCT, grid_intensity_kg_per_kwh, maximum relative deviation from the central rescaled",relative deviation,0.0,,,1e-12,declared harness tolerance,QUOTE_EXACT,"the harness RUN at a deployment scale of 0.15 against the central multiplied by 0.5; 2601 of 2601 cells agree bitwise.  0.15 is exactly half of 0.30 in binary floating point, so the low line agrees cell for cell and bit for bit.  0.45 is NOT exactly one and a half times 0.30 -- the two differ by half a unit in the last place -- so the high line agrees to within about one part in 10^15, which is that representation and not a departure from linearity  [read back from band_summary.json]"
the named lines beside the interval,"deployment-scale linearity, equal, DEPLOYMENT_SCALE_HIGH_45PCT, energy_kwh_eq, maximum relative deviation from the central rescaled",relative deviation,9.29817861580544e-16,,,1e-12,declared harness tolerance,QUOTE_EXACT,"the harness RUN at a deployment scale of 0.45 against the central multiplied by 1.5; 652 of 2601 cells agree bitwise.  0.15 is exactly half of 0.30 in binary floating point, so the low line agrees cell for cell and bit for bit.  0.45 is NOT exactly one and a half times 0.30 -- the two differ by half a unit in the last place -- so the high line agrees to within about one part in 10^15, which is that representation and not a departure from linearity  [read back from band_summary.json]"
the named lines beside the interval,"deployment-scale linearity, equal, DEPLOYMENT_SCALE_HIGH_45PCT, direct_co2_kg, maximum relative deviation from the central rescaled",relative deviation,1.0126647556696387e-15,,,1e-12,declared harness tolerance,QUOTE_EXACT,"the harness RUN at a deployment scale of 0.45 against the central multiplied by 1.5; 597 of 2601 cells agree bitwise.  0.15 is exactly half of 0.30 in binary floating point, so the low line agrees cell for cell and bit for bit.  0.45 is NOT exactly one and a half times 0.30 -- the two differ by half a unit in the last place -- so the high line agrees to within about one part in 10^15, which is that representation and not a departure from linearity  [read back from band_summary.json]"
the named lines beside the interval,"deployment-scale linearity, equal, DEPLOYMENT_SCALE_HIGH_45PCT, grid_intensity_kg_per_kwh, maximum relative deviation from the central rescaled",relative deviation,0.0,,,1e-12,declared harness tolerance,QUOTE_EXACT,"the harness RUN at a deployment scale of 0.45 against the central multiplied by 1.5; 2601 of 2601 cells agree bitwise.  0.15 is exactly half of 0.30 in binary floating point, so the low line agrees cell for cell and bit for bit.  0.45 is NOT exactly one and a half times 0.30 -- the two differ by half a unit in the last place -- so the high line agrees to within about one part in 10^15, which is that representation and not a departure from linearity  [read back from band_summary.json]"
"the national delivered bundle, real capacity","national energy_kwh_eq 2050, p05",kWh equivalent,6618592753.551291,,,,,QUOTE_EXACT,"sum over the 51 entries, each state's own deployment scale  [read back from national_band_v33_j2000.csv]"
"the national delivered bundle, real capacity","national energy_kwh_eq 2050, p50",kWh equivalent,8414864254.946174,,,,,QUOTE_EXACT,"sum over the 51 entries, each state's own deployment scale  [read back from national_band_v33_j2000.csv]"
"the national delivered bundle, real capacity","national energy_kwh_eq 2050, p95",kWh equivalent,10625256204.277912,,,,,QUOTE_EXACT,"sum over the 51 entries, each state's own deployment scale  [read back from national_band_v33_j2000.csv]"
"the national delivered bundle, real capacity","national energy_kwh_eq 2050, central",kWh equivalent,8543205764.302047,,,,,QUOTE_EXACT,"sum over the 51 entries, each state's own deployment scale  [read back from national_band_v33_j2000.csv]"
"the national delivered bundle, real capacity","national energy_kwh_eq 2050, rel_halfwidth_symmetric",relative half-width,0.2344941443098879,,,,,QUOTE_EXACT,"sum over the 51 entries, each state's own deployment scale  [read back from national_band_v33_j2000.csv]"
"the national delivered bundle, real capacity","national energy_kwh_eq 2050, p50_over_central",kWh equivalent,0.9849773594483524,,,,,QUOTE_EXACT,"sum over the 51 entries, each state's own deployment scale  [read back from national_band_v33_j2000.csv]"
"the national delivered bundle, real capacity","national energy_kwh_eq 2075, p05",kWh equivalent,16062563184.370285,,,,,QUOTE_EXACT,"sum over the 51 entries, each state's own deployment scale  [read back from national_band_v33_j2000.csv]"
"the national delivered bundle, real capacity","national energy_kwh_eq 2075, p50",kWh equivalent,20341761852.86605,,,,,QUOTE_EXACT,"sum over the 51 entries, each state's own deployment scale  [read back from national_band_v33_j2000.csv]"
"the national delivered bundle, real capacity","national energy_kwh_eq 2075, p95",kWh equivalent,25451362038.093174,,,,,QUOTE_EXACT,"sum over the 51 entries, each state's own deployment scale  [read back from national_band_v33_j2000.csv]"
"the national delivered bundle, real capacity","national energy_kwh_eq 2075, central",kWh equivalent,20651682659.419357,,,,,QUOTE_EXACT,"sum over the 51 entries, each state's own deployment scale  [read back from national_band_v33_j2000.csv]"
"the national delivered bundle, real capacity","national energy_kwh_eq 2075, rel_halfwidth_symmetric",relative half-width,0.22731316882405708,,,,,QUOTE_EXACT,"sum over the 51 entries, each state's own deployment scale  [read back from national_band_v33_j2000.csv]"
"the national delivered bundle, real capacity","national energy_kwh_eq 2075, p50_over_central",kWh equivalent,0.9849929513413306,,,,,QUOTE_EXACT,"sum over the 51 entries, each state's own deployment scale  [read back from national_band_v33_j2000.csv]"
"the national delivered bundle, real capacity","national direct_co2_kg 2050, p05",kg,1505620667.722021,,,,,QUOTE_EXACT,"sum over the 51 entries, each state's own deployment scale  [read back from national_band_v33_j2000.csv]"
"the national delivered bundle, real capacity","national direct_co2_kg 2050, p50",kg,1949491427.2159128,,,,,QUOTE_EXACT,"sum over the 51 entries, each state's own deployment scale  [read back from national_band_v33_j2000.csv]"
"the national delivered bundle, real capacity","national direct_co2_kg 2050, p95",kg,2479113283.531428,,,,,QUOTE_EXACT,"sum over the 51 entries, each state's own deployment scale  [read back from national_band_v33_j2000.csv]"
"the national delivered bundle, real capacity","national direct_co2_kg 2050, central",kg,1972226476.4302278,,,,,QUOTE_EXACT,"sum over the 51 entries, each state's own deployment scale  [read back from national_band_v33_j2000.csv]"
"the national delivered bundle, real capacity","national direct_co2_kg 2050, rel_halfwidth_symmetric",relative half-width,0.24680041248899803,,,,,QUOTE_EXACT,"sum over the 51 entries, each state's own deployment scale  [read back from national_band_v33_j2000.csv]"
"the national delivered bundle, real capacity","national direct_co2_kg 2050, p50_over_central",kg,0.9884723942782343,,,,,QUOTE_EXACT,"sum over the 51 entries, each state's own deployment scale  [read back from national_band_v33_j2000.csv]"
"the national delivered bundle, real capacity","national direct_co2_kg 2075, p05",kg,3469873771.802591,,,,,QUOTE_EXACT,"sum over the 51 entries, each state's own deployment scale  [read back from national_band_v33_j2000.csv]"
"the national delivered bundle, real capacity","national direct_co2_kg 2075, p50",kg,4495179001.685184,,,,,QUOTE_EXACT,"sum over the 51 entries, each state's own deployment scale  [read back from national_band_v33_j2000.csv]"
"the national delivered bundle, real capacity","national direct_co2_kg 2075, p95",kg,5698197950.503581,,,,,QUOTE_EXACT,"sum over the 51 entries, each state's own deployment scale  [read back from national_band_v33_j2000.csv]"
"the national delivered bundle, real capacity","national direct_co2_kg 2075, central",kg,4547815870.400437,,,,,QUOTE_EXACT,"sum over the 51 entries, each state's own deployment scale  [read back from national_band_v33_j2000.csv]"
"the national delivered bundle, real capacity","national direct_co2_kg 2075, rel_halfwidth_symmetric",relative half-width,0.24498839027367936,,,,,QUOTE_EXACT,"sum over the 51 entries, each state's own deployment scale  [read back from national_band_v33_j2000.csv]"
"the national delivered bundle, real capacity","national direct_co2_kg 2075, p50_over_central",kg,0.9884259015282826,,,,,QUOTE_EXACT,"sum over the 51 entries, each state's own deployment scale  [read back from national_band_v33_j2000.csv]"
"the national delivered bundle, real capacity","national grid_intensity_kg_per_kwh 2050, p05",kg a kWh,0.041398934363359396,,,,,QUOTE_EXACT,"electricity-weighted national mean, each state's own deployment scale  [read back from national_band_v33_j2000.csv]"
"the national delivered bundle, real capacity","national grid_intensity_kg_per_kwh 2050, p50",kg a kWh,0.06050895427944229,,,,,QUOTE_EXACT,"electricity-weighted national mean, each state's own deployment scale  [read back from national_band_v33_j2000.csv]"
"the national delivered bundle, real capacity","national grid_intensity_kg_per_kwh 2050, p95",kg a kWh,0.08570579689114811,,,,,QUOTE_EXACT,"electricity-weighted national mean, each state's own deployment scale  [read back from national_band_v33_j2000.csv]"
"the national delivered bundle, real capacity","national grid_intensity_kg_per_kwh 2050, central",kg a kWh,0.0573360517003423,,,,,QUOTE_EXACT,"electricity-weighted national mean, each state's own deployment scale  [read back from national_band_v33_j2000.csv]"
"the national delivered bundle, real capacity","national grid_intensity_kg_per_kwh 2050, rel_halfwidth_symmetric",relative half-width,0.38637873740723766,,,,,QUOTE_EXACT,"electricity-weighted national mean, each state's own deployment scale  [read back from national_band_v33_j2000.csv]"
"the national delivered bundle, real capacity","national grid_intensity_kg_per_kwh 2050, p50_over_central",kg a kWh,1.0553387002593528,,,,,QUOTE_EXACT,"electricity-weighted national mean, each state's own deployment scale  [read back from national_band_v33_j2000.csv]"
"the national delivered bundle, real capacity","national grid_intensity_kg_per_kwh 2075, p05",kg a kWh,0.03676205959072207,,,,,QUOTE_EXACT,"electricity-weighted national mean, each state's own deployment scale  [read back from national_band_v33_j2000.csv]"
"the national delivered bundle, real capacity","national grid_intensity_kg_per_kwh 2075, p50",kg a kWh,0.06296994130515554,,,,,QUOTE_EXACT,"electricity-weighted national mean, each state's own deployment scale  [read back from national_band_v33_j2000.csv]"
"the national delivered bundle, real capacity","national grid_intensity_kg_per_kwh 2075, p95",kg a kWh,0.09904568702022755,,,,,QUOTE_EXACT,"electricity-weighted national mean, each state's own deployment scale  [read back from national_band_v33_j2000.csv]"
"the national delivered bundle, real capacity","national grid_intensity_kg_per_kwh 2075, central",kg a kWh,0.06111302355362525,,,,,QUOTE_EXACT,"electricity-weighted national mean, each state's own deployment scale  [read back from national_band_v33_j2000.csv]"
"the national delivered bundle, real capacity","national grid_intensity_kg_per_kwh 2075, rel_halfwidth_symmetric",relative half-width,0.5095773683562969,,,,,QUOTE_EXACT,"electricity-weighted national mean, each state's own deployment scale  [read back from national_band_v33_j2000.csv]"
"the national delivered bundle, real capacity","national grid_intensity_kg_per_kwh 2075, p50_over_central",kg a kWh,1.0303849759601713,,,,,QUOTE_EXACT,"electricity-weighted national mean, each state's own deployment scale  [read back from national_band_v33_j2000.csv]"
each entry's real deployment scale,"median relative half-width, direct_co2_kg, ADOPTING_13, 2050",relative half-width,4.244409302310926,,,,,QUOTE_EXACT,delivered v3.3 interval; 13 of 13 entries have a defined relative width  [read back from halfwidth_by_group_v33_j2000.csv]
each entry's real deployment scale,"median relative half-width, direct_co2_kg, ADOPTING_13, 2050, v3.1c reproduced",relative half-width,0.3561042795598728,,,,,QUOTE_EXACT,"the shipped v3.1c prescription reproduced through this build's harness; a DIFFERENT estimand on a DIFFERENT central, reported for orientation  [read back from halfwidth_by_group_v33_j2000.csv]"
each entry's real deployment scale,"median relative half-width, direct_co2_kg, ADOPTING_13, 2050, v3.3 on the entries defined under both centrals",relative half-width,0.4738308537938918,,,,,QUOTE_EXACT,like-for-like: the 7 entries of the group whose central is not exactly zero under EITHER build  [read back from halfwidth_by_group_v33_j2000.csv]
each entry's real deployment scale,"median relative half-width, direct_co2_kg, ADOPTING_13, 2050, v3.1c on the entries defined under both centrals",relative half-width,0.3561042795598728,,,,,QUOTE_EXACT,same entries  [read back from halfwidth_by_group_v33_j2000.csv]
each entry's real deployment scale,"median relative half-width ratio, direct_co2_kg, ADOPTING_13, 2050, matched entries",relative half-width,1.330595786098171,,,,,QUOTE_EXACT,v3.3 over v3.1c on the entries defined under both centrals; the unmatched ratio in this file is an orientation only  [read back from halfwidth_by_group_v33_j2000.csv]
each entry's real deployment scale,"median relative half-width, direct_co2_kg, ALL_51, 2050",relative half-width,0.2450204157157711,,,,,QUOTE_EXACT,delivered v3.3 interval; 51 of 51 entries have a defined relative width  [read back from halfwidth_by_group_v33_j2000.csv]
each entry's real deployment scale,"median relative half-width, direct_co2_kg, ALL_51, 2050, v3.1c reproduced",relative half-width,0.2921080243965916,,,,,QUOTE_EXACT,"the shipped v3.1c prescription reproduced through this build's harness; a DIFFERENT estimand on a DIFFERENT central, reported for orientation  [read back from halfwidth_by_group_v33_j2000.csv]"
each entry's real deployment scale,"median relative half-width, direct_co2_kg, ALL_51, 2050, v3.3 on the entries defined under both centrals",relative half-width,0.24350545785316705,,,,,QUOTE_EXACT,like-for-like: the 45 entries of the group whose central is not exactly zero under EITHER build  [read back from halfwidth_by_group_v33_j2000.csv]
each entry's real deployment scale,"median relative half-width, direct_co2_kg, ALL_51, 2050, v3.1c on the entries defined under both centrals",relative half-width,0.2921080243965916,,,,,QUOTE_EXACT,same entries  [read back from halfwidth_by_group_v33_j2000.csv]
each entry's real deployment scale,"median relative half-width ratio, direct_co2_kg, ALL_51, 2050, matched entries",relative half-width,0.833614408081315,,,,,QUOTE_EXACT,v3.3 over v3.1c on the entries defined under both centrals; the unmatched ratio in this file is an orientation only  [read back from halfwidth_by_group_v33_j2000.csv]
each entry's real deployment scale,"median relative half-width, direct_co2_kg, CAPPED_82_MY2032_3, 2050",relative half-width,0.4514479120062488,,,,,QUOTE_EXACT,delivered v3.3 interval; 3 of 3 entries have a defined relative width  [read back from halfwidth_by_group_v33_j2000.csv]
each entry's real deployment scale,"median relative half-width, direct_co2_kg, CAPPED_82_MY2032_3, 2050, v3.1c reproduced",relative half-width,0.2520231459056356,,,,,QUOTE_EXACT,"the shipped v3.1c prescription reproduced through this build's harness; a DIFFERENT estimand on a DIFFERENT central, reported for orientation  [read back from halfwidth_by_group_v33_j2000.csv]"
each entry's real deployment scale,"median relative half-width, direct_co2_kg, CAPPED_82_MY2032_3, 2050, v3.3 on the entries defined under both centrals",relative half-width,0.4514479120062488,,,,,QUOTE_EXACT,like-for-like: the 3 entries of the group whose central is not exactly zero under EITHER build  [read back from halfwidth_by_group_v33_j2000.csv]
each entry's real deployment scale,"median relative half-width, direct_co2_kg, CAPPED_82_MY2032_3, 2050, v3.1c on the entries defined under both centrals",relative half-width,0.2520231459056356,,,,,QUOTE_EXACT,same entries  [read back from halfwidth_by_group_v33_j2000.csv]
each entry's real deployment scale,"median relative half-width ratio, direct_co2_kg, CAPPED_82_MY2032_3, 2050, matched entries",relative half-width,1.7912954398850462,,,,,QUOTE_EXACT,v3.3 over v3.1c on the entries defined under both centrals; the unmatched ratio in this file is an orientation only  [read back from halfwidth_by_group_v33_j2000.csv]
each entry's real deployment scale,"median relative half-width, direct_co2_kg, FULL_SCHEDULE_10, 2050",relative half-width,4.299972618434086,,,,,QUOTE_EXACT,delivered v3.3 interval; 10 of 10 entries have a defined relative width  [read back from halfwidth_by_group_v33_j2000.csv]
each entry's real deployment scale,"median relative half-width, direct_co2_kg, FULL_SCHEDULE_10, 2050, v3.1c reproduced",relative half-width,0.4337809482222229,,,,,QUOTE_EXACT,"the shipped v3.1c prescription reproduced through this build's harness; a DIFFERENT estimand on a DIFFERENT central, reported for orientation  [read back from halfwidth_by_group_v33_j2000.csv]"
each entry's real deployment scale,"median relative half-width, direct_co2_kg, FULL_SCHEDULE_10, 2050, v3.3 on the entries defined under both centrals",relative half-width,0.5352032198526417,,,,,QUOTE_EXACT,like-for-like: the 4 entries of the group whose central is not exactly zero under EITHER build  [read back from halfwidth_by_group_v33_j2000.csv]
each entry's real deployment scale,"median relative half-width, direct_co2_kg, FULL_SCHEDULE_10, 2050, v3.1c on the entries defined under both centrals",relative half-width,0.4337809482222229,,,,,QUOTE_EXACT,same entries  [read back from halfwidth_by_group_v33_j2000.csv]
each entry's real deployment scale,"median relative half-width ratio, direct_co2_kg, FULL_SCHEDULE_10, 2050, matched entries",relative half-width,1.2338098804156352,,,,,QUOTE_EXACT,v3.3 over v3.1c on the entries defined under both centrals; the unmatched ratio in this file is an orientation only  [read back from halfwidth_by_group_v33_j2000.csv]
each entry's real deployment scale,"median relative half-width, direct_co2_kg, NO_VEHICLE_RULE_38, 2050",relative half-width,0.2426209169117295,,,,,QUOTE_EXACT,delivered v3.3 interval; 38 of 38 entries have a defined relative width  [read back from halfwidth_by_group_v33_j2000.csv]
each entry's real deployment scale,"median relative half-width, direct_co2_kg, NO_VEHICLE_RULE_38, 2050, v3.1c reproduced",relative half-width,0.28910390927561713,,,,,QUOTE_EXACT,"the shipped v3.1c prescription reproduced through this build's harness; a DIFFERENT estimand on a DIFFERENT central, reported for orientation  [read back from halfwidth_by_group_v33_j2000.csv]"
each entry's real deployment scale,"median relative half-width, direct_co2_kg, NO_VEHICLE_RULE_38, 2050, v3.3 on the entries defined under both centrals",relative half-width,0.2426209169117295,,,,,QUOTE_EXACT,like-for-like: the 38 entries of the group whose central is not exactly zero under EITHER build  [read back from halfwidth_by_group_v33_j2000.csv]
each entry's real deployment scale,"median relative half-width, direct_co2_kg, NO_VEHICLE_RULE_38, 2050, v3.1c on the entries defined under both centrals",relative half-width,0.28910390927561713,,,,,QUOTE_EXACT,same entries  [read back from halfwidth_by_group_v33_j2000.csv]
each entry's real deployment scale,"median relative half-width ratio, direct_co2_kg, NO_VEHICLE_RULE_38, 2050, matched entries",relative half-width,0.8392170051233272,,,,,QUOTE_EXACT,v3.3 over v3.1c on the entries defined under both centrals; the unmatched ratio in this file is an orientation only  [read back from halfwidth_by_group_v33_j2000.csv]
each entry's real deployment scale,"median relative half-width, direct_co2_kg, ADOPTING_13, 2075",relative half-width,9011.423493121889,,,,,QUOTE_EXACT,delivered v3.3 interval; 13 of 13 entries have a defined relative width  [read back from halfwidth_by_group_v33_j2000.csv]
each entry's real deployment scale,"median relative half-width, direct_co2_kg, ADOPTING_13, 2075, v3.1c reproduced",relative half-width,0.35493639518844344,,,,,QUOTE_EXACT,"the shipped v3.1c prescription reproduced through this build's harness; a DIFFERENT estimand on a DIFFERENT central, reported for orientation  [read back from halfwidth_by_group_v33_j2000.csv]"
each entry's real deployment scale,"median relative half-width, direct_co2_kg, ADOPTING_13, 2075, v3.3 on the entries defined under both centrals",relative half-width,0.6709898110578505,,,,,QUOTE_EXACT,like-for-like: the 7 entries of the group whose central is not exactly zero under EITHER build  [read back from halfwidth_by_group_v33_j2000.csv]
each entry's real deployment scale,"median relative half-width, direct_co2_kg, ADOPTING_13, 2075, v3.1c on the entries defined under both centrals",relative half-width,0.35493639518844344,,,,,QUOTE_EXACT,same entries  [read back from halfwidth_by_group_v33_j2000.csv]
each entry's real deployment scale,"median relative half-width ratio, direct_co2_kg, ADOPTING_13, 2075, matched entries",relative half-width,1.8904508530369433,,,,,QUOTE_EXACT,v3.3 over v3.1c on the entries defined under both centrals; the unmatched ratio in this file is an orientation only  [read back from halfwidth_by_group_v33_j2000.csv]
each entry's real deployment scale,"median relative half-width, direct_co2_kg, ALL_51, 2075",relative half-width,0.2434828764295072,,,,,QUOTE_EXACT,delivered v3.3 interval; 51 of 51 entries have a defined relative width  [read back from halfwidth_by_group_v33_j2000.csv]
each entry's real deployment scale,"median relative half-width, direct_co2_kg, ALL_51, 2075, v3.1c reproduced",relative half-width,0.4245380865787309,,,,,QUOTE_EXACT,"the shipped v3.1c prescription reproduced through this build's harness; a DIFFERENT estimand on a DIFFERENT central, reported for orientation  [read back from halfwidth_by_group_v33_j2000.csv]"
each entry's real deployment scale,"median relative half-width, direct_co2_kg, ALL_51, 2075, v3.3 on the entries defined under both centrals",relative half-width,0.24264393354359548,,,,,QUOTE_EXACT,like-for-like: the 45 entries of the group whose central is not exactly zero under EITHER build  [read back from halfwidth_by_group_v33_j2000.csv]
each entry's real deployment scale,"median relative half-width, direct_co2_kg, ALL_51, 2075, v3.1c on the entries defined under both centrals",relative half-width,0.4245380865787309,,,,,QUOTE_EXACT,same entries  [read back from halfwidth_by_group_v33_j2000.csv]
each entry's real deployment scale,"median relative half-width ratio, direct_co2_kg, ALL_51, 2075, matched entries",relative half-width,0.5715480924197293,,,,,QUOTE_EXACT,v3.3 over v3.1c on the entries defined under both centrals; the unmatched ratio in this file is an orientation only  [read back from halfwidth_by_group_v33_j2000.csv]
each entry's real deployment scale,"median relative half-width, direct_co2_kg, CAPPED_82_MY2032_3, 2075",relative half-width,1.5394592851086968,,,,,QUOTE_EXACT,delivered v3.3 interval; 3 of 3 entries have a defined relative width  [read back from halfwidth_by_group_v33_j2000.csv]
each entry's real deployment scale,"median relative half-width, direct_co2_kg, CAPPED_82_MY2032_3, 2075, v3.1c reproduced",relative half-width,0.3417577620911746,,,,,QUOTE_EXACT,"the shipped v3.1c prescription reproduced through this build's harness; a DIFFERENT estimand on a DIFFERENT central, reported for orientation  [read back from halfwidth_by_group_v33_j2000.csv]"
each entry's real deployment scale,"median relative half-width, direct_co2_kg, CAPPED_82_MY2032_3, 2075, v3.3 on the entries defined under both centrals",relative half-width,1.5394592851086968,,,,,QUOTE_EXACT,like-for-like: the 3 entries of the group whose central is not exactly zero under EITHER build  [read back from halfwidth_by_group_v33_j2000.csv]
each entry's real deployment scale,"median relative half-width, direct_co2_kg, CAPPED_82_MY2032_3, 2075, v3.1c on the entries defined under both centrals",relative half-width,0.3417577620911746,,,,,QUOTE_EXACT,same entries  [read back from halfwidth_by_group_v33_j2000.csv]
each entry's real deployment scale,"median relative half-width ratio, direct_co2_kg, CAPPED_82_MY2032_3, 2075, matched entries",relative half-width,4.504533490882346,,,,,QUOTE_EXACT,v3.3 over v3.1c on the entries defined under both centrals; the unmatched ratio in this file is an orientation only  [read back from halfwidth_by_group_v33_j2000.csv]
each entry's real deployment scale,"median relative half-width, direct_co2_kg, FULL_SCHEDULE_10, 2075",relative half-width,9134.70197182982,,,,,QUOTE_EXACT,delivered v3.3 interval; 10 of 10 entries have a defined relative width  [read back from halfwidth_by_group_v33_j2000.csv]
each entry's real deployment scale,"median relative half-width, direct_co2_kg, FULL_SCHEDULE_10, 2075, v3.1c reproduced",relative half-width,0.4338341350069774,,,,,QUOTE_EXACT,"the shipped v3.1c prescription reproduced through this build's harness; a DIFFERENT estimand on a DIFFERENT central, reported for orientation  [read back from halfwidth_by_group_v33_j2000.csv]"
each entry's real deployment scale,"median relative half-width, direct_co2_kg, FULL_SCHEDULE_10, 2075, v3.3 on the entries defined under both centrals",relative half-width,0.6548177442318189,,,,,QUOTE_EXACT,like-for-like: the 4 entries of the group whose central is not exactly zero under EITHER build  [read back from halfwidth_by_group_v33_j2000.csv]
each entry's real deployment scale,"median relative half-width, direct_co2_kg, FULL_SCHEDULE_10, 2075, v3.1c on the entries defined under both centrals",relative half-width,0.4338341350069774,,,,,QUOTE_EXACT,same entries  [read back from halfwidth_by_group_v33_j2000.csv]
each entry's real deployment scale,"median relative half-width ratio, direct_co2_kg, FULL_SCHEDULE_10, 2075, matched entries",relative half-width,1.5093734941380015,,,,,QUOTE_EXACT,v3.3 over v3.1c on the entries defined under both centrals; the unmatched ratio in this file is an orientation only  [read back from halfwidth_by_group_v33_j2000.csv]
each entry's real deployment scale,"median relative half-width, direct_co2_kg, NO_VEHICLE_RULE_38, 2075",relative half-width,0.23844017298308323,,,,,QUOTE_EXACT,delivered v3.3 interval; 38 of 38 entries have a defined relative width  [read back from halfwidth_by_group_v33_j2000.csv]
each entry's real deployment scale,"median relative half-width, direct_co2_kg, NO_VEHICLE_RULE_38, 2075, v3.1c reproduced",relative half-width,0.4335070569634868,,,,,QUOTE_EXACT,"the shipped v3.1c prescription reproduced through this build's harness; a DIFFERENT estimand on a DIFFERENT central, reported for orientation  [read back from halfwidth_by_group_v33_j2000.csv]"
each entry's real deployment scale,"median relative half-width, direct_co2_kg, NO_VEHICLE_RULE_38, 2075, v3.3 on the entries defined under both centrals",relative half-width,0.23844017298308323,,,,,QUOTE_EXACT,like-for-like: the 38 entries of the group whose central is not exactly zero under EITHER build  [read back from halfwidth_by_group_v33_j2000.csv]
each entry's real deployment scale,"median relative half-width, direct_co2_kg, NO_VEHICLE_RULE_38, 2075, v3.1c on the entries defined under both centrals",relative half-width,0.4335070569634868,,,,,QUOTE_EXACT,same entries  [read back from halfwidth_by_group_v33_j2000.csv]
each entry's real deployment scale,"median relative half-width ratio, direct_co2_kg, NO_VEHICLE_RULE_38, 2075, matched entries",relative half-width,0.5500260472188033,,,,,QUOTE_EXACT,v3.3 over v3.1c on the entries defined under both centrals; the unmatched ratio in this file is an orientation only  [read back from halfwidth_by_group_v33_j2000.csv]
each entry's real deployment scale,"median relative half-width, energy_kwh_eq, ADOPTING_13, 2050",relative half-width,0.26803797459294626,,,,,QUOTE_EXACT,delivered v3.3 interval; 13 of 13 entries have a defined relative width  [read back from halfwidth_by_group_v33_j2000.csv]
each entry's real deployment scale,"median relative half-width, energy_kwh_eq, ADOPTING_13, 2050, v3.1c reproduced",relative half-width,0.24356055432158288,,,,,QUOTE_EXACT,"the shipped v3.1c prescription reproduced through this build's harness; a DIFFERENT estimand on a DIFFERENT central, reported for orientation  [read back from halfwidth_by_group_v33_j2000.csv]"
each entry's real deployment scale,"median relative half-width, energy_kwh_eq, ADOPTING_13, 2050, v3.3 on the entries defined under both centrals",relative half-width,0.26803797459294626,,,,,QUOTE_EXACT,like-for-like: the 13 entries of the group whose central is not exactly zero under EITHER build  [read back from halfwidth_by_group_v33_j2000.csv]
each entry's real deployment scale,"median relative half-width, energy_kwh_eq, ADOPTING_13, 2050, v3.1c on the entries defined under both centrals",relative half-width,0.24356055432158288,,,,,QUOTE_EXACT,same entries  [read back from halfwidth_by_group_v33_j2000.csv]
each entry's real deployment scale,"median relative half-width ratio, energy_kwh_eq, ADOPTING_13, 2050, matched entries",relative half-width,1.1004982943134742,,,,,QUOTE_EXACT,v3.3 over v3.1c on the entries defined under both centrals; the unmatched ratio in this file is an orientation only  [read back from halfwidth_by_group_v33_j2000.csv]
each entry's real deployment scale,"median relative half-width, energy_kwh_eq, ALL_51, 2050",relative half-width,0.23733640382897864,,,,,QUOTE_EXACT,delivered v3.3 interval; 51 of 51 entries have a defined relative width  [read back from halfwidth_by_group_v33_j2000.csv]
each entry's real deployment scale,"median relative half-width, energy_kwh_eq, ALL_51, 2050, v3.1c reproduced",relative half-width,0.2621926958838662,,,,,QUOTE_EXACT,"the shipped v3.1c prescription reproduced through this build's harness; a DIFFERENT estimand on a DIFFERENT central, reported for orientation  [read back from halfwidth_by_group_v33_j2000.csv]"
each entry's real deployment scale,"median relative half-width, energy_kwh_eq, ALL_51, 2050, v3.3 on the entries defined under both centrals",relative half-width,0.23733640382897864,,,,,QUOTE_EXACT,like-for-like: the 51 entries of the group whose central is not exactly zero under EITHER build  [read back from halfwidth_by_group_v33_j2000.csv]
each entry's real deployment scale,"median relative half-width, energy_kwh_eq, ALL_51, 2050, v3.1c on the entries defined under both centrals",relative half-width,0.2621926958838662,,,,,QUOTE_EXACT,same entries  [read back from halfwidth_by_group_v33_j2000.csv]
each entry's real deployment scale,"median relative half-width ratio, energy_kwh_eq, ALL_51, 2050, matched entries",relative half-width,0.9051983810186032,,,,,QUOTE_EXACT,v3.3 over v3.1c on the entries defined under both centrals; the unmatched ratio in this file is an orientation only  [read back from halfwidth_by_group_v33_j2000.csv]
each entry's real deployment scale,"median relative half-width, energy_kwh_eq, CAPPED_82_MY2032_3, 2050",relative half-width,0.2373417214693558,,,,,QUOTE_EXACT,delivered v3.3 interval; 3 of 3 entries have a defined relative width  [read back from halfwidth_by_group_v33_j2000.csv]
each entry's real deployment scale,"median relative half-width, energy_kwh_eq, CAPPED_82_MY2032_3, 2050, v3.1c reproduced",relative half-width,0.22078392208892428,,,,,QUOTE_EXACT,"the shipped v3.1c prescription reproduced through this build's harness; a DIFFERENT estimand on a DIFFERENT central, reported for orientation  [read back from halfwidth_by_group_v33_j2000.csv]"
each entry's real deployment scale,"median relative half-width, energy_kwh_eq, CAPPED_82_MY2032_3, 2050, v3.3 on the entries defined under both centrals",relative half-width,0.2373417214693558,,,,,QUOTE_EXACT,like-for-like: the 3 entries of the group whose central is not exactly zero under EITHER build  [read back from halfwidth_by_group_v33_j2000.csv]
each entry's real deployment scale,"median relative half-width, energy_kwh_eq, CAPPED_82_MY2032_3, 2050, v3.1c on the entries defined under both centrals",relative half-width,0.22078392208892428,,,,,QUOTE_EXACT,same entries  [read back from halfwidth_by_group_v33_j2000.csv]
each entry's real deployment scale,"median relative half-width ratio, energy_kwh_eq, CAPPED_82_MY2032_3, 2050, matched entries",relative half-width,1.0749954943447495,,,,,QUOTE_EXACT,v3.3 over v3.1c on the entries defined under both centrals; the unmatched ratio in this file is an orientation only  [read back from halfwidth_by_group_v33_j2000.csv]
each entry's real deployment scale,"median relative half-width, energy_kwh_eq, FULL_SCHEDULE_10, 2050",relative half-width,0.2682463663371025,,,,,QUOTE_EXACT,delivered v3.3 interval; 10 of 10 entries have a defined relative width  [read back from halfwidth_by_group_v33_j2000.csv]
each entry's real deployment scale,"median relative half-width, energy_kwh_eq, FULL_SCHEDULE_10, 2050, v3.1c reproduced",relative half-width,0.2438588554049801,,,,,QUOTE_EXACT,"the shipped v3.1c prescription reproduced through this build's harness; a DIFFERENT estimand on a DIFFERENT central, reported for orientation  [read back from halfwidth_by_group_v33_j2000.csv]"
each entry's real deployment scale,"median relative half-width, energy_kwh_eq, FULL_SCHEDULE_10, 2050, v3.3 on the entries defined under both centrals",relative half-width,0.2682463663371025,,,,,QUOTE_EXACT,like-for-like: the 10 entries of the group whose central is not exactly zero under EITHER build  [read back from halfwidth_by_group_v33_j2000.csv]
each entry's real deployment scale,"median relative half-width, energy_kwh_eq, FULL_SCHEDULE_10, 2050, v3.1c on the entries defined under both centrals",relative half-width,0.2438588554049801,,,,,QUOTE_EXACT,same entries  [read back from halfwidth_by_group_v33_j2000.csv]
each entry's real deployment scale,"median relative half-width ratio, energy_kwh_eq, FULL_SCHEDULE_10, 2050, matched entries",relative half-width,1.1000066652967009,,,,,QUOTE_EXACT,v3.3 over v3.1c on the entries defined under both centrals; the unmatched ratio in this file is an orientation only  [read back from halfwidth_by_group_v33_j2000.csv]
each entry's real deployment scale,"median relative half-width, energy_kwh_eq, NO_VEHICLE_RULE_38, 2050",relative half-width,0.23708741558370156,,,,,QUOTE_EXACT,delivered v3.3 interval; 38 of 38 entries have a defined relative width  [read back from halfwidth_by_group_v33_j2000.csv]
each entry's real deployment scale,"median relative half-width, energy_kwh_eq, NO_VEHICLE_RULE_38, 2050, v3.1c reproduced",relative half-width,0.2623590949748506,,,,,QUOTE_EXACT,"the shipped v3.1c prescription reproduced through this build's harness; a DIFFERENT estimand on a DIFFERENT central, reported for orientation  [read back from halfwidth_by_group_v33_j2000.csv]"
each entry's real deployment scale,"median relative half-width, energy_kwh_eq, NO_VEHICLE_RULE_38, 2050, v3.3 on the entries defined under both centrals",relative half-width,0.23708741558370156,,,,,QUOTE_EXACT,like-for-like: the 38 entries of the group whose central is not exactly zero under EITHER build  [read back from halfwidth_by_group_v33_j2000.csv]
each entry's real deployment scale,"median relative half-width, energy_kwh_eq, NO_VEHICLE_RULE_38, 2050, v3.1c on the entries defined under both centrals",relative half-width,0.2623590949748506,,,,,QUOTE_EXACT,same entries  [read back from halfwidth_by_group_v33_j2000.csv]
each entry's real deployment scale,"median relative half-width ratio, energy_kwh_eq, NO_VEHICLE_RULE_38, 2050, matched entries",relative half-width,0.903675230341942,,,,,QUOTE_EXACT,v3.3 over v3.1c on the entries defined under both centrals; the unmatched ratio in this file is an orientation only  [read back from halfwidth_by_group_v33_j2000.csv]
each entry's real deployment scale,"median relative half-width, energy_kwh_eq, ADOPTING_13, 2075",relative half-width,0.2720496678500572,,,,,QUOTE_EXACT,delivered v3.3 interval; 13 of 13 entries have a defined relative width  [read back from halfwidth_by_group_v33_j2000.csv]
each entry's real deployment scale,"median relative half-width, energy_kwh_eq, ADOPTING_13, 2075, v3.1c reproduced",relative half-width,0.24169696487062584,,,,,QUOTE_EXACT,"the shipped v3.1c prescription reproduced through this build's harness; a DIFFERENT estimand on a DIFFERENT central, reported for orientation  [read back from halfwidth_by_group_v33_j2000.csv]"
each entry's real deployment scale,"median relative half-width, energy_kwh_eq, ADOPTING_13, 2075, v3.3 on the entries defined under both centrals",relative half-width,0.2720496678500572,,,,,QUOTE_EXACT,like-for-like: the 13 entries of the group whose central is not exactly zero under EITHER build  [read back from halfwidth_by_group_v33_j2000.csv]
each entry's real deployment scale,"median relative half-width, energy_kwh_eq, ADOPTING_13, 2075, v3.1c on the entries defined under both centrals",relative half-width,0.24169696487062584,,,,,QUOTE_EXACT,same entries  [read back from halfwidth_by_group_v33_j2000.csv]
each entry's real deployment scale,"median relative half-width ratio, energy_kwh_eq, ADOPTING_13, 2075, matched entries",relative half-width,1.1255816472320137,,,,,QUOTE_EXACT,v3.3 over v3.1c on the entries defined under both centrals; the unmatched ratio in this file is an orientation only  [read back from halfwidth_by_group_v33_j2000.csv]
each entry's real deployment scale,"median relative half-width, energy_kwh_eq, ALL_51, 2075",relative half-width,0.23119376970408254,,,,,QUOTE_EXACT,delivered v3.3 interval; 51 of 51 entries have a defined relative width  [read back from halfwidth_by_group_v33_j2000.csv]
each entry's real deployment scale,"median relative half-width, energy_kwh_eq, ALL_51, 2075, v3.1c reproduced",relative half-width,0.34585279427727705,,,,,QUOTE_EXACT,"the shipped v3.1c prescription reproduced through this build's harness; a DIFFERENT estimand on a DIFFERENT central, reported for orientation  [read back from halfwidth_by_group_v33_j2000.csv]"
each entry's real deployment scale,"median relative half-width, energy_kwh_eq, ALL_51, 2075, v3.3 on the entries defined under both centrals",relative half-width,0.23119376970408254,,,,,QUOTE_EXACT,like-for-like: the 51 entries of the group whose central is not exactly zero under EITHER build  [read back from halfwidth_by_group_v33_j2000.csv]
each entry's real deployment scale,"median relative half-width, energy_kwh_eq, ALL_51, 2075, v3.1c on the entries defined under both centrals",relative half-width,0.34585279427727705,,,,,QUOTE_EXACT,same entries  [read back from halfwidth_by_group_v33_j2000.csv]
each entry's real deployment scale,"median relative half-width ratio, energy_kwh_eq, ALL_51, 2075, matched entries",relative half-width,0.6684744883649253,,,,,QUOTE_EXACT,v3.3 over v3.1c on the entries defined under both centrals; the unmatched ratio in this file is an orientation only  [read back from halfwidth_by_group_v33_j2000.csv]
each entry's real deployment scale,"median relative half-width, energy_kwh_eq, CAPPED_82_MY2032_3, 2075",relative half-width,0.2546002083906831,,,,,QUOTE_EXACT,delivered v3.3 interval; 3 of 3 entries have a defined relative width  [read back from halfwidth_by_group_v33_j2000.csv]
each entry's real deployment scale,"median relative half-width, energy_kwh_eq, CAPPED_82_MY2032_3, 2075, v3.1c reproduced",relative half-width,0.234353230961129,,,,,QUOTE_EXACT,"the shipped v3.1c prescription reproduced through this build's harness; a DIFFERENT estimand on a DIFFERENT central, reported for orientation  [read back from halfwidth_by_group_v33_j2000.csv]"
each entry's real deployment scale,"median relative half-width, energy_kwh_eq, CAPPED_82_MY2032_3, 2075, v3.3 on the entries defined under both centrals",relative half-width,0.2546002083906831,,,,,QUOTE_EXACT,like-for-like: the 3 entries of the group whose central is not exactly zero under EITHER build  [read back from halfwidth_by_group_v33_j2000.csv]
each entry's real deployment scale,"median relative half-width, energy_kwh_eq, CAPPED_82_MY2032_3, 2075, v3.1c on the entries defined under both centrals",relative half-width,0.234353230961129,,,,,QUOTE_EXACT,same entries  [read back from halfwidth_by_group_v33_j2000.csv]
each entry's real deployment scale,"median relative half-width ratio, energy_kwh_eq, CAPPED_82_MY2032_3, 2075, matched entries",relative half-width,1.08639512818542,,,,,QUOTE_EXACT,v3.3 over v3.1c on the entries defined under both centrals; the unmatched ratio in this file is an orientation only  [read back from halfwidth_by_group_v33_j2000.csv]
each entry's real deployment scale,"median relative half-width, energy_kwh_eq, FULL_SCHEDULE_10, 2075",relative half-width,0.27236423984930663,,,,,QUOTE_EXACT,delivered v3.3 interval; 10 of 10 entries have a defined relative width  [read back from halfwidth_by_group_v33_j2000.csv]
each entry's real deployment scale,"median relative half-width, energy_kwh_eq, FULL_SCHEDULE_10, 2075, v3.1c reproduced",relative half-width,0.24211461301420217,,,,,QUOTE_EXACT,"the shipped v3.1c prescription reproduced through this build's harness; a DIFFERENT estimand on a DIFFERENT central, reported for orientation  [read back from halfwidth_by_group_v33_j2000.csv]"
each entry's real deployment scale,"median relative half-width, energy_kwh_eq, FULL_SCHEDULE_10, 2075, v3.3 on the entries defined under both centrals",relative half-width,0.27236423984930663,,,,,QUOTE_EXACT,like-for-like: the 10 entries of the group whose central is not exactly zero under EITHER build  [read back from halfwidth_by_group_v33_j2000.csv]
each entry's real deployment scale,"median relative half-width, energy_kwh_eq, FULL_SCHEDULE_10, 2075, v3.1c on the entries defined under both centrals",relative half-width,0.24211461301420217,,,,,QUOTE_EXACT,same entries  [read back from halfwidth_by_group_v33_j2000.csv]
each entry's real deployment scale,"median relative half-width ratio, energy_kwh_eq, FULL_SCHEDULE_10, 2075, matched entries",relative half-width,1.1249392858139051,,,,,QUOTE_EXACT,v3.3 over v3.1c on the entries defined under both centrals; the unmatched ratio in this file is an orientation only  [read back from halfwidth_by_group_v33_j2000.csv]
each entry's real deployment scale,"median relative half-width, energy_kwh_eq, NO_VEHICLE_RULE_38, 2075",relative half-width,0.2310767738489695,,,,,QUOTE_EXACT,delivered v3.3 interval; 38 of 38 entries have a defined relative width  [read back from halfwidth_by_group_v33_j2000.csv]
each entry's real deployment scale,"median relative half-width, energy_kwh_eq, NO_VEHICLE_RULE_38, 2075, v3.1c reproduced",relative half-width,0.3463375235462189,,,,,QUOTE_EXACT,"the shipped v3.1c prescription reproduced through this build's harness; a DIFFERENT estimand on a DIFFERENT central, reported for orientation  [read back from halfwidth_by_group_v33_j2000.csv]"
each entry's real deployment scale,"median relative half-width, energy_kwh_eq, NO_VEHICLE_RULE_38, 2075, v3.3 on the entries defined under both centrals",relative half-width,0.2310767738489695,,,,,QUOTE_EXACT,like-for-like: the 38 entries of the group whose central is not exactly zero under EITHER build  [read back from halfwidth_by_group_v33_j2000.csv]
each entry's real deployment scale,"median relative half-width, energy_kwh_eq, NO_VEHICLE_RULE_38, 2075, v3.1c on the entries defined under both centrals",relative half-width,0.3463375235462189,,,,,QUOTE_EXACT,same entries  [read back from halfwidth_by_group_v33_j2000.csv]
each entry's real deployment scale,"median relative half-width ratio, energy_kwh_eq, NO_VEHICLE_RULE_38, 2075, matched entries",relative half-width,0.6672010918220134,,,,,QUOTE_EXACT,v3.3 over v3.1c on the entries defined under both centrals; the unmatched ratio in this file is an orientation only  [read back from halfwidth_by_group_v33_j2000.csv]
each entry's real deployment scale,"median relative half-width, grid_intensity_kg_per_kwh, ADOPTING_13, 2050",relative half-width,0.1937956083589743,,,,,QUOTE_EXACT,delivered v3.3 interval; 4 of 13 entries have a defined relative width  [read back from halfwidth_by_group_v33_j2000.csv]
each entry's real deployment scale,"median relative half-width, grid_intensity_kg_per_kwh, ADOPTING_13, 2050, v3.1c reproduced",relative half-width,0.09975728889485733,,,,,QUOTE_EXACT,"the shipped v3.1c prescription reproduced through this build's harness; a DIFFERENT estimand on a DIFFERENT central, reported for orientation  [read back from halfwidth_by_group_v33_j2000.csv]"
each entry's real deployment scale,"median relative half-width, grid_intensity_kg_per_kwh, ADOPTING_13, 2050, v3.3 on the entries defined under both centrals",relative half-width,0.1937956083589743,,,,,QUOTE_EXACT,like-for-like: the 4 entries of the group whose central is not exactly zero under EITHER build  [read back from halfwidth_by_group_v33_j2000.csv]
each entry's real deployment scale,"median relative half-width, grid_intensity_kg_per_kwh, ADOPTING_13, 2050, v3.1c on the entries defined under both centrals",relative half-width,0.0997572888948573,,,,,QUOTE_EXACT,same entries  [read back from halfwidth_by_group_v33_j2000.csv]
each entry's real deployment scale,"median relative half-width ratio, grid_intensity_kg_per_kwh, ADOPTING_13, 2050, matched entries",relative half-width,1.9426711622368968,,,,,QUOTE_EXACT,v3.3 over v3.1c on the entries defined under both centrals; the unmatched ratio in this file is an orientation only  [read back from halfwidth_by_group_v33_j2000.csv]
each entry's real deployment scale,"median relative half-width, grid_intensity_kg_per_kwh, ALL_51, 2050",relative half-width,0.546739964135328,,,,,QUOTE_EXACT,delivered v3.3 interval; 34 of 51 entries have a defined relative width  [read back from halfwidth_by_group_v33_j2000.csv]
each entry's real deployment scale,"median relative half-width, grid_intensity_kg_per_kwh, ALL_51, 2050, v3.1c reproduced",relative half-width,0.0997572888948573,,,,,QUOTE_EXACT,"the shipped v3.1c prescription reproduced through this build's harness; a DIFFERENT estimand on a DIFFERENT central, reported for orientation  [read back from halfwidth_by_group_v33_j2000.csv]"
each entry's real deployment scale,"median relative half-width, grid_intensity_kg_per_kwh, ALL_51, 2050, v3.3 on the entries defined under both centrals",relative half-width,0.546739964135328,,,,,QUOTE_EXACT,like-for-like: the 34 entries of the group whose central is not exactly zero under EITHER build  [read back from halfwidth_by_group_v33_j2000.csv]
each entry's real deployment scale,"median relative half-width, grid_intensity_kg_per_kwh, ALL_51, 2050, v3.1c on the entries defined under both centrals",relative half-width,0.0997572888948573,,,,,QUOTE_EXACT,same entries  [read back from halfwidth_by_group_v33_j2000.csv]
each entry's real deployment scale,"median relative half-width ratio, grid_intensity_kg_per_kwh, ALL_51, 2050, matched entries",relative half-width,5.480701913537203,,,,,QUOTE_EXACT,v3.3 over v3.1c on the entries defined under both centrals; the unmatched ratio in this file is an orientation only  [read back from halfwidth_by_group_v33_j2000.csv]
each entry's real deployment scale,"median relative half-width, grid_intensity_kg_per_kwh, CAPPED_82_MY2032_3, 2050",relative half-width,0.09975728889485734,,,,,QUOTE_EXACT,delivered v3.3 interval; 1 of 3 entries have a defined relative width  [read back from halfwidth_by_group_v33_j2000.csv]
each entry's real deployment scale,"median relative half-width, grid_intensity_kg_per_kwh, CAPPED_82_MY2032_3, 2050, v3.1c reproduced",relative half-width,0.09975728889485735,,,,,QUOTE_EXACT,"the shipped v3.1c prescription reproduced through this build's harness; a DIFFERENT estimand on a DIFFERENT central, reported for orientation  [read back from halfwidth_by_group_v33_j2000.csv]"
each entry's real deployment scale,"median relative half-width, grid_intensity_kg_per_kwh, CAPPED_82_MY2032_3, 2050, v3.3 on the entries defined under both centrals",relative half-width,0.09975728889485734,,,,,QUOTE_EXACT,like-for-like: the 1 entries of the group whose central is not exactly zero under EITHER build  [read back from halfwidth_by_group_v33_j2000.csv]
each entry's real deployment scale,"median relative half-width, grid_intensity_kg_per_kwh, CAPPED_82_MY2032_3, 2050, v3.1c on the entries defined under both centrals",relative half-width,0.09975728889485734,,,,,QUOTE_EXACT,same entries  [read back from halfwidth_by_group_v33_j2000.csv]
each entry's real deployment scale,"median relative half-width ratio, grid_intensity_kg_per_kwh, CAPPED_82_MY2032_3, 2050, matched entries",relative half-width,1.0,,,,,QUOTE_EXACT,v3.3 over v3.1c on the entries defined under both centrals; the unmatched ratio in this file is an orientation only  [read back from halfwidth_by_group_v33_j2000.csv]
each entry's real deployment scale,"median relative half-width, grid_intensity_kg_per_kwh, FULL_SCHEDULE_10, 2050",relative half-width,0.28783392782309125,,,,,QUOTE_EXACT,delivered v3.3 interval; 3 of 10 entries have a defined relative width  [read back from halfwidth_by_group_v33_j2000.csv]
each entry's real deployment scale,"median relative half-width, grid_intensity_kg_per_kwh, FULL_SCHEDULE_10, 2050, v3.1c reproduced",relative half-width,0.0997572888948573,,,,,QUOTE_EXACT,"the shipped v3.1c prescription reproduced through this build's harness; a DIFFERENT estimand on a DIFFERENT central, reported for orientation  [read back from halfwidth_by_group_v33_j2000.csv]"
each entry's real deployment scale,"median relative half-width, grid_intensity_kg_per_kwh, FULL_SCHEDULE_10, 2050, v3.3 on the entries defined under both centrals",relative half-width,0.28783392782309125,,,,,QUOTE_EXACT,like-for-like: the 3 entries of the group whose central is not exactly zero under EITHER build  [read back from halfwidth_by_group_v33_j2000.csv]
each entry's real deployment scale,"median relative half-width, grid_intensity_kg_per_kwh, FULL_SCHEDULE_10, 2050, v3.1c on the entries defined under both centrals",relative half-width,0.09975728889485729,,,,,QUOTE_EXACT,same entries  [read back from halfwidth_by_group_v33_j2000.csv]
each entry's real deployment scale,"median relative half-width ratio, grid_intensity_kg_per_kwh, FULL_SCHEDULE_10, 2050, matched entries",relative half-width,2.8853423244737932,,,,,QUOTE_EXACT,v3.3 over v3.1c on the entries defined under both centrals; the unmatched ratio in this file is an orientation only  [read back from halfwidth_by_group_v33_j2000.csv]
each entry's real deployment scale,"median relative half-width, grid_intensity_kg_per_kwh, NO_VEHICLE_RULE_38, 2050",relative half-width,0.7088182072461343,,,,,QUOTE_EXACT,delivered v3.3 interval; 30 of 38 entries have a defined relative width  [read back from halfwidth_by_group_v33_j2000.csv]
each entry's real deployment scale,"median relative half-width, grid_intensity_kg_per_kwh, NO_VEHICLE_RULE_38, 2050, v3.1c reproduced",relative half-width,0.0997572888948573,,,,,QUOTE_EXACT,"the shipped v3.1c prescription reproduced through this build's harness; a DIFFERENT estimand on a DIFFERENT central, reported for orientation  [read back from halfwidth_by_group_v33_j2000.csv]"
each entry's real deployment scale,"median relative half-width, grid_intensity_kg_per_kwh, NO_VEHICLE_RULE_38, 2050, v3.3 on the entries defined under both centrals",relative half-width,0.7088182072461343,,,,,QUOTE_EXACT,like-for-like: the 30 entries of the group whose central is not exactly zero under EITHER build  [read back from halfwidth_by_group_v33_j2000.csv]
each entry's real deployment scale,"median relative half-width, grid_intensity_kg_per_kwh, NO_VEHICLE_RULE_38, 2050, v3.1c on the entries defined under both centrals",relative half-width,0.0997572888948573,,,,,QUOTE_EXACT,same entries  [read back from halfwidth_by_group_v33_j2000.csv]
each entry's real deployment scale,"median relative half-width ratio, grid_intensity_kg_per_kwh, NO_VEHICLE_RULE_38, 2050, matched entries",relative half-width,7.105427734641207,,,,,QUOTE_EXACT,v3.3 over v3.1c on the entries defined under both centrals; the unmatched ratio in this file is an orientation only  [read back from halfwidth_by_group_v33_j2000.csv]
each entry's real deployment scale,"median relative half-width, grid_intensity_kg_per_kwh, ADOPTING_13, 2075",relative half-width,0.27626913544022474,,,,,QUOTE_EXACT,delivered v3.3 interval; 4 of 13 entries have a defined relative width  [read back from halfwidth_by_group_v33_j2000.csv]
each entry's real deployment scale,"median relative half-width, grid_intensity_kg_per_kwh, ADOPTING_13, 2075, v3.1c reproduced",relative half-width,0.09975728889485731,,,,,QUOTE_EXACT,"the shipped v3.1c prescription reproduced through this build's harness; a DIFFERENT estimand on a DIFFERENT central, reported for orientation  [read back from halfwidth_by_group_v33_j2000.csv]"
each entry's real deployment scale,"median relative half-width, grid_intensity_kg_per_kwh, ADOPTING_13, 2075, v3.3 on the entries defined under both centrals",relative half-width,0.27626913544022474,,,,,QUOTE_EXACT,like-for-like: the 4 entries of the group whose central is not exactly zero under EITHER build  [read back from halfwidth_by_group_v33_j2000.csv]
each entry's real deployment scale,"median relative half-width, grid_intensity_kg_per_kwh, ADOPTING_13, 2075, v3.1c on the entries defined under both centrals",relative half-width,0.09975728889485734,,,,,QUOTE_EXACT,same entries  [read back from halfwidth_by_group_v33_j2000.csv]
each entry's real deployment scale,"median relative half-width ratio, grid_intensity_kg_per_kwh, ADOPTING_13, 2075, matched entries",relative half-width,2.7694130273669346,,,,,QUOTE_EXACT,v3.3 over v3.1c on the entries defined under both centrals; the unmatched ratio in this file is an orientation only  [read back from halfwidth_by_group_v33_j2000.csv]
each entry's real deployment scale,"median relative half-width, grid_intensity_kg_per_kwh, ALL_51, 2075",relative half-width,0.688707653199216,,,,,QUOTE_EXACT,delivered v3.3 interval; 34 of 51 entries have a defined relative width  [read back from halfwidth_by_group_v33_j2000.csv]
each entry's real deployment scale,"median relative half-width, grid_intensity_kg_per_kwh, ALL_51, 2075, v3.1c reproduced",relative half-width,0.09975728889485729,,,,,QUOTE_EXACT,"the shipped v3.1c prescription reproduced through this build's harness; a DIFFERENT estimand on a DIFFERENT central, reported for orientation  [read back from halfwidth_by_group_v33_j2000.csv]"
each entry's real deployment scale,"median relative half-width, grid_intensity_kg_per_kwh, ALL_51, 2075, v3.3 on the entries defined under both centrals",relative half-width,0.5639089140906606,,,,,QUOTE_EXACT,like-for-like: the 30 entries of the group whose central is not exactly zero under EITHER build  [read back from halfwidth_by_group_v33_j2000.csv]
each entry's real deployment scale,"median relative half-width, grid_intensity_kg_per_kwh, ALL_51, 2075, v3.1c on the entries defined under both centrals",relative half-width,0.09975728889485729,,,,,QUOTE_EXACT,same entries  [read back from halfwidth_by_group_v33_j2000.csv]
each entry's real deployment scale,"median relative half-width ratio, grid_intensity_kg_per_kwh, ALL_51, 2075, matched entries",relative half-width,5.652809136433251,,,,,QUOTE_EXACT,v3.3 over v3.1c on the entries defined under both centrals; the unmatched ratio in this file is an orientation only  [read back from halfwidth_by_group_v33_j2000.csv]
each entry's real deployment scale,"median relative half-width, grid_intensity_kg_per_kwh, CAPPED_82_MY2032_3, 2075",relative half-width,0.09975728889485734,,,,,QUOTE_EXACT,delivered v3.3 interval; 1 of 3 entries have a defined relative width  [read back from halfwidth_by_group_v33_j2000.csv]
each entry's real deployment scale,"median relative half-width, grid_intensity_kg_per_kwh, CAPPED_82_MY2032_3, 2075, v3.1c reproduced",relative half-width,0.0997572888948573,,,,,QUOTE_EXACT,"the shipped v3.1c prescription reproduced through this build's harness; a DIFFERENT estimand on a DIFFERENT central, reported for orientation  [read back from halfwidth_by_group_v33_j2000.csv]"
each entry's real deployment scale,"median relative half-width, grid_intensity_kg_per_kwh, CAPPED_82_MY2032_3, 2075, v3.3 on the entries defined under both centrals",relative half-width,0.09975728889485734,,,,,QUOTE_EXACT,like-for-like: the 1 entries of the group whose central is not exactly zero under EITHER build  [read back from halfwidth_by_group_v33_j2000.csv]
each entry's real deployment scale,"median relative half-width, grid_intensity_kg_per_kwh, CAPPED_82_MY2032_3, 2075, v3.1c on the entries defined under both centrals",relative half-width,0.09975728889485734,,,,,QUOTE_EXACT,same entries  [read back from halfwidth_by_group_v33_j2000.csv]
each entry's real deployment scale,"median relative half-width ratio, grid_intensity_kg_per_kwh, CAPPED_82_MY2032_3, 2075, matched entries",relative half-width,1.0,,,,,QUOTE_EXACT,v3.3 over v3.1c on the entries defined under both centrals; the unmatched ratio in this file is an orientation only  [read back from halfwidth_by_group_v33_j2000.csv]
each entry's real deployment scale,"median relative half-width, grid_intensity_kg_per_kwh, FULL_SCHEDULE_10, 2075",relative half-width,0.45278098198559213,,,,,QUOTE_EXACT,delivered v3.3 interval; 3 of 10 entries have a defined relative width  [read back from halfwidth_by_group_v33_j2000.csv]
each entry's real deployment scale,"median relative half-width, grid_intensity_kg_per_kwh, FULL_SCHEDULE_10, 2075, v3.1c reproduced",relative half-width,0.09975728889485731,,,,,QUOTE_EXACT,"the shipped v3.1c prescription reproduced through this build's harness; a DIFFERENT estimand on a DIFFERENT central, reported for orientation  [read back from halfwidth_by_group_v33_j2000.csv]"
each entry's real deployment scale,"median relative half-width, grid_intensity_kg_per_kwh, FULL_SCHEDULE_10, 2075, v3.3 on the entries defined under both centrals",relative half-width,0.45278098198559213,,,,,QUOTE_EXACT,like-for-like: the 3 entries of the group whose central is not exactly zero under EITHER build  [read back from halfwidth_by_group_v33_j2000.csv]
each entry's real deployment scale,"median relative half-width, grid_intensity_kg_per_kwh, FULL_SCHEDULE_10, 2075, v3.1c on the entries defined under both centrals",relative half-width,0.09975728889485734,,,,,QUOTE_EXACT,same entries  [read back from halfwidth_by_group_v33_j2000.csv]
each entry's real deployment scale,"median relative half-width ratio, grid_intensity_kg_per_kwh, FULL_SCHEDULE_10, 2075, matched entries",relative half-width,4.538826054733869,,,,,QUOTE_EXACT,v3.3 over v3.1c on the entries defined under both centrals; the unmatched ratio in this file is an orientation only  [read back from halfwidth_by_group_v33_j2000.csv]
each entry's real deployment scale,"median relative half-width, grid_intensity_kg_per_kwh, NO_VEHICLE_RULE_38, 2075",relative half-width,0.7021531027298998,,,,,QUOTE_EXACT,delivered v3.3 interval; 30 of 38 entries have a defined relative width  [read back from halfwidth_by_group_v33_j2000.csv]
each entry's real deployment scale,"median relative half-width, grid_intensity_kg_per_kwh, NO_VEHICLE_RULE_38, 2075, v3.1c reproduced",relative half-width,0.09975728889485729,,,,,QUOTE_EXACT,"the shipped v3.1c prescription reproduced through this build's harness; a DIFFERENT estimand on a DIFFERENT central, reported for orientation  [read back from halfwidth_by_group_v33_j2000.csv]"
each entry's real deployment scale,"median relative half-width, grid_intensity_kg_per_kwh, NO_VEHICLE_RULE_38, 2075, v3.3 on the entries defined under both centrals",relative half-width,0.688707653199216,,,,,QUOTE_EXACT,like-for-like: the 26 entries of the group whose central is not exactly zero under EITHER build  [read back from halfwidth_by_group_v33_j2000.csv]
each entry's real deployment scale,"median relative half-width, grid_intensity_kg_per_kwh, NO_VEHICLE_RULE_38, 2075, v3.1c on the entries defined under both centrals",relative half-width,0.09975728889485729,,,,,QUOTE_EXACT,same entries  [read back from halfwidth_by_group_v33_j2000.csv]
each entry's real deployment scale,"median relative half-width ratio, grid_intensity_kg_per_kwh, NO_VEHICLE_RULE_38, 2075, matched entries",relative half-width,6.903832901123684,,,,,QUOTE_EXACT,v3.3 over v3.1c on the entries defined under both centrals; the unmatched ratio in this file is an orientation only  [read back from halfwidth_by_group_v33_j2000.csv]
each entry's real deployment scale,"width decomposition, energy_kwh_eq, FULL_SCHEDULE_10, 2050, load draws with the conversion coefficient held at the central",relative width,0.3919921557587429,,,,,QUOTE_EXACT,"median across the group of the width as a share of that entry's own central; the increments are NESTED in the order ['t1_load_only', 't2_plus_compliance_level', 't3_plus_survival_shape', 't4_TOTAL_plus_electricity_member']  [read back from width_decomposition_by_group_v33_j2000.csv]"
each entry's real deployment scale,"width decomposition, energy_kwh_eq, FULL_SCHEDULE_10, 2050, conversion-coefficient increment",relative width,0.0010938558767085288,,,,,QUOTE_EXACT,"median across the group of the width as a share of that entry's own central; the increments are NESTED in the order ['t1_load_only', 't2_plus_compliance_level', 't3_plus_survival_shape', 't4_TOTAL_plus_electricity_member']  [read back from width_decomposition_by_group_v33_j2000.csv]"
each entry's real deployment scale,"width decomposition, energy_kwh_eq, FULL_SCHEDULE_10, 2050, load draws",relative width,0.3933603708159402,,,,,QUOTE_EXACT,"median across the group of the width as a share of that entry's own central; the increments are NESTED in the order ['t1_load_only', 't2_plus_compliance_level', 't3_plus_survival_shape', 't4_TOTAL_plus_electricity_member']  [read back from width_decomposition_by_group_v33_j2000.csv]"
each entry's real deployment scale,"width decomposition, energy_kwh_eq, FULL_SCHEDULE_10, 2050, compliance-level increment",relative width,0.1461582495944616,,,,,QUOTE_EXACT,"median across the group of the width as a share of that entry's own central; the increments are NESTED in the order ['t1_load_only', 't2_plus_compliance_level', 't3_plus_survival_shape', 't4_TOTAL_plus_electricity_member']  [read back from width_decomposition_by_group_v33_j2000.csv]"
each entry's real deployment scale,"width decomposition, energy_kwh_eq, FULL_SCHEDULE_10, 2050, survival-shape increment",relative width,-0.0030956241244346726,,,,,QUOTE_EXACT,"median across the group of the width as a share of that entry's own central; the increments are NESTED in the order ['t1_load_only', 't2_plus_compliance_level', 't3_plus_survival_shape', 't4_TOTAL_plus_electricity_member']  [read back from width_decomposition_by_group_v33_j2000.csv]"
each entry's real deployment scale,"width decomposition, energy_kwh_eq, FULL_SCHEDULE_10, 2050, electricity-member increment",relative width,0.0,,,,,QUOTE_EXACT,"median across the group of the width as a share of that entry's own central; the increments are NESTED in the order ['t1_load_only', 't2_plus_compliance_level', 't3_plus_survival_shape', 't4_TOTAL_plus_electricity_member']  [read back from width_decomposition_by_group_v33_j2000.csv]"
each entry's real deployment scale,"width decomposition, energy_kwh_eq, FULL_SCHEDULE_10, 2050, total",relative width,0.536492732674205,,,,,QUOTE_EXACT,"median across the group of the width as a share of that entry's own central; the increments are NESTED in the order ['t1_load_only', 't2_plus_compliance_level', 't3_plus_survival_shape', 't4_TOTAL_plus_electricity_member']  [read back from width_decomposition_by_group_v33_j2000.csv]"
each entry's real deployment scale,"width decomposition, energy_kwh_eq, FULL_SCHEDULE_10, 2075, load draws with the conversion coefficient held at the central",relative width,0.38918047221276936,,,,,QUOTE_EXACT,"median across the group of the width as a share of that entry's own central; the increments are NESTED in the order ['t1_load_only', 't2_plus_compliance_level', 't3_plus_survival_shape', 't4_TOTAL_plus_electricity_member']  [read back from width_decomposition_by_group_v33_j2000.csv]"
each entry's real deployment scale,"width decomposition, energy_kwh_eq, FULL_SCHEDULE_10, 2075, conversion-coefficient increment",relative width,-2.3406965538373107e-06,,,,,QUOTE_EXACT,"median across the group of the width as a share of that entry's own central; the increments are NESTED in the order ['t1_load_only', 't2_plus_compliance_level', 't3_plus_survival_shape', 't4_TOTAL_plus_electricity_member']  [read back from width_decomposition_by_group_v33_j2000.csv]"
each entry's real deployment scale,"width decomposition, energy_kwh_eq, FULL_SCHEDULE_10, 2075, load draws",relative width,0.3891779502769841,,,,,QUOTE_EXACT,"median across the group of the width as a share of that entry's own central; the increments are NESTED in the order ['t1_load_only', 't2_plus_compliance_level', 't3_plus_survival_shape', 't4_TOTAL_plus_electricity_member']  [read back from width_decomposition_by_group_v33_j2000.csv]"
each entry's real deployment scale,"width decomposition, energy_kwh_eq, FULL_SCHEDULE_10, 2075, compliance-level increment",relative width,0.15451899439572647,,,,,QUOTE_EXACT,"median across the group of the width as a share of that entry's own central; the increments are NESTED in the order ['t1_load_only', 't2_plus_compliance_level', 't3_plus_survival_shape', 't4_TOTAL_plus_electricity_member']  [read back from width_decomposition_by_group_v33_j2000.csv]"
each entry's real deployment scale,"width decomposition, energy_kwh_eq, FULL_SCHEDULE_10, 2075, survival-shape increment",relative width,0.0009401185200500514,,,,,QUOTE_EXACT,"median across the group of the width as a share of that entry's own central; the increments are NESTED in the order ['t1_load_only', 't2_plus_compliance_level', 't3_plus_survival_shape', 't4_TOTAL_plus_electricity_member']  [read back from width_decomposition_by_group_v33_j2000.csv]"
each entry's real deployment scale,"width decomposition, energy_kwh_eq, FULL_SCHEDULE_10, 2075, electricity-member increment",relative width,0.0,,,,,QUOTE_EXACT,"median across the group of the width as a share of that entry's own central; the increments are NESTED in the order ['t1_load_only', 't2_plus_compliance_level', 't3_plus_survival_shape', 't4_TOTAL_plus_electricity_member']  [read back from width_decomposition_by_group_v33_j2000.csv]"
each entry's real deployment scale,"width decomposition, energy_kwh_eq, FULL_SCHEDULE_10, 2075, total",relative width,0.5447284796986133,,,,,QUOTE_EXACT,"median across the group of the width as a share of that entry's own central; the increments are NESTED in the order ['t1_load_only', 't2_plus_compliance_level', 't3_plus_survival_shape', 't4_TOTAL_plus_electricity_member']  [read back from width_decomposition_by_group_v33_j2000.csv]"
each entry's real deployment scale,"width decomposition, energy_kwh_eq, CAPPED_82_MY2032_3, 2050, load draws with the conversion coefficient held at the central",relative width,0.3837725356307253,,,,,QUOTE_EXACT,"median across the group of the width as a share of that entry's own central; the increments are NESTED in the order ['t1_load_only', 't2_plus_compliance_level', 't3_plus_survival_shape', 't4_TOTAL_plus_electricity_member']  [read back from width_decomposition_by_group_v33_j2000.csv]"
each entry's real deployment scale,"width decomposition, energy_kwh_eq, CAPPED_82_MY2032_3, 2050, conversion-coefficient increment",relative width,0.01655182912032385,,,,,QUOTE_EXACT,"median across the group of the width as a share of that entry's own central; the increments are NESTED in the order ['t1_load_only', 't2_plus_compliance_level', 't3_plus_survival_shape', 't4_TOTAL_plus_electricity_member']  [read back from width_decomposition_by_group_v33_j2000.csv]"
each entry's real deployment scale,"width decomposition, energy_kwh_eq, CAPPED_82_MY2032_3, 2050, load draws",relative width,0.4006738754957707,,,,,QUOTE_EXACT,"median across the group of the width as a share of that entry's own central; the increments are NESTED in the order ['t1_load_only', 't2_plus_compliance_level', 't3_plus_survival_shape', 't4_TOTAL_plus_electricity_member']  [read back from width_decomposition_by_group_v33_j2000.csv]"
each entry's real deployment scale,"width decomposition, energy_kwh_eq, CAPPED_82_MY2032_3, 2050, compliance-level increment",relative width,0.07135296939968543,,,,,QUOTE_EXACT,"median across the group of the width as a share of that entry's own central; the increments are NESTED in the order ['t1_load_only', 't2_plus_compliance_level', 't3_plus_survival_shape', 't4_TOTAL_plus_electricity_member']  [read back from width_decomposition_by_group_v33_j2000.csv]"
each entry's real deployment scale,"width decomposition, energy_kwh_eq, CAPPED_82_MY2032_3, 2050, survival-shape increment",relative width,0.002735257943088326,,,,,QUOTE_EXACT,"median across the group of the width as a share of that entry's own central; the increments are NESTED in the order ['t1_load_only', 't2_plus_compliance_level', 't3_plus_survival_shape', 't4_TOTAL_plus_electricity_member']  [read back from width_decomposition_by_group_v33_j2000.csv]"
each entry's real deployment scale,"width decomposition, energy_kwh_eq, CAPPED_82_MY2032_3, 2050, electricity-member increment",relative width,0.0,,,,,QUOTE_EXACT,"median across the group of the width as a share of that entry's own central; the increments are NESTED in the order ['t1_load_only', 't2_plus_compliance_level', 't3_plus_survival_shape', 't4_TOTAL_plus_electricity_member']  [read back from width_decomposition_by_group_v33_j2000.csv]"
each entry's real deployment scale,"width decomposition, energy_kwh_eq, CAPPED_82_MY2032_3, 2050, total",relative width,0.4746834429387116,,,,,QUOTE_EXACT,"median across the group of the width as a share of that entry's own central; the increments are NESTED in the order ['t1_load_only', 't2_plus_compliance_level', 't3_plus_survival_shape', 't4_TOTAL_plus_electricity_member']  [read back from width_decomposition_by_group_v33_j2000.csv]"
each entry's real deployment scale,"width decomposition, energy_kwh_eq, CAPPED_82_MY2032_3, 2075, load draws with the conversion coefficient held at the central",relative width,0.3845664193538591,,,,,QUOTE_EXACT,"median across the group of the width as a share of that entry's own central; the increments are NESTED in the order ['t1_load_only', 't2_plus_compliance_level', 't3_plus_survival_shape', 't4_TOTAL_plus_electricity_member']  [read back from width_decomposition_by_group_v33_j2000.csv]"
each entry's real deployment scale,"width decomposition, energy_kwh_eq, CAPPED_82_MY2032_3, 2075, conversion-coefficient increment",relative width,-0.001572561314877879,,,,,QUOTE_EXACT,"median across the group of the width as a share of that entry's own central; the increments are NESTED in the order ['t1_load_only', 't2_plus_compliance_level', 't3_plus_survival_shape', 't4_TOTAL_plus_electricity_member']  [read back from width_decomposition_by_group_v33_j2000.csv]"
each entry's real deployment scale,"width decomposition, energy_kwh_eq, CAPPED_82_MY2032_3, 2075, load draws",relative width,0.3829938580389812,,,,,QUOTE_EXACT,"median across the group of the width as a share of that entry's own central; the increments are NESTED in the order ['t1_load_only', 't2_plus_compliance_level', 't3_plus_survival_shape', 't4_TOTAL_plus_electricity_member']  [read back from width_decomposition_by_group_v33_j2000.csv]"
each entry's real deployment scale,"width decomposition, energy_kwh_eq, CAPPED_82_MY2032_3, 2075, compliance-level increment",relative width,0.12331211366771404,,,,,QUOTE_EXACT,"median across the group of the width as a share of that entry's own central; the increments are NESTED in the order ['t1_load_only', 't2_plus_compliance_level', 't3_plus_survival_shape', 't4_TOTAL_plus_electricity_member']  [read back from width_decomposition_by_group_v33_j2000.csv]"
each entry's real deployment scale,"width decomposition, energy_kwh_eq, CAPPED_82_MY2032_3, 2075, survival-shape increment",relative width,0.0028944450746708995,,,,,QUOTE_EXACT,"median across the group of the width as a share of that entry's own central; the increments are NESTED in the order ['t1_load_only', 't2_plus_compliance_level', 't3_plus_survival_shape', 't4_TOTAL_plus_electricity_member']  [read back from width_decomposition_by_group_v33_j2000.csv]"
each entry's real deployment scale,"width decomposition, energy_kwh_eq, CAPPED_82_MY2032_3, 2075, electricity-member increment",relative width,0.0,,,,,QUOTE_EXACT,"median across the group of the width as a share of that entry's own central; the increments are NESTED in the order ['t1_load_only', 't2_plus_compliance_level', 't3_plus_survival_shape', 't4_TOTAL_plus_electricity_member']  [read back from width_decomposition_by_group_v33_j2000.csv]"
each entry's real deployment scale,"width decomposition, energy_kwh_eq, CAPPED_82_MY2032_3, 2075, total",relative width,0.5092004167813662,,,,,QUOTE_EXACT,"median across the group of the width as a share of that entry's own central; the increments are NESTED in the order ['t1_load_only', 't2_plus_compliance_level', 't3_plus_survival_shape', 't4_TOTAL_plus_electricity_member']  [read back from width_decomposition_by_group_v33_j2000.csv]"
each entry's real deployment scale,"width decomposition, energy_kwh_eq, ADOPTING_13, 2050, load draws with the conversion coefficient held at the central",relative width,0.39182990014038344,,,,,QUOTE_EXACT,"median across the group of the width as a share of that entry's own central; the increments are NESTED in the order ['t1_load_only', 't2_plus_compliance_level', 't3_plus_survival_shape', 't4_TOTAL_plus_electricity_member']  [read back from width_decomposition_by_group_v33_j2000.csv]"
each entry's real deployment scale,"width decomposition, energy_kwh_eq, ADOPTING_13, 2050, conversion-coefficient increment",relative width,0.001108439325114209,,,,,QUOTE_EXACT,"median across the group of the width as a share of that entry's own central; the increments are NESTED in the order ['t1_load_only', 't2_plus_compliance_level', 't3_plus_survival_shape', 't4_TOTAL_plus_electricity_member']  [read back from width_decomposition_by_group_v33_j2000.csv]"
each entry's real deployment scale,"width decomposition, energy_kwh_eq, ADOPTING_13, 2050, load draws",relative width,0.3934954095673596,,,,,QUOTE_EXACT,"median across the group of the width as a share of that entry's own central; the increments are NESTED in the order ['t1_load_only', 't2_plus_compliance_level', 't3_plus_survival_shape', 't4_TOTAL_plus_electricity_member']  [read back from width_decomposition_by_group_v33_j2000.csv]"
each entry's real deployment scale,"width decomposition, energy_kwh_eq, ADOPTING_13, 2050, compliance-level increment",relative width,0.14587730647026437,,,,,QUOTE_EXACT,"median across the group of the width as a share of that entry's own central; the increments are NESTED in the order ['t1_load_only', 't2_plus_compliance_level', 't3_plus_survival_shape', 't4_TOTAL_plus_electricity_member']  [read back from width_decomposition_by_group_v33_j2000.csv]"
each entry's real deployment scale,"width decomposition, energy_kwh_eq, ADOPTING_13, 2050, survival-shape increment",relative width,-0.0025823454425372857,,,,,QUOTE_EXACT,"median across the group of the width as a share of that entry's own central; the increments are NESTED in the order ['t1_load_only', 't2_plus_compliance_level', 't3_plus_survival_shape', 't4_TOTAL_plus_electricity_member']  [read back from width_decomposition_by_group_v33_j2000.csv]"
each entry's real deployment scale,"width decomposition, energy_kwh_eq, ADOPTING_13, 2050, electricity-member increment",relative width,0.0,,,,,QUOTE_EXACT,"median across the group of the width as a share of that entry's own central; the increments are NESTED in the order ['t1_load_only', 't2_plus_compliance_level', 't3_plus_survival_shape', 't4_TOTAL_plus_electricity_member']  [read back from width_decomposition_by_group_v33_j2000.csv]"
each entry's real deployment scale,"width decomposition, energy_kwh_eq, ADOPTING_13, 2050, total",relative width,0.5360759491858925,,,,,QUOTE_EXACT,"median across the group of the width as a share of that entry's own central; the increments are NESTED in the order ['t1_load_only', 't2_plus_compliance_level', 't3_plus_survival_shape', 't4_TOTAL_plus_electricity_member']  [read back from width_decomposition_by_group_v33_j2000.csv]"
each entry's real deployment scale,"width decomposition, energy_kwh_eq, ADOPTING_13, 2075, load draws with the conversion coefficient held at the central",relative width,0.38903682047555854,,,,,QUOTE_EXACT,"median across the group of the width as a share of that entry's own central; the increments are NESTED in the order ['t1_load_only', 't2_plus_compliance_level', 't3_plus_survival_shape', 't4_TOTAL_plus_electricity_member']  [read back from width_decomposition_by_group_v33_j2000.csv]"
each entry's real deployment scale,"width decomposition, energy_kwh_eq, ADOPTING_13, 2075, conversion-coefficient increment",relative width,-2.5494768746866207e-06,,,,,QUOTE_EXACT,"median across the group of the width as a share of that entry's own central; the increments are NESTED in the order ['t1_load_only', 't2_plus_compliance_level', 't3_plus_survival_shape', 't4_TOTAL_plus_electricity_member']  [read back from width_decomposition_by_group_v33_j2000.csv]"
each entry's real deployment scale,"width decomposition, energy_kwh_eq, ADOPTING_13, 2075, load draws",relative width,0.3886024728563679,,,,,QUOTE_EXACT,"median across the group of the width as a share of that entry's own central; the increments are NESTED in the order ['t1_load_only', 't2_plus_compliance_level', 't3_plus_survival_shape', 't4_TOTAL_plus_electricity_member']  [read back from width_decomposition_by_group_v33_j2000.csv]"
each entry's real deployment scale,"width decomposition, energy_kwh_eq, ADOPTING_13, 2075, compliance-level increment",relative width,0.15437094774645577,,,,,QUOTE_EXACT,"median across the group of the width as a share of that entry's own central; the increments are NESTED in the order ['t1_load_only', 't2_plus_compliance_level', 't3_plus_survival_shape', 't4_TOTAL_plus_electricity_member']  [read back from width_decomposition_by_group_v33_j2000.csv]"
each entry's real deployment scale,"width decomposition, energy_kwh_eq, ADOPTING_13, 2075, survival-shape increment",relative width,0.0009790276467176512,,,,,QUOTE_EXACT,"median across the group of the width as a share of that entry's own central; the increments are NESTED in the order ['t1_load_only', 't2_plus_compliance_level', 't3_plus_survival_shape', 't4_TOTAL_plus_electricity_member']  [read back from width_decomposition_by_group_v33_j2000.csv]"
each entry's real deployment scale,"width decomposition, energy_kwh_eq, ADOPTING_13, 2075, electricity-member increment",relative width,0.0,,,,,QUOTE_EXACT,"median across the group of the width as a share of that entry's own central; the increments are NESTED in the order ['t1_load_only', 't2_plus_compliance_level', 't3_plus_survival_shape', 't4_TOTAL_plus_electricity_member']  [read back from width_decomposition_by_group_v33_j2000.csv]"
each entry's real deployment scale,"width decomposition, energy_kwh_eq, ADOPTING_13, 2075, total",relative width,0.5440993357001144,,,,,QUOTE_EXACT,"median across the group of the width as a share of that entry's own central; the increments are NESTED in the order ['t1_load_only', 't2_plus_compliance_level', 't3_plus_survival_shape', 't4_TOTAL_plus_electricity_member']  [read back from width_decomposition_by_group_v33_j2000.csv]"
each entry's real deployment scale,"width decomposition, energy_kwh_eq, NO_VEHICLE_RULE_38, 2050, load draws with the conversion coefficient held at the central",relative width,0.3873110761316624,,,,,QUOTE_EXACT,"median across the group of the width as a share of that entry's own central; the increments are NESTED in the order ['t1_load_only', 't2_plus_compliance_level', 't3_plus_survival_shape', 't4_TOTAL_plus_electricity_member']  [read back from width_decomposition_by_group_v33_j2000.csv]"
each entry's real deployment scale,"width decomposition, energy_kwh_eq, NO_VEHICLE_RULE_38, 2050, conversion-coefficient increment",relative width,0.08772618508655856,,,,,QUOTE_EXACT,"median across the group of the width as a share of that entry's own central; the increments are NESTED in the order ['t1_load_only', 't2_plus_compliance_level', 't3_plus_survival_shape', 't4_TOTAL_plus_electricity_member']  [read back from width_decomposition_by_group_v33_j2000.csv]"
each entry's real deployment scale,"width decomposition, energy_kwh_eq, NO_VEHICLE_RULE_38, 2050, load draws",relative width,0.4751328244985983,,,,,QUOTE_EXACT,"median across the group of the width as a share of that entry's own central; the increments are NESTED in the order ['t1_load_only', 't2_plus_compliance_level', 't3_plus_survival_shape', 't4_TOTAL_plus_electricity_member']  [read back from width_decomposition_by_group_v33_j2000.csv]"
each entry's real deployment scale,"width decomposition, energy_kwh_eq, NO_VEHICLE_RULE_38, 2050, compliance-level increment",relative width,0.0,,,,,QUOTE_EXACT,"median across the group of the width as a share of that entry's own central; the increments are NESTED in the order ['t1_load_only', 't2_plus_compliance_level', 't3_plus_survival_shape', 't4_TOTAL_plus_electricity_member']  [read back from width_decomposition_by_group_v33_j2000.csv]"
each entry's real deployment scale,"width decomposition, energy_kwh_eq, NO_VEHICLE_RULE_38, 2050, survival-shape increment",relative width,-0.0009724222095961438,,,,,QUOTE_EXACT,"median across the group of the width as a share of that entry's own central; the increments are NESTED in the order ['t1_load_only', 't2_plus_compliance_level', 't3_plus_survival_shape', 't4_TOTAL_plus_electricity_member']  [read back from width_decomposition_by_group_v33_j2000.csv]"
each entry's real deployment scale,"width decomposition, energy_kwh_eq, NO_VEHICLE_RULE_38, 2050, electricity-member increment",relative width,0.0,,,,,QUOTE_EXACT,"median across the group of the width as a share of that entry's own central; the increments are NESTED in the order ['t1_load_only', 't2_plus_compliance_level', 't3_plus_survival_shape', 't4_TOTAL_plus_electricity_member']  [read back from width_decomposition_by_group_v33_j2000.csv]"
each entry's real deployment scale,"width decomposition, energy_kwh_eq, NO_VEHICLE_RULE_38, 2050, total",relative width,0.4741748311674031,,,,,QUOTE_EXACT,"median across the group of the width as a share of that entry's own central; the increments are NESTED in the order ['t1_load_only', 't2_plus_compliance_level', 't3_plus_survival_shape', 't4_TOTAL_plus_electricity_member']  [read back from width_decomposition_by_group_v33_j2000.csv]"
each entry's real deployment scale,"width decomposition, energy_kwh_eq, NO_VEHICLE_RULE_38, 2075, load draws with the conversion coefficient held at the central",relative width,0.3808379995695609,,,,,QUOTE_EXACT,"median across the group of the width as a share of that entry's own central; the increments are NESTED in the order ['t1_load_only', 't2_plus_compliance_level', 't3_plus_survival_shape', 't4_TOTAL_plus_electricity_member']  [read back from width_decomposition_by_group_v33_j2000.csv]"
each entry's real deployment scale,"width decomposition, energy_kwh_eq, NO_VEHICLE_RULE_38, 2075, conversion-coefficient increment",relative width,0.08114914839997478,,,,,QUOTE_EXACT,"median across the group of the width as a share of that entry's own central; the increments are NESTED in the order ['t1_load_only', 't2_plus_compliance_level', 't3_plus_survival_shape', 't4_TOTAL_plus_electricity_member']  [read back from width_decomposition_by_group_v33_j2000.csv]"
each entry's real deployment scale,"width decomposition, energy_kwh_eq, NO_VEHICLE_RULE_38, 2075, load draws",relative width,0.4618096212187216,,,,,QUOTE_EXACT,"median across the group of the width as a share of that entry's own central; the increments are NESTED in the order ['t1_load_only', 't2_plus_compliance_level', 't3_plus_survival_shape', 't4_TOTAL_plus_electricity_member']  [read back from width_decomposition_by_group_v33_j2000.csv]"
each entry's real deployment scale,"width decomposition, energy_kwh_eq, NO_VEHICLE_RULE_38, 2075, compliance-level increment",relative width,0.0,,,,,QUOTE_EXACT,"median across the group of the width as a share of that entry's own central; the increments are NESTED in the order ['t1_load_only', 't2_plus_compliance_level', 't3_plus_survival_shape', 't4_TOTAL_plus_electricity_member']  [read back from width_decomposition_by_group_v33_j2000.csv]"
each entry's real deployment scale,"width decomposition, energy_kwh_eq, NO_VEHICLE_RULE_38, 2075, survival-shape increment",relative width,-0.00015546389290540716,,,,,QUOTE_EXACT,"median across the group of the width as a share of that entry's own central; the increments are NESTED in the order ['t1_load_only', 't2_plus_compliance_level', 't3_plus_survival_shape', 't4_TOTAL_plus_electricity_member']  [read back from width_decomposition_by_group_v33_j2000.csv]"
each entry's real deployment scale,"width decomposition, energy_kwh_eq, NO_VEHICLE_RULE_38, 2075, electricity-member increment",relative width,0.0,,,,,QUOTE_EXACT,"median across the group of the width as a share of that entry's own central; the increments are NESTED in the order ['t1_load_only', 't2_plus_compliance_level', 't3_plus_survival_shape', 't4_TOTAL_plus_electricity_member']  [read back from width_decomposition_by_group_v33_j2000.csv]"
each entry's real deployment scale,"width decomposition, energy_kwh_eq, NO_VEHICLE_RULE_38, 2075, total",relative width,0.462153547697939,,,,,QUOTE_EXACT,"median across the group of the width as a share of that entry's own central; the increments are NESTED in the order ['t1_load_only', 't2_plus_compliance_level', 't3_plus_survival_shape', 't4_TOTAL_plus_electricity_member']  [read back from width_decomposition_by_group_v33_j2000.csv]"
each entry's real deployment scale,"width decomposition, energy_kwh_eq, ALL_51, 2050, load draws with the conversion coefficient held at the central",relative width,0.38736825412481346,,,,,QUOTE_EXACT,"median across the group of the width as a share of that entry's own central; the increments are NESTED in the order ['t1_load_only', 't2_plus_compliance_level', 't3_plus_survival_shape', 't4_TOTAL_plus_electricity_member']  [read back from width_decomposition_by_group_v33_j2000.csv]"
each entry's real deployment scale,"width decomposition, energy_kwh_eq, ALL_51, 2050, conversion-coefficient increment",relative width,0.08715419994459137,,,,,QUOTE_EXACT,"median across the group of the width as a share of that entry's own central; the increments are NESTED in the order ['t1_load_only', 't2_plus_compliance_level', 't3_plus_survival_shape', 't4_TOTAL_plus_electricity_member']  [read back from width_decomposition_by_group_v33_j2000.csv]"
each entry's real deployment scale,"width decomposition, energy_kwh_eq, ALL_51, 2050, load draws",relative width,0.47438860893688867,,,,,QUOTE_EXACT,"median across the group of the width as a share of that entry's own central; the increments are NESTED in the order ['t1_load_only', 't2_plus_compliance_level', 't3_plus_survival_shape', 't4_TOTAL_plus_electricity_member']  [read back from width_decomposition_by_group_v33_j2000.csv]"
each entry's real deployment scale,"width decomposition, energy_kwh_eq, ALL_51, 2050, compliance-level increment",relative width,0.0,,,,,QUOTE_EXACT,"median across the group of the width as a share of that entry's own central; the increments are NESTED in the order ['t1_load_only', 't2_plus_compliance_level', 't3_plus_survival_shape', 't4_TOTAL_plus_electricity_member']  [read back from width_decomposition_by_group_v33_j2000.csv]"
each entry's real deployment scale,"width decomposition, energy_kwh_eq, ALL_51, 2050, survival-shape increment",relative width,-0.0009788552359062156,,,,,QUOTE_EXACT,"median across the group of the width as a share of that entry's own central; the increments are NESTED in the order ['t1_load_only', 't2_plus_compliance_level', 't3_plus_survival_shape', 't4_TOTAL_plus_electricity_member']  [read back from width_decomposition_by_group_v33_j2000.csv]"
each entry's real deployment scale,"width decomposition, energy_kwh_eq, ALL_51, 2050, electricity-member increment",relative width,0.0,,,,,QUOTE_EXACT,"median across the group of the width as a share of that entry's own central; the increments are NESTED in the order ['t1_load_only', 't2_plus_compliance_level', 't3_plus_survival_shape', 't4_TOTAL_plus_electricity_member']  [read back from width_decomposition_by_group_v33_j2000.csv]"
each entry's real deployment scale,"width decomposition, energy_kwh_eq, ALL_51, 2050, total",relative width,0.4746728076579573,,,,,QUOTE_EXACT,"median across the group of the width as a share of that entry's own central; the increments are NESTED in the order ['t1_load_only', 't2_plus_compliance_level', 't3_plus_survival_shape', 't4_TOTAL_plus_electricity_member']  [read back from width_decomposition_by_group_v33_j2000.csv]"
each entry's real deployment scale,"width decomposition, energy_kwh_eq, ALL_51, 2075, load draws with the conversion coefficient held at the central",relative width,0.3810066036599952,,,,,QUOTE_EXACT,"median across the group of the width as a share of that entry's own central; the increments are NESTED in the order ['t1_load_only', 't2_plus_compliance_level', 't3_plus_survival_shape', 't4_TOTAL_plus_electricity_member']  [read back from width_decomposition_by_group_v33_j2000.csv]"
each entry's real deployment scale,"width decomposition, energy_kwh_eq, ALL_51, 2075, conversion-coefficient increment",relative width,0.08055178481688917,,,,,QUOTE_EXACT,"median across the group of the width as a share of that entry's own central; the increments are NESTED in the order ['t1_load_only', 't2_plus_compliance_level', 't3_plus_survival_shape', 't4_TOTAL_plus_electricity_member']  [read back from width_decomposition_by_group_v33_j2000.csv]"
each entry's real deployment scale,"width decomposition, energy_kwh_eq, ALL_51, 2075, load draws",relative width,0.4613451507463654,,,,,QUOTE_EXACT,"median across the group of the width as a share of that entry's own central; the increments are NESTED in the order ['t1_load_only', 't2_plus_compliance_level', 't3_plus_survival_shape', 't4_TOTAL_plus_electricity_member']  [read back from width_decomposition_by_group_v33_j2000.csv]"
each entry's real deployment scale,"width decomposition, energy_kwh_eq, ALL_51, 2075, compliance-level increment",relative width,0.0,,,,,QUOTE_EXACT,"median across the group of the width as a share of that entry's own central; the increments are NESTED in the order ['t1_load_only', 't2_plus_compliance_level', 't3_plus_survival_shape', 't4_TOTAL_plus_electricity_member']  [read back from width_decomposition_by_group_v33_j2000.csv]"
each entry's real deployment scale,"width decomposition, energy_kwh_eq, ALL_51, 2075, survival-shape increment",relative width,0.0002689921952609332,,,,,QUOTE_EXACT,"median across the group of the width as a share of that entry's own central; the increments are NESTED in the order ['t1_load_only', 't2_plus_compliance_level', 't3_plus_survival_shape', 't4_TOTAL_plus_electricity_member']  [read back from width_decomposition_by_group_v33_j2000.csv]"
each entry's real deployment scale,"width decomposition, energy_kwh_eq, ALL_51, 2075, electricity-member increment",relative width,0.0,,,,,QUOTE_EXACT,"median across the group of the width as a share of that entry's own central; the increments are NESTED in the order ['t1_load_only', 't2_plus_compliance_level', 't3_plus_survival_shape', 't4_TOTAL_plus_electricity_member']  [read back from width_decomposition_by_group_v33_j2000.csv]"
each entry's real deployment scale,"width decomposition, energy_kwh_eq, ALL_51, 2075, total",relative width,0.46238753940816507,,,,,QUOTE_EXACT,"median across the group of the width as a share of that entry's own central; the increments are NESTED in the order ['t1_load_only', 't2_plus_compliance_level', 't3_plus_survival_shape', 't4_TOTAL_plus_electricity_member']  [read back from width_decomposition_by_group_v33_j2000.csv]"
each entry's real deployment scale,"width decomposition, direct_co2_kg, FULL_SCHEDULE_10, 2050, load draws with the conversion coefficient held at the central",relative width,0.38376147082210144,,,,,QUOTE_EXACT,"median across the group of the width as a share of that entry's own central; the increments are NESTED in the order ['t1_load_only', 't2_plus_compliance_level', 't3_plus_survival_shape', 't4_TOTAL_plus_electricity_member']  [read back from width_decomposition_by_group_v33_j2000.csv]"
each entry's real deployment scale,"width decomposition, direct_co2_kg, FULL_SCHEDULE_10, 2050, conversion-coefficient increment",relative width,0.09375694955383557,,,,,QUOTE_EXACT,"median across the group of the width as a share of that entry's own central; the increments are NESTED in the order ['t1_load_only', 't2_plus_compliance_level', 't3_plus_survival_shape', 't4_TOTAL_plus_electricity_member']  [read back from width_decomposition_by_group_v33_j2000.csv]"
each entry's real deployment scale,"width decomposition, direct_co2_kg, FULL_SCHEDULE_10, 2050, load draws",relative width,0.47750673566622914,,,,,QUOTE_EXACT,"median across the group of the width as a share of that entry's own central; the increments are NESTED in the order ['t1_load_only', 't2_plus_compliance_level', 't3_plus_survival_shape', 't4_TOTAL_plus_electricity_member']  [read back from width_decomposition_by_group_v33_j2000.csv]"
each entry's real deployment scale,"width decomposition, direct_co2_kg, FULL_SCHEDULE_10, 2050, compliance-level increment",relative width,7.398303303013332,,,,,QUOTE_EXACT,"median across the group of the width as a share of that entry's own central; the increments are NESTED in the order ['t1_load_only', 't2_plus_compliance_level', 't3_plus_survival_shape', 't4_TOTAL_plus_electricity_member']  [read back from width_decomposition_by_group_v33_j2000.csv]"
each entry's real deployment scale,"width decomposition, direct_co2_kg, FULL_SCHEDULE_10, 2050, survival-shape increment",relative width,0.7194953112273805,,,,,QUOTE_EXACT,"median across the group of the width as a share of that entry's own central; the increments are NESTED in the order ['t1_load_only', 't2_plus_compliance_level', 't3_plus_survival_shape', 't4_TOTAL_plus_electricity_member']  [read back from width_decomposition_by_group_v33_j2000.csv]"
each entry's real deployment scale,"width decomposition, direct_co2_kg, FULL_SCHEDULE_10, 2050, electricity-member increment",relative width,0.0,,,,,QUOTE_EXACT,"median across the group of the width as a share of that entry's own central; the increments are NESTED in the order ['t1_load_only', 't2_plus_compliance_level', 't3_plus_survival_shape', 't4_TOTAL_plus_electricity_member']  [read back from width_decomposition_by_group_v33_j2000.csv]"
each entry's real deployment scale,"width decomposition, direct_co2_kg, FULL_SCHEDULE_10, 2050, total",relative width,8.599945236868171,,,,,QUOTE_EXACT,"median across the group of the width as a share of that entry's own central; the increments are NESTED in the order ['t1_load_only', 't2_plus_compliance_level', 't3_plus_survival_shape', 't4_TOTAL_plus_electricity_member']  [read back from width_decomposition_by_group_v33_j2000.csv]"
each entry's real deployment scale,"width decomposition, direct_co2_kg, FULL_SCHEDULE_10, 2075, load draws with the conversion coefficient held at the central",relative width,0.3897755534693763,,,,,QUOTE_EXACT,"median across the group of the width as a share of that entry's own central; the increments are NESTED in the order ['t1_load_only', 't2_plus_compliance_level', 't3_plus_survival_shape', 't4_TOTAL_plus_electricity_member']  [read back from width_decomposition_by_group_v33_j2000.csv]"
each entry's real deployment scale,"width decomposition, direct_co2_kg, FULL_SCHEDULE_10, 2075, conversion-coefficient increment",relative width,0.08860816662483591,,,,,QUOTE_EXACT,"median across the group of the width as a share of that entry's own central; the increments are NESTED in the order ['t1_load_only', 't2_plus_compliance_level', 't3_plus_survival_shape', 't4_TOTAL_plus_electricity_member']  [read back from width_decomposition_by_group_v33_j2000.csv]"
each entry's real deployment scale,"width decomposition, direct_co2_kg, FULL_SCHEDULE_10, 2075, load draws",relative width,0.4783611444971703,,,,,QUOTE_EXACT,"median across the group of the width as a share of that entry's own central; the increments are NESTED in the order ['t1_load_only', 't2_plus_compliance_level', 't3_plus_survival_shape', 't4_TOTAL_plus_electricity_member']  [read back from width_decomposition_by_group_v33_j2000.csv]"
each entry's real deployment scale,"width decomposition, direct_co2_kg, FULL_SCHEDULE_10, 2075, compliance-level increment",relative width,18170.074179266798,,,,,QUOTE_EXACT,"median across the group of the width as a share of that entry's own central; the increments are NESTED in the order ['t1_load_only', 't2_plus_compliance_level', 't3_plus_survival_shape', 't4_TOTAL_plus_electricity_member']  [read back from width_decomposition_by_group_v33_j2000.csv]"
each entry's real deployment scale,"width decomposition, direct_co2_kg, FULL_SCHEDULE_10, 2075, survival-shape increment",relative width,98.35607878766899,,,,,QUOTE_EXACT,"median across the group of the width as a share of that entry's own central; the increments are NESTED in the order ['t1_load_only', 't2_plus_compliance_level', 't3_plus_survival_shape', 't4_TOTAL_plus_electricity_member']  [read back from width_decomposition_by_group_v33_j2000.csv]"
each entry's real deployment scale,"width decomposition, direct_co2_kg, FULL_SCHEDULE_10, 2075, electricity-member increment",relative width,0.0,,,,,QUOTE_EXACT,"median across the group of the width as a share of that entry's own central; the increments are NESTED in the order ['t1_load_only', 't2_plus_compliance_level', 't3_plus_survival_shape', 't4_TOTAL_plus_electricity_member']  [read back from width_decomposition_by_group_v33_j2000.csv]"
each entry's real deployment scale,"width decomposition, direct_co2_kg, FULL_SCHEDULE_10, 2075, total",relative width,18269.40394365964,,,,,QUOTE_EXACT,"median across the group of the width as a share of that entry's own central; the increments are NESTED in the order ['t1_load_only', 't2_plus_compliance_level', 't3_plus_survival_shape', 't4_TOTAL_plus_electricity_member']  [read back from width_decomposition_by_group_v33_j2000.csv]"
each entry's real deployment scale,"width decomposition, direct_co2_kg, CAPPED_82_MY2032_3, 2050, load draws with the conversion coefficient held at the central",relative width,0.3886091866536061,,,,,QUOTE_EXACT,"median across the group of the width as a share of that entry's own central; the increments are NESTED in the order ['t1_load_only', 't2_plus_compliance_level', 't3_plus_survival_shape', 't4_TOTAL_plus_electricity_member']  [read back from width_decomposition_by_group_v33_j2000.csv]"
each entry's real deployment scale,"width decomposition, direct_co2_kg, CAPPED_82_MY2032_3, 2050, conversion-coefficient increment",relative width,0.0982963536540061,,,,,QUOTE_EXACT,"median across the group of the width as a share of that entry's own central; the increments are NESTED in the order ['t1_load_only', 't2_plus_compliance_level', 't3_plus_survival_shape', 't4_TOTAL_plus_electricity_member']  [read back from width_decomposition_by_group_v33_j2000.csv]"
each entry's real deployment scale,"width decomposition, direct_co2_kg, CAPPED_82_MY2032_3, 2050, load draws",relative width,0.4868851392608188,,,,,QUOTE_EXACT,"median across the group of the width as a share of that entry's own central; the increments are NESTED in the order ['t1_load_only', 't2_plus_compliance_level', 't3_plus_survival_shape', 't4_TOTAL_plus_electricity_member']  [read back from width_decomposition_by_group_v33_j2000.csv]"
each entry's real deployment scale,"width decomposition, direct_co2_kg, CAPPED_82_MY2032_3, 2050, compliance-level increment",relative width,0.39603412288241596,,,,,QUOTE_EXACT,"median across the group of the width as a share of that entry's own central; the increments are NESTED in the order ['t1_load_only', 't2_plus_compliance_level', 't3_plus_survival_shape', 't4_TOTAL_plus_electricity_member']  [read back from width_decomposition_by_group_v33_j2000.csv]"
each entry's real deployment scale,"width decomposition, direct_co2_kg, CAPPED_82_MY2032_3, 2050, survival-shape increment",relative width,0.01997656186926286,,,,,QUOTE_EXACT,"median across the group of the width as a share of that entry's own central; the increments are NESTED in the order ['t1_load_only', 't2_plus_compliance_level', 't3_plus_survival_shape', 't4_TOTAL_plus_electricity_member']  [read back from width_decomposition_by_group_v33_j2000.csv]"
each entry's real deployment scale,"width decomposition, direct_co2_kg, CAPPED_82_MY2032_3, 2050, electricity-member increment",relative width,0.0,,,,,QUOTE_EXACT,"median across the group of the width as a share of that entry's own central; the increments are NESTED in the order ['t1_load_only', 't2_plus_compliance_level', 't3_plus_survival_shape', 't4_TOTAL_plus_electricity_member']  [read back from width_decomposition_by_group_v33_j2000.csv]"
each entry's real deployment scale,"width decomposition, direct_co2_kg, CAPPED_82_MY2032_3, 2050, total",relative width,0.9028958240124976,,,,,QUOTE_EXACT,"median across the group of the width as a share of that entry's own central; the increments are NESTED in the order ['t1_load_only', 't2_plus_compliance_level', 't3_plus_survival_shape', 't4_TOTAL_plus_electricity_member']  [read back from width_decomposition_by_group_v33_j2000.csv]"
each entry's real deployment scale,"width decomposition, direct_co2_kg, CAPPED_82_MY2032_3, 2075, load draws with the conversion coefficient held at the central",relative width,0.3827446600743403,,,,,QUOTE_EXACT,"median across the group of the width as a share of that entry's own central; the increments are NESTED in the order ['t1_load_only', 't2_plus_compliance_level', 't3_plus_survival_shape', 't4_TOTAL_plus_electricity_member']  [read back from width_decomposition_by_group_v33_j2000.csv]"
each entry's real deployment scale,"width decomposition, direct_co2_kg, CAPPED_82_MY2032_3, 2075, conversion-coefficient increment",relative width,0.09495417009637781,,,,,QUOTE_EXACT,"median across the group of the width as a share of that entry's own central; the increments are NESTED in the order ['t1_load_only', 't2_plus_compliance_level', 't3_plus_survival_shape', 't4_TOTAL_plus_electricity_member']  [read back from width_decomposition_by_group_v33_j2000.csv]"
each entry's real deployment scale,"width decomposition, direct_co2_kg, CAPPED_82_MY2032_3, 2075, load draws",relative width,0.47769156817142805,,,,,QUOTE_EXACT,"median across the group of the width as a share of that entry's own central; the increments are NESTED in the order ['t1_load_only', 't2_plus_compliance_level', 't3_plus_survival_shape', 't4_TOTAL_plus_electricity_member']  [read back from width_decomposition_by_group_v33_j2000.csv]"
each entry's real deployment scale,"width decomposition, direct_co2_kg, CAPPED_82_MY2032_3, 2075, compliance-level increment",relative width,2.5498272417122627,,,,,QUOTE_EXACT,"median across the group of the width as a share of that entry's own central; the increments are NESTED in the order ['t1_load_only', 't2_plus_compliance_level', 't3_plus_survival_shape', 't4_TOTAL_plus_electricity_member']  [read back from width_decomposition_by_group_v33_j2000.csv]"
each entry's real deployment scale,"width decomposition, direct_co2_kg, CAPPED_82_MY2032_3, 2075, survival-shape increment",relative width,0.05139476103471962,,,,,QUOTE_EXACT,"median across the group of the width as a share of that entry's own central; the increments are NESTED in the order ['t1_load_only', 't2_plus_compliance_level', 't3_plus_survival_shape', 't4_TOTAL_plus_electricity_member']  [read back from width_decomposition_by_group_v33_j2000.csv]"
each entry's real deployment scale,"width decomposition, direct_co2_kg, CAPPED_82_MY2032_3, 2075, electricity-member increment",relative width,0.0,,,,,QUOTE_EXACT,"median across the group of the width as a share of that entry's own central; the increments are NESTED in the order ['t1_load_only', 't2_plus_compliance_level', 't3_plus_survival_shape', 't4_TOTAL_plus_electricity_member']  [read back from width_decomposition_by_group_v33_j2000.csv]"
each entry's real deployment scale,"width decomposition, direct_co2_kg, CAPPED_82_MY2032_3, 2075, total",relative width,3.0789185702173936,,,,,QUOTE_EXACT,"median across the group of the width as a share of that entry's own central; the increments are NESTED in the order ['t1_load_only', 't2_plus_compliance_level', 't3_plus_survival_shape', 't4_TOTAL_plus_electricity_member']  [read back from width_decomposition_by_group_v33_j2000.csv]"
each entry's real deployment scale,"width decomposition, direct_co2_kg, ADOPTING_13, 2050, load draws with the conversion coefficient held at the central",relative width,0.38377548308221066,,,,,QUOTE_EXACT,"median across the group of the width as a share of that entry's own central; the increments are NESTED in the order ['t1_load_only', 't2_plus_compliance_level', 't3_plus_survival_shape', 't4_TOTAL_plus_electricity_member']  [read back from width_decomposition_by_group_v33_j2000.csv]"
each entry's real deployment scale,"width decomposition, direct_co2_kg, ADOPTING_13, 2050, conversion-coefficient increment",relative width,0.0937590522916262,,,,,QUOTE_EXACT,"median across the group of the width as a share of that entry's own central; the increments are NESTED in the order ['t1_load_only', 't2_plus_compliance_level', 't3_plus_survival_shape', 't4_TOTAL_plus_electricity_member']  [read back from width_decomposition_by_group_v33_j2000.csv]"
each entry's real deployment scale,"width decomposition, direct_co2_kg, ADOPTING_13, 2050, load draws",relative width,0.4775092054101778,,,,,QUOTE_EXACT,"median across the group of the width as a share of that entry's own central; the increments are NESTED in the order ['t1_load_only', 't2_plus_compliance_level', 't3_plus_survival_shape', 't4_TOTAL_plus_electricity_member']  [read back from width_decomposition_by_group_v33_j2000.csv]"
each entry's real deployment scale,"width decomposition, direct_co2_kg, ADOPTING_13, 2050, compliance-level increment",relative width,7.284120001475763,,,,,QUOTE_EXACT,"median across the group of the width as a share of that entry's own central; the increments are NESTED in the order ['t1_load_only', 't2_plus_compliance_level', 't3_plus_survival_shape', 't4_TOTAL_plus_electricity_member']  [read back from width_decomposition_by_group_v33_j2000.csv]"
each entry's real deployment scale,"width decomposition, direct_co2_kg, ADOPTING_13, 2050, survival-shape increment",relative width,0.7193684846736047,,,,,QUOTE_EXACT,"median across the group of the width as a share of that entry's own central; the increments are NESTED in the order ['t1_load_only', 't2_plus_compliance_level', 't3_plus_survival_shape', 't4_TOTAL_plus_electricity_member']  [read back from width_decomposition_by_group_v33_j2000.csv]"
each entry's real deployment scale,"width decomposition, direct_co2_kg, ADOPTING_13, 2050, electricity-member increment",relative width,0.0,,,,,QUOTE_EXACT,"median across the group of the width as a share of that entry's own central; the increments are NESTED in the order ['t1_load_only', 't2_plus_compliance_level', 't3_plus_survival_shape', 't4_TOTAL_plus_electricity_member']  [read back from width_decomposition_by_group_v33_j2000.csv]"
each entry's real deployment scale,"width decomposition, direct_co2_kg, ADOPTING_13, 2050, total",relative width,8.488818604621851,,,,,QUOTE_EXACT,"median across the group of the width as a share of that entry's own central; the increments are NESTED in the order ['t1_load_only', 't2_plus_compliance_level', 't3_plus_survival_shape', 't4_TOTAL_plus_electricity_member']  [read back from width_decomposition_by_group_v33_j2000.csv]"
each entry's real deployment scale,"width decomposition, direct_co2_kg, ADOPTING_13, 2075, load draws with the conversion coefficient held at the central",relative width,0.38932386762829885,,,,,QUOTE_EXACT,"median across the group of the width as a share of that entry's own central; the increments are NESTED in the order ['t1_load_only', 't2_plus_compliance_level', 't3_plus_survival_shape', 't4_TOTAL_plus_electricity_member']  [read back from width_decomposition_by_group_v33_j2000.csv]"
each entry's real deployment scale,"width decomposition, direct_co2_kg, ADOPTING_13, 2075, conversion-coefficient increment",relative width,0.08909612469831055,,,,,QUOTE_EXACT,"median across the group of the width as a share of that entry's own central; the increments are NESTED in the order ['t1_load_only', 't2_plus_compliance_level', 't3_plus_survival_shape', 't4_TOTAL_plus_electricity_member']  [read back from width_decomposition_by_group_v33_j2000.csv]"
each entry's real deployment scale,"width decomposition, direct_co2_kg, ADOPTING_13, 2075, load draws",relative width,0.4783139611646197,,,,,QUOTE_EXACT,"median across the group of the width as a share of that entry's own central; the increments are NESTED in the order ['t1_load_only', 't2_plus_compliance_level', 't3_plus_survival_shape', 't4_TOTAL_plus_electricity_member']  [read back from width_decomposition_by_group_v33_j2000.csv]"
each entry's real deployment scale,"width decomposition, direct_co2_kg, ADOPTING_13, 2075, compliance-level increment",relative width,17922.850067821688,,,,,QUOTE_EXACT,"median across the group of the width as a share of that entry's own central; the increments are NESTED in the order ['t1_load_only', 't2_plus_compliance_level', 't3_plus_survival_shape', 't4_TOTAL_plus_electricity_member']  [read back from width_decomposition_by_group_v33_j2000.csv]"
each entry's real deployment scale,"width decomposition, direct_co2_kg, ADOPTING_13, 2075, survival-shape increment",relative width,98.336906006851,,,,,QUOTE_EXACT,"median across the group of the width as a share of that entry's own central; the increments are NESTED in the order ['t1_load_only', 't2_plus_compliance_level', 't3_plus_survival_shape', 't4_TOTAL_plus_electricity_member']  [read back from width_decomposition_by_group_v33_j2000.csv]"
each entry's real deployment scale,"width decomposition, direct_co2_kg, ADOPTING_13, 2075, electricity-member increment",relative width,0.0,,,,,QUOTE_EXACT,"median across the group of the width as a share of that entry's own central; the increments are NESTED in the order ['t1_load_only', 't2_plus_compliance_level', 't3_plus_survival_shape', 't4_TOTAL_plus_electricity_member']  [read back from width_decomposition_by_group_v33_j2000.csv]"
each entry's real deployment scale,"width decomposition, direct_co2_kg, ADOPTING_13, 2075, total",relative width,18022.846986243778,,,,,QUOTE_EXACT,"median across the group of the width as a share of that entry's own central; the increments are NESTED in the order ['t1_load_only', 't2_plus_compliance_level', 't3_plus_survival_shape', 't4_TOTAL_plus_electricity_member']  [read back from width_decomposition_by_group_v33_j2000.csv]"
each entry's real deployment scale,"width decomposition, direct_co2_kg, NO_VEHICLE_RULE_38, 2050, load draws with the conversion coefficient held at the central",relative width,0.39010181127400384,,,,,QUOTE_EXACT,"median across the group of the width as a share of that entry's own central; the increments are NESTED in the order ['t1_load_only', 't2_plus_compliance_level', 't3_plus_survival_shape', 't4_TOTAL_plus_electricity_member']  [read back from width_decomposition_by_group_v33_j2000.csv]"
each entry's real deployment scale,"width decomposition, direct_co2_kg, NO_VEHICLE_RULE_38, 2050, conversion-coefficient increment",relative width,0.09092142446836905,,,,,QUOTE_EXACT,"median across the group of the width as a share of that entry's own central; the increments are NESTED in the order ['t1_load_only', 't2_plus_compliance_level', 't3_plus_survival_shape', 't4_TOTAL_plus_electricity_member']  [read back from width_decomposition_by_group_v33_j2000.csv]"
each entry's real deployment scale,"width decomposition, direct_co2_kg, NO_VEHICLE_RULE_38, 2050, load draws",relative width,0.4817252618309843,,,,,QUOTE_EXACT,"median across the group of the width as a share of that entry's own central; the increments are NESTED in the order ['t1_load_only', 't2_plus_compliance_level', 't3_plus_survival_shape', 't4_TOTAL_plus_electricity_member']  [read back from width_decomposition_by_group_v33_j2000.csv]"
each entry's real deployment scale,"width decomposition, direct_co2_kg, NO_VEHICLE_RULE_38, 2050, compliance-level increment",relative width,0.0,,,,,QUOTE_EXACT,"median across the group of the width as a share of that entry's own central; the increments are NESTED in the order ['t1_load_only', 't2_plus_compliance_level', 't3_plus_survival_shape', 't4_TOTAL_plus_electricity_member']  [read back from width_decomposition_by_group_v33_j2000.csv]"
each entry's real deployment scale,"width decomposition, direct_co2_kg, NO_VEHICLE_RULE_38, 2050, survival-shape increment",relative width,0.0018562318238098815,,,,,QUOTE_EXACT,"median across the group of the width as a share of that entry's own central; the increments are NESTED in the order ['t1_load_only', 't2_plus_compliance_level', 't3_plus_survival_shape', 't4_TOTAL_plus_electricity_member']  [read back from width_decomposition_by_group_v33_j2000.csv]"
each entry's real deployment scale,"width decomposition, direct_co2_kg, NO_VEHICLE_RULE_38, 2050, electricity-member increment",relative width,0.004290694628332887,,,,,QUOTE_EXACT,"median across the group of the width as a share of that entry's own central; the increments are NESTED in the order ['t1_load_only', 't2_plus_compliance_level', 't3_plus_survival_shape', 't4_TOTAL_plus_electricity_member']  [read back from width_decomposition_by_group_v33_j2000.csv]"
each entry's real deployment scale,"width decomposition, direct_co2_kg, NO_VEHICLE_RULE_38, 2050, total",relative width,0.485241833823459,,,,,QUOTE_EXACT,"median across the group of the width as a share of that entry's own central; the increments are NESTED in the order ['t1_load_only', 't2_plus_compliance_level', 't3_plus_survival_shape', 't4_TOTAL_plus_electricity_member']  [read back from width_decomposition_by_group_v33_j2000.csv]"
each entry's real deployment scale,"width decomposition, direct_co2_kg, NO_VEHICLE_RULE_38, 2075, load draws with the conversion coefficient held at the central",relative width,0.38216157598996525,,,,,QUOTE_EXACT,"median across the group of the width as a share of that entry's own central; the increments are NESTED in the order ['t1_load_only', 't2_plus_compliance_level', 't3_plus_survival_shape', 't4_TOTAL_plus_electricity_member']  [read back from width_decomposition_by_group_v33_j2000.csv]"
each entry's real deployment scale,"width decomposition, direct_co2_kg, NO_VEHICLE_RULE_38, 2075, conversion-coefficient increment",relative width,0.09135475388881951,,,,,QUOTE_EXACT,"median across the group of the width as a share of that entry's own central; the increments are NESTED in the order ['t1_load_only', 't2_plus_compliance_level', 't3_plus_survival_shape', 't4_TOTAL_plus_electricity_member']  [read back from width_decomposition_by_group_v33_j2000.csv]"
each entry's real deployment scale,"width decomposition, direct_co2_kg, NO_VEHICLE_RULE_38, 2075, load draws",relative width,0.47331488763124424,,,,,QUOTE_EXACT,"median across the group of the width as a share of that entry's own central; the increments are NESTED in the order ['t1_load_only', 't2_plus_compliance_level', 't3_plus_survival_shape', 't4_TOTAL_plus_electricity_member']  [read back from width_decomposition_by_group_v33_j2000.csv]"
each entry's real deployment scale,"width decomposition, direct_co2_kg, NO_VEHICLE_RULE_38, 2075, compliance-level increment",relative width,0.0,,,,,QUOTE_EXACT,"median across the group of the width as a share of that entry's own central; the increments are NESTED in the order ['t1_load_only', 't2_plus_compliance_level', 't3_plus_survival_shape', 't4_TOTAL_plus_electricity_member']  [read back from width_decomposition_by_group_v33_j2000.csv]"
each entry's real deployment scale,"width decomposition, direct_co2_kg, NO_VEHICLE_RULE_38, 2075, survival-shape increment",relative width,-0.0009608647896055403,,,,,QUOTE_EXACT,"median across the group of the width as a share of that entry's own central; the increments are NESTED in the order ['t1_load_only', 't2_plus_compliance_level', 't3_plus_survival_shape', 't4_TOTAL_plus_electricity_member']  [read back from width_decomposition_by_group_v33_j2000.csv]"
each entry's real deployment scale,"width decomposition, direct_co2_kg, NO_VEHICLE_RULE_38, 2075, electricity-member increment",relative width,0.008091716277550143,,,,,QUOTE_EXACT,"median across the group of the width as a share of that entry's own central; the increments are NESTED in the order ['t1_load_only', 't2_plus_compliance_level', 't3_plus_survival_shape', 't4_TOTAL_plus_electricity_member']  [read back from width_decomposition_by_group_v33_j2000.csv]"
each entry's real deployment scale,"width decomposition, direct_co2_kg, NO_VEHICLE_RULE_38, 2075, total",relative width,0.47688034596616646,,,,,QUOTE_EXACT,"median across the group of the width as a share of that entry's own central; the increments are NESTED in the order ['t1_load_only', 't2_plus_compliance_level', 't3_plus_survival_shape', 't4_TOTAL_plus_electricity_member']  [read back from width_decomposition_by_group_v33_j2000.csv]"
each entry's real deployment scale,"width decomposition, direct_co2_kg, ALL_51, 2050, load draws with the conversion coefficient held at the central",relative width,0.38993408644384076,,,,,QUOTE_EXACT,"median across the group of the width as a share of that entry's own central; the increments are NESTED in the order ['t1_load_only', 't2_plus_compliance_level', 't3_plus_survival_shape', 't4_TOTAL_plus_electricity_member']  [read back from width_decomposition_by_group_v33_j2000.csv]"
each entry's real deployment scale,"width decomposition, direct_co2_kg, ALL_51, 2050, conversion-coefficient increment",relative width,0.09299092184576983,,,,,QUOTE_EXACT,"median across the group of the width as a share of that entry's own central; the increments are NESTED in the order ['t1_load_only', 't2_plus_compliance_level', 't3_plus_survival_shape', 't4_TOTAL_plus_electricity_member']  [read back from width_decomposition_by_group_v33_j2000.csv]"
each entry's real deployment scale,"width decomposition, direct_co2_kg, ALL_51, 2050, load draws",relative width,0.47763544293229016,,,,,QUOTE_EXACT,"median across the group of the width as a share of that entry's own central; the increments are NESTED in the order ['t1_load_only', 't2_plus_compliance_level', 't3_plus_survival_shape', 't4_TOTAL_plus_electricity_member']  [read back from width_decomposition_by_group_v33_j2000.csv]"
each entry's real deployment scale,"width decomposition, direct_co2_kg, ALL_51, 2050, compliance-level increment",relative width,0.0,,,,,QUOTE_EXACT,"median across the group of the width as a share of that entry's own central; the increments are NESTED in the order ['t1_load_only', 't2_plus_compliance_level', 't3_plus_survival_shape', 't4_TOTAL_plus_electricity_member']  [read back from width_decomposition_by_group_v33_j2000.csv]"
each entry's real deployment scale,"width decomposition, direct_co2_kg, ALL_51, 2050, survival-shape increment",relative width,0.005014465806256208,,,,,QUOTE_EXACT,"median across the group of the width as a share of that entry's own central; the increments are NESTED in the order ['t1_load_only', 't2_plus_compliance_level', 't3_plus_survival_shape', 't4_TOTAL_plus_electricity_member']  [read back from width_decomposition_by_group_v33_j2000.csv]"
each entry's real deployment scale,"width decomposition, direct_co2_kg, ALL_51, 2050, electricity-member increment",relative width,0.0,,,,,QUOTE_EXACT,"median across the group of the width as a share of that entry's own central; the increments are NESTED in the order ['t1_load_only', 't2_plus_compliance_level', 't3_plus_survival_shape', 't4_TOTAL_plus_electricity_member']  [read back from width_decomposition_by_group_v33_j2000.csv]"
each entry's real deployment scale,"width decomposition, direct_co2_kg, ALL_51, 2050, total",relative width,0.4900408314315422,,,,,QUOTE_EXACT,"median across the group of the width as a share of that entry's own central; the increments are NESTED in the order ['t1_load_only', 't2_plus_compliance_level', 't3_plus_survival_shape', 't4_TOTAL_plus_electricity_member']  [read back from width_decomposition_by_group_v33_j2000.csv]"
each entry's real deployment scale,"width decomposition, direct_co2_kg, ALL_51, 2075, load draws with the conversion coefficient held at the central",relative width,0.38274704595559883,,,,,QUOTE_EXACT,"median across the group of the width as a share of that entry's own central; the increments are NESTED in the order ['t1_load_only', 't2_plus_compliance_level', 't3_plus_survival_shape', 't4_TOTAL_plus_electricity_member']  [read back from width_decomposition_by_group_v33_j2000.csv]"
each entry's real deployment scale,"width decomposition, direct_co2_kg, ALL_51, 2075, conversion-coefficient increment",relative width,0.0892243931962371,,,,,QUOTE_EXACT,"median across the group of the width as a share of that entry's own central; the increments are NESTED in the order ['t1_load_only', 't2_plus_compliance_level', 't3_plus_survival_shape', 't4_TOTAL_plus_electricity_member']  [read back from width_decomposition_by_group_v33_j2000.csv]"
each entry's real deployment scale,"width decomposition, direct_co2_kg, ALL_51, 2075, load draws",relative width,0.4747580690929314,,,,,QUOTE_EXACT,"median across the group of the width as a share of that entry's own central; the increments are NESTED in the order ['t1_load_only', 't2_plus_compliance_level', 't3_plus_survival_shape', 't4_TOTAL_plus_electricity_member']  [read back from width_decomposition_by_group_v33_j2000.csv]"
each entry's real deployment scale,"width decomposition, direct_co2_kg, ALL_51, 2075, compliance-level increment",relative width,0.0,,,,,QUOTE_EXACT,"median across the group of the width as a share of that entry's own central; the increments are NESTED in the order ['t1_load_only', 't2_plus_compliance_level', 't3_plus_survival_shape', 't4_TOTAL_plus_electricity_member']  [read back from width_decomposition_by_group_v33_j2000.csv]"
each entry's real deployment scale,"width decomposition, direct_co2_kg, ALL_51, 2075, survival-shape increment",relative width,-0.0006620142110689137,,,,,QUOTE_EXACT,"median across the group of the width as a share of that entry's own central; the increments are NESTED in the order ['t1_load_only', 't2_plus_compliance_level', 't3_plus_survival_shape', 't4_TOTAL_plus_electricity_member']  [read back from width_decomposition_by_group_v33_j2000.csv]"
each entry's real deployment scale,"width decomposition, direct_co2_kg, ALL_51, 2075, electricity-member increment",relative width,0.0005113066080135704,,,,,QUOTE_EXACT,"median across the group of the width as a share of that entry's own central; the increments are NESTED in the order ['t1_load_only', 't2_plus_compliance_level', 't3_plus_survival_shape', 't4_TOTAL_plus_electricity_member']  [read back from width_decomposition_by_group_v33_j2000.csv]"
each entry's real deployment scale,"width decomposition, direct_co2_kg, ALL_51, 2075, total",relative width,0.4869657528590144,,,,,QUOTE_EXACT,"median across the group of the width as a share of that entry's own central; the increments are NESTED in the order ['t1_load_only', 't2_plus_compliance_level', 't3_plus_survival_shape', 't4_TOTAL_plus_electricity_member']  [read back from width_decomposition_by_group_v33_j2000.csv]"
each entry's real deployment scale,"width decomposition, grid_intensity_kg_per_kwh, FULL_SCHEDULE_10, 2050, load draws with the conversion coefficient held at the central",relative width,0.19951457778971457,,,,,QUOTE_EXACT,"median across the group of the width as a share of that entry's own central; the increments are NESTED in the order ['t1_load_only', 't2_plus_compliance_level', 't3_plus_survival_shape', 't4_TOTAL_plus_electricity_member']  [read back from width_decomposition_by_group_v33_j2000.csv]"
each entry's real deployment scale,"width decomposition, grid_intensity_kg_per_kwh, FULL_SCHEDULE_10, 2050, conversion-coefficient increment",relative width,0.0,,,,,QUOTE_EXACT,"median across the group of the width as a share of that entry's own central; the increments are NESTED in the order ['t1_load_only', 't2_plus_compliance_level', 't3_plus_survival_shape', 't4_TOTAL_plus_electricity_member']  [read back from width_decomposition_by_group_v33_j2000.csv]"
each entry's real deployment scale,"width decomposition, grid_intensity_kg_per_kwh, FULL_SCHEDULE_10, 2050, load draws",relative width,0.19951457778971457,,,,,QUOTE_EXACT,"median across the group of the width as a share of that entry's own central; the increments are NESTED in the order ['t1_load_only', 't2_plus_compliance_level', 't3_plus_survival_shape', 't4_TOTAL_plus_electricity_member']  [read back from width_decomposition_by_group_v33_j2000.csv]"
each entry's real deployment scale,"width decomposition, grid_intensity_kg_per_kwh, FULL_SCHEDULE_10, 2050, compliance-level increment",relative width,0.0,,,,,QUOTE_EXACT,"median across the group of the width as a share of that entry's own central; the increments are NESTED in the order ['t1_load_only', 't2_plus_compliance_level', 't3_plus_survival_shape', 't4_TOTAL_plus_electricity_member']  [read back from width_decomposition_by_group_v33_j2000.csv]"
each entry's real deployment scale,"width decomposition, grid_intensity_kg_per_kwh, FULL_SCHEDULE_10, 2050, survival-shape increment",relative width,0.0,,,,,QUOTE_EXACT,"median across the group of the width as a share of that entry's own central; the increments are NESTED in the order ['t1_load_only', 't2_plus_compliance_level', 't3_plus_survival_shape', 't4_TOTAL_plus_electricity_member']  [read back from width_decomposition_by_group_v33_j2000.csv]"
each entry's real deployment scale,"width decomposition, grid_intensity_kg_per_kwh, FULL_SCHEDULE_10, 2050, electricity-member increment",relative width,0.37615327785646785,,,,,QUOTE_EXACT,"median across the group of the width as a share of that entry's own central; the increments are NESTED in the order ['t1_load_only', 't2_plus_compliance_level', 't3_plus_survival_shape', 't4_TOTAL_plus_electricity_member']  [read back from width_decomposition_by_group_v33_j2000.csv]"
each entry's real deployment scale,"width decomposition, grid_intensity_kg_per_kwh, FULL_SCHEDULE_10, 2050, total",relative width,0.5756678556461825,,,,,QUOTE_EXACT,"median across the group of the width as a share of that entry's own central; the increments are NESTED in the order ['t1_load_only', 't2_plus_compliance_level', 't3_plus_survival_shape', 't4_TOTAL_plus_electricity_member']  [read back from width_decomposition_by_group_v33_j2000.csv]"
each entry's real deployment scale,"width decomposition, grid_intensity_kg_per_kwh, FULL_SCHEDULE_10, 2075, load draws with the conversion coefficient held at the central",relative width,0.19951457778971457,,,,,QUOTE_EXACT,"median across the group of the width as a share of that entry's own central; the increments are NESTED in the order ['t1_load_only', 't2_plus_compliance_level', 't3_plus_survival_shape', 't4_TOTAL_plus_electricity_member']  [read back from width_decomposition_by_group_v33_j2000.csv]"
each entry's real deployment scale,"width decomposition, grid_intensity_kg_per_kwh, FULL_SCHEDULE_10, 2075, conversion-coefficient increment",relative width,0.0,,,,,QUOTE_EXACT,"median across the group of the width as a share of that entry's own central; the increments are NESTED in the order ['t1_load_only', 't2_plus_compliance_level', 't3_plus_survival_shape', 't4_TOTAL_plus_electricity_member']  [read back from width_decomposition_by_group_v33_j2000.csv]"
each entry's real deployment scale,"width decomposition, grid_intensity_kg_per_kwh, FULL_SCHEDULE_10, 2075, load draws",relative width,0.19951457778971457,,,,,QUOTE_EXACT,"median across the group of the width as a share of that entry's own central; the increments are NESTED in the order ['t1_load_only', 't2_plus_compliance_level', 't3_plus_survival_shape', 't4_TOTAL_plus_electricity_member']  [read back from width_decomposition_by_group_v33_j2000.csv]"
each entry's real deployment scale,"width decomposition, grid_intensity_kg_per_kwh, FULL_SCHEDULE_10, 2075, compliance-level increment",relative width,0.0,,,,,QUOTE_EXACT,"median across the group of the width as a share of that entry's own central; the increments are NESTED in the order ['t1_load_only', 't2_plus_compliance_level', 't3_plus_survival_shape', 't4_TOTAL_plus_electricity_member']  [read back from width_decomposition_by_group_v33_j2000.csv]"
each entry's real deployment scale,"width decomposition, grid_intensity_kg_per_kwh, FULL_SCHEDULE_10, 2075, survival-shape increment",relative width,0.0,,,,,QUOTE_EXACT,"median across the group of the width as a share of that entry's own central; the increments are NESTED in the order ['t1_load_only', 't2_plus_compliance_level', 't3_plus_survival_shape', 't4_TOTAL_plus_electricity_member']  [read back from width_decomposition_by_group_v33_j2000.csv]"
each entry's real deployment scale,"width decomposition, grid_intensity_kg_per_kwh, FULL_SCHEDULE_10, 2075, electricity-member increment",relative width,0.7060473861814698,,,,,QUOTE_EXACT,"median across the group of the width as a share of that entry's own central; the increments are NESTED in the order ['t1_load_only', 't2_plus_compliance_level', 't3_plus_survival_shape', 't4_TOTAL_plus_electricity_member']  [read back from width_decomposition_by_group_v33_j2000.csv]"
each entry's real deployment scale,"width decomposition, grid_intensity_kg_per_kwh, FULL_SCHEDULE_10, 2075, total",relative width,0.9055619639711843,,,,,QUOTE_EXACT,"median across the group of the width as a share of that entry's own central; the increments are NESTED in the order ['t1_load_only', 't2_plus_compliance_level', 't3_plus_survival_shape', 't4_TOTAL_plus_electricity_member']  [read back from width_decomposition_by_group_v33_j2000.csv]"
each entry's real deployment scale,"width decomposition, grid_intensity_kg_per_kwh, CAPPED_82_MY2032_3, 2050, load draws with the conversion coefficient held at the central",relative width,0.19951457778971468,,,,,QUOTE_EXACT,"median across the group of the width as a share of that entry's own central; the increments are NESTED in the order ['t1_load_only', 't2_plus_compliance_level', 't3_plus_survival_shape', 't4_TOTAL_plus_electricity_member']  [read back from width_decomposition_by_group_v33_j2000.csv]"
each entry's real deployment scale,"width decomposition, grid_intensity_kg_per_kwh, CAPPED_82_MY2032_3, 2050, conversion-coefficient increment",relative width,0.0,,,,,QUOTE_EXACT,"median across the group of the width as a share of that entry's own central; the increments are NESTED in the order ['t1_load_only', 't2_plus_compliance_level', 't3_plus_survival_shape', 't4_TOTAL_plus_electricity_member']  [read back from width_decomposition_by_group_v33_j2000.csv]"
each entry's real deployment scale,"width decomposition, grid_intensity_kg_per_kwh, CAPPED_82_MY2032_3, 2050, load draws",relative width,0.19951457778971468,,,,,QUOTE_EXACT,"median across the group of the width as a share of that entry's own central; the increments are NESTED in the order ['t1_load_only', 't2_plus_compliance_level', 't3_plus_survival_shape', 't4_TOTAL_plus_electricity_member']  [read back from width_decomposition_by_group_v33_j2000.csv]"
each entry's real deployment scale,"width decomposition, grid_intensity_kg_per_kwh, CAPPED_82_MY2032_3, 2050, compliance-level increment",relative width,0.0,,,,,QUOTE_EXACT,"median across the group of the width as a share of that entry's own central; the increments are NESTED in the order ['t1_load_only', 't2_plus_compliance_level', 't3_plus_survival_shape', 't4_TOTAL_plus_electricity_member']  [read back from width_decomposition_by_group_v33_j2000.csv]"
each entry's real deployment scale,"width decomposition, grid_intensity_kg_per_kwh, CAPPED_82_MY2032_3, 2050, survival-shape increment",relative width,0.0,,,,,QUOTE_EXACT,"median across the group of the width as a share of that entry's own central; the increments are NESTED in the order ['t1_load_only', 't2_plus_compliance_level', 't3_plus_survival_shape', 't4_TOTAL_plus_electricity_member']  [read back from width_decomposition_by_group_v33_j2000.csv]"
each entry's real deployment scale,"width decomposition, grid_intensity_kg_per_kwh, CAPPED_82_MY2032_3, 2050, electricity-member increment",relative width,0.0,,,,,QUOTE_EXACT,"median across the group of the width as a share of that entry's own central; the increments are NESTED in the order ['t1_load_only', 't2_plus_compliance_level', 't3_plus_survival_shape', 't4_TOTAL_plus_electricity_member']  [read back from width_decomposition_by_group_v33_j2000.csv]"
each entry's real deployment scale,"width decomposition, grid_intensity_kg_per_kwh, CAPPED_82_MY2032_3, 2050, total",relative width,0.19951457778971468,,,,,QUOTE_EXACT,"median across the group of the width as a share of that entry's own central; the increments are NESTED in the order ['t1_load_only', 't2_plus_compliance_level', 't3_plus_survival_shape', 't4_TOTAL_plus_electricity_member']  [read back from width_decomposition_by_group_v33_j2000.csv]"
each entry's real deployment scale,"width decomposition, grid_intensity_kg_per_kwh, CAPPED_82_MY2032_3, 2075, load draws with the conversion coefficient held at the central",relative width,0.19951457778971468,,,,,QUOTE_EXACT,"median across the group of the width as a share of that entry's own central; the increments are NESTED in the order ['t1_load_only', 't2_plus_compliance_level', 't3_plus_survival_shape', 't4_TOTAL_plus_electricity_member']  [read back from width_decomposition_by_group_v33_j2000.csv]"
each entry's real deployment scale,"width decomposition, grid_intensity_kg_per_kwh, CAPPED_82_MY2032_3, 2075, conversion-coefficient increment",relative width,0.0,,,,,QUOTE_EXACT,"median across the group of the width as a share of that entry's own central; the increments are NESTED in the order ['t1_load_only', 't2_plus_compliance_level', 't3_plus_survival_shape', 't4_TOTAL_plus_electricity_member']  [read back from width_decomposition_by_group_v33_j2000.csv]"
each entry's real deployment scale,"width decomposition, grid_intensity_kg_per_kwh, CAPPED_82_MY2032_3, 2075, load draws",relative width,0.19951457778971468,,,,,QUOTE_EXACT,"median across the group of the width as a share of that entry's own central; the increments are NESTED in the order ['t1_load_only', 't2_plus_compliance_level', 't3_plus_survival_shape', 't4_TOTAL_plus_electricity_member']  [read back from width_decomposition_by_group_v33_j2000.csv]"
each entry's real deployment scale,"width decomposition, grid_intensity_kg_per_kwh, CAPPED_82_MY2032_3, 2075, compliance-level increment",relative width,0.0,,,,,QUOTE_EXACT,"median across the group of the width as a share of that entry's own central; the increments are NESTED in the order ['t1_load_only', 't2_plus_compliance_level', 't3_plus_survival_shape', 't4_TOTAL_plus_electricity_member']  [read back from width_decomposition_by_group_v33_j2000.csv]"
each entry's real deployment scale,"width decomposition, grid_intensity_kg_per_kwh, CAPPED_82_MY2032_3, 2075, survival-shape increment",relative width,0.0,,,,,QUOTE_EXACT,"median across the group of the width as a share of that entry's own central; the increments are NESTED in the order ['t1_load_only', 't2_plus_compliance_level', 't3_plus_survival_shape', 't4_TOTAL_plus_electricity_member']  [read back from width_decomposition_by_group_v33_j2000.csv]"
each entry's real deployment scale,"width decomposition, grid_intensity_kg_per_kwh, CAPPED_82_MY2032_3, 2075, electricity-member increment",relative width,0.0,,,,,QUOTE_EXACT,"median across the group of the width as a share of that entry's own central; the increments are NESTED in the order ['t1_load_only', 't2_plus_compliance_level', 't3_plus_survival_shape', 't4_TOTAL_plus_electricity_member']  [read back from width_decomposition_by_group_v33_j2000.csv]"
each entry's real deployment scale,"width decomposition, grid_intensity_kg_per_kwh, CAPPED_82_MY2032_3, 2075, total",relative width,0.19951457778971468,,,,,QUOTE_EXACT,"median across the group of the width as a share of that entry's own central; the increments are NESTED in the order ['t1_load_only', 't2_plus_compliance_level', 't3_plus_survival_shape', 't4_TOTAL_plus_electricity_member']  [read back from width_decomposition_by_group_v33_j2000.csv]"
each entry's real deployment scale,"width decomposition, grid_intensity_kg_per_kwh, ADOPTING_13, 2050, load draws with the conversion coefficient held at the central",relative width,0.1995145777897146,,,,,QUOTE_EXACT,"median across the group of the width as a share of that entry's own central; the increments are NESTED in the order ['t1_load_only', 't2_plus_compliance_level', 't3_plus_survival_shape', 't4_TOTAL_plus_electricity_member']  [read back from width_decomposition_by_group_v33_j2000.csv]"
each entry's real deployment scale,"width decomposition, grid_intensity_kg_per_kwh, ADOPTING_13, 2050, conversion-coefficient increment",relative width,0.0,,,,,QUOTE_EXACT,"median across the group of the width as a share of that entry's own central; the increments are NESTED in the order ['t1_load_only', 't2_plus_compliance_level', 't3_plus_survival_shape', 't4_TOTAL_plus_electricity_member']  [read back from width_decomposition_by_group_v33_j2000.csv]"
each entry's real deployment scale,"width decomposition, grid_intensity_kg_per_kwh, ADOPTING_13, 2050, load draws",relative width,0.1995145777897146,,,,,QUOTE_EXACT,"median across the group of the width as a share of that entry's own central; the increments are NESTED in the order ['t1_load_only', 't2_plus_compliance_level', 't3_plus_survival_shape', 't4_TOTAL_plus_electricity_member']  [read back from width_decomposition_by_group_v33_j2000.csv]"
each entry's real deployment scale,"width decomposition, grid_intensity_kg_per_kwh, ADOPTING_13, 2050, compliance-level increment",relative width,0.0,,,,,QUOTE_EXACT,"median across the group of the width as a share of that entry's own central; the increments are NESTED in the order ['t1_load_only', 't2_plus_compliance_level', 't3_plus_survival_shape', 't4_TOTAL_plus_electricity_member']  [read back from width_decomposition_by_group_v33_j2000.csv]"
each entry's real deployment scale,"width decomposition, grid_intensity_kg_per_kwh, ADOPTING_13, 2050, survival-shape increment",relative width,0.0,,,,,QUOTE_EXACT,"median across the group of the width as a share of that entry's own central; the increments are NESTED in the order ['t1_load_only', 't2_plus_compliance_level', 't3_plus_survival_shape', 't4_TOTAL_plus_electricity_member']  [read back from width_decomposition_by_group_v33_j2000.csv]"
each entry's real deployment scale,"width decomposition, grid_intensity_kg_per_kwh, ADOPTING_13, 2050, electricity-member increment",relative width,0.18807663892823392,,,,,QUOTE_EXACT,"median across the group of the width as a share of that entry's own central; the increments are NESTED in the order ['t1_load_only', 't2_plus_compliance_level', 't3_plus_survival_shape', 't4_TOTAL_plus_electricity_member']  [read back from width_decomposition_by_group_v33_j2000.csv]"
each entry's real deployment scale,"width decomposition, grid_intensity_kg_per_kwh, ADOPTING_13, 2050, total",relative width,0.3875912167179486,,,,,QUOTE_EXACT,"median across the group of the width as a share of that entry's own central; the increments are NESTED in the order ['t1_load_only', 't2_plus_compliance_level', 't3_plus_survival_shape', 't4_TOTAL_plus_electricity_member']  [read back from width_decomposition_by_group_v33_j2000.csv]"
each entry's real deployment scale,"width decomposition, grid_intensity_kg_per_kwh, ADOPTING_13, 2075, load draws with the conversion coefficient held at the central",relative width,0.1995145777897146,,,,,QUOTE_EXACT,"median across the group of the width as a share of that entry's own central; the increments are NESTED in the order ['t1_load_only', 't2_plus_compliance_level', 't3_plus_survival_shape', 't4_TOTAL_plus_electricity_member']  [read back from width_decomposition_by_group_v33_j2000.csv]"
each entry's real deployment scale,"width decomposition, grid_intensity_kg_per_kwh, ADOPTING_13, 2075, conversion-coefficient increment",relative width,0.0,,,,,QUOTE_EXACT,"median across the group of the width as a share of that entry's own central; the increments are NESTED in the order ['t1_load_only', 't2_plus_compliance_level', 't3_plus_survival_shape', 't4_TOTAL_plus_electricity_member']  [read back from width_decomposition_by_group_v33_j2000.csv]"
each entry's real deployment scale,"width decomposition, grid_intensity_kg_per_kwh, ADOPTING_13, 2075, load draws",relative width,0.1995145777897146,,,,,QUOTE_EXACT,"median across the group of the width as a share of that entry's own central; the increments are NESTED in the order ['t1_load_only', 't2_plus_compliance_level', 't3_plus_survival_shape', 't4_TOTAL_plus_electricity_member']  [read back from width_decomposition_by_group_v33_j2000.csv]"
each entry's real deployment scale,"width decomposition, grid_intensity_kg_per_kwh, ADOPTING_13, 2075, compliance-level increment",relative width,0.0,,,,,QUOTE_EXACT,"median across the group of the width as a share of that entry's own central; the increments are NESTED in the order ['t1_load_only', 't2_plus_compliance_level', 't3_plus_survival_shape', 't4_TOTAL_plus_electricity_member']  [read back from width_decomposition_by_group_v33_j2000.csv]"
each entry's real deployment scale,"width decomposition, grid_intensity_kg_per_kwh, ADOPTING_13, 2075, survival-shape increment",relative width,0.0,,,,,QUOTE_EXACT,"median across the group of the width as a share of that entry's own central; the increments are NESTED in the order ['t1_load_only', 't2_plus_compliance_level', 't3_plus_survival_shape', 't4_TOTAL_plus_electricity_member']  [read back from width_decomposition_by_group_v33_j2000.csv]"
each entry's real deployment scale,"width decomposition, grid_intensity_kg_per_kwh, ADOPTING_13, 2075, electricity-member increment",relative width,0.3530236930907349,,,,,QUOTE_EXACT,"median across the group of the width as a share of that entry's own central; the increments are NESTED in the order ['t1_load_only', 't2_plus_compliance_level', 't3_plus_survival_shape', 't4_TOTAL_plus_electricity_member']  [read back from width_decomposition_by_group_v33_j2000.csv]"
each entry's real deployment scale,"width decomposition, grid_intensity_kg_per_kwh, ADOPTING_13, 2075, total",relative width,0.5525382708804495,,,,,QUOTE_EXACT,"median across the group of the width as a share of that entry's own central; the increments are NESTED in the order ['t1_load_only', 't2_plus_compliance_level', 't3_plus_survival_shape', 't4_TOTAL_plus_electricity_member']  [read back from width_decomposition_by_group_v33_j2000.csv]"
each entry's real deployment scale,"width decomposition, grid_intensity_kg_per_kwh, NO_VEHICLE_RULE_38, 2050, load draws with the conversion coefficient held at the central",relative width,0.1995145777897146,,,,,QUOTE_EXACT,"median across the group of the width as a share of that entry's own central; the increments are NESTED in the order ['t1_load_only', 't2_plus_compliance_level', 't3_plus_survival_shape', 't4_TOTAL_plus_electricity_member']  [read back from width_decomposition_by_group_v33_j2000.csv]"
each entry's real deployment scale,"width decomposition, grid_intensity_kg_per_kwh, NO_VEHICLE_RULE_38, 2050, conversion-coefficient increment",relative width,0.0,,,,,QUOTE_EXACT,"median across the group of the width as a share of that entry's own central; the increments are NESTED in the order ['t1_load_only', 't2_plus_compliance_level', 't3_plus_survival_shape', 't4_TOTAL_plus_electricity_member']  [read back from width_decomposition_by_group_v33_j2000.csv]"
each entry's real deployment scale,"width decomposition, grid_intensity_kg_per_kwh, NO_VEHICLE_RULE_38, 2050, load draws",relative width,0.1995145777897146,,,,,QUOTE_EXACT,"median across the group of the width as a share of that entry's own central; the increments are NESTED in the order ['t1_load_only', 't2_plus_compliance_level', 't3_plus_survival_shape', 't4_TOTAL_plus_electricity_member']  [read back from width_decomposition_by_group_v33_j2000.csv]"
each entry's real deployment scale,"width decomposition, grid_intensity_kg_per_kwh, NO_VEHICLE_RULE_38, 2050, compliance-level increment",relative width,0.0,,,,,QUOTE_EXACT,"median across the group of the width as a share of that entry's own central; the increments are NESTED in the order ['t1_load_only', 't2_plus_compliance_level', 't3_plus_survival_shape', 't4_TOTAL_plus_electricity_member']  [read back from width_decomposition_by_group_v33_j2000.csv]"
each entry's real deployment scale,"width decomposition, grid_intensity_kg_per_kwh, NO_VEHICLE_RULE_38, 2050, survival-shape increment",relative width,0.0,,,,,QUOTE_EXACT,"median across the group of the width as a share of that entry's own central; the increments are NESTED in the order ['t1_load_only', 't2_plus_compliance_level', 't3_plus_survival_shape', 't4_TOTAL_plus_electricity_member']  [read back from width_decomposition_by_group_v33_j2000.csv]"
each entry's real deployment scale,"width decomposition, grid_intensity_kg_per_kwh, NO_VEHICLE_RULE_38, 2050, electricity-member increment",relative width,1.218121836702554,,,,,QUOTE_EXACT,"median across the group of the width as a share of that entry's own central; the increments are NESTED in the order ['t1_load_only', 't2_plus_compliance_level', 't3_plus_survival_shape', 't4_TOTAL_plus_electricity_member']  [read back from width_decomposition_by_group_v33_j2000.csv]"
each entry's real deployment scale,"width decomposition, grid_intensity_kg_per_kwh, NO_VEHICLE_RULE_38, 2050, total",relative width,1.4176364144922686,,,,,QUOTE_EXACT,"median across the group of the width as a share of that entry's own central; the increments are NESTED in the order ['t1_load_only', 't2_plus_compliance_level', 't3_plus_survival_shape', 't4_TOTAL_plus_electricity_member']  [read back from width_decomposition_by_group_v33_j2000.csv]"
each entry's real deployment scale,"width decomposition, grid_intensity_kg_per_kwh, NO_VEHICLE_RULE_38, 2075, load draws with the conversion coefficient held at the central",relative width,0.19951457778971463,,,,,QUOTE_EXACT,"median across the group of the width as a share of that entry's own central; the increments are NESTED in the order ['t1_load_only', 't2_plus_compliance_level', 't3_plus_survival_shape', 't4_TOTAL_plus_electricity_member']  [read back from width_decomposition_by_group_v33_j2000.csv]"
each entry's real deployment scale,"width decomposition, grid_intensity_kg_per_kwh, NO_VEHICLE_RULE_38, 2075, conversion-coefficient increment",relative width,0.0,,,,,QUOTE_EXACT,"median across the group of the width as a share of that entry's own central; the increments are NESTED in the order ['t1_load_only', 't2_plus_compliance_level', 't3_plus_survival_shape', 't4_TOTAL_plus_electricity_member']  [read back from width_decomposition_by_group_v33_j2000.csv]"
each entry's real deployment scale,"width decomposition, grid_intensity_kg_per_kwh, NO_VEHICLE_RULE_38, 2075, load draws",relative width,0.19951457778971463,,,,,QUOTE_EXACT,"median across the group of the width as a share of that entry's own central; the increments are NESTED in the order ['t1_load_only', 't2_plus_compliance_level', 't3_plus_survival_shape', 't4_TOTAL_plus_electricity_member']  [read back from width_decomposition_by_group_v33_j2000.csv]"
each entry's real deployment scale,"width decomposition, grid_intensity_kg_per_kwh, NO_VEHICLE_RULE_38, 2075, compliance-level increment",relative width,0.0,,,,,QUOTE_EXACT,"median across the group of the width as a share of that entry's own central; the increments are NESTED in the order ['t1_load_only', 't2_plus_compliance_level', 't3_plus_survival_shape', 't4_TOTAL_plus_electricity_member']  [read back from width_decomposition_by_group_v33_j2000.csv]"
each entry's real deployment scale,"width decomposition, grid_intensity_kg_per_kwh, NO_VEHICLE_RULE_38, 2075, survival-shape increment",relative width,0.0,,,,,QUOTE_EXACT,"median across the group of the width as a share of that entry's own central; the increments are NESTED in the order ['t1_load_only', 't2_plus_compliance_level', 't3_plus_survival_shape', 't4_TOTAL_plus_electricity_member']  [read back from width_decomposition_by_group_v33_j2000.csv]"
each entry's real deployment scale,"width decomposition, grid_intensity_kg_per_kwh, NO_VEHICLE_RULE_38, 2075, electricity-member increment",relative width,1.204791627670085,,,,,QUOTE_EXACT,"median across the group of the width as a share of that entry's own central; the increments are NESTED in the order ['t1_load_only', 't2_plus_compliance_level', 't3_plus_survival_shape', 't4_TOTAL_plus_electricity_member']  [read back from width_decomposition_by_group_v33_j2000.csv]"
each entry's real deployment scale,"width decomposition, grid_intensity_kg_per_kwh, NO_VEHICLE_RULE_38, 2075, total",relative width,1.4043062054597997,,,,,QUOTE_EXACT,"median across the group of the width as a share of that entry's own central; the increments are NESTED in the order ['t1_load_only', 't2_plus_compliance_level', 't3_plus_survival_shape', 't4_TOTAL_plus_electricity_member']  [read back from width_decomposition_by_group_v33_j2000.csv]"
each entry's real deployment scale,"width decomposition, grid_intensity_kg_per_kwh, ALL_51, 2050, load draws with the conversion coefficient held at the central",relative width,0.1995145777897146,,,,,QUOTE_EXACT,"median across the group of the width as a share of that entry's own central; the increments are NESTED in the order ['t1_load_only', 't2_plus_compliance_level', 't3_plus_survival_shape', 't4_TOTAL_plus_electricity_member']  [read back from width_decomposition_by_group_v33_j2000.csv]"
each entry's real deployment scale,"width decomposition, grid_intensity_kg_per_kwh, ALL_51, 2050, conversion-coefficient increment",relative width,0.0,,,,,QUOTE_EXACT,"median across the group of the width as a share of that entry's own central; the increments are NESTED in the order ['t1_load_only', 't2_plus_compliance_level', 't3_plus_survival_shape', 't4_TOTAL_plus_electricity_member']  [read back from width_decomposition_by_group_v33_j2000.csv]"
each entry's real deployment scale,"width decomposition, grid_intensity_kg_per_kwh, ALL_51, 2050, load draws",relative width,0.1995145777897146,,,,,QUOTE_EXACT,"median across the group of the width as a share of that entry's own central; the increments are NESTED in the order ['t1_load_only', 't2_plus_compliance_level', 't3_plus_survival_shape', 't4_TOTAL_plus_electricity_member']  [read back from width_decomposition_by_group_v33_j2000.csv]"
each entry's real deployment scale,"width decomposition, grid_intensity_kg_per_kwh, ALL_51, 2050, compliance-level increment",relative width,0.0,,,,,QUOTE_EXACT,"median across the group of the width as a share of that entry's own central; the increments are NESTED in the order ['t1_load_only', 't2_plus_compliance_level', 't3_plus_survival_shape', 't4_TOTAL_plus_electricity_member']  [read back from width_decomposition_by_group_v33_j2000.csv]"
each entry's real deployment scale,"width decomposition, grid_intensity_kg_per_kwh, ALL_51, 2050, survival-shape increment",relative width,0.0,,,,,QUOTE_EXACT,"median across the group of the width as a share of that entry's own central; the increments are NESTED in the order ['t1_load_only', 't2_plus_compliance_level', 't3_plus_survival_shape', 't4_TOTAL_plus_electricity_member']  [read back from width_decomposition_by_group_v33_j2000.csv]"
each entry's real deployment scale,"width decomposition, grid_intensity_kg_per_kwh, ALL_51, 2050, electricity-member increment",relative width,0.8939653504809413,,,,,QUOTE_EXACT,"median across the group of the width as a share of that entry's own central; the increments are NESTED in the order ['t1_load_only', 't2_plus_compliance_level', 't3_plus_survival_shape', 't4_TOTAL_plus_electricity_member']  [read back from width_decomposition_by_group_v33_j2000.csv]"
each entry's real deployment scale,"width decomposition, grid_intensity_kg_per_kwh, ALL_51, 2050, total",relative width,1.093479928270656,,,,,QUOTE_EXACT,"median across the group of the width as a share of that entry's own central; the increments are NESTED in the order ['t1_load_only', 't2_plus_compliance_level', 't3_plus_survival_shape', 't4_TOTAL_plus_electricity_member']  [read back from width_decomposition_by_group_v33_j2000.csv]"
each entry's real deployment scale,"width decomposition, grid_intensity_kg_per_kwh, ALL_51, 2075, load draws with the conversion coefficient held at the central",relative width,0.19951457778971463,,,,,QUOTE_EXACT,"median across the group of the width as a share of that entry's own central; the increments are NESTED in the order ['t1_load_only', 't2_plus_compliance_level', 't3_plus_survival_shape', 't4_TOTAL_plus_electricity_member']  [read back from width_decomposition_by_group_v33_j2000.csv]"
each entry's real deployment scale,"width decomposition, grid_intensity_kg_per_kwh, ALL_51, 2075, conversion-coefficient increment",relative width,0.0,,,,,QUOTE_EXACT,"median across the group of the width as a share of that entry's own central; the increments are NESTED in the order ['t1_load_only', 't2_plus_compliance_level', 't3_plus_survival_shape', 't4_TOTAL_plus_electricity_member']  [read back from width_decomposition_by_group_v33_j2000.csv]"
each entry's real deployment scale,"width decomposition, grid_intensity_kg_per_kwh, ALL_51, 2075, load draws",relative width,0.19951457778971463,,,,,QUOTE_EXACT,"median across the group of the width as a share of that entry's own central; the increments are NESTED in the order ['t1_load_only', 't2_plus_compliance_level', 't3_plus_survival_shape', 't4_TOTAL_plus_electricity_member']  [read back from width_decomposition_by_group_v33_j2000.csv]"
each entry's real deployment scale,"width decomposition, grid_intensity_kg_per_kwh, ALL_51, 2075, compliance-level increment",relative width,0.0,,,,,QUOTE_EXACT,"median across the group of the width as a share of that entry's own central; the increments are NESTED in the order ['t1_load_only', 't2_plus_compliance_level', 't3_plus_survival_shape', 't4_TOTAL_plus_electricity_member']  [read back from width_decomposition_by_group_v33_j2000.csv]"
each entry's real deployment scale,"width decomposition, grid_intensity_kg_per_kwh, ALL_51, 2075, survival-shape increment",relative width,0.0,,,,,QUOTE_EXACT,"median across the group of the width as a share of that entry's own central; the increments are NESTED in the order ['t1_load_only', 't2_plus_compliance_level', 't3_plus_survival_shape', 't4_TOTAL_plus_electricity_member']  [read back from width_decomposition_by_group_v33_j2000.csv]"
each entry's real deployment scale,"width decomposition, grid_intensity_kg_per_kwh, ALL_51, 2075, electricity-member increment",relative width,1.1779007286087175,,,,,QUOTE_EXACT,"median across the group of the width as a share of that entry's own central; the increments are NESTED in the order ['t1_load_only', 't2_plus_compliance_level', 't3_plus_survival_shape', 't4_TOTAL_plus_electricity_member']  [read back from width_decomposition_by_group_v33_j2000.csv]"
each entry's real deployment scale,"width decomposition, grid_intensity_kg_per_kwh, ALL_51, 2075, total",relative width,1.377415306398432,,,,,QUOTE_EXACT,"median across the group of the width as a share of that entry's own central; the increments are NESTED in the order ['t1_load_only', 't2_plus_compliance_level', 't3_plus_survival_shape', 't4_TOTAL_plus_electricity_member']  [read back from width_decomposition_by_group_v33_j2000.csv]"
each entry's real deployment scale,"median interval-median over central, energy_kwh_eq, FULL_SCHEDULE_10, 2050",x,1.0726161397574774,,,,,QUOTE_EXACT,median across the 10 entries of the group whose central is not exactly zero  [read back from median_p50_over_central_v33_j2000.csv]
each entry's real deployment scale,"median interval-median over central, energy_kwh_eq, FULL_SCHEDULE_10, 2075",x,1.061646236501074,,,,,QUOTE_EXACT,median across the 10 entries of the group whose central is not exactly zero  [read back from median_p50_over_central_v33_j2000.csv]
each entry's real deployment scale,"median interval-median over central, energy_kwh_eq, CAPPED_82_MY2032_3, 2050",x,1.0391206596797344,,,,,QUOTE_EXACT,median across the 3 entries of the group whose central is not exactly zero  [read back from median_p50_over_central_v33_j2000.csv]
each entry's real deployment scale,"median interval-median over central, energy_kwh_eq, CAPPED_82_MY2032_3, 2075",x,1.054083315143448,,,,,QUOTE_EXACT,median across the 3 entries of the group whose central is not exactly zero  [read back from median_p50_over_central_v33_j2000.csv]
each entry's real deployment scale,"median interval-median over central, energy_kwh_eq, ADOPTING_13, 2050",x,1.0725083663985895,,,,,QUOTE_EXACT,median across the 13 entries of the group whose central is not exactly zero  [read back from median_p50_over_central_v33_j2000.csv]
each entry's real deployment scale,"median interval-median over central, energy_kwh_eq, ADOPTING_13, 2075",x,1.0613645706718222,,,,,QUOTE_EXACT,median across the 13 entries of the group whose central is not exactly zero  [read back from median_p50_over_central_v33_j2000.csv]
each entry's real deployment scale,"median interval-median over central, energy_kwh_eq, NO_VEHICLE_RULE_38, 2050",x,0.9704275875256134,,,,,QUOTE_EXACT,median across the 38 entries of the group whose central is not exactly zero  [read back from median_p50_over_central_v33_j2000.csv]
each entry's real deployment scale,"median interval-median over central, energy_kwh_eq, NO_VEHICLE_RULE_38, 2075",x,0.9715537432939956,,,,,QUOTE_EXACT,median across the 38 entries of the group whose central is not exactly zero  [read back from median_p50_over_central_v33_j2000.csv]
each entry's real deployment scale,"median interval-median over central, energy_kwh_eq, ALL_51, 2050",x,0.970533978285014,,,,,QUOTE_EXACT,median across the 51 entries of the group whose central is not exactly zero  [read back from median_p50_over_central_v33_j2000.csv]
each entry's real deployment scale,"median interval-median over central, energy_kwh_eq, ALL_51, 2075",x,0.9716150777876807,,,,,QUOTE_EXACT,median across the 51 entries of the group whose central is not exactly zero  [read back from median_p50_over_central_v33_j2000.csv]
each entry's real deployment scale,"median interval-median over central, direct_co2_kg, FULL_SCHEDULE_10, 2050",x,2.1360858535676512,,,,,QUOTE_EXACT,median across the 10 entries of the group whose central is not exactly zero  [read back from median_p50_over_central_v33_j2000.csv]
each entry's real deployment scale,"median interval-median over central, direct_co2_kg, FULL_SCHEDULE_10, 2075",x,107.08976219874708,,,,,QUOTE_EXACT,median across the 10 entries of the group whose central is not exactly zero  [read back from median_p50_over_central_v33_j2000.csv]
each entry's real deployment scale,"median interval-median over central, direct_co2_kg, CAPPED_82_MY2032_3, 2050",x,1.0852554735863336,,,,,QUOTE_EXACT,median across the 3 entries of the group whose central is not exactly zero  [read back from median_p50_over_central_v33_j2000.csv]
each entry's real deployment scale,"median interval-median over central, direct_co2_kg, CAPPED_82_MY2032_3, 2075",x,1.2421461562102591,,,,,QUOTE_EXACT,median across the 3 entries of the group whose central is not exactly zero  [read back from median_p50_over_central_v33_j2000.csv]
each entry's real deployment scale,"median interval-median over central, direct_co2_kg, ADOPTING_13, 2050",x,2.1353192562902903,,,,,QUOTE_EXACT,median across the 13 entries of the group whose central is not exactly zero  [read back from median_p50_over_central_v33_j2000.csv]
each entry's real deployment scale,"median interval-median over central, direct_co2_kg, ADOPTING_13, 2075",x,107.05243482760211,,,,,QUOTE_EXACT,median across the 13 entries of the group whose central is not exactly zero  [read back from median_p50_over_central_v33_j2000.csv]
each entry's real deployment scale,"median interval-median over central, direct_co2_kg, NO_VEHICLE_RULE_38, 2050",x,0.9694564111909758,,,,,QUOTE_EXACT,median across the 38 entries of the group whose central is not exactly zero  [read back from median_p50_over_central_v33_j2000.csv]
each entry's real deployment scale,"median interval-median over central, direct_co2_kg, NO_VEHICLE_RULE_38, 2075",x,0.9686861979046317,,,,,QUOTE_EXACT,median across the 38 entries of the group whose central is not exactly zero  [read back from median_p50_over_central_v33_j2000.csv]
each entry's real deployment scale,"median interval-median over central, direct_co2_kg, ALL_51, 2050",x,0.9726277937377722,,,,,QUOTE_EXACT,median across the 51 entries of the group whose central is not exactly zero  [read back from median_p50_over_central_v33_j2000.csv]
each entry's real deployment scale,"median interval-median over central, direct_co2_kg, ALL_51, 2075",x,0.9716200937344747,,,,,QUOTE_EXACT,median across the 51 entries of the group whose central is not exactly zero  [read back from median_p50_over_central_v33_j2000.csv]
each entry's real deployment scale,"median interval-median over central, grid_intensity_kg_per_kwh, FULL_SCHEDULE_10, 2050",x,0.9996723132273598,,,,,QUOTE_EXACT,median across the 3 entries of the group whose central is not exactly zero  [read back from median_p50_over_central_v33_j2000.csv]
each entry's real deployment scale,"median interval-median over central, grid_intensity_kg_per_kwh, FULL_SCHEDULE_10, 2075",x,0.9996723132273598,,,,,QUOTE_EXACT,median across the 3 entries of the group whose central is not exactly zero  [read back from median_p50_over_central_v33_j2000.csv]
each entry's real deployment scale,"median interval-median over central, grid_intensity_kg_per_kwh, CAPPED_82_MY2032_3, 2050",x,0.9996723132273598,,,,,QUOTE_EXACT,median across the 1 entries of the group whose central is not exactly zero  [read back from median_p50_over_central_v33_j2000.csv]
each entry's real deployment scale,"median interval-median over central, grid_intensity_kg_per_kwh, CAPPED_82_MY2032_3, 2075",x,0.9996723132273598,,,,,QUOTE_EXACT,median across the 1 entries of the group whose central is not exactly zero  [read back from median_p50_over_central_v33_j2000.csv]
each entry's real deployment scale,"median interval-median over central, grid_intensity_kg_per_kwh, ADOPTING_13, 2050",x,0.9996723132273598,,,,,QUOTE_EXACT,median across the 4 entries of the group whose central is not exactly zero  [read back from median_p50_over_central_v33_j2000.csv]
each entry's real deployment scale,"median interval-median over central, grid_intensity_kg_per_kwh, ADOPTING_13, 2075",x,0.9996723132273598,,,,,QUOTE_EXACT,median across the 4 entries of the group whose central is not exactly zero  [read back from median_p50_over_central_v33_j2000.csv]
each entry's real deployment scale,"median interval-median over central, grid_intensity_kg_per_kwh, NO_VEHICLE_RULE_38, 2050",x,1.0204314935428571,,,,,QUOTE_EXACT,median across the 30 entries of the group whose central is not exactly zero  [read back from median_p50_over_central_v33_j2000.csv]
each entry's real deployment scale,"median interval-median over central, grid_intensity_kg_per_kwh, NO_VEHICLE_RULE_38, 2075",x,0.9996723132273597,,,,,QUOTE_EXACT,median across the 30 entries of the group whose central is not exactly zero  [read back from median_p50_over_central_v33_j2000.csv]
each entry's real deployment scale,"median interval-median over central, grid_intensity_kg_per_kwh, ALL_51, 2050",x,1.011754725433311,,,,,QUOTE_EXACT,median across the 34 entries of the group whose central is not exactly zero  [read back from median_p50_over_central_v33_j2000.csv]
each entry's real deployment scale,"median interval-median over central, grid_intensity_kg_per_kwh, ALL_51, 2075",x,0.9996723132273598,,,,,QUOTE_EXACT,median across the 34 entries of the group whose central is not exactly zero  [read back from median_p50_over_central_v33_j2000.csv]
the named lines beside the interval,"named line CENTRAL_ALTTRNP, energy_kwh_eq, 2075, national",kWh equivalent,20651682659.419357,,,,,QUOTE_EXACT,"THE CENTRAL LINE, THE POLICY STATE AND THE COEFFICIENT THE INTERVAL IS CONDITIONAL ON  [read back from named_lines_v33_j2000.csv]"
the named lines beside the interval,"named line CENTRAL_ALTTRNP, energy_kwh_eq, 2075, over the central line",x,1.0,,,,,QUOTE_EXACT,the central line  [read back from named_lines_v33_j2000.csv]
the named lines beside the interval,"named line CENTRAL_ALTTRNP, direct_co2_kg, 2075, national",kg,4547815870.400437,,,,,QUOTE_EXACT,"THE CENTRAL LINE, THE POLICY STATE AND THE COEFFICIENT THE INTERVAL IS CONDITIONAL ON  [read back from named_lines_v33_j2000.csv]"
the named lines beside the interval,"named line CENTRAL_ALTTRNP, direct_co2_kg, 2075, over the central line",x,1.0,,,,,QUOTE_EXACT,the central line  [read back from named_lines_v33_j2000.csv]
the named lines beside the interval,"named line CENTRAL_ALTTRNP, grid_intensity_kg_per_kwh, 2075, national",kg a kWh,0.06111302355362525,,,,,QUOTE_EXACT,"THE CENTRAL LINE, THE POLICY STATE AND THE COEFFICIENT THE INTERVAL IS CONDITIONAL ON  [read back from named_lines_v33_j2000.csv]"
the named lines beside the interval,"named line CENTRAL_ALTTRNP, grid_intensity_kg_per_kwh, 2075, over the central line",x,1.0,,,,,QUOTE_EXACT,the central line  [read back from named_lines_v33_j2000.csv]
the named lines beside the interval,"named line NAMED_LINE_CB2026, energy_kwh_eq, 2075, national",kWh equivalent,13689455648.337181,,,,,QUOTE_EXACT,"A NAMED LINE, NOT MASS IN THE INTERVAL: this published market case is reported beside the interval and carries none of its weight  [read back from named_lines_v33_j2000.csv]"
the named lines beside the interval,"named line NAMED_LINE_CB2026, energy_kwh_eq, 2075, over the central line",x,0.6628736202322641,,,,,QUOTE_EXACT,carries NONE of the interval's weight  [read back from named_lines_v33_j2000.csv]
the named lines beside the interval,"named line NAMED_LINE_CB2026, direct_co2_kg, 2075, national",kg,2395934390.8747106,,,,,QUOTE_EXACT,"A NAMED LINE, NOT MASS IN THE INTERVAL: this published market case is reported beside the interval and carries none of its weight  [read back from named_lines_v33_j2000.csv]"
the named lines beside the interval,"named line NAMED_LINE_CB2026, direct_co2_kg, 2075, over the central line",x,0.5268318813144357,,,,,QUOTE_EXACT,carries NONE of the interval's weight  [read back from named_lines_v33_j2000.csv]
the named lines beside the interval,"named line NAMED_LINE_CB2026, grid_intensity_kg_per_kwh, 2075, national",kg a kWh,0.07842102411361514,,,,,QUOTE_EXACT,"A NAMED LINE, NOT MASS IN THE INTERVAL: this published market case is reported beside the interval and carries none of its weight  [read back from named_lines_v33_j2000.csv]"
the named lines beside the interval,"named line NAMED_LINE_CB2026, grid_intensity_kg_per_kwh, 2075, over the central line",x,1.2832129643332493,,,,,QUOTE_EXACT,carries NONE of the interval's weight  [read back from named_lines_v33_j2000.csv]
the named lines beside the interval,"named line NAMED_LINE_ELECTRNP, energy_kwh_eq, 2075, national",kWh equivalent,20619225466.40703,,,,,QUOTE_EXACT,"A NAMED LINE, NOT MASS IN THE INTERVAL: this published market case is reported beside the interval and carries none of its weight  [read back from named_lines_v33_j2000.csv]"
the named lines beside the interval,"named line NAMED_LINE_ELECTRNP, energy_kwh_eq, 2075, over the central line",x,0.9984283511640382,,,,,QUOTE_EXACT,carries NONE of the interval's weight  [read back from named_lines_v33_j2000.csv]
the named lines beside the interval,"named line NAMED_LINE_ELECTRNP, direct_co2_kg, 2075, national",kg,4537784018.1771,,,,,QUOTE_EXACT,"A NAMED LINE, NOT MASS IN THE INTERVAL: this published market case is reported beside the interval and carries none of its weight  [read back from named_lines_v33_j2000.csv]"
the named lines beside the interval,"named line NAMED_LINE_ELECTRNP, direct_co2_kg, 2075, over the central line",x,0.9977941384371717,,,,,QUOTE_EXACT,carries NONE of the interval's weight  [read back from named_lines_v33_j2000.csv]
the named lines beside the interval,"named line NAMED_LINE_ELECTRNP, grid_intensity_kg_per_kwh, 2075, national",kg a kWh,0.061232009970650605,,,,,QUOTE_EXACT,"A NAMED LINE, NOT MASS IN THE INTERVAL: this published market case is reported beside the interval and carries none of its weight  [read back from named_lines_v33_j2000.csv]"
the named lines beside the interval,"named line NAMED_LINE_ELECTRNP, grid_intensity_kg_per_kwh, 2075, over the central line",x,1.001946989530324,,,,,QUOTE_EXACT,carries NONE of the interval's weight  [read back from named_lines_v33_j2000.csv]
the named lines beside the interval,"named line NAMED_LINE_ETA_HIGH_BRANCH_0p2744, energy_kwh_eq, 2075, national",kWh equivalent,16845389167.193274,,,,,QUOTE_EXACT,"A NAMED LINE, NOT MASS IN THE INTERVAL: this registered branch of the conversion coefficient is an ENDPOINT of the support the interval samples -- a triangular density is zero there, so no draw sits on it -- and it is delivered here as its own full product at exactly that value  [read back from named_lines_v33_j2000.csv]"
the named lines beside the interval,"named line NAMED_LINE_ETA_HIGH_BRANCH_0p2744, energy_kwh_eq, 2075, over the central line",x,0.8156908783173651,,,,,QUOTE_EXACT,carries NONE of the interval's weight  [read back from named_lines_v33_j2000.csv]
the named lines beside the interval,"named line NAMED_LINE_ETA_HIGH_BRANCH_0p2744, direct_co2_kg, 2075, national",kg,3544061263.1181483,,,,,QUOTE_EXACT,"A NAMED LINE, NOT MASS IN THE INTERVAL: this registered branch of the conversion coefficient is an ENDPOINT of the support the interval samples -- a triangular density is zero there, so no draw sits on it -- and it is delivered here as its own full product at exactly that value  [read back from named_lines_v33_j2000.csv]"
the named lines beside the interval,"named line NAMED_LINE_ETA_HIGH_BRANCH_0p2744, direct_co2_kg, 2075, over the central line",x,0.779288644068629,,,,,QUOTE_EXACT,carries NONE of the interval's weight  [read back from named_lines_v33_j2000.csv]
the named lines beside the interval,"named line NAMED_LINE_ETA_HIGH_BRANCH_0p2744, grid_intensity_kg_per_kwh, 2075, national",kg a kWh,0.06111302355362525,,,,,QUOTE_EXACT,"A NAMED LINE, NOT MASS IN THE INTERVAL: this registered branch of the conversion coefficient is an ENDPOINT of the support the interval samples -- a triangular density is zero there, so no draw sits on it -- and it is delivered here as its own full product at exactly that value  [read back from named_lines_v33_j2000.csv]"
the named lines beside the interval,"named line NAMED_LINE_ETA_HIGH_BRANCH_0p2744, grid_intensity_kg_per_kwh, 2075, over the central line",x,1.0,,,,,QUOTE_EXACT,carries NONE of the interval's weight  [read back from named_lines_v33_j2000.csv]
the named lines beside the interval,"named line NAMED_LINE_ETA_LOW_BRANCH_0p17, energy_kwh_eq, 2075, national",kWh equivalent,24467710917.610214,,,,,QUOTE_EXACT,"A NAMED LINE, NOT MASS IN THE INTERVAL: this registered branch of the conversion coefficient is an ENDPOINT of the support the interval samples -- a triangular density is zero there, so no draw sits on it -- and it is delivered here as its own full product at exactly that value  [read back from named_lines_v33_j2000.csv]"
the named lines beside the interval,"named line NAMED_LINE_ETA_LOW_BRANCH_0p17, energy_kwh_eq, 2075, over the central line",x,1.1847805005104677,,,,,QUOTE_EXACT,carries NONE of the interval's weight  [read back from named_lines_v33_j2000.csv]
the named lines beside the interval,"named line NAMED_LINE_ETA_LOW_BRANCH_0p17, direct_co2_kg, 2075, national",kg,5554137625.015932,,,,,QUOTE_EXACT,"A NAMED LINE, NOT MASS IN THE INTERVAL: this registered branch of the conversion coefficient is an ENDPOINT of the support the interval samples -- a triangular density is zero there, so no draw sits on it -- and it is delivered here as its own full product at exactly that value  [read back from named_lines_v33_j2000.csv]"
the named lines beside the interval,"named line NAMED_LINE_ETA_LOW_BRANCH_0p17, direct_co2_kg, 2075, over the central line",x,1.2212758351025517,,,,,QUOTE_EXACT,carries NONE of the interval's weight  [read back from named_lines_v33_j2000.csv]
the named lines beside the interval,"named line NAMED_LINE_ETA_LOW_BRANCH_0p17, grid_intensity_kg_per_kwh, 2075, national",kg a kWh,0.06111302355362525,,,,,QUOTE_EXACT,"A NAMED LINE, NOT MASS IN THE INTERVAL: this registered branch of the conversion coefficient is an ENDPOINT of the support the interval samples -- a triangular density is zero there, so no draw sits on it -- and it is delivered here as its own full product at exactly that value  [read back from named_lines_v33_j2000.csv]"
the named lines beside the interval,"named line NAMED_LINE_ETA_LOW_BRANCH_0p17, grid_intensity_kg_per_kwh, 2075, over the central line",x,1.0,,,,,QUOTE_EXACT,carries NONE of the interval's weight  [read back from named_lines_v33_j2000.csv]
the named lines beside the interval,"named line NAMED_LINE_DEPLOYMENT_SCALE_LOW_15PCT, energy_kwh_eq, 2075, national",kWh equivalent,10325841329.709679,,,,,QUOTE_EXACT,"A NAMED LINE, NOT MASS IN THE INTERVAL: the declared deployment scale, run through the model and gated against the central rescaled.  The scale is held at 0.30 in every draw of the interval  [read back from named_lines_v33_j2000.csv]"
the named lines beside the interval,"named line NAMED_LINE_DEPLOYMENT_SCALE_LOW_15PCT, energy_kwh_eq, 2075, over the central line",x,0.5,,,,,QUOTE_EXACT,carries NONE of the interval's weight  [read back from named_lines_v33_j2000.csv]
the named lines beside the interval,"named line NAMED_LINE_DEPLOYMENT_SCALE_LOW_15PCT, direct_co2_kg, 2075, national",kg,2273907935.2002187,,,,,QUOTE_EXACT,"A NAMED LINE, NOT MASS IN THE INTERVAL: the declared deployment scale, run through the model and gated against the central rescaled.  The scale is held at 0.30 in every draw of the interval  [read back from named_lines_v33_j2000.csv]"
the named lines beside the interval,"named line NAMED_LINE_DEPLOYMENT_SCALE_LOW_15PCT, direct_co2_kg, 2075, over the central line",x,0.5,,,,,QUOTE_EXACT,carries NONE of the interval's weight  [read back from named_lines_v33_j2000.csv]
the named lines beside the interval,"named line NAMED_LINE_DEPLOYMENT_SCALE_LOW_15PCT, grid_intensity_kg_per_kwh, 2075, national",kg a kWh,0.06111302355362525,,,,,QUOTE_EXACT,"A NAMED LINE, NOT MASS IN THE INTERVAL: the declared deployment scale, run through the model and gated against the central rescaled.  The scale is held at 0.30 in every draw of the interval  [read back from named_lines_v33_j2000.csv]"
the named lines beside the interval,"named line NAMED_LINE_DEPLOYMENT_SCALE_LOW_15PCT, grid_intensity_kg_per_kwh, 2075, over the central line",x,1.0,,,,,QUOTE_EXACT,carries NONE of the interval's weight  [read back from named_lines_v33_j2000.csv]
the named lines beside the interval,"named line NAMED_LINE_DEPLOYMENT_SCALE_HIGH_45PCT, energy_kwh_eq, 2075, national",kWh equivalent,30977523989.129047,,,,,QUOTE_EXACT,"A NAMED LINE, NOT MASS IN THE INTERVAL: the declared deployment scale, run through the model and gated against the central rescaled.  The scale is held at 0.30 in every draw of the interval  [read back from named_lines_v33_j2000.csv]"
the named lines beside the interval,"named line NAMED_LINE_DEPLOYMENT_SCALE_HIGH_45PCT, energy_kwh_eq, 2075, over the central line",x,1.5000000000000004,,,,,QUOTE_EXACT,carries NONE of the interval's weight  [read back from named_lines_v33_j2000.csv]
the named lines beside the interval,"named line NAMED_LINE_DEPLOYMENT_SCALE_HIGH_45PCT, direct_co2_kg, 2075, national",kg,6821723805.600658,,,,,QUOTE_EXACT,"A NAMED LINE, NOT MASS IN THE INTERVAL: the declared deployment scale, run through the model and gated against the central rescaled.  The scale is held at 0.30 in every draw of the interval  [read back from named_lines_v33_j2000.csv]"
the named lines beside the interval,"named line NAMED_LINE_DEPLOYMENT_SCALE_HIGH_45PCT, direct_co2_kg, 2075, over the central line",x,1.5000000000000004,,,,,QUOTE_EXACT,carries NONE of the interval's weight  [read back from named_lines_v33_j2000.csv]
the named lines beside the interval,"named line NAMED_LINE_DEPLOYMENT_SCALE_HIGH_45PCT, grid_intensity_kg_per_kwh, 2075, national",kg a kWh,0.06111302355362521,,,,,QUOTE_EXACT,"A NAMED LINE, NOT MASS IN THE INTERVAL: the declared deployment scale, run through the model and gated against the central rescaled.  The scale is held at 0.30 in every draw of the interval  [read back from named_lines_v33_j2000.csv]"
the named lines beside the interval,"named line NAMED_LINE_DEPLOYMENT_SCALE_HIGH_45PCT, grid_intensity_kg_per_kwh, 2075, over the central line",x,0.9999999999999993,,,,,QUOTE_EXACT,carries NONE of the interval's weight  [read back from named_lines_v33_j2000.csv]
the named lines beside the interval,"named line NAMED_LINE_POST_2050_TREND_CONTINUATION_ELECTRICITY_AXIS, energy_kwh_eq, 2075, national",kWh equivalent,20651682659.419357,,,,,QUOTE_EXACT,"A NAMED LINE, NOT MASS IN THE INTERVAL: the post-2050 linear trend continuation of the electricity axis, which ruling D6 retires from the central and keeps as a bound.  It extrapolates each source own 2045-to-2050 slope for twenty-five years and clips at one  [read back from named_lines_v33_j2000.csv]"
the named lines beside the interval,"named line NAMED_LINE_POST_2050_TREND_CONTINUATION_ELECTRICITY_AXIS, energy_kwh_eq, 2075, over the central line",x,1.0,,,,,QUOTE_EXACT,carries NONE of the interval's weight  [read back from named_lines_v33_j2000.csv]
the named lines beside the interval,"named line NAMED_LINE_POST_2050_TREND_CONTINUATION_ELECTRICITY_AXIS, direct_co2_kg, 2075, national",kg,4549616109.606667,,,,,QUOTE_EXACT,"A NAMED LINE, NOT MASS IN THE INTERVAL: the post-2050 linear trend continuation of the electricity axis, which ruling D6 retires from the central and keeps as a bound.  It extrapolates each source own 2045-to-2050 slope for twenty-five years and clips at one  [read back from named_lines_v33_j2000.csv]"
the named lines beside the interval,"named line NAMED_LINE_POST_2050_TREND_CONTINUATION_ELECTRICITY_AXIS, direct_co2_kg, 2075, over the central line",x,1.0003958469862304,,,,,QUOTE_EXACT,carries NONE of the interval's weight  [read back from named_lines_v33_j2000.csv]
the named lines beside the interval,"named line NAMED_LINE_POST_2050_TREND_CONTINUATION_ELECTRICITY_AXIS, grid_intensity_kg_per_kwh, 2075, national",kg a kWh,0.06151907155249949,,,,,QUOTE_EXACT,"A NAMED LINE, NOT MASS IN THE INTERVAL: the post-2050 linear trend continuation of the electricity axis, which ruling D6 retires from the central and keeps as a bound.  It extrapolates each source own 2045-to-2050 slope for twenty-five years and clips at one  [read back from named_lines_v33_j2000.csv]"
the named lines beside the interval,"named line NAMED_LINE_POST_2050_TREND_CONTINUATION_ELECTRICITY_AXIS, grid_intensity_kg_per_kwh, 2075, over the central line",x,1.006644213872317,,,,,QUOTE_EXACT,carries NONE of the interval's weight  [read back from named_lines_v33_j2000.csv]
the named lines beside the interval,"named line NAMED_LINE_POST_2050_FROZEN_CONTINUATION_ELECTRICITY_AXIS, energy_kwh_eq, 2075, national",kWh equivalent,20651682659.419357,,,,,QUOTE_EXACT,"A NAMED LINE, NOT MASS IN THE INTERVAL: the post-2050 held continuation of the electricity axis, which ruling D6 retires from the central and keeps as the other bound.  It holds each entry own 2050 published value from 2051 to 2075, with the enacted statutory floors still applied on top  [read back from named_lines_v33_j2000.csv]"
the named lines beside the interval,"named line NAMED_LINE_POST_2050_FROZEN_CONTINUATION_ELECTRICITY_AXIS, energy_kwh_eq, 2075, over the central line",x,1.0,,,,,QUOTE_EXACT,carries NONE of the interval's weight  [read back from named_lines_v33_j2000.csv]
the named lines beside the interval,"named line NAMED_LINE_POST_2050_FROZEN_CONTINUATION_ELECTRICITY_AXIS, direct_co2_kg, 2075, national",kg,4584812844.919732,,,,,QUOTE_EXACT,"A NAMED LINE, NOT MASS IN THE INTERVAL: the post-2050 held continuation of the electricity axis, which ruling D6 retires from the central and keeps as the other bound.  It holds each entry own 2050 published value from 2051 to 2075, with the enacted statutory floors still applied on top  [read back from named_lines_v33_j2000.csv]"
the named lines beside the interval,"named line NAMED_LINE_POST_2050_FROZEN_CONTINUATION_ELECTRICITY_AXIS, direct_co2_kg, 2075, over the central line",x,1.0081351082747414,,,,,QUOTE_EXACT,carries NONE of the interval's weight  [read back from named_lines_v33_j2000.csv]
the named lines beside the interval,"named line NAMED_LINE_POST_2050_FROZEN_CONTINUATION_ELECTRICITY_AXIS, grid_intensity_kg_per_kwh, 2075, national",kg a kWh,0.06945777430452073,,,,,QUOTE_EXACT,"A NAMED LINE, NOT MASS IN THE INTERVAL: the post-2050 held continuation of the electricity axis, which ruling D6 retires from the central and keeps as the other bound.  It holds each entry own 2050 published value from 2051 to 2075, with the enacted statutory floors still applied on top  [read back from named_lines_v33_j2000.csv]"
the named lines beside the interval,"named line NAMED_LINE_POST_2050_FROZEN_CONTINUATION_ELECTRICITY_AXIS, grid_intensity_kg_per_kwh, 2075, over the central line",x,1.1365461936860832,,,,,QUOTE_EXACT,carries NONE of the interval's weight  [read back from named_lines_v33_j2000.csv]
the named lines beside the interval,"named line NAMED_LINE_POST_2050_TREND_CONTINUATION_VEHICLE_AXIS, energy_kwh_eq, 2075, national",kWh equivalent,20457491464.464718,,,,,QUOTE_EXACT,"A NAMED LINE, NOT MASS IN THE INTERVAL: the post-2050 linear trend continuation of the VEHICLE axis, the same bound on the other axis.  It moves the mix of carriers, so it moves the kilowatt hours as well as the carbon  [read back from named_lines_v33_j2000.csv]"
the named lines beside the interval,"named line NAMED_LINE_POST_2050_TREND_CONTINUATION_VEHICLE_AXIS, energy_kwh_eq, 2075, over the central line",x,0.9905968342552433,,,,,QUOTE_EXACT,carries NONE of the interval's weight  [read back from named_lines_v33_j2000.csv]
the named lines beside the interval,"named line NAMED_LINE_POST_2050_TREND_CONTINUATION_VEHICLE_AXIS, direct_co2_kg, 2075, national",kg,4487795357.5322695,,,,,QUOTE_EXACT,"A NAMED LINE, NOT MASS IN THE INTERVAL: the post-2050 linear trend continuation of the VEHICLE axis, the same bound on the other axis.  It moves the mix of carriers, so it moves the kilowatt hours as well as the carbon  [read back from named_lines_v33_j2000.csv]"
the named lines beside the interval,"named line NAMED_LINE_POST_2050_TREND_CONTINUATION_VEHICLE_AXIS, direct_co2_kg, 2075, over the central line",x,0.986802343239353,,,,,QUOTE_EXACT,carries NONE of the interval's weight  [read back from named_lines_v33_j2000.csv]
the named lines beside the interval,"named line NAMED_LINE_POST_2050_TREND_CONTINUATION_VEHICLE_AXIS, grid_intensity_kg_per_kwh, 2075, national",kg a kWh,0.06181711878578505,,,,,QUOTE_EXACT,"A NAMED LINE, NOT MASS IN THE INTERVAL: the post-2050 linear trend continuation of the VEHICLE axis, the same bound on the other axis.  It moves the mix of carriers, so it moves the kilowatt hours as well as the carbon  [read back from named_lines_v33_j2000.csv]"
the named lines beside the interval,"named line NAMED_LINE_POST_2050_TREND_CONTINUATION_VEHICLE_AXIS, grid_intensity_kg_per_kwh, 2075, over the central line",x,1.011521197794149,,,,,QUOTE_EXACT,carries NONE of the interval's weight  [read back from named_lines_v33_j2000.csv]
the named lines beside the interval,"named line NAMED_LINE_POST_2050_FROZEN_CONTINUATION_VEHICLE_AXIS, energy_kwh_eq, 2075, national",kWh equivalent,22824105436.88318,,,,,QUOTE_EXACT,"A NAMED LINE, NOT MASS IN THE INTERVAL: the post-2050 held continuation of the VEHICLE axis, the other bound on that axis.  It holds the published source own 2050 value from 2051 to 2075  [read back from named_lines_v33_j2000.csv]"
the named lines beside the interval,"named line NAMED_LINE_POST_2050_FROZEN_CONTINUATION_VEHICLE_AXIS, energy_kwh_eq, 2075, over the central line",x,1.1051934998852486,,,,,QUOTE_EXACT,carries NONE of the interval's weight  [read back from named_lines_v33_j2000.csv]
the named lines beside the interval,"named line NAMED_LINE_POST_2050_FROZEN_CONTINUATION_VEHICLE_AXIS, direct_co2_kg, 2075, national",kg,5219267165.091344,,,,,QUOTE_EXACT,"A NAMED LINE, NOT MASS IN THE INTERVAL: the post-2050 held continuation of the VEHICLE axis, the other bound on that axis.  It holds the published source own 2050 value from 2051 to 2075  [read back from named_lines_v33_j2000.csv]"
the named lines beside the interval,"named line NAMED_LINE_POST_2050_FROZEN_CONTINUATION_VEHICLE_AXIS, direct_co2_kg, 2075, over the central line",x,1.1476425857654138,,,,,QUOTE_EXACT,carries NONE of the interval's weight  [read back from named_lines_v33_j2000.csv]
the named lines beside the interval,"named line NAMED_LINE_POST_2050_FROZEN_CONTINUATION_VEHICLE_AXIS, grid_intensity_kg_per_kwh, 2075, national",kg a kWh,0.051732360292917785,,,,,QUOTE_EXACT,"A NAMED LINE, NOT MASS IN THE INTERVAL: the post-2050 held continuation of the VEHICLE axis, the other bound on that axis.  It holds the published source own 2050 value from 2051 to 2075  [read back from named_lines_v33_j2000.csv]"
the named lines beside the interval,"named line NAMED_LINE_POST_2050_FROZEN_CONTINUATION_VEHICLE_AXIS, grid_intensity_kg_per_kwh, 2075, over the central line",x,0.8465030411647666,,,,,QUOTE_EXACT,carries NONE of the interval's weight  [read back from named_lines_v33_j2000.csv]
the named lines beside the interval,"named line NAMED_LINE_ENFORCEABLE_STANDARD_READING_OF_THE_STATUTORY_FLOOR, energy_kwh_eq, 2075, national",kWh equivalent,20651682659.419357,,,,,QUOTE_EXACT,"A NAMED LINE, NOT MASS IN THE INTERVAL: the enforceable-standard reading of the statutory floor, in which a floor is applied only where a statute is enforceable against a retail seller.  Ruling D5 delivers the statutory-targets-honoured reading as the central and keeps this one as a line and never as width; neither reading may be quoted without naming which one it is  [read back from named_lines_v33_j2000.csv]"
the named lines beside the interval,"named line NAMED_LINE_ENFORCEABLE_STANDARD_READING_OF_THE_STATUTORY_FLOOR, energy_kwh_eq, 2075, over the central line",x,1.0,,,,,QUOTE_EXACT,carries NONE of the interval's weight  [read back from named_lines_v33_j2000.csv]
the named lines beside the interval,"named line NAMED_LINE_ENFORCEABLE_STANDARD_READING_OF_THE_STATUTORY_FLOOR, direct_co2_kg, 2075, national",kg,4657034966.946878,,,,,QUOTE_EXACT,"A NAMED LINE, NOT MASS IN THE INTERVAL: the enforceable-standard reading of the statutory floor, in which a floor is applied only where a statute is enforceable against a retail seller.  Ruling D5 delivers the statutory-targets-honoured reading as the central and keeps this one as a line and never as width; neither reading may be quoted without naming which one it is  [read back from named_lines_v33_j2000.csv]"
the named lines beside the interval,"named line NAMED_LINE_ENFORCEABLE_STANDARD_READING_OF_THE_STATUTORY_FLOOR, direct_co2_kg, 2075, over the central line",x,1.0240157252753561,,,,,QUOTE_EXACT,carries NONE of the interval's weight  [read back from named_lines_v33_j2000.csv]
the named lines beside the interval,"named line NAMED_LINE_ENFORCEABLE_STANDARD_READING_OF_THE_STATUTORY_FLOOR, grid_intensity_kg_per_kwh, 2075, national",kg a kWh,0.08574763624182552,,,,,QUOTE_EXACT,"A NAMED LINE, NOT MASS IN THE INTERVAL: the enforceable-standard reading of the statutory floor, in which a floor is applied only where a statute is enforceable against a retail seller.  Ruling D5 delivers the statutory-targets-honoured reading as the central and keeps this one as a line and never as width; neither reading may be quoted without naming which one it is  [read back from named_lines_v33_j2000.csv]"
the named lines beside the interval,"named line NAMED_LINE_ENFORCEABLE_STANDARD_READING_OF_THE_STATUTORY_FLOOR, grid_intensity_kg_per_kwh, 2075, over the central line",x,1.4030992291943136,,,,,QUOTE_EXACT,carries NONE of the interval's weight  [read back from named_lines_v33_j2000.csv]
the named lines beside the interval,"named line NAMED_LINE_MEASURED_LOAD_ANCHOR, energy_kwh_eq, 2075, national",W,11962064091.377369,,,,,QUOTE_EXACT,"A NAMED LINE, NOT MASS IN THE INTERVAL: the delivered central with the vehicle automation load scaled to the one paired dynamometer measurement in the build's own precedent table.  The vehicle load model is not drawn anywhere in this interval, and this line is what a reader gets by standing on the low anchor instead  [read back from named_lines_v33_j2000.csv]"
the named lines beside the interval,"named line NAMED_LINE_MEASURED_LOAD_ANCHOR, energy_kwh_eq, 2075, over the central line",x,0.5792295130935202,,,,,QUOTE_EXACT,carries NONE of the interval's weight  [read back from named_lines_v33_j2000.csv]
the named lines beside the interval,"named line NAMED_LINE_MEASURED_LOAD_ANCHOR, direct_co2_kg, 2075, national",W,2623079451.4422536,,,,,QUOTE_EXACT,"A NAMED LINE, NOT MASS IN THE INTERVAL: the delivered central with the vehicle automation load scaled to the one paired dynamometer measurement in the build's own precedent table.  The vehicle load model is not drawn anywhere in this interval, and this line is what a reader gets by standing on the low anchor instead  [read back from named_lines_v33_j2000.csv]"
the named lines beside the interval,"named line NAMED_LINE_MEASURED_LOAD_ANCHOR, direct_co2_kg, 2075, over the central line",x,0.5767778481346674,,,,,QUOTE_EXACT,carries NONE of the interval's weight  [read back from named_lines_v33_j2000.csv]
the named lines beside the interval,"named line NAMED_LINE_MEASURED_LOAD_ANCHOR, grid_intensity_kg_per_kwh, 2075, national",W,0.06185187349446964,,,,,QUOTE_EXACT,"A NAMED LINE, NOT MASS IN THE INTERVAL: the delivered central with the vehicle automation load scaled to the one paired dynamometer measurement in the build's own precedent table.  The vehicle load model is not drawn anywhere in this interval, and this line is what a reader gets by standing on the low anchor instead  [read back from named_lines_v33_j2000.csv]"
the named lines beside the interval,"named line NAMED_LINE_MEASURED_LOAD_ANCHOR, grid_intensity_kg_per_kwh, 2075, over the central line",x,1.0120898934119347,,,,,QUOTE_EXACT,carries NONE of the interval's weight  [read back from named_lines_v33_j2000.csv]
the gates and the parity certificate,"containment diagnostic, energy_kwh_eq",kWh equivalent,2601 of 2601,,,,,QUOTE_EXACT,"DIAGNOSTIC_NOT_A_VALIDATION -- the draws are centred on the central, so containment of the central by its own draws is close to a tautology; it is reported because a reader who does not see it will ask, and it establishes nothing about calibration  [read back from containment_diagnostic_v33_j2000.csv]"
the gates and the parity certificate,"containment diagnostic, direct_co2_kg",kg,2601 of 2601,,,,,QUOTE_EXACT,"DIAGNOSTIC_NOT_A_VALIDATION -- the draws are centred on the central, so containment of the central by its own draws is close to a tautology; it is reported because a reader who does not see it will ask, and it establishes nothing about calibration  [read back from containment_diagnostic_v33_j2000.csv]"
the gates and the parity certificate,"containment diagnostic, grid_intensity_kg_per_kwh",kg a kWh,2601 of 2601,,,,,QUOTE_EXACT,"DIAGNOSTIC_NOT_A_VALIDATION -- the draws are centred on the central, so containment of the central by its own draws is close to a tautology; it is reported because a reader who does not see it will ask, and it establishes nothing about calibration  [read back from containment_diagnostic_v33_j2000.csv]"
the survival-shape axis,"survival shape MOVES5_PASSENGER_CAR, cumulative survival to age 12",share,0.787632646885541,,,,,QUOTE_EXACT,one of the three equally weighted members of the shape family  [read back from inputs/SURVIVAL_MEMBERS_V33_REPORT.json]
the survival-shape axis,"survival shape MOVES5_PASSENGER_CAR, cumulative survival to age 15",share,0.5103871649855762,,,,,QUOTE_EXACT,one of the three equally weighted members of the shape family  [read back from inputs/SURVIVAL_MEMBERS_V33_REPORT.json]
the survival-shape axis,"survival shape MOVES5_PASSENGER_CAR, cumulative survival to age 20",share,0.15691575821433515,,,,,QUOTE_EXACT,one of the three equally weighted members of the shape family  [read back from inputs/SURVIVAL_MEMBERS_V33_REPORT.json]
the survival-shape axis,"survival shape MOVES5_PASSENGER_CAR, cumulative survival to age 30",share,0.009682001865164712,,,,,QUOTE_EXACT,one of the three equally weighted members of the shape family  [read back from inputs/SURVIVAL_MEMBERS_V33_REPORT.json]
the survival-shape axis,"survival shape MOVES5_PASSENGER_CAR, median service age",years,"[15, 16]",,,,,QUOTE_EXACT,the ages between which cumulative survival crosses one half  [read back from inputs/SURVIVAL_MEMBERS_V33_REPORT.json]
the survival-shape axis,"survival shape MOVES5_LIGHT_DUTY_TRUCK, cumulative survival to age 12",share,0.696765949899018,,,,,QUOTE_EXACT,one of the three equally weighted members of the shape family  [read back from inputs/SURVIVAL_MEMBERS_V33_REPORT.json]
the survival-shape axis,"survival shape MOVES5_LIGHT_DUTY_TRUCK, cumulative survival to age 15",share,0.552567097636812,,,,,QUOTE_EXACT,one of the three equally weighted members of the shape family  [read back from inputs/SURVIVAL_MEMBERS_V33_REPORT.json]
the survival-shape axis,"survival shape MOVES5_LIGHT_DUTY_TRUCK, cumulative survival to age 20",share,0.3240784699779993,,,,,QUOTE_EXACT,one of the three equally weighted members of the shape family  [read back from inputs/SURVIVAL_MEMBERS_V33_REPORT.json]
the survival-shape axis,"survival shape MOVES5_LIGHT_DUTY_TRUCK, cumulative survival to age 30",share,0.08891706012567521,,,,,QUOTE_EXACT,one of the three equally weighted members of the shape family  [read back from inputs/SURVIVAL_MEMBERS_V33_REPORT.json]
the survival-shape axis,"survival shape MOVES5_LIGHT_DUTY_TRUCK, median service age",years,"[16, 17]",,,,,QUOTE_EXACT,the ages between which cumulative survival crosses one half  [read back from inputs/SURVIVAL_MEMBERS_V33_REPORT.json]
the survival-shape axis,"survival shape NHTSA_2006_PASSENGER_CAR, cumulative survival to age 12",share,0.6124850058425927,,,,,QUOTE_EXACT,one of the three equally weighted members of the shape family  [read back from inputs/SURVIVAL_MEMBERS_V33_REPORT.json]
the survival-shape axis,"survival shape NHTSA_2006_PASSENGER_CAR, cumulative survival to age 15",share,0.33080770717004604,,,,,QUOTE_EXACT,one of the three equally weighted members of the shape family  [read back from inputs/SURVIVAL_MEMBERS_V33_REPORT.json]
the survival-shape axis,"survival shape NHTSA_2006_PASSENGER_CAR, cumulative survival to age 20",share,0.09155055715933225,,,,,QUOTE_EXACT,one of the three equally weighted members of the shape family  [read back from inputs/SURVIVAL_MEMBERS_V33_REPORT.json]
the survival-shape axis,"survival shape NHTSA_2006_PASSENGER_CAR, cumulative survival to age 30",share,0.005471066059283714,,,,,QUOTE_EXACT,one of the three equally weighted members of the shape family  [read back from inputs/SURVIVAL_MEMBERS_V33_REPORT.json]
the survival-shape axis,"survival shape NHTSA_2006_PASSENGER_CAR, median service age",years,"[13, 14]",,,,,QUOTE_EXACT,the ages between which cumulative survival crosses one half  [read back from inputs/SURVIVAL_MEMBERS_V33_REPORT.json]
the survival-shape axis,"survival shape, spread in cumulative survival to age 12",share,0.17514764104294833,,,,,QUOTE_EXACT,largest member minus smallest  [read back from inputs/SURVIVAL_MEMBERS_V33_REPORT.json]
the survival-shape axis,"survival shape, NHTSA 2006 source document sha256",,19f51e776b5919041530aa95575dd8639103429d7887ba2aedfa22aa551f580b,,,,,QUOTE_EXACT,fetched first-hand from https://crashstats.nhtsa.dot.gov/Api/Public/ViewPublication/809952 on 2026-09-06; it was NOT in the frozen configuration and NOT in the pipeline  [read back from inputs/SURVIVAL_MEMBERS_V33_REPORT.json]
the survival-shape axis,"survival shape, the regression reproduces the printed estimated column",count,0,,,,,EXACT_COUNT,mismatches at the printed precision over ages 1 to 25; asserted zero  [read back from inputs/SURVIVAL_MEMBERS_V33_REPORT.json]
the electricity axis under the asymptotic continuation,"electricity members, median spread across entries at 2030",share,0.14475678657758495,,,,,QUOTE_EXACT,"largest member minus smallest, in share of clean electricity  [read back from inputs/GRID_MEMBERS_V33_REPORT.json]"
the electricity axis under the asymptotic continuation,"electricity members, median spread across entries at 2050",share,0.11944014627054833,,,,,QUOTE_EXACT,"largest member minus smallest, in share of clean electricity  [read back from inputs/GRID_MEMBERS_V33_REPORT.json]"
the electricity axis under the asymptotic continuation,"electricity members, median spread across entries at 2075",share,0.1361394424183966,,,,,QUOTE_EXACT,"largest member minus smallest, in share of clean electricity  [read back from inputs/GRID_MEMBERS_V33_REPORT.json]"
the survival-shape axis,"survival-shape draw count, MOVES5_LIGHT_DUTY_TRUCK",draws,686,,,,,EXACT_COUNT,"of 2,000, equal weight one third  [read back from draws/stream_gates_v33.json]"
the survival-shape axis,"survival-shape draw count, MOVES5_PASSENGER_CAR",draws,679,,,,,EXACT_COUNT,"of 2,000, equal weight one third  [read back from draws/stream_gates_v33.json]"
the survival-shape axis,"survival-shape draw count, NHTSA_2006_PASSENGER_CAR",draws,635,,,,,EXACT_COUNT,"of 2,000, equal weight one third  [read back from draws/stream_gates_v33.json]"
the compliance-level axis,compliance-level draws at the statutory value,draws,1023,,,,,EXACT_COUNT,"of 2,000; the atom of mass one half at the value the statute prints  [read back from draws/stream_gates_v33.json]"
the gates and the parity certificate,"parity against the shipped v3.1c interval, worst maximum absolute deviation",absolute deviation,0.0,,,0.0,bitwise identity,QUOTE_EXACT,"the shipped v3.1c interval, recomputed through THIS build's harness at the frozen coefficient 0.2744, the twelve-year whole-cohort retirement rule and the drawn market case.  A deviation of exactly zero means the post-processing split at the carrier boundary, the survival argument added to the kernel call and the assembly rewrite changed no arithmetic on any channel this build does not deliberately move.  [read back from parity_vs_v31c_band_j31.json]"
each entry's real deployment scale,"entry-years with a central of exactly zero, real_energy_kwh_eq_V33_POLICY_CONDITIONAL",kWh equivalent,0,,,,,EXACT_COUNT,"a relative width is undefined at these cells and they are excluded from every median of a relative width, and counted  [read back from band_summary.json]"
each entry's real deployment scale,"entry-years with a central of exactly zero, real_energy_kwh_eq_V31C_REPRODUCED_PARITY_CERTIFICATE",kWh equivalent,0,,,,,EXACT_COUNT,"a relative width is undefined at these cells and they are excluded from every median of a relative width, and counted  [read back from band_summary.json]"
each entry's real deployment scale,"entry-years with a central of exactly zero, real_direct_co2_kg_V33_POLICY_CONDITIONAL",kg,0,,,,,EXACT_COUNT,"a relative width is undefined at these cells and they are excluded from every median of a relative width, and counted  [read back from band_summary.json]"
each entry's real deployment scale,"entry-years with a central of exactly zero, real_direct_co2_kg_V31C_REPRODUCED_PARITY_CERTIFICATE",kg,180,,,,,EXACT_COUNT,"a relative width is undefined at these cells and they are excluded from every median of a relative width, and counted  [read back from band_summary.json]"
each entry's real deployment scale,"entry-years with a central of exactly zero, real_grid_intensity_kg_per_kwh_V33_POLICY_CONDITIONAL",kg a kWh,572,,,,,EXACT_COUNT,"a relative width is undefined at these cells and they are excluded from every median of a relative width, and counted  [read back from band_summary.json]"
each entry's real deployment scale,"entry-years with a central of exactly zero, real_grid_intensity_kg_per_kwh_V31C_REPRODUCED_PARITY_CERTIFICATE",kg a kWh,507,,,,,EXACT_COUNT,"a relative width is undefined at these cells and they are excluded from every median of a relative width, and counted  [read back from band_summary.json]"
each entry's real deployment scale,"entry-years with a central of exactly zero, equal_energy_kwh_eq_V33_POLICY_CONDITIONAL",kWh equivalent,0,,,,,EXACT_COUNT,"a relative width is undefined at these cells and they are excluded from every median of a relative width, and counted  [read back from band_summary.json]"
each entry's real deployment scale,"entry-years with a central of exactly zero, equal_energy_kwh_eq_V31C_REPRODUCED_PARITY_CERTIFICATE",kWh equivalent,0,,,,,EXACT_COUNT,"a relative width is undefined at these cells and they are excluded from every median of a relative width, and counted  [read back from band_summary.json]"
each entry's real deployment scale,"entry-years with a central of exactly zero, equal_direct_co2_kg_V33_POLICY_CONDITIONAL",kg,0,,,,,EXACT_COUNT,"a relative width is undefined at these cells and they are excluded from every median of a relative width, and counted  [read back from band_summary.json]"
each entry's real deployment scale,"entry-years with a central of exactly zero, equal_direct_co2_kg_V31C_REPRODUCED_PARITY_CERTIFICATE",kg,180,,,,,EXACT_COUNT,"a relative width is undefined at these cells and they are excluded from every median of a relative width, and counted  [read back from band_summary.json]"
each entry's real deployment scale,"entry-years with a central of exactly zero, equal_grid_intensity_kg_per_kwh_V33_POLICY_CONDITIONAL",kg a kWh,572,,,,,EXACT_COUNT,"a relative width is undefined at these cells and they are excluded from every median of a relative width, and counted  [read back from band_summary.json]"
each entry's real deployment scale,"entry-years with a central of exactly zero, equal_grid_intensity_kg_per_kwh_V31C_REPRODUCED_PARITY_CERTIFICATE",kg a kWh,507,,,,,EXACT_COUNT,"a relative width is undefined at these cells and they are excluded from every median of a relative width, and counted  [read back from band_summary.json]"
the continuation rule past 2050 (ruling D6),"post-2050 continuation rule of the electricity axis, central",,ASYMPTOTIC,,,,,QUOTE_EXACT,"ruling D6: continue along the entry's own published 2045-2050 slope at a decreasing rate, holding the 2050 value where that slope is zero or negative, with the enacted statutory floors still applied on top  [read back from band_summary.json]"
the continuation rule past 2050 (ruling D6),"post-2050 continuation rule of the vehicle axis, central",,ASYMPTOTIC,,,,,QUOTE_EXACT,"ruling D6, the same rule on the published source's own 2040-2050 slope  [read back from band_summary.json]"
the reading of the statutory floor (ruling D5),reading of the statutory floor the interval is conditional on,,STATUTORY_TARGETS_HONOURED,,,,,QUOTE_EXACT,ruling D5; the enforceable-standard reading is delivered beside the interval as a named line and never as width  [read back from band_summary.json]
the continuation rule past 2050 (ruling D6),"post-2050 continuation rule, the three registered rules agree through 2050, maximum absolute deviation",absolute deviation,0.0,,,0.0,bitwise identity,QUOTE_EXACT,asserted exactly zero: a continuation rule must not reach inside the projection window  [read back from band_summary.json]
the continuation rule past 2050 (ruling D6),"post-2050 continuation rule, delivered cells outside the entry's own two bounds after 2050, violations",count,0,,,0,hard gate,PASS,"the linear trend bound is above the held bound only where the published 2045-2050 slope is positive.  Where that slope is negative the linear rule falls away from 2050 and the held rule is the upper bound instead, and the delivered asymptotic path -- which holds the 2050 value whenever the slope is not positive -- is then the held path itself.  The gate is therefore that the delivered path lies between its own two bounds, not that it lies below a bound named in advance  [read back from band_summary.json]"
the continuation rule past 2050 (ruling D6),"post-2050 continuation rule, entries delivered a fully clean supply of electricity at 2075 whose own statutory floor is not itself exactly one, violations",count,0,,,0,hard gate,PASS,asserted zero.  This is the headline gate of ruling D6: under the delivered rule an exact zero of grid carbon at 2075 occurs only where the entry's own enacted statutory floor is exactly one  [read back from band_summary.json]
the continuation rule past 2050 (ruling D6),"post-2050 continuation rule, entries delivered a fully clean supply of electricity at 2075",,CA CO CT DC IL ME MI MN NC NM NV NY OR RI VA VT WA,,,,,QUOTE_EXACT,"every one of them carries a registered statutory floor of exactly one; the count is 16 states and the District of Columbia, which is two numbers because the District of Columbia is not a state  [read back from band_summary.json]"
each entry's real deployment scale,"post-2050 continuation rule, entry-years where the linear trend bound differs from the delivered rule",entry-years,750,,,,,EXACT_COUNT,"of 1,275 entry-years after 2050; the largest difference in the share of clean electricity is 0.10883182465932772  [read back from band_summary.json]"
each entry's real deployment scale,"post-2050 continuation rule, entry-years where the held frozen bound differs from the delivered rule",entry-years,550,,,,,EXACT_COUNT,"of 1,275 entry-years after 2050; the largest difference in the share of clean electricity is 0.23150770588755765  [read back from band_summary.json]"
the continuation rule past 2050 (ruling D6),"post-2050 continuation rule, entries the linear trend bound takes to a fully clean supply of electricity by 2075 and the delivered rule does not",,AR MS SC TN,,,,,QUOTE_EXACT,"of them, 0 have a registered statutory floor of any level; the count is 4 states and no District of Columbia entry  [read back from band_summary.json]"
the continuation rule past 2050 (ruling D6),"post-2050 continuation rule, delivered cells below the registered statutory floor, violations",count,0,,,0,hard gate,PASS,asserted zero: the floor applies on top of the continuation everywhere  [read back from band_summary.json]
the reading of the statutory floor (ruling D5),"reading of the statutory floor, the enforceable-standard reading reproduces the earlier delivered path through 2050, maximum absolute deviation",absolute deviation,0.0,,,0.0,bitwise identity,QUOTE_EXACT,"asserted exactly zero.  The named line is built from this build's own no-floor projection and the floor level the enforceable-standard reading applies, and 2025-2050 is the only window in which the two readings share a continuation rule  [read back from band_summary.json]"
each entry's real deployment scale,"reading of the statutory floor, entry-years where the two readings differ",entry-years,121,,,,,EXACT_COUNT,"of 2,601 entry-years; through 2050 the count is 21  [read back from band_summary.json]"
the reading of the statutory floor (ruling D5),"reading of the statutory floor, entries whose delivered clean-electricity share moves with the reading",share,CA CO NC NV UT,,,,,QUOTE_EXACT,the count is 5 states and no District of Columbia entry  [read back from band_summary.json]
the continuation rule past 2050 (ruling D6),"post-2050 continuation rule, vehicle axis, in_window_max_abs_dev_across_the_three_rules",,0.0,,,,,QUOTE_EXACT,"measured on the published source path each rule produces, before the cohort inversion  [read back from band_summary.json]"
the continuation rule past 2050 (ruling D6),"post-2050 continuation rule, vehicle axis, after_2050_below_the_frozen_bound_violations",count,0,,,0,hard gate,PASS,"measured on the published source path each rule produces, before the cohort inversion  [read back from band_summary.json]"
the continuation rule past 2050 (ruling D6),"post-2050 continuation rule, vehicle axis, after_2050_above_the_trend_bound_violations",count,0,,,0,hard gate,PASS,"measured on the published source path each rule produces, before the cohort inversion  [read back from band_summary.json]"
the continuation rule past 2050 (ruling D6),"post-2050 continuation rule, vehicle axis, the_asymptotic_source_never_reaches_one_violations",count,0,,,0,hard gate,PASS,"measured on the published source path each rule produces, before the cohort inversion  [read back from band_summary.json]"
the continuation rule past 2050 (ruling D6),"post-2050 continuation rule, vehicle axis, n_cells_after_2050_where_the_trend_rule_differs",count,75,,,,,EXACT_COUNT,"measured on the published source path each rule produces, before the cohort inversion  [read back from band_summary.json]"
the gates and the parity certificate,"central gate E1, energy_kwh_eq, maximum relative deviation",relative deviation,4.522571676156993e-16,,,1e-12,declared harness tolerance,QUOTE_EXACT,this build's harness at the central parameter values reproduces the DELIVERED frozen real-capacity product  [read back from band_summary.json]
the gates and the parity certificate,"central gate E1, direct_co2_kg, maximum relative deviation",relative deviation,1.787442953684745e-15,,,1e-12,declared harness tolerance,QUOTE_EXACT,this build's harness at the central parameter values reproduces the DELIVERED frozen real-capacity product  [read back from band_summary.json]
the gates and the parity certificate,"central gate E1, grid_intensity_kg_per_kwh, maximum relative deviation",relative deviation,0.0,,,1e-12,declared harness tolerance,QUOTE_EXACT,this build's harness at the central parameter values reproduces the DELIVERED frozen real-capacity product  [read back from band_summary.json]
the gates and the parity certificate,"central gate E2, energy_kwh_eq, maximum relative deviation",relative deviation,4.2640473362301033e-16,,,1e-12,declared harness tolerance,QUOTE_EXACT,the same harness reproduces the DELIVERED frozen equal-size comparison product  [read back from band_summary.json]
the gates and the parity certificate,"central gate E2, direct_co2_kg, maximum relative deviation",relative deviation,1.874937094638978e-15,,,1e-12,declared harness tolerance,QUOTE_EXACT,the same harness reproduces the DELIVERED frozen equal-size comparison product  [read back from band_summary.json]
the gates and the parity certificate,"central gate E2, grid_intensity_kg_per_kwh, maximum relative deviation",relative deviation,0.0,,,1e-12,declared harness tolerance,QUOTE_EXACT,the same harness reproduces the DELIVERED frozen equal-size comparison product  [read back from band_summary.json]
the gates and the parity certificate,"central gate E4, POST_2050_TREND_CONTINUATION_ELECTRICITY_AXIS__energy_kwh_eq, maximum relative deviation",relative deviation,4.522571676156993e-16,,,1e-12,declared harness tolerance,QUOTE_EXACT,"the trend named line this interval carries beside itself reproduces the DELIVERED trend continuation product, so the named line is that product and not a second opinion  [read back from band_summary.json]"
the gates and the parity certificate,"central gate E4, POST_2050_TREND_CONTINUATION_ELECTRICITY_AXIS__direct_co2_kg, maximum relative deviation",relative deviation,1.787442953684745e-15,,,1e-12,declared harness tolerance,QUOTE_EXACT,"the trend named line this interval carries beside itself reproduces the DELIVERED trend continuation product, so the named line is that product and not a second opinion  [read back from band_summary.json]"
the gates and the parity certificate,"central gate E4, POST_2050_TREND_CONTINUATION_ELECTRICITY_AXIS__grid_intensity_kg_per_kwh, maximum relative deviation",relative deviation,0.0,,,1e-12,declared harness tolerance,QUOTE_EXACT,"the trend named line this interval carries beside itself reproduces the DELIVERED trend continuation product, so the named line is that product and not a second opinion  [read back from band_summary.json]"
the gates and the parity certificate,"central gate E4, POST_2050_FROZEN_CONTINUATION_ELECTRICITY_AXIS__energy_kwh_eq, maximum relative deviation",relative deviation,4.522571676156993e-16,,,1e-12,declared harness tolerance,QUOTE_EXACT,"the trend named line this interval carries beside itself reproduces the DELIVERED trend continuation product, so the named line is that product and not a second opinion  [read back from band_summary.json]"
the gates and the parity certificate,"central gate E4, POST_2050_FROZEN_CONTINUATION_ELECTRICITY_AXIS__direct_co2_kg, maximum relative deviation",relative deviation,1.787442953684745e-15,,,1e-12,declared harness tolerance,QUOTE_EXACT,"the trend named line this interval carries beside itself reproduces the DELIVERED trend continuation product, so the named line is that product and not a second opinion  [read back from band_summary.json]"
the gates and the parity certificate,"central gate E4, POST_2050_FROZEN_CONTINUATION_ELECTRICITY_AXIS__grid_intensity_kg_per_kwh, maximum relative deviation",relative deviation,0.0,,,1e-12,declared harness tolerance,QUOTE_EXACT,"the trend named line this interval carries beside itself reproduces the DELIVERED trend continuation product, so the named line is that product and not a second opinion  [read back from band_summary.json]"
the gates and the parity certificate,"central gate E4, POST_2050_TREND_CONTINUATION_VEHICLE_AXIS__energy_kwh_eq, maximum relative deviation",relative deviation,4.522571676156993e-16,,,1e-12,declared harness tolerance,QUOTE_EXACT,"the trend named line this interval carries beside itself reproduces the DELIVERED trend continuation product, so the named line is that product and not a second opinion  [read back from band_summary.json]"
the gates and the parity certificate,"central gate E4, POST_2050_TREND_CONTINUATION_VEHICLE_AXIS__direct_co2_kg, maximum relative deviation",relative deviation,1.787442953684745e-15,,,1e-12,declared harness tolerance,QUOTE_EXACT,"the trend named line this interval carries beside itself reproduces the DELIVERED trend continuation product, so the named line is that product and not a second opinion  [read back from band_summary.json]"
the gates and the parity certificate,"central gate E4, POST_2050_TREND_CONTINUATION_VEHICLE_AXIS__grid_intensity_kg_per_kwh, maximum relative deviation",relative deviation,0.0,,,1e-12,declared harness tolerance,QUOTE_EXACT,"the trend named line this interval carries beside itself reproduces the DELIVERED trend continuation product, so the named line is that product and not a second opinion  [read back from band_summary.json]"
the gates and the parity certificate,"central gate E4, POST_2050_FROZEN_CONTINUATION_VEHICLE_AXIS__energy_kwh_eq, maximum relative deviation",relative deviation,4.522571676156993e-16,,,1e-12,declared harness tolerance,QUOTE_EXACT,"the trend named line this interval carries beside itself reproduces the DELIVERED trend continuation product, so the named line is that product and not a second opinion  [read back from band_summary.json]"
the gates and the parity certificate,"central gate E4, POST_2050_FROZEN_CONTINUATION_VEHICLE_AXIS__direct_co2_kg, maximum relative deviation",relative deviation,1.787442953684745e-15,,,1e-12,declared harness tolerance,QUOTE_EXACT,"the trend named line this interval carries beside itself reproduces the DELIVERED trend continuation product, so the named line is that product and not a second opinion  [read back from band_summary.json]"
the gates and the parity certificate,"central gate E4, POST_2050_FROZEN_CONTINUATION_VEHICLE_AXIS__grid_intensity_kg_per_kwh, maximum relative deviation",relative deviation,0.0,,,1e-12,declared harness tolerance,QUOTE_EXACT,"the trend named line this interval carries beside itself reproduces the DELIVERED trend continuation product, so the named line is that product and not a second opinion  [read back from band_summary.json]"
the gates and the parity certificate,"central gate E3, maximum absolute deviation",absolute deviation,0.0,,,0.0,bitwise identity,QUOTE_EXACT,"the carbon intensity is the same on both capacity bases, because an intensity is a property of the entry and not of how much capacity is deployed  [read back from band_summary.json]"
the gates and the parity certificate,"central gate E5, maximum absolute deviation",absolute deviation,0.0,,,0.0,bitwise identity,QUOTE_EXACT,the delivered central's own electricity column IS the registered frozen series this build's members are built on  [read back from band_summary.json]
the gates and the parity certificate,"central gate E6, maximum absolute deviation",absolute deviation,0.0,,,0.0,bitwise identity,QUOTE_EXACT,"the delivered central and the two delivered ELECTRICITY-axis continuation products carry the same energy in every cell, bitwise: the delivered-product form of the energy disclaimer.  The two VEHICLE-axis continuation products are NOT in this gate and are not expected to be, because that axis moves the mix of carriers  [read back from band_summary.json]"
"the delivered interval, real capacity","vehicle-axis continuation product energy against the central, POST_2050_TREND_CONTINUATION_VEHICLE_AXIS, maximum absolute deviation",absolute deviation,21554988.3282094,,,0.0,bitwise identity,QUOTE_EXACT,"REPORTED and not gated: a continuation rule on the vehicle axis moves the mix of carriers, so it moves the kilowatt hours as well as the carbon  [read back from band_summary.json]"
"the delivered interval, real capacity","vehicle-axis continuation product energy against the central, POST_2050_FROZEN_CONTINUATION_VEHICLE_AXIS, maximum absolute deviation",absolute deviation,241136307.04576635,,,0.0,bitwise identity,QUOTE_EXACT,"REPORTED and not gated: a continuation rule on the vehicle axis moves the mix of carriers, so it moves the kilowatt hours as well as the carbon  [read back from band_summary.json]"
"the delivered interval, real capacity","real_the_continuation_rule_moves_no_kilowatt_hours, POST_2050_TREND_CONTINUATION_ELECTRICITY_AXIS, cells bitwise identical to the central",,2601 of 2601,,,,,QUOTE_EXACT,"the second sentence of the energy-interval disclaimer: a continuation rule on the ELECTRICITY axis, and a reading of the statutory floor, change the carbon content of a kilowatt hour and not the number of kilowatt hours.  A continuation rule on the VEHICLE axis is a different object: it moves the mix of carriers, so it moves the kilowatt hours too, and this row reports that movement rather than gating it  This row is GATED.  [read back from band_summary.json]"
"the delivered interval, real capacity","real_the_continuation_rule_moves_no_kilowatt_hours, POST_2050_FROZEN_CONTINUATION_ELECTRICITY_AXIS, cells bitwise identical to the central",,2601 of 2601,,,,,QUOTE_EXACT,"the second sentence of the energy-interval disclaimer: a continuation rule on the ELECTRICITY axis, and a reading of the statutory floor, change the carbon content of a kilowatt hour and not the number of kilowatt hours.  A continuation rule on the VEHICLE axis is a different object: it moves the mix of carriers, so it moves the kilowatt hours too, and this row reports that movement rather than gating it  This row is GATED.  [read back from band_summary.json]"
"the delivered interval, real capacity","real_the_continuation_rule_moves_no_kilowatt_hours, ENFORCEABLE_STANDARD_READING_OF_THE_STATUTORY_FLOOR, cells bitwise identical to the central",,2601 of 2601,,,,,QUOTE_EXACT,"the second sentence of the energy-interval disclaimer: a continuation rule on the ELECTRICITY axis, and a reading of the statutory floor, change the carbon content of a kilowatt hour and not the number of kilowatt hours.  A continuation rule on the VEHICLE axis is a different object: it moves the mix of carriers, so it moves the kilowatt hours too, and this row reports that movement rather than gating it  This row is GATED.  [read back from band_summary.json]"
"the delivered interval, real capacity","real_the_continuation_rule_moves_no_kilowatt_hours, POST_2050_TREND_CONTINUATION_VEHICLE_AXIS, cells bitwise identical to the central",,1651 of 2601,,,,,QUOTE_EXACT,"the second sentence of the energy-interval disclaimer: a continuation rule on the ELECTRICITY axis, and a reading of the statutory floor, change the carbon content of a kilowatt hour and not the number of kilowatt hours.  A continuation rule on the VEHICLE axis is a different object: it moves the mix of carriers, so it moves the kilowatt hours too, and this row reports that movement rather than gating it  This row is REPORTED and not gated.  [read back from band_summary.json]"
"the delivered interval, real capacity","real_the_continuation_rule_moves_no_kilowatt_hours, POST_2050_FROZEN_CONTINUATION_VEHICLE_AXIS, cells bitwise identical to the central",,1651 of 2601,,,,,QUOTE_EXACT,"the second sentence of the energy-interval disclaimer: a continuation rule on the ELECTRICITY axis, and a reading of the statutory floor, change the carbon content of a kilowatt hour and not the number of kilowatt hours.  A continuation rule on the VEHICLE axis is a different object: it moves the mix of carriers, so it moves the kilowatt hours too, and this row reports that movement rather than gating it  This row is REPORTED and not gated.  [read back from band_summary.json]"
"the delivered interval, real capacity","equal_the_continuation_rule_moves_no_kilowatt_hours, POST_2050_TREND_CONTINUATION_ELECTRICITY_AXIS, cells bitwise identical to the central",,2601 of 2601,,,,,QUOTE_EXACT,"the second sentence of the energy-interval disclaimer: a continuation rule on the ELECTRICITY axis, and a reading of the statutory floor, change the carbon content of a kilowatt hour and not the number of kilowatt hours.  A continuation rule on the VEHICLE axis is a different object: it moves the mix of carriers, so it moves the kilowatt hours too, and this row reports that movement rather than gating it  This row is GATED.  [read back from band_summary.json]"
"the delivered interval, real capacity","equal_the_continuation_rule_moves_no_kilowatt_hours, POST_2050_FROZEN_CONTINUATION_ELECTRICITY_AXIS, cells bitwise identical to the central",,2601 of 2601,,,,,QUOTE_EXACT,"the second sentence of the energy-interval disclaimer: a continuation rule on the ELECTRICITY axis, and a reading of the statutory floor, change the carbon content of a kilowatt hour and not the number of kilowatt hours.  A continuation rule on the VEHICLE axis is a different object: it moves the mix of carriers, so it moves the kilowatt hours too, and this row reports that movement rather than gating it  This row is GATED.  [read back from band_summary.json]"
"the delivered interval, real capacity","equal_the_continuation_rule_moves_no_kilowatt_hours, ENFORCEABLE_STANDARD_READING_OF_THE_STATUTORY_FLOOR, cells bitwise identical to the central",,2601 of 2601,,,,,QUOTE_EXACT,"the second sentence of the energy-interval disclaimer: a continuation rule on the ELECTRICITY axis, and a reading of the statutory floor, change the carbon content of a kilowatt hour and not the number of kilowatt hours.  A continuation rule on the VEHICLE axis is a different object: it moves the mix of carriers, so it moves the kilowatt hours too, and this row reports that movement rather than gating it  This row is GATED.  [read back from band_summary.json]"
"the delivered interval, real capacity","equal_the_continuation_rule_moves_no_kilowatt_hours, POST_2050_TREND_CONTINUATION_VEHICLE_AXIS, cells bitwise identical to the central",,1651 of 2601,,,,,QUOTE_EXACT,"the second sentence of the energy-interval disclaimer: a continuation rule on the ELECTRICITY axis, and a reading of the statutory floor, change the carbon content of a kilowatt hour and not the number of kilowatt hours.  A continuation rule on the VEHICLE axis is a different object: it moves the mix of carriers, so it moves the kilowatt hours too, and this row reports that movement rather than gating it  This row is REPORTED and not gated.  [read back from band_summary.json]"
"the delivered interval, real capacity","equal_the_continuation_rule_moves_no_kilowatt_hours, POST_2050_FROZEN_CONTINUATION_VEHICLE_AXIS, cells bitwise identical to the central",,1651 of 2601,,,,,QUOTE_EXACT,"the second sentence of the energy-interval disclaimer: a continuation rule on the ELECTRICITY axis, and a reading of the statutory floor, change the carbon content of a kilowatt hour and not the number of kilowatt hours.  A continuation rule on the VEHICLE axis is a different object: it moves the mix of carriers, so it moves the kilowatt hours too, and this row reports that movement rather than gating it  This row is REPORTED and not gated.  [read back from band_summary.json]"
the named lines beside the interval,"implied direct-current automation power a deployed vehicle, 2025, national",W,776.5398630499334,,,,,QUOTE_EXACT,"watts, measured from expert_central_v33_final/expert_central_v33_annual.csv over the registered 392.98333333333335 driving hours a year  [read back from band_summary.json]"
the named lines beside the interval,measured-load anchor,W,446.7,,,,,QUOTE_EXACT,watts; the one paired dynamometer measurement of automation load in the build's own precedent table of published and measured vehicle automation power  [read back from band_summary.json]
the named lines beside the interval,"measured-load anchor, ratio to the implied power",x,0.5752441326650556,,,,,QUOTE_EXACT,"the factor the named line scales the vehicle automation load by; the vehicle automation load only -- sensing, computing and communication, on electric and gasoline vehicles alike.  The signal-infrastructure load is not touched, because the measurement is of a vehicle.  [read back from band_summary.json]"
the named lines beside the interval,"published automation power anchor, Sudhakar_Sze_and_Karaman_2023_onboard_computer",W,840.0,,,,,QUOTE_EXACT,"watts; the delivered central implies 776.5398630499334 W in 2025, a ratio of 0.9244522179165874  [read back from band_summary.json]"
the named lines beside the interval,"published automation power anchor, Gawron_et_al_2018_total_added_power_midsize_level_4",W,220.0,,,,,QUOTE_EXACT,"watts; the delivered central implies 776.5398630499334 W in 2025, a ratio of 3.5297266502269697  [read back from band_summary.json]"
"the delivered interval, real capacity","named-line movement flag, declared relative tolerance",relative deviation,1e-10,,,,,QUOTE_EXACT,"A named line is recorded as moving a metric when its national line differs from the central line by more than a relative one part in ten thousand million million.  Both lines are recomputed through the same harness, so a line that moves nothing still differs in the last bits of a floating point sum, and the exact-equality test this replaces reported the central line as moving against itself.  The tolerance is tested rather than asserted: the classification is recomputed at four tolerances spanning three orders of magnitude and must be identical at all four, and the largest deviation called not moving and the smallest called moving must be separated by a factor of at least ten thousand.  [read back from band_summary.json]"
"the delivered interval, real capacity","named-line movement flag, rows classified as moving",,2394 of 3978,,,,,QUOTE_EXACT,"over both capacity bases, all three metrics and all 51 years  [read back from band_summary.json]"
"the delivered interval, real capacity","named-line movement flag, largest relative deviation classified as not moving",,1.0911747903320448e-15,,,,,QUOTE_EXACT,the noise floor of recomputing two lines through the same harness  [read back from band_summary.json]
"the delivered interval, real capacity","named-line movement flag, smallest relative deviation classified as moving",,2.0677705344405962e-07,,,,,QUOTE_EXACT,the smallest real movement any named line makes  [read back from band_summary.json]
"the delivered interval, real capacity","named-line movement flag, separation factor",x,189499478.24686942,,,,,QUOTE_EXACT,"the second over the first; the declared tolerance sits in an empty band, and the required separation is 10000.0  [read back from band_summary.json]"
"the delivered interval, real capacity","named-line movement flag, classification identical at every tolerance on the ladder",relative deviation,True,,,,,PASS,recomputed at 1e-09 1e-10 1e-11 1e-12; asserted true  [read back from band_summary.json]
"the delivered interval, real capacity","named-line movement flag, rows the exact-equality test this replaces would call moving",count,2628,,,,,EXACT_COUNT,of which 234 are below the declared tolerance and 25 are the central line against itself  [read back from band_summary.json]
"the four-row R3 disclosure, recomputed on this central","turning count, R3 row central",,9 of 51,,,,,QUOTE_EXACT,"the central: the schedule met in full, entirely with battery-electric vehicles -- two numbers: 8 states and the District of Columbia  [read back from expert_central_v32_final/disclosures/R3_TURNING_COUNT_DISCLOSURE.csv]"
"the four-row R3 disclosure, recomputed on this central","turning count, R3 row central, entries and years",,CA 2038; CO 2060; DC 2035; NM 2060; NY 2036; OR 2039; RI 2035; VT 2034; WA 2041,,,,,QUOTE_EXACT,the census this reading produces; this interval produces no turning point of its own and carries the disclosure beside the count  [read back from expert_central_v32_final/disclosures/R3_TURNING_COUNT_DISCLOSURE.csv]
"the four-row R3 disclosure, recomputed on this central","turning count, R3 row compliance_level_PHEV_20PCT_CAP",,0 of 51,,,,,QUOTE_EXACT,"the plug-in-hybrid allowance the regulation itself grants, 20 per cent of the annual requirement -- two numbers: no state and no District of Columbia entry  [read back from expert_central_v32_final/disclosures/R3_TURNING_COUNT_DISCLOSURE.csv]"
"the four-row R3 disclosure, recomputed on this central","turning count, R3 row compliance_level_PHEV_20PCT_CAP, entries and years",,none,,,,,QUOTE_EXACT,the census this reading produces; this interval produces no turning point of its own and carries the disclosure beside the count  [read back from expert_central_v32_final/disclosures/R3_TURNING_COUNT_DISCLOSURE.csv]
"the four-row R3 disclosure, recomputed on this central","turning count, R3 row regulation_not_enforced",,0 of 51,,,,,QUOTE_EXACT,"the rule is not enforced, which is its legal status after the federal disapproval -- two numbers: no state and no District of Columbia entry  [read back from expert_central_v32_final/disclosures/R3_TURNING_COUNT_DISCLOSURE.csv]"
"the four-row R3 disclosure, recomputed on this central","turning count, R3 row regulation_not_enforced, entries and years",,none,,,,,QUOTE_EXACT,the census this reading produces; this interval produces no turning point of its own and carries the disclosure beside the count  [read back from expert_central_v32_final/disclosures/R3_TURNING_COUNT_DISCLOSURE.csv]
"the four-row R3 disclosure, recomputed on this central","turning count, R3 row post_regulatory_FROZEN_82",,7 of 51,,,,,QUOTE_EXACT,the three entries whose rule stops at 82 per cent are held there instead of carrying the authored extension -- two numbers: 6 states and the District of Columbia  [read back from expert_central_v32_final/disclosures/R3_TURNING_COUNT_DISCLOSURE.csv]
"the four-row R3 disclosure, recomputed on this central","turning count, R3 row post_regulatory_FROZEN_82, entries and years",,CA 2038; DC 2035; NY 2036; OR 2039; RI 2035; VT 2034; WA 2041,,,,,QUOTE_EXACT,the census this reading produces; this interval produces no turning point of its own and carries the disclosure beside the count  [read back from expert_central_v32_final/disclosures/R3_TURNING_COUNT_DISCLOSURE.csv]
"the national delivered bundle, real capacity","gasoline share of the national energy total, 2050, energy-consumption boundary",share,0.840793295868649,,,,,QUOTE_EXACT,"the delivered energy metric adds wall electricity to gasoline chemical energy on the 33.7 kilowatt hours a gallon basis, so the share is reported at both boundaries  [read back from band_summary.json]"
"the national delivered bundle, real capacity","gasoline share of the national energy total, 2050, direct-current boundary",share,0.5503308106370453,,,,,QUOTE_EXACT,"the electric vehicles' wall electricity at the registered grid-to-vehicle conversion, plus the signal-infrastructure electricity, which is metered at the site and is not converted, plus the gasoline vehicles' direct-current load  [read back from band_summary.json]"
"the national delivered bundle, real capacity","gasoline share of the national energy total, 2075, energy-consumption boundary",share,0.7853171271694876,,,,,QUOTE_EXACT,"the delivered energy metric adds wall electricity to gasoline chemical energy on the 33.7 kilowatt hours a gallon basis, so the share is reported at both boundaries  [read back from band_summary.json]"
"the national delivered bundle, real capacity","gasoline share of the national energy total, 2075, direct-current boundary",share,0.4592888454423182,,,,,QUOTE_EXACT,"the electric vehicles' wall electricity at the registered grid-to-vehicle conversion, plus the signal-infrastructure electricity, which is metered at the site and is not converted, plus the gasoline vehicles' direct-current load  [read back from band_summary.json]"
each entry's real deployment scale,entry-years whose central grid intensity is exactly zero,entry-years,572,,,,,EXACT_COUNT,"a property of the accounting convention, not a measurement of a grid with no combustion on it; the no-floor projection is delivered at expert_central_v33_final/inputs/grid_paths_v31.csv, series bound_NO_STATUTORY_FLOOR__ASYMPTOTIC.  The v3.3 build carries no bounds product set: its bounds directory is empty, which is a fact about that build and is recorded in its own registry  [read back from band_summary.json]"
the reading of the statutory floor (ruling D5),"of those, the ones the enacted statutory floor puts at a clean share of one",share,572,,,,,EXACT_COUNT,the rest reach that share on the published projection itself  [read back from band_summary.json]
the registered fossil-coefficient layer,"fossil-only carbon coefficient, combustion bound",share,1.3337372831999998,,,,,QUOTE_EXACT,"97.72 kilograms of carbon dioxide a million British thermal units, the highest-carbon coal rank in the published emissions coefficients, at 3,412.14 British thermal units a kilowatt hour and a stated net thermal efficiency floor of 0.25  [read back from band_summary.json]"
the registered fossil-coefficient layer,"fossil-only carbon coefficient, VT, uncapped",share,12.480468757590508,,,,,QUOTE_EXACT,capped to the combustion bound in every delivered number; the entry is described as capped and never as estimated  [read back from band_summary.json]
the activity basis of this state layer,"driving hours a year, this state layer",hours a year,392.98333333333335,,,,,QUOTE_EXACT,"the two automation shares this build's two layers report differ by exactly this ratio, and any sentence that quotes one of them must say which layer it is  [read back from band_summary.json]"
the activity basis of this state layer,"driving hours a year, the frozen unit ledger",hours a year,1095.0,,,,,QUOTE_EXACT,"the two automation shares this build's two layers report differ by exactly this ratio, and any sentence that quotes one of them must say which layer it is  [read back from band_summary.json]"
the activity basis of this state layer,ratio of the two activity scenarios,x,2.786377708978328,,,,,QUOTE_EXACT,"the two automation shares this build's two layers report differ by exactly this ratio, and any sentence that quotes one of them must say which layer it is  [read back from band_summary.json]"
"the delivered interval, real capacity",comparison against an earlier interval,,WITHDRAWN,,,,,QUOTE_EXACT,"the `v3.3` registry rules that no number from that family may be quoted beside a v3.3 number.  Those intervals are centred on a central this build does not deliver; their eleven electricity members are built from the enforceable-standard electricity input rather than the statutory-targets-honoured one; and ruling `D6` rewrites every row after 2050 on both axes.  Their gate `Q1` -- the delivered central is one of the members, bitwise -- would now fail on its own terms, which is the reason this interval was rebuilt rather than re-captioned  the parity certificate against the SHIPPED `v3.1c` interval, which is a different object: it reproduces a shipped product bitwise through this build own harness, on that product own central and on the electricity path it ran on, and it certifies the harness rather than comparing two estimands  [read back from band_summary.json]"
the named lines beside the interval,"Counterfactual Baseline named line, line",,NAMED_LINE_CB2026,,,,,QUOTE_EXACT,"the policy-vintage case, carried beside the interval and never inside it  [read back from band_summary.json]"
the named lines beside the interval,"Counterfactual Baseline named line, status",,DELIVERED_AT_ITS_OWN_VALUE_COMPUTED_BY_THIS_HARNESS,,,,,QUOTE_EXACT,"the policy-vintage case, carried beside the interval and never inside it  [read back from band_summary.json]"
the named lines beside the interval,"Counterfactual Baseline named line, what_it_is",,"the published policy-vintage Counterfactual Baseline market case, run through this build own harness at this build own continuation rules and floor reading, and carried beside the interval.  It carries none of the interval weight",,,,,QUOTE_EXACT,"the policy-vintage case, carried beside the interval and never inside it  [read back from band_summary.json]"
the named lines beside the interval,"Counterfactual Baseline named line, why_it_is_not_gated_against_a_delivered_product",,"the v3.3 build delivers no Counterfactual Baseline product: its bounds directory is empty, and four rows of its own number table that quote that case read INHERITED_NOT_RE_MEASURED for the same reason.  The line here is therefore computed rather than read, and the six central gates that stand behind the delivered central stand behind the harness that computes it",,,,,QUOTE_EXACT,"the policy-vintage case, carried beside the interval and never inside it  [read back from band_summary.json]"
the named lines beside the interval,"Counterfactual Baseline named line, where_the_inherited_rows_for_this_case_are",,"expert_central_v33_final/KEY_NUMBERS_V33.csv, the four rows whose verdict reads INHERITED_NOT_RE_MEASURED.  Those rows are on the held continuation of the enforceable-standard reading and are NOT this line: this line is on this build own asymptotic continuation and its own floor reading, and the two must not be quoted for one another",,,,,QUOTE_EXACT,"the policy-vintage case, carried beside the interval and never inside it  [read back from band_summary.json]"
the named lines beside the interval,"Counterfactual Baseline named line, the_federal_fact_that_travels_with_it",,"91 FR 7686, effective 2026-04-20: the federal standard this published case describes was repealed.  The case is a policy-vintage bound and is never described as current federal policy",,,,,QUOTE_EXACT,"the policy-vintage case, carried beside the interval and never inside it  [read back from band_summary.json]"
the named lines beside the interval,"named line delivered, NAMED_LINE_CB2026",,NAMED_LINE_CB2026,,,,,QUOTE_EXACT,delivered beside the interval as a full product; it carries none of the interval's weight  [read back from band_summary.json]
the named lines beside the interval,"named line delivered, NAMED_LINE_ELECTRNP",,NAMED_LINE_ELECTRNP,,,,,QUOTE_EXACT,delivered beside the interval as a full product; it carries none of the interval's weight  [read back from band_summary.json]
the named lines beside the interval,"named line delivered, NAMED_LINE_ETA_HIGH_BRANCH_0p2744",,NAMED_LINE_ETA_HIGH_BRANCH_0p2744,,,,,QUOTE_EXACT,delivered beside the interval as a full product; it carries none of the interval's weight  [read back from band_summary.json]
the named lines beside the interval,"named line delivered, NAMED_LINE_ETA_LOW_BRANCH_0p17",,NAMED_LINE_ETA_LOW_BRANCH_0p17,,,,,QUOTE_EXACT,delivered beside the interval as a full product; it carries none of the interval's weight  [read back from band_summary.json]
the named lines beside the interval,"named line delivered, NAMED_LINE_DEPLOYMENT_SCALE_LOW_15PCT",,NAMED_LINE_DEPLOYMENT_SCALE_LOW_15PCT,,,,,QUOTE_EXACT,delivered beside the interval as a full product; it carries none of the interval's weight  [read back from band_summary.json]
the named lines beside the interval,"named line delivered, NAMED_LINE_DEPLOYMENT_SCALE_HIGH_45PCT",,NAMED_LINE_DEPLOYMENT_SCALE_HIGH_45PCT,,,,,QUOTE_EXACT,delivered beside the interval as a full product; it carries none of the interval's weight  [read back from band_summary.json]
the named lines beside the interval,"named line delivered, NAMED_LINE_POST_2050_TREND_CONTINUATION_ELECTRICITY_AXIS",,NAMED_LINE_POST_2050_TREND_CONTINUATION_ELECTRICITY_AXIS,,,,,QUOTE_EXACT,delivered beside the interval as a full product; it carries none of the interval's weight  [read back from band_summary.json]
the named lines beside the interval,"named line delivered, NAMED_LINE_POST_2050_FROZEN_CONTINUATION_ELECTRICITY_AXIS",,NAMED_LINE_POST_2050_FROZEN_CONTINUATION_ELECTRICITY_AXIS,,,,,QUOTE_EXACT,delivered beside the interval as a full product; it carries none of the interval's weight  [read back from band_summary.json]
the named lines beside the interval,"named line delivered, NAMED_LINE_POST_2050_TREND_CONTINUATION_VEHICLE_AXIS",,NAMED_LINE_POST_2050_TREND_CONTINUATION_VEHICLE_AXIS,,,,,QUOTE_EXACT,delivered beside the interval as a full product; it carries none of the interval's weight  [read back from band_summary.json]
the named lines beside the interval,"named line delivered, NAMED_LINE_POST_2050_FROZEN_CONTINUATION_VEHICLE_AXIS",,NAMED_LINE_POST_2050_FROZEN_CONTINUATION_VEHICLE_AXIS,,,,,QUOTE_EXACT,delivered beside the interval as a full product; it carries none of the interval's weight  [read back from band_summary.json]
the named lines beside the interval,"named line delivered, NAMED_LINE_ENFORCEABLE_STANDARD_READING_OF_THE_STATUTORY_FLOOR",,NAMED_LINE_ENFORCEABLE_STANDARD_READING_OF_THE_STATUTORY_FLOOR,,,,,QUOTE_EXACT,delivered beside the interval as a full product; it carries none of the interval's weight  [read back from band_summary.json]
the named lines beside the interval,"named line delivered, NAMED_LINE_MEASURED_LOAD_ANCHOR",W,NAMED_LINE_MEASURED_LOAD_ANCHOR,,,,,QUOTE_EXACT,delivered beside the interval as a full product; it carries none of the interval's weight  [read back from band_summary.json]
