state,state_ledger,metric,year,layer,n_draws,central_ledger,p05,p50,p95,rel_halfwidth_lower,rel_halfwidth_upper,rel_halfwidth_max,rel_halfwidth_symmetric
CA,california,direct_co2_kg,2025,L1_only,200,1902179.5222759948,1878594.9402144535,1901844.3809456197,1925570.1673740705,0.0123987151503563,0.0122967600187853,0.0123987151503563,0.0123477375845708
CA,california,direct_co2_kg,2026,L1_only,200,6164346.793903228,6083585.116153227,6161933.861642733,6249095.549794109,0.0131014169789858,0.0137482135130198,0.0137482135130198,0.0134248152460028
CA,california,direct_co2_kg,2027,L1_only,200,12721204.678156452,12546101.62350293,12715567.582341751,12913104.772753151,0.0137646598009849,0.0150850567577308,0.0150850567577308,0.0144248582793578
CA,california,direct_co2_kg,2028,L1_only,200,19608581.441756815,19331316.42261088,19598818.8807564,19919409.12945627,0.0141399835561533,0.01585161520341,0.01585161520341,0.0149957993797816
CA,california,direct_co2_kg,2029,L1_only,200,26209312.390646342,25829307.60823996,26197749.49021288,26635424.054450404,0.0144988459346991,0.0162580252947091,0.0162580252947091,0.0153784356147041
CA,california,direct_co2_kg,2030,L1_only,200,32162916.97645711,31692803.090753403,32149822.738725074,32687895.288586088,0.0146166433239816,0.0163224720106467,0.0163224720106467,0.0154695576673142
CA,california,direct_co2_kg,2031,L1_only,200,37540674.57398239,37016489.86252367,37526267.970005214,38134782.830350034,0.013963113806751,0.0158257213837972,0.0158257213837972,0.0148944175952741
CA,california,direct_co2_kg,2032,L1_only,200,42252708.74030512,41712203.36889176,42237602.16713661,42881282.54432109,0.0127922064058763,0.0148765327183951,0.0148765327183951,0.0138343695621357
CA,california,direct_co2_kg,2033,L1_only,200,46473043.13346969,45922930.852202594,46446115.47602534,47097896.10140153,0.0118372338924995,0.013445492823383,0.013445492823383,0.0126413633579412
CA,california,direct_co2_kg,2034,L1_only,200,50390111.324344344,49838906.60591516,50349420.98688441,50977315.50709606,0.010938747780914,0.0116531630377253,0.0116531630377253,0.0112959554093197
CA,california,direct_co2_kg,2035,L1_only,200,53820127.84202203,53296211.68029613,53799710.60723117,54374222.32431018,0.0097345766859519,0.0102953022318078,0.0102953022318078,0.0100149394588798
CA,california,direct_co2_kg,2036,L1_only,200,57488160.664500915,56918123.707668684,57469586.01737045,58073819.29661765,0.0099157278688902,0.0101874651292919,0.0101874651292919,0.010051596499091
CA,california,direct_co2_kg,2037,L1_only,200,60147573.066810995,59551598.40698297,60128167.35279986,60759925.29940257,0.0099085404354723,0.0101808302707639,0.0101808302707639,0.0100446853531181
CA,california,direct_co2_kg,2038,L1_only,200,59870410.60463859,59271077.192377605,59851408.736159466,60485284.0711256,0.0100105111391127,0.0102700726498669,0.0102700726498669,0.0101402918944898
CA,california,direct_co2_kg,2039,L1_only,200,57260252.92050463,56680200.25186108,57238323.29529782,57854301.07618083,0.0101301101385082,0.0103745290210458,0.0103745290210458,0.010252319579777
CA,california,direct_co2_kg,2040,L1_only,200,54670264.97334632,54119763.50669513,54651792.34700246,55234476.61305195,0.0100694859796195,0.010320265321207,0.010320265321207,0.0101948756504132
CA,california,direct_co2_kg,2041,L1_only,200,52739376.671534024,52226712.65949513,52725708.34250209,53267624.005584225,0.0097207066976125,0.0100161846307015,0.0100161846307015,0.009868445664157
CA,california,direct_co2_kg,2042,L1_only,200,51772740.44296913,51303491.346770674,51767190.04438409,52270964.21789957,0.0090636325638462,0.0096232838105076,0.0096232838105076,0.0093434581871769
CA,california,direct_co2_kg,2043,L1_only,200,51502955.10698528,51052607.067089066,51509713.01281029,51976630.677633606,0.0087441203899993,0.0091970561623964,0.0091970561623964,0.0089705882761979
CA,california,direct_co2_kg,2044,L1_only,200,51917281.47521245,51490471.042345904,51920131.08743485,52404321.75295315,0.0082209703732334,0.0093810820578738,0.0093810820578738,0.0088010262155536
CA,california,direct_co2_kg,2045,L1_only,200,52705902.17173104,52277273.62050804,52694537.09477571,53142385.76867729,0.0081324582933123,0.0082814937030023,0.0082814937030023,0.0082069759981573
CA,california,direct_co2_kg,2046,L1_only,200,54930360.923996806,54483586.264192946,54918514.70335688,55385323.17506294,0.0081334739529934,0.0082825279756605,0.0082825279756605,0.008208000964327
CA,california,direct_co2_kg,2047,L1_only,200,57576681.44707652,57108324.88354754,57564262.98271652,58053621.11177972,0.0081344834706996,0.0082835559937853,0.0082835559937853,0.0082090197322424
CA,california,direct_co2_kg,2048,L1_only,200,60033617.76778569,59545215.06826874,60020667.78055465,60530970.93391323,0.0081354867102317,0.0082845776186825,0.0082845776186825,0.0082100321644571
CA,california,direct_co2_kg,2049,L1_only,200,62241566.75712058,61735139.27374905,62228138.843127474,62757275.02924507,0.008136483539171,0.0082855927155062,0.0082855927155062,0.0082110381273386
CA,california,direct_co2_kg,2050,L1_only,200,64081472.57798124,63560011.271958075,64067646.04249901,64612490.18255251,0.0081374738289385,0.0082866011533219,0.0082866011533219,0.0082120374911302
CA,california,direct_co2_kg,2051,L1_only,200,65426794.989240445,64894324.43282065,65412676.543717176,65969023.59970265,0.0081384172418557,0.0082875618552211,0.0082875618552211,0.0082129895485384
CA,california,direct_co2_kg,2052,L1_only,200,66537715.04237505,65996140.95532324,66523355.216929935,67089214.01474816,0.0081393550515959,0.0082885168512606,0.0082885168512606,0.0082139359514283
CA,california,direct_co2_kg,2053,L1_only,200,67426126.94336624,66877258.91027254,67411573.71909635,67985053.53061756,0.0081402871257119,0.0082894660065642,0.0082894660065642,0.0082148765661381
CA,california,direct_co2_kg,2054,L1_only,200,68104305.46640906,67549853.78653382,68089604.19186303,68668918.02633843,0.0081412133356049,0.0082904091901774,0.0082904091901774,0.0082158112628911
CA,california,direct_co2_kg,2055,L1_only,200,68584925.57843907,68026497.95441167,68570118.88181807,69153586.94566287,0.0081421335565749,0.0082913462751145,0.0082913462751145,0.0082167399158447
CA,california,direct_co2_kg,2056,L1_only,200,68881082.50503613,68320180.5667837,68866210.20202588,69452263.53076106,0.0081430476678618,0.0082922771384025,0.0082922771384025,0.0082176624031322
CA,california,direct_co2_kg,2057,L1_only,200,69006312.23931624,68444327.89958467,68991411.23645371,69578595.50260703,0.0081439555526832,0.0082932016611189,0.0082932016611189,0.0082185786069011
CA,california,direct_co2_kg,2058,L1_only,200,68974612.49500223,68412824.13282208,68959716.68848032,69546696.18925746,0.0081448570982671,0.0082941197284244,0.0082941197284244,0.0082194884133458
CA,california,direct_co2_kg,2059,L1_only,200,68800464.10441507,68240032.57285908,68785604.27422841,69371166.10277164,0.0081457521958784,0.0082950312295922,0.0082950312295922,0.0082203917127353
CA,california,direct_co2_kg,2060,L1_only,200,68483157.45721541,67925249.77661297,68468364.54688331,69051289.35253239,0.0081466407408419,0.0082959360580287,0.0082959360580287,0.0082212883994353
CA,california,direct_co2_kg,2061,L1_only,200,68006699.5318241,67452613.40822284,67992007.94999492,68570939.83629617,0.0081475226325601,0.0082968341112927,0.0082968341112927,0.0082221783719264
CA,california,direct_co2_kg,2062,L1_only,200,67318733.7572928,66770193.93696104,67304189.23557734,67877326.11695598,0.008148397774525,0.0082977252911067,0.0082977252911067,0.0082230615328159
CA,california,direct_co2_kg,2063,L1_only,200,66273741.26043619,65733658.9091638,66259420.98833366,66823721.15948382,0.0081492660743268,0.0082986095033683,0.0082986095033683,0.0082239377888475
CA,california,direct_co2_kg,2064,L1_only,200,64877309.9689906,64348551.624541745,64863289.9526891,65415758.33749486,0.0081501274436561,0.0082994866581493,0.0082994866581493,0.0082248070509027
CA,california,direct_co2_kg,2065,L1_only,200,63136847.83348416,62622220.5359912,63123202.50159332,63660906.18950248,0.008150981798303,0.0083003566696972,0.0083003566696972,0.0082256692340001
CA,california,direct_co2_kg,2066,L1_only,200,61061710.05540351,60563945.43303339,61048511.836986326,61568596.710958235,0.0081518290581524,0.0083012194564287,0.0083012194564287,0.0082265242572905
CA,california,direct_co2_kg,2067,L1_only,200,58663333.37414591,58185070.62607622,58650652.24751266,59150360.76410211,0.0081526691471724,0.0083020749409178,0.0083020749409178,0.0082273720440451
CA,california,direct_co2_kg,2068,L1_only,200,55955377.725959696,55499145.442129634,55943280.73661907,56419970.92144551,0.0081535019933999,0.0083029230498836,0.0083029230498836,0.0082282125216418
CA,california,direct_co2_kg,2069,L1_only,200,52953875.60016931,52522072.35459964,52942426.34626064,53393592.070902646,0.0081543275289238,0.0083037637141696,0.0083037637141696,0.0082290456215467
CA,california,direct_co2_kg,2070,L1_only,200,49677389.43050196,49272263.082204275,49666647.51395931,50089940.12321275,0.0081551456898606,0.0083045968687211,0.0083045968687211,0.0082298712792908
CA,california,direct_co2_kg,2071,L1_only,200,46147177.372288145,45770803.00490321,46137197.81391029,46530449.1753582,0.0081559564163278,0.0083054224525596,0.0083054224525596,0.0082306894344437
CA,california,direct_co2_kg,2072,L1_only,200,42370628.29764049,42025021.26629477,42361464.53452592,42722568.92255049,0.0081567596524161,0.0083062404087503,0.0083062404087503,0.0082315000305832
CA,california,direct_co2_kg,2073,L1_only,200,38337720.64120937,38024978.56323331,38329428.29163717,38656194.029699095,0.0081575553461539,0.0083070506843694,0.0083070506843694,0.0082323030152617
CA,california,direct_co2_kg,2074,L1_only,200,33991556.54944964,33714241.75673716,33984203.553595684,34273953.4123375,0.0081583434494696,0.0083078532304644,0.0083078532304644,0.008233098339967
CA,california,direct_co2_kg,2075,L1_only,200,29365490.350839466,29125893.67614963,29359137.45008583,29609477.87357116,0.0081591239181533,0.008308648002015,0.008308648002015,0.0082338859600842
CA,california,direct_co2_kg,2025,L2_conditional,200,1902179.5222759948,1560030.0703378222,1902914.3632826293,2385796.2443708396,0.1798723243160477,0.2542434698887874,0.2542434698887874,0.2170578971024175
CA,california,direct_co2_kg,2026,L2_conditional,200,6164346.793903228,5069140.537020869,6164835.712323759,7732257.595481871,0.1776678524909662,0.2543514915691255,0.2543514915691255,0.2160096720300458
CA,california,direct_co2_kg,2027,L2_conditional,200,12721204.678156452,10466639.791150054,12736012.151962657,15965096.274580888,0.1772288823304373,0.2549987739757473,0.2549987739757473,0.2161138281530923
CA,california,direct_co2_kg,2028,L2_conditional,200,19608581.441756815,16137086.9926585,19612077.876912866,24572204.136558738,0.1770395507400503,0.2531352260001735,0.2531352260001735,0.2150873883701119
CA,california,direct_co2_kg,2029,L2_conditional,200,26209312.390646342,21595469.293157812,26122586.66287892,32779567.18621404,0.1760383114489921,0.250683981999944,0.250683981999944,0.2133611467244681
CA,california,direct_co2_kg,2030,L2_conditional,200,32162916.97645711,26531293.217778377,32039195.77812454,40203979.475420974,0.1750967974329262,0.2500103614622339,0.2500103614622339,0.21255357944758
CA,california,direct_co2_kg,2031,L2_conditional,200,37540674.57398239,30981358.19933476,37406484.16877896,46972677.033245616,0.1747255862896393,0.2512475485936017,0.2512475485936017,0.2129865674416205
CA,california,direct_co2_kg,2032,L2_conditional,200,42252708.74030512,34827220.707087286,42172171.443503976,52876361.10561395,0.1757399289796209,0.2514312734505199,0.2514312734505199,0.2135856012150704
CA,california,direct_co2_kg,2033,L2_conditional,200,46473043.13346969,38336953.12164625,46389434.3674134,58108739.64963667,0.1750711695047976,0.25037517949383,0.25037517949383,0.2127231744993138
CA,california,direct_co2_kg,2034,L2_conditional,200,50390111.324344344,41415633.60407694,50080960.343188465,62876868.03746778,0.1780999780393753,0.2478017290485893,0.2478017290485893,0.2129508535439823
CA,california,direct_co2_kg,2035,L2_conditional,200,53820127.84202203,43551431.77911579,53224233.212393045,67028689.86927864,0.1907965750852151,0.2454204877778744,0.2454204877778744,0.2181085314315448
CA,california,direct_co2_kg,2036,L2_conditional,200,57488160.664500915,44213752.13460718,56564388.56273891,71968397.69096053,0.2309068228389278,0.2518820720489879,0.2518820720489879,0.2413944474439578
CA,california,direct_co2_kg,2037,L2_conditional,200,60147573.066810995,45012790.19399464,58430559.93176766,73523823.19577646,0.2516274905390592,0.2223905212951374,0.2516274905390592,0.2370090059170983
CA,california,direct_co2_kg,2038,L2_conditional,200,59870410.60463859,43329524.50330533,58788841.58930844,75886690.31500566,0.2762781469892194,0.2675157819800583,0.2762781469892194,0.2718969644846388
CA,california,direct_co2_kg,2039,L2_conditional,200,57260252.92050463,41878945.59731963,58029685.73145437,76758605.6716911,0.2686210161268257,0.3405215966869089,0.3405215966869089,0.3045713064068673
CA,california,direct_co2_kg,2040,L2_conditional,200,54670264.97334632,40290312.38467272,55596992.1605456,73506545.077819,0.263030599827609,0.3445434206996441,0.3445434206996441,0.3037870102636266
CA,california,direct_co2_kg,2041,L2_conditional,200,52739376.671534024,39828759.208279066,53470774.76561655,70798667.921048,0.2448003423260677,0.3424251932666743,0.3424251932666743,0.293612767796371
CA,california,direct_co2_kg,2042,L2_conditional,200,51772740.44296913,40011409.548765294,52480382.95737925,68381711.72562972,0.2271722685253578,0.3208053338601304,0.3208053338601304,0.2739888011927441
CA,california,direct_co2_kg,2043,L2_conditional,200,51502955.10698528,40375456.296500914,52337758.42788032,67337416.13713884,0.2160555406455727,0.3074476211561297,0.3074476211561297,0.2617515809008512
CA,california,direct_co2_kg,2044,L2_conditional,200,51917281.47521245,41022778.826595835,52580916.90588552,67709256.17689589,0.2098434729063793,0.304175685878761,0.304175685878761,0.2570095793925702
CA,california,direct_co2_kg,2045,L2_conditional,200,52705902.17173104,42093025.50646847,53329762.89656851,68042578.91971861,0.201360307441143,0.2909859449519761,0.2909859449519761,0.2461731261965596
CA,california,direct_co2_kg,2046,L2_conditional,200,54930360.923996806,44408077.563266136,55539243.71487995,70196538.29933238,0.191556785423085,0.2779187523719039,0.2779187523719039,0.2347377688974944
CA,california,direct_co2_kg,2047,L2_conditional,200,57576681.44707652,46579041.4950476,57640770.41932644,72802536.76828586,0.1910085763129256,0.2644448227743843,0.2644448227743843,0.2277266995436549
CA,california,direct_co2_kg,2048,L2_conditional,200,60033617.76778569,48366399.48415381,59791564.145051494,75869321.50586367,0.1943447474506953,0.2637806003851309,0.2637806003851309,0.2290626739179131
CA,california,direct_co2_kg,2049,L2_conditional,200,62241566.75712058,49915121.61602494,61811349.09931086,78682595.19951129,0.1980420124897557,0.2641486919271649,0.2641486919271649,0.2310953522084603
CA,california,direct_co2_kg,2050,L2_conditional,200,64081472.57798124,51373937.696307816,63704528.870494455,81191092.3246351,0.1983027912819813,0.2669979177808848,0.2669979177808848,0.2326503545314331
CA,california,direct_co2_kg,2051,L2_conditional,200,65426794.989240445,52485462.584206395,65105230.14345597,83143839.37051603,0.197798660428992,0.2707918733324655,0.2707918733324655,0.2342952668807287
CA,california,direct_co2_kg,2052,L2_conditional,200,66537715.04237505,53268862.05507626,66424149.32444739,84749724.77563533,0.1994185249500741,0.2737095754139111,0.2737095754139111,0.2365640501819926
CA,california,direct_co2_kg,2053,L2_conditional,200,67426126.94336624,53896635.86712194,67523476.56874269,86024585.36175732,0.2006565064549567,0.2758345950081431,0.2758345950081431,0.2382455507315499
CA,california,direct_co2_kg,2054,L2_conditional,200,68104305.46640906,54388262.981688984,68362058.8247923,86984777.10254386,0.2013975825872742,0.2772287523796448,0.2772287523796448,0.2393131674834595
CA,california,direct_co2_kg,2055,L2_conditional,200,68584925.57843907,54772863.5495512,68977021.3771124,87647203.65152757,0.2013862654569964,0.2779368485468048,0.2779368485468048,0.2396615570019006
CA,california,direct_co2_kg,2056,L2_conditional,200,68881082.50503613,55058780.12894986,69346166.1474362,88029345.61947174,0.2006690643265613,0.2779901595337968,0.2779901595337968,0.239329611930179
CA,california,direct_co2_kg,2057,L2_conditional,200,69006312.23931624,55185697.64429003,69489202.35040301,88148266.31796801,0.2002804402457538,0.2773942478228198,0.2773942478228198,0.2388373440342868
CA,california,direct_co2_kg,2058,L2_conditional,200,68974612.49500223,55171549.577794425,69426272.42302004,88020633.02873924,0.2001180204993242,0.2761308812734114,0.2761308812734114,0.2381244508863678
CA,california,direct_co2_kg,2059,L2_conditional,200,68800464.10441507,55033043.050250046,69177965.21763042,87661365.88836469,0.20010651430012,0.2741391650400112,0.2741391650400112,0.2371228396700656
CA,california,direct_co2_kg,2060,L2_conditional,200,68483157.45721541,54790417.86615571,68797135.23443438,87091399.24206783,0.1999431699628363,0.2717199743086881,0.2717199743086881,0.2358315721357622
CA,california,direct_co2_kg,2061,L2_conditional,200,68006699.5318241,54306501.54188567,68185585.26927002,86332399.42743655,0.2014536521291898,0.2694690379296651,0.2694690379296651,0.2354613450294275
CA,california,direct_co2_kg,2062,L2_conditional,200,67318733.7572928,53576806.53216924,67323368.77382967,85394408.56724457,0.2041322891584376,0.2685088355214878,0.2685088355214878,0.2363205623399627
CA,california,direct_co2_kg,2063,L2_conditional,200,66273741.26043619,52604820.63855657,66219608.87714748,84280330.00917505,0.2062494188786597,0.271700199902376,0.271700199902376,0.2389748093905178
CA,california,direct_co2_kg,2064,L2_conditional,200,64877309.9689906,51385520.24288275,64837912.36313025,82784977.29045859,0.2079585256009615,0.2760235794305792,0.2760235794305792,0.2419910525157704
CA,california,direct_co2_kg,2065,L2_conditional,200,63136847.83348416,49903269.57037871,63346949.95427324,80765511.34456554,0.2096015039903071,0.2792135514521546,0.2792135514521546,0.2444075277212308
CA,california,direct_co2_kg,2066,L2_conditional,200,61061710.05540351,48114333.99276062,61366522.72195793,77986369.92058273,0.2120375608690825,0.2771730410075784,0.2771730410075784,0.2446053009383304
CA,california,direct_co2_kg,2067,L2_conditional,200,58663333.37414591,46028279.505824186,59070669.35182655,75008478.47673701,0.2153824738825742,0.2786262587286716,0.2786262587286716,0.2470043663056229
CA,california,direct_co2_kg,2068,L2_conditional,200,55955377.725959696,43689575.47043636,56560963.37818041,71817140.82748942,0.219206852924751,0.2834716473403572,0.2834716473403572,0.2513392501325541
CA,california,direct_co2_kg,2069,L2_conditional,200,52953875.60016931,41240418.59013634,53520790.10846281,68030397.48384406,0.221201127911316,0.2847104524985239,0.2847104524985239,0.25295579020492
CA,california,direct_co2_kg,2070,L2_conditional,200,49677389.43050196,38319024.11877482,50179374.29470224,63226549.58567594,0.2286425563407947,0.2727429985854849,0.2727429985854849,0.2506927774631398
CA,california,direct_co2_kg,2071,L2_conditional,200,46147177.372288145,35500248.69769514,46397160.811524905,58747034.02718788,0.2307167909469278,0.2730363452839496,0.2730363452839496,0.2518765681154387
CA,california,direct_co2_kg,2072,L2_conditional,200,42370628.29764049,32287494.94699551,42665213.8255965,54719598.24792645,0.2379746007024984,0.2914511879205161,0.2914511879205161,0.2647128943115073
CA,california,direct_co2_kg,2073,L2_conditional,200,38337720.64120937,28824518.44491166,38174059.591088206,50163403.50138852,0.2481420918402732,0.3084607708124325,0.3084607708124325,0.2783014313263529
CA,california,direct_co2_kg,2074,L2_conditional,200,33991556.54944964,25231124.822798528,33768754.15287727,44870926.2883843,0.2577237589548676,0.3200609458148163,0.3200609458148163,0.2888923523848419
CA,california,direct_co2_kg,2075,L2_conditional,200,29365490.350839466,21358153.736725256,29212008.163068578,39007389.938087955,0.272678457551631,0.3283411743530738,0.3283411743530738,0.3005098159523524
CA,california,energy_kwh_eq,2025,L1_only,200,7436948.017971435,7370785.92358083,7433063.434387982,7501498.699836057,0.0088964040397651,0.0086797274511849,0.0088964040397651,0.008788065745475
CA,california,energy_kwh_eq,2026,L1_only,200,24458702.49093178,24261703.951111022,24454723.6731709,24663629.833316702,0.0080543332130473,0.0083785042342659,0.0083785042342659,0.0082164187236566
CA,california,energy_kwh_eq,2027,L1_only,200,51356262.83363056,50941619.78695969,51348297.28538462,51790780.32446171,0.008073855529833,0.0084608471655887,0.0084608471655887,0.0082673513477108
CA,california,energy_kwh_eq,2028,L1_only,200,80692718.54972287,80038630.85855068,80674707.88093007,81371639.75220744,0.0081059072358447,0.0084136612904698,0.0084136612904698,0.0082597842631572
CA,california,energy_kwh_eq,2029,L1_only,200,110252466.00780123,109357346.24086496,110224834.66631234,111177415.25151916,0.0081188185566111,0.0083893746526494,0.0083893746526494,0.0082540966046302
CA,california,energy_kwh_eq,2030,L1_only,200,138759263.67286348,137631945.8885092,138722374.85610497,139921052.6877571,0.0081242704415902,0.0083726951566465,0.0083726951566465,0.0082484827991183
CA,california,energy_kwh_eq,2031,L1_only,200,166327622.01950508,164976002.50229436,166281800.90687743,167717933.56647807,0.0081262480687195,0.0083588734696751,0.0083588734696751,0.0082425607691973
CA,california,energy_kwh_eq,2032,L1_only,200,192637425.30548304,191071991.21114355,192583102.48666257,194245596.3590415,0.0081263238016031,0.0083481755998777,0.0083481755998777,0.0082372497007404
CA,california,energy_kwh_eq,2033,L1_only,200,218766176.70083708,216988531.1309948,218703830.82885677,220590583.51870775,0.0081257788413663,0.008339528739699,0.008339528739699,0.0082326537905327
CA,california,energy_kwh_eq,2034,L1_only,200,246249534.9664786,244248636.4280382,246179680.95921373,248301419.26874363,0.0081254916429091,0.0083325408210186,0.0083325408210186,0.0082290162319638
CA,california,energy_kwh_eq,2035,L1_only,200,274770511.1646149,272537888.10162807,274692865.04600096,277058500.0601087,0.0081254100140654,0.0083269084655269,0.0083269084655269,0.0082261592397962
CA,california,energy_kwh_eq,2036,L1_only,200,303805969.38555646,301331436.8627894,303740357.2081374,306325850.1849479,0.0081451082997867,0.0082943755334626,0.0082943755334626,0.0082197419166246
CA,california,energy_kwh_eq,2037,L1_only,200,330741989.49550194,328048800.2579867,330670579.63992345,333484534.1120316,0.0081428706455544,0.0082920968719846,0.0082920968719846,0.0082174837587695
CA,california,energy_kwh_eq,2038,L1_only,200,348293709.24843276,345458848.33075964,348218542.97125614,351180521.8199652,0.0081392825721438,0.00828844304355,0.00828844304355,0.0082138628078469
CA,california,energy_kwh_eq,2039,L1_only,200,358027514.82624614,355115154.4560136,357950293.65272677,360993247.1051055,0.0081344596424269,0.0082835317288356,0.0082835317288356,0.0082089956856312
CA,california,energy_kwh_eq,2040,L1_only,200,369647883.38207185,366642548.5880967,369568196.99367654,372708293.9337234,0.0081302637701534,0.0082792589630176,0.0082792589630176,0.0082047613665855
CA,california,energy_kwh_eq,2041,L1_only,200,385911849.6235421,382775464.63951373,385828688.4421338,389105711.9906915,0.0081272057001822,0.0082761448508643,0.0082761448508643,0.0082016752755233
CA,california,energy_kwh_eq,2042,L1_only,200,408325687.1686727,405007843.79044986,408237714.6217866,411704333.33608025,0.0081254828742926,0.008274390452472,0.008274390452472,0.0081999366633823
CA,california,energy_kwh_eq,2043,L1_only,200,436622068.8408197,433074527.21575487,436528005.8497846,440234622.7045479,0.0081249709490937,0.0082738691457329,0.0082738691457329,0.0081994200474133
CA,california,energy_kwh_eq,2044,L1_only,200,471053845.0707382,467226304.5598535,470952357.9151772,474951529.07914495,0.0081254840628886,0.00827439166285,0.00827439166285,0.0081999378628693
CA,california,energy_kwh_eq,2045,L1_only,200,510011898.55457664,505867285.9063625,509902004.23801136,514232465.3634829,0.0081265018717414,0.0082754281240648,0.0082754281240648,0.0082009649979031
CA,california,energy_kwh_eq,2046,L1_only,200,551274896.1400859,546794391.367583,551156095.6509609,555837510.6314839,0.0081275327497669,0.008276477893959,0.008276477893959,0.0082020053218629
CA,california,energy_kwh_eq,2047,L1_only,200,595083419.2655551,590246238.435983,594955161.518333,600009246.2585232,0.0081285760499631,0.0082775403136714,0.0082775403136714,0.0082030581818173
CA,california,energy_kwh_eq,2048,L1_only,200,639782809.5939009,634581622.6663022,639644900.2327011,645079313.4597085,0.0081296134400674,0.0082785967149843,0.0082785967149843,0.0082041050775259
CA,california,energy_kwh_eq,2049,L1_only,200,685167931.3829231,679597074.905713,685020220.2414465,690840879.3615543,0.0081306439225287,0.0082796460820649,0.0082796460820649,0.0082051450022968
CA,california,energy_kwh_eq,2050,L1_only,200,730872089.4601295,724928882.1234915,730714505.4435033,736924211.9990768,0.0081316654751832,0.0082806863556902,0.0082806863556902,0.0082061759154367
CA,california,energy_kwh_eq,2051,L1_only,200,774111934.1508665,767816377.1255683,773945007.58971,780522863.537959,0.0081326184852115,0.008281656830578,0.008281656830578,0.0082071376578947
CA,california,energy_kwh_eq,2052,L1_only,200,817568826.5985627,810919075.2867609,817392508.5834031,824340441.2357391,0.0081335675914498,0.008282623330135,0.008282623330135,0.0082080954607924
CA,california,energy_kwh_eq,2053,L1_only,200,861193714.1957678,854188322.7860857,861007966.3909469,868327486.3903399,0.0081345129373407,0.0082835860004319,0.0082835860004319,0.0082090494688863
CA,california,energy_kwh_eq,2054,L1_only,200,904933642.76722,897571596.2060066,904738438.2586118,912430606.1747094,0.0081354545938868,0.0082845449137731,0.0082845449137731,0.00820999975383
CA,california,energy_kwh_eq,2055,L1_only,200,948731548.4535282,941012296.125054,948526872.6415684,956592263.7802478,0.008136392577075,0.0082855000864395,0.0082855000864395,0.0082109463317572
CA,california,energy_kwh_eq,2056,L1_only,200,992526040.1512508,984449531.3443826,992311891.6913348,1000750559.0376648,0.0081373268611042,0.008286451492155,0.008286451492155,0.0082118891766296
CA,california,energy_kwh_eq,2057,L1_only,200,1036251172.1389892,1027817893.38094,1036027563.9313756,1044838999.1417892,0.0081382573885456,0.0082873990724403,0.0082873990724403,0.008212828230493
CA,california,energy_kwh_eq,2058,L1_only,200,1079836206.505937,1071047220.8468156,1079603166.7373774,1088786259.09356,0.0081391840782597,0.0082883427446676,0.0082883427446676,0.0082137634114636
CA,california,energy_kwh_eq,2059,L1_only,200,1123205364.985755,1114062353.3209229,1122962938.2251534,1132515931.458755,0.0081401068316194,0.0082892824084027,0.0082892824084027,0.008214694620011
CA,california,energy_kwh_eq,2060,L1_only,200,1166236198.26602,1156741839.825522,1165984455.5531049,1175904550.29479,0.0081410253382758,0.0082902177476098,0.0082902177476098,0.0082156215429428
CA,california,energy_kwh_eq,2061,L1_only,200,1208759011.5795684,1198917369.2972963,1208498060.6429458,1218781011.7729,0.0081419391193711,0.008291148274655,0.008291148274655,0.0082165436970131
CA,california,energy_kwh_eq,2062,L1_only,200,1250500957.1699753,1240318318.8070395,1250230964.729498,1260870202.5372646,0.0081428473161508,0.0082920731150466,0.0082920731150466,0.0082174602155987
CA,california,energy_kwh_eq,2063,L1_only,200,1290935962.5603423,1280422905.2379494,1290657209.0681543,1301641682.1440866,0.0081437481232935,0.0082929904303784,0.0082929904303784,0.0082183692768359
CA,california,energy_kwh_eq,2064,L1_only,200,1329928229.6601143,1319096440.8630955,1329641025.0096292,1340958521.7906668,0.0081446416095604,0.0082939002906732,0.0082939002906732,0.0082192709501168
CA,california,energy_kwh_eq,2065,L1_only,200,1367338345.4295475,1356200652.8891184,1367043029.747786,1378680147.2947216,0.0081455278261286,0.0082948027480433,0.0082948027480433,0.008220165287086
CA,california,energy_kwh_eq,2066,L1_only,200,1403023218.001431,1391593620.1024878,1402720162.455273,1414662274.681966,0.0081464068108754,0.0082956978410625,0.0082956978410625,0.0082210523259689
CA,california,energy_kwh_eq,2067,L1_only,200,1436836015.955189,1425129712.6422496,1436525623.5708404,1448756848.9524224,0.0081472785919534,0.008296585598398,0.008296585598398,0.0082219320951757
CA,california,energy_kwh_eq,2068,L1_only,200,1468626111.0400672,1456659535.19354,1468308817.535004,1480811986.3246672,0.0081481431908171,0.0082974660418982,0.0082974660418982,0.0082228046163576
CA,california,energy_kwh_eq,2069,L1_only,200,1498239024.6593163,1486029873.911209,1497915299.2858772,1510671920.2725174,0.0081490006248391,0.0082983391892546,0.0082983391892546,0.0082236699070469
CA,california,energy_kwh_eq,2070,L1_only,200,1525516378.4431906,1513083647.3986883,1525186724.8429286,1538176951.6847205,0.0081498509096244,0.0082992050563562,0.0082992050563562,0.0082245279829903
CA,california,energy_kwh_eq,2071,L1_only,200,1550295849.255026,1537659862.0835338,1549960806.322863,1563163403.4948049,0.0081506940611138,0.0083000636594377,0.0083000636594377,0.0082253788602757
CA,california,energy_kwh_eq,2072,L1_only,200,1572367005.257119,1559549808.5200984,1572027157.557165,1585419089.9084554,0.008151529950811,0.008300914867647,0.008300914867647,0.008226222409229
CA,california,energy_kwh_eq,2073,L1_only,200,1591461452.6591015,1578487288.693787,1591117442.976415,1604673381.1197534,0.0081523582890658,0.0083017583860272,0.0083017583860272,0.0082270583375465
CA,california,energy_kwh_eq,2074,L1_only,200,1607174628.032136,1594071046.5911837,1606827186.847824,1620518345.6727495,0.0081531783867174,0.0083025935127858,0.0083025935127858,0.0082278859497516
CA,california,energy_kwh_eq,2075,L1_only,200,1619326696.435522,1606122722.2234232,1618976593.3390098,1632772646.6449466,0.0081539903227455,0.0083034203283511,0.0083034203283511,0.0082287053255483
CA,california,energy_kwh_eq,2025,L2_conditional,200,7436948.017971435,6107454.301024833,7440083.37099213,9310627.300153747,0.1787687252531376,0.2519419629738645,0.2519419629738645,0.215355344113501
CA,california,energy_kwh_eq,2026,L2_conditional,200,24458702.49093178,20123766.363021173,24484570.685409643,30606259.760313727,0.1772349178995824,0.2513443741204667,0.2513443741204667,0.2142896460100245
CA,california,energy_kwh_eq,2027,L2_conditional,200,51356262.83363056,42337959.87684124,51391904.12161149,64255411.44951297,0.1756027884272704,0.2511699236696683,0.2511699236696683,0.2133863560484694
CA,california,energy_kwh_eq,2028,L2_conditional,200,80692718.54972287,66523535.729665086,80882506.29459341,100728795.84321812,0.1755943172409878,0.2483009328920928,0.2483009328920928,0.2119476250665403
CA,california,energy_kwh_eq,2029,L2_conditional,200,110252466.00780123,90686250.2915281,110602709.70380533,137210072.53311518,0.1774673748783874,0.2445079688594582,0.2445079688594582,0.2109876718689228
CA,california,energy_kwh_eq,2030,L2_conditional,200,138759263.67286348,113847602.10004345,139427849.73354357,172120419.87712833,0.1795315203715072,0.2404247134297033,0.2404247134297033,0.2099781169006053
CA,california,energy_kwh_eq,2031,L2_conditional,200,166327622.01950508,136211718.95023778,167101295.77100682,206127452.5688011,0.1810637505881953,0.2392857546212542,0.2392857546212542,0.2101747526047248
CA,california,energy_kwh_eq,2032,L2_conditional,200,192637425.30548304,157873385.45827758,193524481.1984817,238977793.1798077,0.1804635822560278,0.2405574503544076,0.2405574503544076,0.2105105163052177
CA,california,energy_kwh_eq,2033,L2_conditional,200,218766176.70083708,179404972.32716426,219391231.46868855,271643425.4952676,0.179923628813513,0.2417066915547015,0.2417066915547015,0.2108151601841072
CA,california,energy_kwh_eq,2034,L2_conditional,200,246249534.9664786,202058077.6822874,246823620.8094589,305986274.54323447,0.1794580334545885,0.2425862025887184,0.2425862025887184,0.2110221180216535
CA,california,energy_kwh_eq,2035,L2_conditional,200,274770511.1646149,224597895.52835888,274772635.7007135,341607250.4432453,0.1825982541707237,0.2432456779853952,0.2432456779853952,0.2129219660780595
CA,california,energy_kwh_eq,2036,L2_conditional,200,303805969.38555646,241850981.69151697,303079291.065769,379779401.9273587,0.203929461357664,0.2500722177890628,0.2500722177890628,0.2270008395733634
CA,california,energy_kwh_eq,2037,L2_conditional,200,330741989.49550194,256871352.99477527,326398739.89608556,409122019.1723702,0.2233482256468415,0.2369823976581425,0.2369823976581425,0.230165311652492
CA,california,energy_kwh_eq,2038,L2_conditional,200,348293709.24843276,268034976.82273248,344721215.30305433,441356412.9290412,0.2304340569311084,0.2671960509462667,0.2671960509462667,0.2488150539386875
CA,california,energy_kwh_eq,2039,L2_conditional,200,358027514.82624614,277513306.13887787,359733373.7805084,458645926.1788986,0.2248827404408918,0.2810354153967284,0.2810354153967284,0.2529590779188101
CA,california,energy_kwh_eq,2040,L2_conditional,200,369647883.38207185,289587533.809925,373631201.9239562,476454146.2334761,0.2165854402834376,0.2889405503263986,0.2889405503263986,0.2527629953049181
CA,california,energy_kwh_eq,2041,L2_conditional,200,385911849.6235421,308150668.64830625,390932192.327008,490524448.489688,0.2014998530133035,0.2710790015082351,0.2710790015082351,0.2362894272607693
CA,california,energy_kwh_eq,2042,L2_conditional,200,408325687.1686727,330940548.7946504,414995660.9223045,527963303.2440308,0.1895181733743235,0.2929955666147885,0.2929955666147885,0.241256869994556
CA,california,energy_kwh_eq,2043,L2_conditional,200,436622068.8408197,359214612.8505427,441792048.3591687,561358997.0664442,0.1772870899443646,0.2856862653708419,0.2856862653708419,0.2314866776576033
CA,california,energy_kwh_eq,2044,L2_conditional,200,471053845.0707382,389453168.2321264,477074720.09634185,598837027.7600386,0.1732300408806933,0.271270862187976,0.271270862187976,0.2222504515343346
CA,california,energy_kwh_eq,2045,L2_conditional,200,510011898.55457664,421554877.5096304,513973733.81485146,645105555.4208304,0.1734410928365436,0.2648833434065407,0.2648833434065407,0.2191622181215421
CA,california,energy_kwh_eq,2046,L2_conditional,200,551274896.1400859,455409431.6789518,556553822.3508253,696857048.6290795,0.1738977507090645,0.2640826809062592,0.2640826809062592,0.2189902158076619
CA,california,energy_kwh_eq,2047,L2_conditional,200,595083419.2655551,489807174.4157884,599112214.389386,752127210.4032784,0.1769100624240168,0.2639021455706912,0.2639021455706912,0.220406103997354
CA,california,energy_kwh_eq,2048,L2_conditional,200,639782809.5939009,526201639.74558383,643652862.4635496,808750024.6133181,0.1775308247503745,0.2641008987513564,0.2641008987513564,0.2208158617508654
CA,california,energy_kwh_eq,2049,L2_conditional,200,685167931.3829231,563223329.0390555,689234902.9726394,866336753.9177283,0.1779776851169,0.2644152101064322,0.2644152101064322,0.2211964476116661
CA,california,energy_kwh_eq,2050,L2_conditional,200,730872089.4601295,600747589.5117928,735516863.078336,924442243.6842276,0.1780400453442616,0.264848195758962,0.264848195758962,0.2214441205516118
CA,california,energy_kwh_eq,2051,L2_conditional,200,774111934.1508665,636357873.7078295,779693112.3784151,979475658.3501952,0.1779510873891141,0.2652894434764073,0.2652894434764073,0.2216202654327607
CA,california,energy_kwh_eq,2052,L2_conditional,200,817568826.5985627,672002010.0133035,824371977.4033234,1034829701.6564826,0.1780483940304813,0.26574016521865,0.26574016521865,0.2218942796245656
CA,california,energy_kwh_eq,2053,L2_conditional,200,861193714.1957678,707642618.9882051,869692042.806318,1090443002.637394,0.1783002972228583,0.2661994446344889,0.2661994446344889,0.2222498709286736
CA,california,energy_kwh_eq,2054,L2_conditional,200,904933642.76722,743239358.4819225,915244289.6498556,1146245947.1159248,0.1786808188397641,0.2666629827252191,0.2666629827252191,0.2226719007824916
CA,california,energy_kwh_eq,2055,L2_conditional,200,948731548.4535282,778748768.8369625,960604910.711028,1202138206.540265,0.1791684696199306,0.2671004864334914,0.2671004864334914,0.223134478026711
CA,california,energy_kwh_eq,2056,L2_conditional,200,992526040.1512508,814124111.0452763,1005510214.452848,1257878359.6847153,0.1797453385492917,0.2673504863338673,0.2673504863338673,0.2235479124415795
CA,california,energy_kwh_eq,2057,L2_conditional,200,1036251172.1389892,849315197.5791221,1050168580.9599392,1313548576.853309,0.1803963938337471,0.267596710305218,0.267596710305218,0.2239965520694825
CA,california,energy_kwh_eq,2058,L2_conditional,200,1079836206.505937,884268215.6084392,1093949454.7331326,1369062425.818622,0.1811089401514919,0.2678426761115409,0.2678426761115409,0.2244758081315164
CA,california,energy_kwh_eq,2059,L2_conditional,200,1123205364.985755,918925542.3064595,1137502176.642895,1424327037.6596684,0.1818721927862996,0.2680913767516882,0.2680913767516882,0.2249817847689939
CA,california,energy_kwh_eq,2060,L2_conditional,200,1166236198.26602,953225551.9346608,1181145123.1142595,1475909074.2918828,0.1826479461433859,0.2655318678037001,0.2655318678037001,0.224089906973543
CA,california,energy_kwh_eq,2061,L2_conditional,200,1208759011.5795684,987102414.3872012,1224271997.6755106,1526326136.795437,0.1833753420400259,0.2627216195897327,0.2627216195897327,0.2230484808148793
CA,california,energy_kwh_eq,2062,L2_conditional,200,1250500957.1699753,1020485884.8636724,1267503108.8779416,1575758927.4749658,0.1839383416601719,0.2601021362199402,0.2601021362199402,0.222020238940056
CA,california,energy_kwh_eq,2063,L2_conditional,200,1290935962.5603423,1053265910.6342824,1309003388.101773,1624074330.1359465,0.184106771225649,0.2580595608436558,0.2580595608436558,0.2210831660346524
CA,california,energy_kwh_eq,2064,L2_conditional,200,1329928229.6601143,1084936661.5026083,1348559084.8393774,1671158964.9609735,0.1842141272691967,0.2565783082806405,0.2565783082806405,0.2203962177749185
CA,california,energy_kwh_eq,2065,L2_conditional,200,1367338345.4295475,1115203779.555868,1386471301.1591425,1716366257.094969,0.1843980801946075,0.2552608232132733,0.2552608232132733,0.2198294517039404
CA,california,energy_kwh_eq,2066,L2_conditional,200,1403023218.001431,1143952568.594019,1422884321.1370597,1759466925.8230698,0.1846517192897572,0.2540540336384335,0.2540540336384335,0.2193528764640953
CA,california,energy_kwh_eq,2067,L2_conditional,200,1436836015.955189,1171140558.239395,1457395955.9621286,1800154873.1154308,0.1849170362973977,0.2528603494941713,0.2528603494941713,0.2188886928957845
CA,california,energy_kwh_eq,2068,L2_conditional,200,1468626111.0400672,1197323588.0252223,1489831142.972648,1837941390.426437,0.184732193561989,0.2514699123283489,0.2514699123283489,0.2181010529451689
CA,california,energy_kwh_eq,2069,L2_conditional,200,1498239024.6593163,1223024900.243362,1519984174.8314445,1872646171.0377932,0.1836917340199005,0.2498981405611251,0.2498981405611251,0.2167949372905128
CA,california,energy_kwh_eq,2070,L2_conditional,200,1525516378.4431906,1246883874.5472095,1547579678.957481,1904085351.2668085,0.1826479924000089,0.248157920932945,0.248157920932945,0.215402956666477
CA,california,energy_kwh_eq,2071,L2_conditional,200,1550295849.255026,1268762027.898499,1572833142.2955394,1933876694.5633235,0.1816000613636516,0.2474242871079233,0.2474242871079233,0.2145121742357874
CA,california,energy_kwh_eq,2072,L2_conditional,200,1572367005.257119,1288560731.4174583,1596006172.8183477,1960776399.0334096,0.1804962027890247,0.2470220962902847,0.2470220962902847,0.2137591495396547
CA,california,energy_kwh_eq,2073,L2_conditional,200,1591461452.6591015,1305981383.574463,1617096422.66894,1983849173.951421,0.1793823335196983,0.2465581058445974,0.2465581058445974,0.2129702196821479
CA,california,energy_kwh_eq,2074,L2_conditional,200,1607174628.032136,1320704461.987564,1634811665.5559666,2003002304.611766,0.1782445796791435,0.2462879077827972,0.2462879077827972,0.2122662437309703
CA,california,energy_kwh_eq,2075,L2_conditional,200,1619326696.435522,1332568234.594527,1648406949.1856494,2018054976.3377717,0.1770849961729221,0.2462309062031362,0.2462309062031362,0.2116579511880292
CA,california,intensity_kg_per_kwh_eq,2025,L1_only,200,0.255774212442976,0.2535174822609694,0.2556378265938048,0.2578790731097224,0.0088231341246324,0.0082293701411188,0.0088231341246324,0.0085262521328756
CA,california,intensity_kg_per_kwh_eq,2026,L1_only,200,0.2520308179139388,0.2494580852890959,0.251921049305598,0.2545306160205715,0.0102080080767,0.0099186207755208,0.0102080080767,0.0100633144261104
CA,california,intensity_kg_per_kwh_eq,2027,L1_only,200,0.2477050310176774,0.2448405716874468,0.2475654319238674,0.2504697710447809,0.0115639933450773,0.0111614205643899,0.0115639933450773,0.0113627069547336
CA,california,intensity_kg_per_kwh_eq,2028,L1_only,200,0.2430031085106397,0.2400010260435857,0.2428508014566346,0.245881476289293,0.0123540907993057,0.0118449833678869,0.0123540907993057,0.0120995370835963
CA,california,intensity_kg_per_kwh_eq,2029,L1_only,200,0.2377208722822746,0.2346959154725064,0.237573523617153,0.240604925490635,0.012724826308799,0.0121320992164956,0.012724826308799,0.0124284627626473
CA,california,intensity_kg_per_kwh_eq,2030,L1_only,200,0.2317893315741705,0.2288477119252434,0.2316702260076253,0.2345926423174595,0.0126909190727176,0.0120942181603039,0.0126909190727176,0.0123925686165107
CA,california,intensity_kg_per_kwh_eq,2031,L1_only,200,0.2257031881907145,0.2229767820585681,0.2255809320560556,0.2283514617228583,0.0120796084184801,0.0117334343097806,0.0120796084184801,0.0119065213641303
CA,california,intensity_kg_per_kwh_eq,2032,L1_only,200,0.2193380059627618,0.216964193929801,0.2192001246107451,0.2217339898726774,0.0108226206513601,0.010923706082759,0.010923706082759,0.0108731633670596
CA,california,intensity_kg_per_kwh_eq,2033,L1_only,200,0.212432487664771,0.2104217619245516,0.2123390414269228,0.2144001701214883,0.0094652459344753,0.0092626249325027,0.0094652459344753,0.009363935433489
CA,california,intensity_kg_per_kwh_eq,2034,L1_only,200,0.2046302801392248,0.2031411714907151,0.2045435734958191,0.2060860562131025,0.0072770689044482,0.0071141772023539,0.0072770689044482,0.0071956230534011
CA,california,intensity_kg_per_kwh_eq,2035,L1_only,200,0.1958730127694758,0.1948677585112776,0.1957967682074068,0.1969760878647108,0.0051321733606118,0.0056315828282744,0.0056315828282744,0.0053818780944431
CA,california,intensity_kg_per_kwh_eq,2036,L1_only,200,0.1892265671433973,0.1882485123302305,0.1891638464513915,0.1902906644921115,0.0051686971228813,0.0056234035462253,0.0056234035462253,0.0053960503345533
CA,california,intensity_kg_per_kwh_eq,2037,L1_only,200,0.1818564771850022,0.1809176338886812,0.1817962723358116,0.1828778650636357,0.0051625507700002,0.005616450370335,0.005616450370335,0.0053895005701676
CA,california,intensity_kg_per_kwh_eq,2038,L1_only,200,0.1718963306395347,0.1709906116153052,0.171838250173616,0.1728816721806615,0.0052689840490475,0.0057321848433926,0.0057321848433926,0.00550058444622
CA,california,intensity_kg_per_kwh_eq,2039,L1_only,200,0.1599325486151351,0.1590698173741178,0.1598772239075193,0.16087115523946,0.0053943443563413,0.0058687655042852,0.0058687655042852,0.0056315549303133
CA,california,intensity_kg_per_kwh_eq,2040,L1_only,200,0.1478982226900473,0.1471091833039003,0.1478476227787873,0.1487566877919277,0.0053350160116572,0.0058044314952953,0.0058044314952953,0.0055697237534762
CA,california,intensity_kg_per_kwh_eq,2041,L1_only,200,0.1366617187914323,0.1359805015419789,0.1366180330365753,0.1374028857790508,0.0049846969252088,0.0054233694276128,0.0054233694276128,0.0052040331764108
CA,california,intensity_kg_per_kwh_eq,2042,L1_only,200,0.126792758990895,0.1262509423470646,0.1267580135097729,0.127382232697019,0.004273245949868,0.0046491117538212,0.0046491117538212,0.0044611788518446
CA,california,intensity_kg_per_kwh_eq,2043,L1_only,200,0.1179577460290075,0.1175792271216531,0.1179334742220262,0.1183694929863471,0.0032089364208551,0.0034906309352363,0.0034906309352363,0.0033497836780457
CA,california,intensity_kg_per_kwh_eq,2044,L1_only,200,0.110215173951963,0.1100188499560721,0.1102025885123075,0.1104286029875007,0.0017812791909802,0.001936475966828,0.001936475966828,0.0018588775789041
CA,california,intensity_kg_per_kwh_eq,2045,L1_only,200,0.1033424951870823,0.1033418745922608,0.1033424788620474,0.1033431168740347,6.005223894964355e-06,6.015791967880804e-06,6.015791967880804e-06,6.01050793142258e-06
CA,california,intensity_kg_per_kwh_eq,2046,L1_only,200,0.0996424130839404,0.0996418162371367,0.099642397383624,0.099643010979839,5.989887088982722e-06,6.000415687231737e-06,6.000415687231737e-06,5.99515138810723e-06
CA,california,intensity_kg_per_kwh_eq,2047,L1_only,200,0.0967539668944851,0.0967533906439155,0.0967539517359772,0.0967545441567315,5.955834040617806e-06,5.966290220059289e-06,5.966290220059289e-06,5.961062130338547e-06
CA,california,intensity_kg_per_kwh_eq,2048,L1_only,200,0.093834371395336,0.093833815763571,0.0938343567792291,0.0938349280014138,5.921409785987873e-06,5.931793110194939e-06,5.931793110194939e-06,5.926601448091406e-06
CA,california,intensity_kg_per_kwh_eq,2049,L1_only,200,0.090841330871242,0.0908407960441289,0.0908413168024236,0.090841866635072,5.887486543332321e-06,5.897798115816971e-06,5.897798115816971e-06,5.892642329574646e-06
CA,california,intensity_kg_per_kwh_eq,2050,L1_only,200,0.0876780951169117,0.0876775816763178,0.0876780816106869,0.0876786094557049,5.855973412152899e-06,5.866217697415059e-06,5.866217697415059e-06,5.861095554783979e-06
CA,california,intensity_kg_per_kwh_eq,2051,L1_only,200,0.0845185200006094,0.0845180258797123,0.0845185070026077,0.0845190149849563,5.8463032367636406e-06,5.856519339799855e-06,5.856519339799855e-06,5.851411288281748e-06
CA,california,intensity_kg_per_kwh_eq,2052,L1_only,200,0.0813848484404677,0.0813843735664125,0.0813848359487717,0.0813853241434287,5.8349196971813045e-06,5.845104711671113e-06,5.845104711671113e-06,5.840012204426208e-06
CA,california,intensity_kg_per_kwh_eq,2053,L1_only,200,0.0782937982847827,0.0782933424939412,0.0782937862950871,0.0782942548703486,5.821544636804445e-06,5.83169517853573e-06,5.83169517853573e-06,5.8266199076700875e-06
CA,california,intensity_kg_per_kwh_eq,2054,L1_only,200,0.0752588944070541,0.0752584574556583,0.0752588829129456,0.0752593321194938,5.805976812073783e-06,5.816089156387809e-06,5.816089156387809e-06,5.8110329842307954e-06
CA,california,intensity_kg_per_kwh_eq,2055,L1_only,200,0.0722911825692266,0.0722907641424851,0.0722911715624236,0.0722916017239537,5.7880743761394885e-06,5.798144562184234e-06,5.798144562184234e-06,5.793109469161861e-06
CA,california,intensity_kg_per_kwh_eq,2056,L1_only,200,0.0693997736266338,0.0693993733466736,0.0693997630971954,0.0694001746022516,5.76774158391941e-06,5.777765500756343e-06,5.777765500756343e-06,5.772753542337876e-06
CA,california,intensity_kg_per_kwh_eq,2057,L1_only,200,0.0665922645924502,0.0665918820253115,0.06659225452896,0.0665926478237431,5.7449185886594074e-06,5.7548920323907495e-06,5.7548920323907495e-06,5.749905310525078e-06
CA,california,intensity_kg_per_kwh_eq,2058,L1_only,200,0.0638750692738723,0.0638747039357194,0.063875059663602,0.0638754352455846,5.719573490311041e-06,5.729492217487579e-06,5.729492217487579e-06,5.72453285389931e-06
CA,california,intensity_kg_per_kwh_eq,2059,L1_only,200,0.0612536818725822,0.0612533332352406,0.0612536727016374,0.0612540311138708,5.691696090371541e-06,5.701555855560982e-06,5.701555855560982e-06,5.696625972966262e-06
CA,california,intensity_kg_per_kwh_eq,2060,L1_only,200,0.0587215158979264,0.0587211834464316,0.05872150715276,0.058721848924712,5.66149374331552e-06,5.6712906751775275e-06,5.6712906751775275e-06,5.6663922092465235e-06
CA,california,intensity_kg_per_kwh_eq,2061,L1_only,200,0.0562615863710956,0.0562612696550579,0.0562615780398593,0.0562619036346095,5.629347804739949e-06,5.63907871064882e-06,5.63907871064882e-06,5.634213257694384e-06
CA,california,intensity_kg_per_kwh_eq,2062,L1_only,200,0.0538334124186859,0.0538331111654689,0.0538334044942071,0.0538337141920969,5.596026769531665e-06,5.60568980137005e-06,5.60568980137005e-06,5.600858285450858e-06
CA,california,intensity_kg_per_kwh_eq,2063,L1_only,200,0.0513377450024662,0.0513374593973661,0.0513377374896185,0.0513380311002195,5.563257601298434e-06,5.5728539163523095e-06,5.5728539163523095e-06,5.568055758825372e-06
CA,california,intensity_kg_per_kwh_eq,2064,L1_only,200,0.0487825647445434,0.048782294933937,0.0487825576471764,0.0487828350200709,5.5308819414984385e-06,5.540412418584456e-06,5.540412418584456e-06,5.535647180041447e-06
CA,california,intensity_kg_per_kwh_eq,2065,L1_only,200,0.046174999804931,0.046174745899537,0.0461749931259563,0.0461752541473844,5.4987632938809154e-06,5.5082285744023395e-06,5.5082285744023395e-06,5.503495934141628e-06
CA,california,intensity_kg_per_kwh_eq,2066,L1_only,200,0.0435215249982707,0.0435212870755508,0.0435215187397252,0.0435217633301153,5.4667826985000785e-06,5.476183214602335e-06,5.476183214602335e-06,5.471482956551206e-06
CA,california,intensity_kg_per_kwh_eq,2067,L1_only,200,0.0408281339851766,0.0408279120910003,0.0408281281482662,0.0408283562605244,5.434835116016936e-06,5.444171117123938e-06,5.444171117123938e-06,5.439503116570437e-06
CA,california,intensity_kg_per_kwh_eq,2068,L1_only,200,0.0381004922255757,0.0381002863752319,0.0381004868107018,0.0381006984291711,5.4028263622849816e-06,5.412097935168283e-06,5.412097935168283e-06,5.407462148726632e-06
CA,california,intensity_kg_per_kwh_eq,2069,L1_only,200,0.0353440770989198,0.0353438872775292,0.0353440721056901,0.0353442672457261,5.370670453606371e-06,5.37987753451973e-06,5.37987753451973e-06,5.37527399406305e-06
CA,california,intensity_kg_per_kwh_eq,2070,L1_only,200,0.0325643107687892,0.0325641369311443,0.0325643061960139,0.0325644849041497,5.3382872488804184e-06,5.347429637626402e-06,5.347429637626402e-06,5.3428584432534105e-06
CA,california,intensity_kg_per_kwh_eq,2071,L1_only,200,0.0297666909154556,0.0297665329852913,0.0297666867611278,0.029766849115823,5.305600301773803e-06,5.314677666841437e-06,5.314677666841437e-06,5.3101389843076205e-06
CA,california,intensity_kg_per_kwh_eq,2072,L1_only,200,0.0269470347291546,0.0269468926459882,0.0269470309916827,0.0269471770551714,5.272682795361948e-06,5.281694931315774e-06,5.281694931315774e-06,5.2771888633388615e-06
CA,california,intensity_kg_per_kwh_eq,2073,L1_only,200,0.024089631939971,0.0240895057157352,0.024089628619668,0.0240897583797394,5.239774359626931e-06,5.248721472712764e-06,5.248721472712764e-06,5.244247916169847e-06
CA,california,intensity_kg_per_kwh_eq,2074,L1_only,200,0.021149883750386,0.0211497736119148,0.0211498808532182,0.0211499940767402,5.207521351799512e-06,5.216404757967615e-06,5.216404757967615e-06,5.211963054883563e-06
CA,california,intensity_kg_per_kwh_eq,2075,L1_only,200,0.0181343828984472,0.018134289038516,0.0181343804294847,0.0181344769183382,5.175799572170457e-06,5.184620368699906e-06,5.184620368699906e-06,5.180209970435181e-06
CA,california,intensity_kg_per_kwh_eq,2025,L2_conditional,200,0.255774212442976,0.2533183041711803,0.2555408799117133,0.2579259691114531,0.0096018603608963,0.0084127193587071,0.0096018603608963,0.0090072898598017
CA,california,intensity_kg_per_kwh_eq,2026,L2_conditional,200,0.2520308179139388,0.2491372315831352,0.2517231986265686,0.2546284837542561,0.0114810813802606,0.0103069373095649,0.0114810813802606,0.0108940093449127
CA,california,intensity_kg_per_kwh_eq,2027,L2_conditional,200,0.2477050310176774,0.244421644439929,0.2473787877964368,0.2506470102910776,0.0132552276562927,0.0118769459841542,0.0132552276562927,0.0125660868202235
CA,california,intensity_kg_per_kwh_eq,2028,L2_conditional,200,0.2430031085106397,0.2393663989740247,0.2426240478264906,0.2462315066114686,0.0149656914222382,0.0132854189422336,0.0149656914222382,0.0141255551822359
CA,california,intensity_kg_per_kwh_eq,2029,L2_conditional,200,0.2377208722822746,0.2337114675162003,0.2372893975825953,0.2409902029501509,0.0168660190734679,0.0137528128535313,0.0168660190734679,0.0153094159634996
CA,california,intensity_kg_per_kwh_eq,2030,L2_conditional,200,0.2317893315741705,0.2274000129284556,0.2312894090063157,0.2350584172897009,0.0189366724339957,0.0141036936140625,0.0189366724339957,0.0165201830240291
CA,california,intensity_kg_per_kwh_eq,2031,L2_conditional,200,0.2257031881907145,0.2211222694264678,0.2251145805751565,0.2289104715085752,0.0202962076033056,0.0142101817150698,0.0202962076033056,0.0172531946591877
CA,california,intensity_kg_per_kwh_eq,2032,L2_conditional,200,0.2193380059627618,0.2146477620473096,0.2186581823301735,0.2227053763192239,0.0213836352476391,0.01535242532037,0.0213836352476391,0.0183680302840045
CA,california,intensity_kg_per_kwh_eq,2033,L2_conditional,200,0.212432487664771,0.2075617118291201,0.2117284147949679,0.2160419903898669,0.0229285825779025,0.0169912933976082,0.0229285825779025,0.0199599379877553
CA,california,intensity_kg_per_kwh_eq,2034,L2_conditional,200,0.2046302801392248,0.1993091006798305,0.2037756784936953,0.208379003579063,0.0260038712539211,0.0183194952246935,0.0260038712539211,0.0221616832393073
CA,california,intensity_kg_per_kwh_eq,2035,L2_conditional,200,0.1958730127694758,0.1892452304127169,0.1946910281135901,0.1995129067871752,0.0338371389863656,0.0185829276133266,0.0338371389863656,0.0262100332998461
CA,california,intensity_kg_per_kwh_eq,2036,L2_conditional,200,0.1892265671433973,0.1811617130278725,0.187600497626457,0.1931418638229176,0.0426200941932913,0.0206910516775018,0.0426200941932913,0.0316555729353966
CA,california,intensity_kg_per_kwh_eq,2037,L2_conditional,200,0.1818564771850022,0.1691243156465816,0.1798533706482899,0.1867878911023958,0.0700121421876447,0.0271170650269274,0.0700121421876447,0.0485646036072861
CA,california,intensity_kg_per_kwh_eq,2038,L2_conditional,200,0.1718963306395347,0.1563224378368908,0.1699560523226723,0.1797573210721296,0.0906004959192656,0.0457309961378946,0.0906004959192656,0.0681657460285801
CA,california,intensity_kg_per_kwh_eq,2039,L2_conditional,200,0.1599325486151351,0.144612336102735,0.1588695339191465,0.1708020265392559,0.0957917112248797,0.0679628882190661,0.0957917112248797,0.0818772997219729
CA,california,intensity_kg_per_kwh_eq,2040,L2_conditional,200,0.1478982226900473,0.1337744843019698,0.1466545418617699,0.160381821414079,0.0954963361370263,0.0844066851986027,0.0954963361370263,0.0899515106678145
CA,california,intensity_kg_per_kwh_eq,2041,L2_conditional,200,0.1366617187914323,0.124490599130815,0.1351177081429436,0.14896260974688,0.0890601974587508,0.0900097778970627,0.0900097778970627,0.0895349876779068
CA,california,intensity_kg_per_kwh_eq,2042,L2_conditional,200,0.126792758990895,0.1165134831472085,0.1257006045239948,0.1375975909007161,0.0810714738404319,0.0852164744723078,0.0852164744723078,0.0831439741563699
CA,california,intensity_kg_per_kwh_eq,2043,L2_conditional,200,0.1179577460290075,0.1095350249109897,0.1172321643449562,0.1275396073446344,0.0714045613922342,0.081231302209441,0.081231302209441,0.0763179318008376
CA,california,intensity_kg_per_kwh_eq,2044,L2_conditional,200,0.110215173951963,0.1028677580159362,0.109596477262428,0.1180954271519787,0.0666642865276349,0.0714988047240234,0.0714988047240234,0.0690815456258291
CA,california,intensity_kg_per_kwh_eq,2045,L2_conditional,200,0.1033424951870823,0.0963998184814071,0.1027553635107442,0.1101235760475872,0.0671812374290626,0.0656175453111431,0.0671812374290626,0.0663993913701029
CA,california,intensity_kg_per_kwh_eq,2046,L2_conditional,200,0.0996424130839404,0.0930563591862102,0.0993276512102859,0.1056006634624674,0.0660968928179403,0.0597963276291561,0.0660968928179403,0.0629466102235482
CA,california,intensity_kg_per_kwh_eq,2047,L2_conditional,200,0.0967539668944851,0.0900297311220473,0.0961272923820206,0.1018372295890551,0.0694982954008584,0.052538028751974,0.0694982954008584,0.0610181620764162
CA,california,intensity_kg_per_kwh_eq,2048,L2_conditional,200,0.093834371395336,0.0870637180462494,0.0929522441035482,0.098820362657191,0.0721553653358107,0.0531360863584665,0.0721553653358107,0.0626457258471386
CA,california,intensity_kg_per_kwh_eq,2049,L2_conditional,200,0.090841330871242,0.0840648962428378,0.0898959751895028,0.0957357056029458,0.074596382102868,0.0538782807865404,0.074596382102868,0.0642373314447042
CA,california,intensity_kg_per_kwh_eq,2050,L2_conditional,200,0.0876780951169117,0.0808452480131667,0.0866368499021062,0.0925953926601051,0.0779310624236751,0.0560835353076116,0.0779310624236751,0.0670072988656434
CA,california,intensity_kg_per_kwh_eq,2051,L2_conditional,200,0.0845185200006094,0.0777484773279929,0.0834769200209689,0.0895784639406276,0.0801012922678678,0.0598678720354037,0.0801012922678678,0.0699845821516358
CA,california,intensity_kg_per_kwh_eq,2052,L2_conditional,200,0.0813848484404677,0.0750129786725495,0.0804235579004813,0.0865195435790548,0.0782930716222827,0.0630915365326643,0.0782930716222827,0.0706923040774735
CA,california,intensity_kg_per_kwh_eq,2053,L2_conditional,200,0.0782937982847827,0.0721452812009647,0.0773345661878202,0.0834445170136463,0.0785313424372842,0.065787059022589,0.0785313424372842,0.0721592007299366
CA,california,intensity_kg_per_kwh_eq,2054,L2_conditional,200,0.0752588944070541,0.0692625720759113,0.0743540517366431,0.080374552753464,0.079675929049799,0.0679741363026241,0.079675929049799,0.0738250326762116
CA,california,intensity_kg_per_kwh_eq,2055,L2_conditional,200,0.0722911825692266,0.0664518303586888,0.0714385304649371,0.0773271688048518,0.0807754418036523,0.0696625239295638,0.0807754418036523,0.0752189828666081
CA,california,intensity_kg_per_kwh_eq,2056,L2_conditional,200,0.0693997736266338,0.0637182906489271,0.0686089218134421,0.0743170334891384,0.0818660159941258,0.0708541196252177,0.0818660159941258,0.0763600678096718
CA,california,intensity_kg_per_kwh_eq,2057,L2_conditional,200,0.0665922645924502,0.061069177702107,0.0658987262853832,0.0713565764037382,0.0829388657097768,0.0715445230830631,0.0829388657097768,0.07724169439642
CA,california,intensity_kg_per_kwh_eq,2058,L2_conditional,200,0.0638750692738723,0.0585104621148481,0.0632293030982623,0.068456461796771,0.0839859309744586,0.0717242669946151,0.0839859309744586,0.0778550989845368
CA,california,intensity_kg_per_kwh_eq,2059,L2_conditional,200,0.0612536818725822,0.0560475806870762,0.0605894004513648,0.0656259610727273,0.0849924612913154,0.0713798594056783,0.0849924612913154,0.0781861603484968
CA,california,intensity_kg_per_kwh_eq,2060,L2_conditional,200,0.0587215158979264,0.0536733486306638,0.058015627684945,0.0628732506657258,0.0859679316868732,0.0707021047449834,0.0859679316868732,0.0783350182159283
CA,california,intensity_kg_per_kwh_eq,2061,L2_conditional,200,0.0562615863710956,0.0513690206332006,0.0555546331423586,0.060205654345577,0.0869610342236738,0.0701023243188838,0.0869610342236738,0.0785316792712788
CA,california,intensity_kg_per_kwh_eq,2062,L2_conditional,200,0.0538334124186859,0.0490888143004604,0.0530889659738634,0.0576298440517042,0.088134820087656,0.0705218462372736,0.088134820087656,0.0793283331624648
CA,california,intensity_kg_per_kwh_eq,2063,L2_conditional,200,0.0513377450024662,0.0467707408871442,0.0505723084084564,0.0551409858972126,0.088959967273642,0.0740827415493935,0.088959967273642,0.0815213544115178
CA,california,intensity_kg_per_kwh_eq,2064,L2_conditional,200,0.0487825647445434,0.0443954438056993,0.0480500027298486,0.0526149761269328,0.0899321501814823,0.0785610884228473,0.0899321501814823,0.0842466193021648
CA,california,intensity_kg_per_kwh_eq,2065,L2_conditional,200,0.046174999804931,0.041944158668096,0.0454741935674462,0.0500028277224468,0.0916262296634207,0.0828982768529871,0.0916262296634207,0.0872622532582039
CA,california,intensity_kg_per_kwh_eq,2066,L2_conditional,200,0.0435215249982707,0.0393785419839151,0.0428411608811752,0.0473129682223955,0.0951938842795644,0.0871165067004308,0.0951938842795644,0.0911551954899976
CA,california,intensity_kg_per_kwh_eq,2067,L2_conditional,200,0.0408281339851766,0.0367550549597819,0.0401460029595686,0.044551448208198,0.099761576830172,0.0911948173867855,0.099761576830172,0.0954781971084788
CA,california,intensity_kg_per_kwh_eq,2068,L2_conditional,200,0.0381004922255757,0.0341983096599127,0.037477226633757,0.0416334932563814,0.1024181667407323,0.092728487860166,0.1024181667407323,0.0975733273004492
CA,california,intensity_kg_per_kwh_eq,2069,L2_conditional,200,0.0353440770989198,0.0314624527660492,0.0347674618552269,0.0386359314098628,0.1098238984146299,0.0931373678743943,0.1098238984146299,0.1014806331445121
CA,california,intensity_kg_per_kwh_eq,2070,L2_conditional,200,0.0325643107687892,0.0287910952569251,0.0320810764988714,0.0357193729476886,0.11586965677408,0.0968871167365004,0.11586965677408,0.1063783867552902
CA,california,intensity_kg_per_kwh_eq,2071,L2_conditional,200,0.0297666909154556,0.0259638871283979,0.0291839663103317,0.0328709510540508,0.1277536625706395,0.1042863698693282,0.1277536625706395,0.1160200162199838
CA,california,intensity_kg_per_kwh_eq,2072,L2_conditional,200,0.0269470347291546,0.0232630497947218,0.0264065191712852,0.029980739380296,0.1367120713451633,0.1125802776310362,0.1367120713451633,0.1246461744880997
CA,california,intensity_kg_per_kwh_eq,2073,L2_conditional,200,0.024089631939971,0.0204547657245307,0.0235792293648857,0.0269922148343241,0.1508892383452768,0.1204909606583495,0.1508892383452768,0.1356900995018131
CA,california,intensity_kg_per_kwh_eq,2074,L2_conditional,200,0.021149883750386,0.0175192916350923,0.0206083965349911,0.0239905027647978,0.1716601451876742,0.134308965852352,0.1716601451876742,0.1529845555200131
CA,california,intensity_kg_per_kwh_eq,2075,L2_conditional,200,0.0181343828984472,0.0145440898535864,0.017691556673715,0.0209584681486991,0.1979826424183533,0.1557309816422626,0.1979826424183533,0.1768568120303079
OH,ohio,direct_co2_kg,2025,L1_only,200,402937.95675634954,399701.7992867724,402521.62869133824,406294.4025381662,0.0080314038807071,0.0083299320045102,0.0083299320045102,0.0081806679426086
OH,ohio,direct_co2_kg,2026,L1_only,200,1258735.93162701,1245067.18977184,1257915.3156664455,1272969.631158434,0.0108591019861505,0.0113079313728859,0.0113079313728859,0.0110835166795182
OH,ohio,direct_co2_kg,2027,L1_only,200,2648137.145659028,2613408.9677635306,2645996.4645794467,2684744.043991839,0.0131141915940516,0.0138236414200899,0.0138236414200899,0.0134689165070708
OH,ohio,direct_co2_kg,2028,L1_only,200,4204768.40897369,4142381.808892118,4200425.480754961,4271808.412194357,0.0148371073061785,0.015943803962566,0.015943803962566,0.0153904556343722
OH,ohio,direct_co2_kg,2029,L1_only,200,5815668.660125037,5717928.29976767,5810074.572454086,5919689.898440265,0.0168063839378471,0.0178863763385364,0.0178863763385364,0.0173463801381917
OH,ohio,direct_co2_kg,2030,L1_only,200,7410729.340090482,7273211.354005438,7402632.241058153,7557816.805726726,0.0185566062089327,0.0198479068504812,0.0198479068504812,0.0192022565297069
OH,ohio,direct_co2_kg,2031,L1_only,200,8948517.262157492,8768940.182279319,8938016.052110344,9140964.111990295,0.0200678028121585,0.0215060042010139,0.0215060042010139,0.0207869035065862
OH,ohio,direct_co2_kg,2032,L1_only,200,10406249.45934782,10183431.059349088,10391963.556741148,10650415.683591314,0.0214119794907065,0.0234634221673555,0.0234634221673555,0.022437700829031
OH,ohio,direct_co2_kg,2033,L1_only,200,11905692.089749929,11641894.03539377,11886964.630111326,12193051.084743995,0.0221573052929255,0.0241362696790609,0.0241362696790609,0.0231467874859932
OH,ohio,direct_co2_kg,2034,L1_only,200,13549421.424260058,13241524.426562324,13527281.368398383,13879865.31544241,0.0227239959594472,0.0243880443921167,0.0243880443921167,0.0235560201757819
OH,ohio,direct_co2_kg,2035,L1_only,200,15332440.167092526,14973790.977125552,15303845.438955026,15708242.166809363,0.0233915271188684,0.024510253790092,0.024510253790092,0.0239508904544802
OH,ohio,direct_co2_kg,2036,L1_only,200,17145104.147154365,16737860.048289465,17113370.995884307,17565806.342477087,0.023752792363906,0.0245377451027352,0.0245377451027352,0.0241452687333206
OH,ohio,direct_co2_kg,2037,L1_only,200,18919060.98105581,18456155.597643875,18883579.17354136,19383116.673264757,0.0244676722526269,0.0245284738324813,0.0245284738324813,0.0244980730425541
OH,ohio,direct_co2_kg,2038,L1_only,200,20309506.534330647,19801686.63936236,20263545.354155418,20813616.34172251,0.0250040489221085,0.0248213715355284,0.0250040489221085,0.0249127102288184
OH,ohio,direct_co2_kg,2039,L1_only,200,21356266.157595508,20781756.628861777,21309740.797202013,21905435.62534488,0.026901215994136,0.0257146761375258,0.026901215994136,0.0263079460658309
OH,ohio,direct_co2_kg,2040,L1_only,200,22527056.58138956,21907998.764996663,22478305.592534095,23121060.482492447,0.0274806348604069,0.0263684649149243,0.0274806348604069,0.0269245498876656
OH,ohio,direct_co2_kg,2041,L1_only,200,23956275.413923647,23303220.45306334,23912449.889241375,24592856.825427633,0.0272602877357448,0.026572637044154,0.0272602877357448,0.0269164623899494
OH,ohio,direct_co2_kg,2042,L1_only,200,25720104.84580475,25038217.65923902,25687235.10648453,26381933.40530402,0.0265118354164467,0.0257319541839744,0.0265118354164467,0.0261218948002106
OH,ohio,direct_co2_kg,2043,L1_only,200,27856162.4570849,27149616.520583544,27826512.932855632,28528354.40459156,0.0253640801237377,0.0241308166026901,0.0253640801237377,0.0247474483632139
OH,ohio,direct_co2_kg,2044,L1_only,200,30377254.24852281,29650503.596497588,30347612.099859636,31066287.79074743,0.023924171884645,0.0226825484814227,0.023924171884645,0.0233033601830338
OH,ohio,direct_co2_kg,2045,L1_only,200,33103253.152997203,32349789.083835937,33083856.335361987,33830624.628390275,0.0227610279170718,0.0219728095009663,0.0227610279170718,0.0223669187090191
OH,ohio,direct_co2_kg,2046,L1_only,200,36057635.75067186,35251178.09331027,36035850.84072903,36838353.37897479,0.0223657941119051,0.0216519361863146,0.0223657941119051,0.0220088651491098
OH,ohio,direct_co2_kg,2047,L1_only,200,39103204.26444279,38244255.69766667,39078859.15105178,39937178.1925806,0.0219661938946823,0.0213275086741718,0.0219661938946823,0.021646851284427
OH,ohio,direct_co2_kg,2048,L1_only,200,42234013.17171025,41323356.89705169,42206932.57829331,43120904.93407418,0.0215621534935862,0.0209994669168213,0.0215621534935862,0.0212808102052038
OH,ohio,direct_co2_kg,2049,L1_only,200,45443806.985650405,44482506.99211068,45413812.967850626,46383028.199766584,0.0211535973173038,0.0206677493902029,0.0211535973173038,0.0209106733537534
OH,ohio,direct_co2_kg,2050,L1_only,200,48726005.94870643,47715406.759484194,48692918.4390838,49716717.38195294,0.0207404479301277,0.0203322930734241,0.0207404479301277,0.0205363705017759
OH,ohio,direct_co2_kg,2051,L1_only,200,51808580.46532229,50752556.22210979,51774579.183278635,52847140.41570388,0.0203831920065701,0.0200460993343899,0.0203831920065701,0.02021464567048
OH,ohio,direct_co2_kg,2052,L1_only,200,54854960.5376019,53752723.39519094,54821308.75597246,55941281.82377482,0.0200936639386588,0.0198035196001694,0.0200936639386588,0.0199485917694141
OH,ohio,direct_co2_kg,2053,L1_only,200,57847509.816374354,56695879.566473894,57814103.383708715,58981321.90761075,0.0199080349967714,0.0196000155380147,0.0199080349967714,0.019754025267393
OH,ohio,direct_co2_kg,2054,L1_only,200,60768549.88798103,59569235.178834,60736019.71963686,61949370.43658032,0.0197357796320269,0.0194314419346189,0.0197357796320269,0.0195836107833229
OH,ohio,direct_co2_kg,2055,L1_only,200,63600412.98234085,62354970.62790747,63568136.28044481,64827520.68419598,0.0195822998001473,0.0192940209711507,0.0195822998001473,0.019438160385649
OH,ohio,direct_co2_kg,2056,L1_only,200,66325499.56468342,65034421.694827445,66292097.34867801,67597908.49931572,0.0194657843262358,0.0191843098504127,0.0194657843262358,0.0193250470883242
OH,ohio,direct_co2_kg,2057,L1_only,200,68926341.13293497,67590839.62162061,68891836.96538556,70242776.74731152,0.0193757783941939,0.0190991657577993,0.0193757783941939,0.0192374720759966
OH,ohio,direct_co2_kg,2058,L1_only,200,71385668.5590328,70007306.00595173,71350093.97013691,72744545.47323461,0.0193086733080214,0.0190357104112302,0.0193086733080214,0.0191721918596258
OH,ohio,direct_co2_kg,2059,L1_only,200,73686486.32943954,72267161.34558964,73649264.09189841,75085888.15679286,0.0192616727238742,0.0189912953794111,0.0192616727238742,0.0191264840516427
OH,ohio,direct_co2_kg,2060,L1_only,200,75807048.62339856,74348911.58458258,75768206.97652018,77244804.19979958,0.0192348477522169,0.0189659880249875,0.0192348477522169,0.0191004178886022
OH,ohio,direct_co2_kg,2061,L1_only,200,77725715.22998956,76231195.9156706,77685712.95105568,79199372.50834364,0.0192281191610355,0.0189597133200195,0.0192281191610355,0.0190939162405275
OH,ohio,direct_co2_kg,2062,L1_only,200,79401492.2973607,77872962.17909594,79361017.88313961,80908623.70212361,0.0192506472364572,0.0189811470937934,0.0192506472364572,0.0191158971651253
OH,ohio,direct_co2_kg,2063,L1_only,200,80888965.99992758,79330517.47017561,80847998.94878504,82425554.84696706,0.0192665156549703,0.018996272582355,0.0192665156549703,0.0191313941186627
OH,ohio,direct_co2_kg,2064,L1_only,200,82179791.7927192,80595937.9097141,82138252.29988174,83741416.67216961,0.019273033533597,0.0190025412012392,0.019273033533597,0.0191377873674181
OH,ohio,direct_co2_kg,2065,L1_only,200,83266185.56736556,81661842.85040537,83223935.83061042,84848037.05557811,0.0192676379496478,0.0189975255553501,0.0192676379496478,0.0191325817524989
OH,ohio,direct_co2_kg,2066,L1_only,200,84140991.44811107,82521459.65418996,84097837.35785833,85737891.72976056,0.019247833500035,0.0189788621950607,0.019247833500035,0.0191133478475478
OH,ohio,direct_co2_kg,2067,L1_only,200,84797754.3910958,83168693.03879654,84753447.63706547,86404180.0167786,0.0192111378891693,0.0189442000819243,0.0192111378891693,0.0190776689855468
OH,ohio,direct_co2_kg,2068,L1_only,200,85230797.84766257,83598199.24037065,85185038.4762882,86840905.86564228,0.0191550313797361,0.0188911527128672,0.0191550313797361,0.0190230920463016
OH,ohio,direct_co2_kg,2069,L1_only,200,85435306.76421162,83805465.25019173,85388504.62118834,87042964.47892497,0.019076908315177,0.0188172522064003,0.019076908315177,0.0189470802607886
OH,ohio,direct_co2_kg,2070,L1_only,200,85407416.2033596,83786893.39502536,85359770.56206824,87006234.82791868,0.018974029192918,0.0187199039103606,0.018974029192918,0.0188469665516393
OH,ohio,direct_co2_kg,2071,L1_only,200,85144305.88387804,83539891.54265408,85095726.75166282,86727678.36911714,0.0188434719687784,0.018596340281387,0.0188434719687784,0.0187199061250827
OH,ohio,direct_co2_kg,2072,L1_only,200,84636310.26278573,83054891.56519823,84586721.41193938,86197529.98704618,0.0186848728716715,0.0184462167527512,0.0186848728716715,0.0185655448122114
OH,ohio,direct_co2_kg,2073,L1_only,200,83876696.08432174,82325248.52922295,83826028.9887273,85408967.66141003,0.0184967652223581,0.0182681441761594,0.0184967652223581,0.0183824546992587
OH,ohio,direct_co2_kg,2074,L1_only,200,82835685.76742849,81321004.62651195,82783959.6786859,84332362.11830011,0.0182853697278392,0.0180680142502076,0.0182853697278392,0.0181766919890234
OH,ohio,direct_co2_kg,2075,L1_only,200,81514537.14039439,80043520.95495218,81461758.70755951,82968874.24897166,0.0180460594765893,0.0178414447238095,0.0180460594765893,0.0179437521001994
OH,ohio,direct_co2_kg,2025,L2_conditional,200,402937.95675634954,331202.1680323543,402318.9169677042,504358.930555868,0.1780318471396149,0.2517036980480996,0.2517036980480996,0.2148677725938573
OH,ohio,direct_co2_kg,2026,L2_conditional,200,1258735.93162701,1037638.4518640788,1257159.5678756149,1574117.8095091227,0.1756504078477733,0.2505544411324289,0.2505544411324289,0.2131024244901011
OH,ohio,direct_co2_kg,2027,L2_conditional,200,2648137.145659028,2180516.5702989968,2645627.025138186,3309352.315039017,0.1765847271643693,0.2496906817926288,0.2496906817926288,0.213137704478499
OH,ohio,direct_co2_kg,2028,L2_conditional,200,4204768.40897369,3459453.680521074,4202790.006738021,5276004.841600999,0.1772546442419962,0.2547670474171915,0.2547670474171915,0.2160108458295938
OH,ohio,direct_co2_kg,2029,L2_conditional,200,5815668.660125037,4781624.841629993,5813815.115836708,7334519.706198462,0.1778030831751016,0.261165333659289,0.261165333659289,0.2194842084171953
OH,ohio,direct_co2_kg,2030,L2_conditional,200,7410729.340090482,6089675.220758635,7408512.905206177,9332132.363814568,0.1782623624081401,0.2592731343364143,0.2592731343364143,0.2187677483722772
OH,ohio,direct_co2_kg,2031,L2_conditional,200,8948517.262157492,7349915.686629596,8919083.225451306,11249282.90994819,0.1786442970041801,0.2571113828567373,0.2571113828567373,0.2178778399304587
OH,ohio,direct_co2_kg,2032,L2_conditional,200,10406249.45934782,8544001.327042283,10376269.6811996,13057908.45435978,0.1789547847743261,0.2548140908375019,0.2548140908375019,0.216884437805914
OH,ohio,direct_co2_kg,2033,L2_conditional,200,11905692.089749929,9760442.711487366,11882867.384265542,14966821.11840376,0.1801868687759438,0.2571147486074561,0.2571147486074561,0.2186508086916999
OH,ohio,direct_co2_kg,2034,L2_conditional,200,13549421.424260058,11094762.25103163,13479675.058995925,17079740.9087897,0.1811633940939643,0.2605513087229433,0.2605513087229433,0.2208573514084538
OH,ohio,direct_co2_kg,2035,L2_conditional,200,15332440.167092526,12493024.0592169,15171849.091520654,19253353.022109974,0.185190098701299,0.2557266040035013,0.2557266040035013,0.2204583513524001
OH,ohio,direct_co2_kg,2036,L2_conditional,200,17145104.147154365,13747954.488703754,17007751.630444754,21487239.162043024,0.1981410920163146,0.2532580133442548,0.2532580133442548,0.2256995526802847
OH,ohio,direct_co2_kg,2037,L2_conditional,200,18919060.98105581,14835114.274124242,18719057.585039213,23628830.443330463,0.2158641335857493,0.248943087978345,0.248943087978345,0.2324036107820472
OH,ohio,direct_co2_kg,2038,L2_conditional,200,20309506.534330647,15695889.224843536,20135382.74144543,25195053.03454217,0.2271654065887015,0.2405546630073518,0.2405546630073518,0.2338600347980266
OH,ohio,direct_co2_kg,2039,L2_conditional,200,21356266.157595508,16674401.66608452,21488724.397171997,27170776.58228189,0.2192267345313005,0.2722625004660944,0.2722625004660944,0.2457446174986974
OH,ohio,direct_co2_kg,2040,L2_conditional,200,22527056.58138956,17749406.114725307,22791003.904518172,29255580.42577529,0.2120849854219858,0.2986863294845367,0.2986863294845367,0.2553856574532613
OH,ohio,direct_co2_kg,2041,L2_conditional,200,23956275.413923647,19162819.83009123,24452332.796799906,30924413.33569683,0.2000918548901973,0.2908690020203736,0.2908690020203736,0.2454804284552854
OH,ohio,direct_co2_kg,2042,L2_conditional,200,25720104.84580475,20861639.15926718,26186921.795178927,33189637.82897499,0.1888975848140854,0.290416117195129,0.290416117195129,0.2396568510046071
OH,ohio,direct_co2_kg,2043,L2_conditional,200,27856162.4570849,22810295.56300317,28187114.02884508,35671805.58569298,0.1811400583930171,0.2805714225945095,0.2805714225945095,0.2308557404937633
OH,ohio,direct_co2_kg,2044,L2_conditional,200,30377254.24852281,24977817.95290662,30364185.144141514,39063252.64344362,0.1777460283751206,0.2859375743396293,0.2859375743396293,0.231841801357375
OH,ohio,direct_co2_kg,2045,L2_conditional,200,33103253.152997203,27203200.133116055,32871778.38831842,42555963.5675336,0.1782318188672327,0.285552310247204,0.285552310247204,0.2318920645572184
OH,ohio,direct_co2_kg,2046,L2_conditional,200,36057635.75067186,29649319.64126917,35769504.27248838,46314523.47749719,0.1777242455305265,0.2844581324673847,0.2844581324673847,0.2310911889989556
OH,ohio,direct_co2_kg,2047,L2_conditional,200,39103204.26444279,32173448.40931443,38757774.02560976,50181816.44838864,0.1772170845198407,0.2833172470732742,0.2833172470732742,0.2302671657965575
OH,ohio,direct_co2_kg,2048,L2_conditional,200,42234013.17171025,34748118.27578197,41846826.470637575,54151261.763675354,0.1772480125318185,0.2821718254316327,0.2821718254316327,0.2297099189817256
OH,ohio,direct_co2_kg,2049,L2_conditional,200,45443806.985650405,37381302.54765716,45035276.97492699,58214616.80519959,0.1774170117512185,0.2810242069635973,0.2810242069635973,0.2292206093574079
OH,ohio,direct_co2_kg,2050,L2_conditional,200,48726005.94870643,40073047.6279857,48271615.88040075,62363167.435664736,0.1775839852301797,0.2798743960527784,0.2798743960527784,0.2287291906414791
OH,ohio,direct_co2_kg,2051,L2_conditional,200,51808580.46532229,42603377.23202036,51358439.5913433,66246985.942770585,0.1776771946002915,0.2786875329871764,0.2786875329871764,0.2281823637937339
OH,ohio,direct_co2_kg,2052,L2_conditional,200,54854960.5376019,45118370.93904308,54439009.09166047,70076290.885307,0.1774969757180774,0.2774832065966249,0.2774832065966249,0.2274900911573511
OH,ohio,direct_co2_kg,2053,L2_conditional,200,57847509.816374354,47571669.213412784,57463417.65150542,73829223.63889514,0.1776366975100609,0.2762731511391176,0.2762731511391176,0.2269549243245893
OH,ohio,direct_co2_kg,2054,L2_conditional,200,60768549.88798103,49967605.016552314,60420207.76385935,77483916.4606498,0.1777390589595911,0.2750660761772561,0.2750660761772561,0.2264025675684235
OH,ohio,direct_co2_kg,2055,L2_conditional,200,63600412.98234085,52297258.95081273,63277490.030786306,81018562.50452256,0.1777213936435685,0.2738684971592558,0.2738684971592558,0.2257949454014121
OH,ohio,direct_co2_kg,2056,L2_conditional,200,66325499.56468342,54540537.89338907,66020720.57094502,84411492.078262,0.1776837226804625,0.2726853567976575,0.2726853567976575,0.22518453973906
OH,ohio,direct_co2_kg,2057,L2_conditional,200,68926341.13293497,56682774.42107893,68649604.93444285,87637207.10874906,0.1776326221675173,0.2714617614726905,0.2714617614726905,0.2245471918201039
OH,ohio,direct_co2_kg,2058,L2_conditional,200,71385668.5590328,58709432.34592674,71146416.98437653,90669763.01710704,0.1775739650406631,0.2701395790967082,0.2701395790967082,0.2238567720686857
OH,ohio,direct_co2_kg,2059,L2_conditional,200,73686486.32943954,60520933.84658632,73429298.31978369,93466353.64102714,0.1786698367458086,0.2684327655841159,0.2684327655841159,0.2235513011649622
OH,ohio,direct_co2_kg,2060,L2_conditional,200,75807048.62339856,62137887.88696516,75525350.86782938,95999460.8116572,0.1803151683735947,0.2663658928152239,0.2663658928152239,0.2233405305944093
OH,ohio,direct_co2_kg,2061,L2_conditional,200,77725715.22998956,63627211.64447238,77507126.35749027,98242030.2054619,0.1813878913021238,0.263957879509565,0.263957879509565,0.2226728854058444
OH,ohio,direct_co2_kg,2062,L2_conditional,200,79401492.2973607,64984382.67725976,79257992.10310021,100265725.0520349,0.1815722753183087,0.2627687736212449,0.2627687736212449,0.2221705244697768
OH,ohio,direct_co2_kg,2063,L2_conditional,200,80888965.99992758,66202528.40061098,80816688.37918618,102059716.58806908,0.1815629291061743,0.2617260627136764,0.2617260627136764,0.2216444959099253
OH,ohio,direct_co2_kg,2064,L2_conditional,200,82179791.7927192,67270707.77959977,82203971.63895829,103613833.403986,0.1814203186438386,0.2608188843472558,0.2608188843472558,0.2211196014955472
OH,ohio,direct_co2_kg,2065,L2_conditional,200,83266185.56736556,68179378.3820864,83389627.75461231,104918641.61044158,0.1811876824004787,0.2600390049758956,0.2600390049758956,0.2206133436881872
OH,ohio,direct_co2_kg,2066,L2_conditional,200,84140991.44811107,68905849.2575656,84354785.44965114,105965530.74583292,0.1810668251982844,0.2593805815941785,0.2593805815941785,0.2202237033962314
OH,ohio,direct_co2_kg,2067,L2_conditional,200,84797754.3910958,69444544.14838834,85092414.85391575,106768373.32109632,0.1810568021872007,0.2590943485209502,0.2590943485209502,0.2200755753540754
OH,ohio,direct_co2_kg,2068,L2_conditional,200,85230797.84766257,69791232.71965107,85596249.0052363,107415136.58631308,0.1811500715458211,0.2602854754252298,0.2602854754252298,0.2207177734855254
OH,ohio,direct_co2_kg,2069,L2_conditional,200,85435306.76421162,69941570.09451102,85860869.5272605,107760690.15744896,0.18135051252828,0.2613133169270636,0.2613133169270636,0.2213319147276718
OH,ohio,direct_co2_kg,2070,L2_conditional,200,85407416.2033596,69890209.10243945,85791195.08237492,107797165.85104077,0.1816845397122523,0.2621522889109531,0.2621522889109531,0.2219184143116027
OH,ohio,direct_co2_kg,2071,L2_conditional,200,85144305.88387804,69634593.44619167,85435545.69865277,107519682.73718476,0.1821579526273772,0.2627935787487989,0.2627935787487989,0.222475765688088
OH,ohio,direct_co2_kg,2072,L2_conditional,200,84636310.26278573,69173130.74997109,84955956.5662275,106924815.54679276,0.1827014843251471,0.2633444819936485,0.2633444819936485,0.2230229831593978
OH,ohio,direct_co2_kg,2073,L2_conditional,200,83876696.08432174,68505284.16358468,84236081.10050976,106010738.15079954,0.1832620100496577,0.2638878627768829,0.2638878627768829,0.2235749364132703
OH,ohio,direct_co2_kg,2074,L2_conditional,200,82835685.76742849,67626081.75679621,83244192.06283465,104777376.35925125,0.1836117353254626,0.2648821023034296,0.2648821023034296,0.2242469188144461
OH,ohio,direct_co2_kg,2075,L2_conditional,200,81514537.14039439,66532980.76810858,81893238.75502777,103226570.51962496,0.1837899949855904,0.2663578073422096,0.2663578073422096,0.2250739011639
OH,ohio,energy_kwh_eq,2025,L1_only,200,1497715.874661273,1487456.3028200413,1497346.322447443,1506975.1665693603,0.0068501456216133,0.006182275333218,0.0068501456216133,0.0065162104774157
OH,ohio,energy_kwh_eq,2026,L1_only,200,4611202.682757494,4581492.718693237,4610444.287189988,4640526.692894253,0.0064429967859254,0.0063592975963535,0.0064429967859254,0.0064011471911395
OH,ohio,energy_kwh_eq,2027,L1_only,200,9598245.41301595,9536226.635544311,9596258.602003142,9658221.083594147,0.0064614702795093,0.0062486077400005,0.0064614702795093,0.0063550390097549
OH,ohio,energy_kwh_eq,2028,L1_only,200,15121447.52362996,15023421.654352082,15118831.336306067,15216806.9323045,0.0064825717990751,0.0063062354662491,0.0064825717990751,0.0063944036326621
OH,ohio,energy_kwh_eq,2029,L1_only,200,20782145.26473461,20647164.174566045,20778747.20784531,20914232.477255788,0.0064950508452857,0.0063558025814263,0.0064950508452857,0.006425426713356
OH,ohio,energy_kwh_eq,2030,L1_only,200,26345331.780413095,26174071.155887585,26341165.65795873,26513473.39749277,0.0065006061017928,0.0063822167236733,0.0065006061017928,0.006441411412733
OH,ohio,energy_kwh_eq,2031,L1_only,200,31682236.51164254,31476211.83650956,31677333.620748647,31884923.459677536,0.0065028450582165,0.0063974949483288,0.0065028450582165,0.0064501700032727
OH,ohio,energy_kwh_eq,2032,L1_only,200,36730966.55745751,36492093.66802338,36725366.53104454,36966291.36200385,0.006503310743551,0.0064067141870124,0.006503310743551,0.0064550124652817
OH,ohio,energy_kwh_eq,2033,L1_only,200,42005325.366933875,41732158.10407928,41998997.77354728,42274725.91644647,0.0065031578845865,0.006413485603534,0.0065031578845865,0.0064583217440602
OH,ohio,energy_kwh_eq,2034,L1_only,200,47860568.278901875,47549323.01108409,47853433.971609816,48167808.36159369,0.0065031669913328,0.0064194825456608,0.0065031669913328,0.0064613247684968
OH,ohio,energy_kwh_eq,2035,L1_only,200,54295158.94464158,53942060.47732609,54287138.94504943,54643993.9257127,0.0065033140003422,0.0064247897575321,0.0065033140003422,0.0064640518789372
OH,ohio,energy_kwh_eq,2036,L1_only,200,60899778.5825564,60502687.15455435,60890765.36106311,61291496.57885637,0.0065204084028604,0.006432174392374,0.0065204084028604,0.0064762913976172
OH,ohio,energy_kwh_eq,2037,L1_only,200,67442235.72191556,67002611.6674136,67432257.09055367,67875910.79423141,0.0065185272966729,0.006430318741271,0.0065185272966729,0.006474423018972
OH,ohio,energy_kwh_eq,2038,L1_only,200,72637453.73893984,72164166.47019236,72626711.01652792,73104336.49569154,0.0065157469650365,0.0064275760330157,0.0065157469650365,0.0064716614990261
OH,ohio,energy_kwh_eq,2039,L1_only,200,76681563.2720316,76182197.58427086,76670228.61902088,77174171.55525449,0.0065122001489356,0.0064240772123454,0.0065122001489356,0.0064681386806405
OH,ohio,energy_kwh_eq,2040,L1_only,200,81340261.61966434,80810797.35838832,81328243.78618033,81862561.18322591,0.0065092520079628,0.0064211689655459,0.0065092520079628,0.0064652104867543
OH,ohio,energy_kwh_eq,2041,L1_only,200,87129469.50792685,86562498.62111844,87116600.34525377,87688768.15826158,0.0065072229867855,0.0064191674010346,0.0065072229867855,0.0064631951939101
OH,ohio,energy_kwh_eq,2042,L1_only,200,94346396.18812868,93732560.44303024,94332463.28215058,94951925.52261244,0.0065061917561156,0.0064181501249535,0.0065061917561156,0.0064621709405346
OH,ohio,energy_kwh_eq,2043,L1_only,200,103145826.653015,102474753.75275698,103130594.57228588,103807818.6108443,0.0065060596442309,0.0064180198008035,0.0065060596442309,0.0064620397225172
OH,ohio,energy_kwh_eq,2044,L1_only,200,113592372.25977774,112853268.4021694,113575596.00548114,114321474.58167031,0.0065066328214191,0.0064185852217716,0.0065066328214191,0.0064626090215953
OH,ohio,energy_kwh_eq,2045,L1_only,200,125021107.59885287,124207530.33152622,125002640.93955176,125823675.55806552,0.0065075192737623,0.0064194596786632,0.0065075192737623,0.0064634894762128
OH,ohio,energy_kwh_eq,2046,L1_only,200,136946282.45539522,136054981.22877607,136926051.60978577,137825522.61514297,0.0065084003058605,0.0064203287886557,0.0065084003058605,0.0064643645472581
OH,ohio,energy_kwh_eq,2047,L1_only,200,149354716.73299915,148382525.6911403,149332649.84216207,150313752.1089423,0.0065092757907126,0.0064211924264676,0.0065092757907126,0.0064652341085901
OH,ohio,energy_kwh_eq,2048,L1_only,200,162231789.94717005,161175637.3725561,162207817.2889498,163273650.69041616,0.0065101456068375,0.0064220504722618,0.0065101456068375,0.0064660980395496
OH,ohio,energy_kwh_eq,2049,L1_only,200,175561346.5315474,174418264.91225645,175535400.74905747,176688959.99771798,0.0065110096377937,0.0064229028111717,0.0065110096377937,0.0064669562244827
OH,ohio,energy_kwh_eq,2050,L1_only,200,189325596.3036659,188092733.05471292,189297612.64864308,190541776.47663432,0.0065118677718334,0.0064237493329625,0.0065118677718334,0.0064678085523979
OH,ohio,energy_kwh_eq,2051,L1_only,200,202486612.3239991,201167884.21367183,202456679.69964707,203787495.43709227,0.0065126681472508,0.006424538877719,0.0065126681472508,0.0064686035124849
OH,ohio,energy_kwh_eq,2052,L1_only,200,215688931.35099912,214284050.10623243,215657043.21406668,217074801.77637795,0.0065134600833107,0.0064253200973189,0.0065134600833107,0.0064693900903148
OH,ohio,energy_kwh_eq,2053,L1_only,200,228878073.28829265,227387105.71847385,228844231.15522593,230348865.1206327,0.0065142437997579,0.0064260932085333,0.0065142437997579,0.0064701685041456
OH,ohio,energy_kwh_eq,2054,L1_only,200,241999623.24280268,240422990.9821571,241963836.6838982,243554920.55342308,0.006515019484405,0.0064268583966345,0.006515019484405,0.0064709389405197
OH,ohio,energy_kwh_eq,2055,L1_only,200,254999285.95267788,253337764.84478644,254961572.57811183,256638323.39669448,0.0065157872959682,0.00642761581819,0.0065157872959682,0.0064717015570791
OH,ohio,energy_kwh_eq,2056,L1_only,200,267822946.4842929,266077665.5675225,267783331.9210927,269544610.301459,0.0065165473671344,0.0064283656040916,0.0065165473671344,0.006472456485613
OH,ohio,energy_kwh_eq,2057,L1_only,200,280416737.5605761,278589177.61082125,280375255.419543,282219567.01282096,0.0065172998076123,0.0064291078625626,0.0065172998076123,0.0064732038350875
OH,ohio,energy_kwh_eq,2058,L1_only,200,292727113.8990709,290819105.48371744,292683805.7306091,294609303.19020295,0.0065180447070281,0.0064298426820174,0.0065180447070281,0.0064739436945228
OH,ohio,energy_kwh_eq,2059,L1_only,200,304700933.95491314,302714654.9493353,304655849.1926588,306660334.68051565,0.0065187821376083,0.006430570133705,0.0065187821376083,0.0064746761356567
OH,ohio,energy_kwh_eq,2060,L1_only,200,316268515.668307,314206599.29814804,316221714.0814826,318302530.23548293,0.0065195119590134,0.0064312900791842,0.0065195119590134,0.0064754010190988
OH,ohio,energy_kwh_eq,2061,L1_only,200,327360225.0222264,325225759.73893225,327311776.712816,329465806.7723808,0.0065202340423282,0.0064320023912846,0.0065202340423282,0.0064761182168064
OH,ohio,energy_kwh_eq,2062,L1_only,200,337842432.35161626,335639379.5622824,337792427.2360398,340015673.48332,0.0065209475731012,0.0064327062665766,0.0065209475731012,0.0064768269198389
OH,ohio,energy_kwh_eq,2063,L1_only,200,347894057.1418971,345625212.0957296,347842558.66700447,350132200.23118925,0.0065216550831797,0.0064334042026457,0.0065216550831797,0.0064775296429127
OH,ohio,energy_kwh_eq,2064,L1_only,200,357481909.05398846,355150284.5533735,357428985.6046736,359781982.06765264,0.0065223566327738,0.0064340962588873,0.0065223566327738,0.0064782264458306
OH,ohio,energy_kwh_eq,2065,L1_only,200,366572366.3358328,364181195.62994266,366518091.3007133,368931179.77694726,0.0065230522687557,0.00643478248154,0.0065230522687557,0.0064789173751478
OH,ohio,energy_kwh_eq,2066,L1_only,200,375131393.9310961,372684133.4904294,375075845.7654899,377545538.1020381,0.0065237420281497,0.0064354629071259,0.0065237420281497,0.0064796024676378
OH,ohio,energy_kwh_eq,2067,L1_only,200,383124564.3042879,380624896.4582835,383067826.5900819,385590406.7048129,0.0065244259410605,0.0064361375653442,0.0065244259410605,0.0064802817532024
OH,ohio,energy_kwh_eq,2068,L1_only,200,390517081.14292073,387968916.561727,390459242.6449023,393030764.02197474,0.0065251040331861,0.006436806481543,0.0065251040331861,0.0064809552573645
OH,ohio,energy_kwh_eq,2069,L1_only,200,397273806.1044879,394681286.1048699,397214960.8226849,399831244.1855052,0.0065257763280171,0.0064374696788961,0.0065257763280171,0.0064816230034566
OH,ohio,energy_kwh_eq,2070,L1_only,200,403359288.78349257,400726787.4377038,403299536.0010406,405956167.18406105,0.0065264428488265,0.0064381271803619,0.0065264428488265,0.0064822850145942
OH,ohio,energy_kwh_eq,2071,L1_only,200,408737800.081475,406069926.10671747,408677244.4075043,411369572.4494437,0.0065271036205258,0.0064387790105148,0.0065271036205258,0.0064829413155203
OH,ohio,energy_kwh_eq,2072,L1_only,200,413349146.5343332,410650903.1440899,413287901.5322907,416010877.3595839,0.006527758464887,0.0064394249935377,0.006527758464887,0.0064835917292124
OH,ohio,energy_kwh_eq,2073,L1_only,200,417138720.4791424,414415469.02460486,417076907.841521,419825120.96015954,0.0065284072679935,0.0064400650170557,0.0065284072679935,0.0064842361425246
OH,ohio,energy_kwh_eq,2074,L1_only,200,419979426.00469506,417237359.6173362,419917186.3038209,422684386.8153129,0.0065290493237832,0.0064406983845623,0.0065290493237832,0.0064848738541728
OH,ohio,energy_kwh_eq,2075,L1_only,200,421834331.74242806,419079886.5599562,421771811.0664074,424551503.8385996,0.0065296847013242,0.0064413251641894,0.0065296847013242,0.0064855049327568
OH,ohio,energy_kwh_eq,2025,L2_conditional,200,1497715.874661273,1223758.1212042852,1495975.8841891685,1873148.4542382455,0.1829170392675091,0.2506700943273913,0.2506700943273913,0.2167935667974502
OH,ohio,energy_kwh_eq,2026,L2_conditional,200,4611202.682757494,3776137.415906275,4605231.851636073,5772447.262138131,0.181094895258833,0.2518311727486709,0.2518311727486709,0.2164630340037519
OH,ohio,energy_kwh_eq,2027,L2_conditional,200,9598245.41301595,7871834.124964487,9576543.564387986,12019201.998382272,0.1798673834397189,0.2522290774190167,0.2522290774190167,0.2160482304293678
OH,ohio,energy_kwh_eq,2028,L2_conditional,200,15121447.52362996,12468540.936283348,15098897.807358548,18897995.850520533,0.1754399890090529,0.2497478049630528,0.2497478049630528,0.2125938969860528
OH,ohio,energy_kwh_eq,2029,L2_conditional,200,20782145.26473461,17107810.58234257,20799662.93476753,25903514.7393396,0.1768024732570342,0.246431223021787,0.246431223021787,0.2116168481394106
OH,ohio,energy_kwh_eq,2030,L2_conditional,200,26345331.780413095,21631755.56469509,26368919.883359406,32741414.492033415,0.1789150447982741,0.2427785979288976,0.2427785979288976,0.2108468213635859
OH,ohio,energy_kwh_eq,2031,L2_conditional,200,31682236.51164254,25944081.5409481,31669328.703298207,39254100.5511556,0.1811158428978267,0.2389939875845117,0.2389939875845117,0.2100549152411692
OH,ohio,energy_kwh_eq,2032,L2_conditional,200,36730966.55745751,30090139.8155786,36651278.82960546,45369872.67445394,0.1807964059832402,0.2351940862618674,0.2351940862618674,0.2079952461225538
OH,ohio,energy_kwh_eq,2033,L2_conditional,200,42005325.366933875,34329689.58045452,41848813.72191293,51813547.244497046,0.182730063853321,0.2334994858838563,0.2334994858838563,0.2081147748685887
OH,ohio,energy_kwh_eq,2034,L2_conditional,200,47860568.278901875,39043657.600520566,47637891.898098975,59084891.351569705,0.1842207686921265,0.2345213079639881,0.2345213079639881,0.2093710383280573
OH,ohio,energy_kwh_eq,2035,L2_conditional,200,54295158.94464158,44017858.97704545,53926605.334248066,67063306.650437705,0.1892857515727082,0.2351618073135085,0.2351618073135085,0.2122237794431083
OH,ohio,energy_kwh_eq,2036,L2_conditional,200,60899778.5825564,48810429.41173508,60426658.243220784,75705677.21864088,0.1985122023790753,0.2431190881262966,0.2431190881262966,0.220815645252686
OH,ohio,energy_kwh_eq,2037,L2_conditional,200,67442235.72191556,52769621.09498527,66622520.226386435,83387501.44277777,0.2175582477341032,0.2364284865437927,0.2364284865437927,0.2269933671389479
OH,ohio,energy_kwh_eq,2038,L2_conditional,200,72637453.73893984,55893012.929526195,71622229.60531196,90814769.33613849,0.2305207568204886,0.2502471474637342,0.2502471474637342,0.2403839521421114
OH,ohio,energy_kwh_eq,2039,L2_conditional,200,76681563.2720316,59842723.122702874,76641461.98711944,98102336.63249236,0.2195943774593134,0.279347113522836,0.279347113522836,0.2494707454910747
OH,ohio,energy_kwh_eq,2040,L2_conditional,200,81340261.61966434,64197568.332999706,81935995.7802413,103726415.76531471,0.2107528663581322,0.2752161561801324,0.2752161561801324,0.2429845112691323
OH,ohio,energy_kwh_eq,2041,L2_conditional,200,87129469.50792685,69692280.08260003,88341229.4192416,112358294.86472592,0.2001296406807621,0.289555594671718,0.289555594671718,0.24484261767624
OH,ohio,energy_kwh_eq,2042,L2_conditional,200,94346396.18812868,76580131.42418294,95464212.60761896,120921349.46840665,0.1883088859962328,0.2816742806719077,0.2816742806719077,0.2349915833340703
OH,ohio,energy_kwh_eq,2043,L2_conditional,200,103145826.653015,84720018.06345868,104320223.62917556,130209837.28010464,0.1786384305352574,0.2623859006737482,0.2623859006737482,0.2205121656045028
OH,ohio,energy_kwh_eq,2044,L2_conditional,200,113592372.25977774,93647215.14359808,113584135.46057773,141370261.01273873,0.1755853559477259,0.2445400883911018,0.2445400883911018,0.2100627221694138
OH,ohio,energy_kwh_eq,2045,L2_conditional,200,125021107.59885287,102977415.277532,124397796.24563554,155063077.77655053,0.1763197650755985,0.2402951849866134,0.2402951849866134,0.208307475031106
OH,ohio,energy_kwh_eq,2046,L2_conditional,200,136946282.45539522,112733593.7559352,136403789.91295785,169780147.54309705,0.1768042787678178,0.2397572573640043,0.2397572573640043,0.2082807680659111
OH,ohio,energy_kwh_eq,2047,L2_conditional,200,149354716.73299915,122900065.9823366,148898413.1045369,185083639.8763452,0.1771263159901098,0.2392219269995907,0.2392219269995907,0.2081741214948502
OH,ohio,energy_kwh_eq,2048,L2_conditional,200,162231789.94717005,133444301.94345462,161829120.93878797,200954778.967182,0.1774466521825958,0.238689279287505,0.238689279287505,0.2080679657350504
OH,ohio,energy_kwh_eq,2049,L2_conditional,200,175561346.5315474,144352641.95121983,175218073.8715342,217425553.8819967,0.1777652381739937,0.2384591379454163,0.2384591379454163,0.208112188059705
OH,ohio,energy_kwh_eq,2050,L2_conditional,200,189325596.3036659,155610110.52366143,189054593.8232736,234429377.61236387,0.1780820260876243,0.2382339323857427,0.2382339323857427,0.2081579792366835
OH,ohio,energy_kwh_eq,2051,L2_conditional,200,202486612.3239991,166356759.1739432,202322101.09689185,250702119.3166307,0.1784308243166441,0.2381170114865761,0.2381170114865761,0.2082739179016101
OH,ohio,energy_kwh_eq,2052,L2_conditional,200,215688931.35099912,177124045.84785625,215662751.77785957,267041408.0149906,0.1787986303311258,0.2380858226814781,0.2380858226814781,0.2084422265063019
OH,ohio,energy_kwh_eq,2053,L2_conditional,200,228878073.28829265,187869225.71452525,229020804.72580397,283378317.78929,0.1791733344509285,0.2381191160777964,0.2381191160777964,0.2086462252643625
OH,ohio,energy_kwh_eq,2054,L2_conditional,200,241999623.24280268,198549683.3541545,242321084.41227955,299643966.0888468,0.1795454856764552,0.2382001346680134,0.2382001346680134,0.2088728101722343
OH,ohio,energy_kwh_eq,2055,L2_conditional,200,254999285.95267788,209149879.835124,255427726.6127874,315769575.14057094,0.1798020960970945,0.2383155268880661,0.2383155268880661,0.2090588114925803
OH,ohio,energy_kwh_eq,2056,L2_conditional,200,267822946.4842929,219605031.2009824,268377654.60372853,331686540.7977496,0.1800365350178772,0.2384545280820518,0.2384545280820518,0.2092455315499645
OH,ohio,energy_kwh_eq,2057,L2_conditional,200,280416737.5605761,229863704.451848,281114915.7884378,347326509.2619155,0.1802782299961946,0.2386083380165047,0.2386083380165047,0.2094432840063496
OH,ohio,energy_kwh_eq,2058,L2_conditional,200,292727113.8990709,240259580.42169037,293583747.9565507,362621462.1316807,0.1792370128565226,0.2387696421476987,0.2387696421476987,0.2090033275021106
OH,ohio,energy_kwh_eq,2059,L2_conditional,200,304700933.95491314,250379313.8023802,305525706.6591709,377503810.25262725,0.1782784826008145,0.2389322387455721,0.2389322387455721,0.2086053606731933
OH,ohio,energy_kwh_eq,2060,L2_conditional,200,316268515.668307,259857199.46143237,317370223.44441026,391905358.7830957,0.1783652605687666,0.2391538814888371,0.2391538814888371,0.2087595710288018
OH,ohio,energy_kwh_eq,2061,L2_conditional,200,327360225.0222264,268565049.6253644,328808400.3605957,405758518.51396215,0.1796039069586723,0.2394863135446978,0.2394863135446978,0.209545110251685
OH,ohio,energy_kwh_eq,2062,L2_conditional,200,337842432.35161626,276962992.3130099,339537308.415249,418992136.6492436,0.1802006918279728,0.2401998580603669,0.2401998580603669,0.2102002749441698
OH,ohio,energy_kwh_eq,2063,L2_conditional,200,347894057.1418971,285024706.8726778,349702335.3379852,431529849.6929637,0.1807140679140043,0.2404059248328974,0.2404059248328974,0.2105599963734508
OH,ohio,energy_kwh_eq,2064,L2_conditional,200,357481909.05398846,292723572.9057103,359191630.20737886,443549985.1192798,0.1811513660080015,0.240762046653088,0.240762046653088,0.2109567063305447
OH,ohio,energy_kwh_eq,2065,L2_conditional,200,366572366.3358328,300032687.1198247,368152798.8370247,454910399.1225878,0.1815185358381547,0.2409838844912405,0.2409838844912405,0.2112512101646976
OH,ohio,energy_kwh_eq,2066,L2_conditional,200,375131393.9310961,306924882.50903374,376768449.6031682,465568982.74294615,0.181820323559991,0.2410824321156698,0.2410824321156698,0.2114513778378304
OH,ohio,energy_kwh_eq,2067,L2_conditional,200,383124564.3042879,313372749.9963241,384813607.7029789,475483167.34863573,0.182060407519485,0.2410667747500369,0.2410667747500369,0.2115635911347609
OH,ohio,energy_kwh_eq,2068,L2_conditional,200,390517081.14292073,319441837.0353704,392183248.08726394,484609954.87114346,0.1820029072724179,0.2409443229802969,0.2409443229802969,0.2114736151263574
OH,ohio,energy_kwh_eq,2069,L2_conditional,200,397273806.1044879,325074034.0259172,398890035.4293048,492905951.8332624,0.1817380631925712,0.240720994586847,0.240720994586847,0.2112295288897091
OH,ohio,energy_kwh_eq,2070,L2_conditional,200,403359288.78349257,330097020.21235037,405094308.0941315,500327407.3873823,0.1816302998552402,0.2404013525914819,0.2404013525914819,0.211015826223361
OH,ohio,energy_kwh_eq,2071,L2_conditional,200,408737800.081475,334480989.98083824,410478476.2022147,506827312.630092,0.1816734593322049,0.2399815053294912,0.2399815053294912,0.210827482330848
OH,ohio,energy_kwh_eq,2072,L2_conditional,200,413349146.5343332,338195902.9189545,415285874.56603897,512314878.37571675,0.1818154077382047,0.239424062372325,0.239424062372325,0.2106197350552648
OH,ohio,energy_kwh_eq,2073,L2_conditional,200,417138720.4791424,341231913.3705583,419482596.72739625,516789748.94358146,0.181970177741818,0.2388918208071785,0.2388918208071785,0.2104309992744983
OH,ohio,energy_kwh_eq,2074,L2_conditional,200,419979426.00469506,343544872.68603617,422750750.34428287,520207488.6226169,0.1819959469105146,0.2386499347632361,0.2386499347632361,0.2103229408368754
OH,ohio,energy_kwh_eq,2075,L2_conditional,200,421834331.74242806,345095801.7421176,425114272.872949,522523576.40438926,0.1819162742950164,0.2386938119665471,0.2386938119665471,0.2103050431307817
OH,ohio,intensity_kg_per_kwh_eq,2025,L1_only,200,0.2690349775770914,0.2677222074679163,0.2689783537805481,0.2703895107849864,0.0048795518002818,0.0050347847707158,0.0050347847707158,0.0049571682854988
OH,ohio,intensity_kg_per_kwh_eq,2026,L1_only,200,0.2729734557827519,0.2707891693799401,0.2728538329647617,0.2753912972458874,0.0080018271247232,0.0088574233571624,0.0088574233571624,0.0084296252409428
OH,ohio,intensity_kg_per_kwh_eq,2027,L1_only,200,0.2758980450810262,0.2730157970851681,0.2757343807893913,0.2791057365911102,0.0104467865838326,0.0116263654899836,0.0116263654899836,0.0110365760369081
OH,ohio,intensity_kg_per_kwh_eq,2028,L1_only,200,0.2780665278507887,0.2745519385237692,0.2778371531270097,0.2819381718357925,0.0126393829353868,0.0139234449213582,0.0139234449213582,0.0132814139283725
OH,ohio,intensity_kg_per_kwh_eq,2029,L1_only,200,0.2798396693912871,0.2757590072980653,0.2795653674997594,0.2843645686030338,0.0145821430610541,0.016169613198834,0.016169613198834,0.015375878129944
OH,ohio,intensity_kg_per_kwh_eq,2030,L1_only,200,0.2812919344443451,0.2766305132974175,0.2810006776699937,0.286431381863575,0.0165714710453235,0.0182708666332086,0.0182708666332086,0.0174211688392661
OH,ohio,intensity_kg_per_kwh_eq,2031,L1_only,200,0.2824458828488672,0.2772452338726415,0.2820851829166382,0.2880863560906929,0.0184129041775003,0.0199701025376384,0.0199701025376384,0.0191915033575694
OH,ohio,intensity_kg_per_kwh_eq,2032,L1_only,200,0.2833099815946726,0.2775931653298627,0.2828448043428303,0.2894201018682439,0.0201786616646243,0.0215669078765923,0.0215669078765923,0.0208727847706083
OH,ohio,intensity_kg_per_kwh_eq,2033,L1_only,200,0.2834329215581307,0.2774375341596216,0.2828622276621436,0.2898661193410162,0.021152755881534,0.0226974260700553,0.0226974260700553,0.0219250909757947
OH,ohio,intensity_kg_per_kwh_eq,2034,L1_only,200,0.2831019754153855,0.2769937724269317,0.2824982115939923,0.2896349915754991,0.0215759815151112,0.0230765474190986,0.0230765474190986,0.0223262644671049
OH,ohio,intensity_kg_per_kwh_eq,2035,L1_only,200,0.2823905568215615,0.2761213378161253,0.281850663832018,0.2889202292874292,0.0222005263773663,0.0231228428434796,0.0231228428434796,0.0226616846104229
OH,ohio,intensity_kg_per_kwh_eq,2036,L1_only,200,0.281529827303268,0.2750771797432376,0.2809967121736365,0.2882768195711,0.022919942877241,0.0239654616083148,0.0239654616083148,0.0234427022427779
OH,ohio,intensity_kg_per_kwh_eq,2037,L1_only,200,0.2805224467804528,0.27388835200426,0.2799413293657392,0.2873695504558749,0.0236490692717536,0.0244083985221365,0.0244083985221365,0.024028733896945
OH,ohio,intensity_kg_per_kwh_eq,2038,L1_only,200,0.2796010252138426,0.2726785430106025,0.2789613305407218,0.2865622931169885,0.0247584292580676,0.0248971472755574,0.0248971472755574,0.0248277882668125
OH,ohio,intensity_kg_per_kwh_eq,2039,L1_only,200,0.2785058786795087,0.2712534638718423,0.2778222020047318,0.2855614553765507,0.0260404370710327,0.0253336724183161,0.0260404370710327,0.0256870547446744
OH,ohio,intensity_kg_per_kwh_eq,2040,L1_only,200,0.2769484156164006,0.2696241907087346,0.2762304430544208,0.2841288571566273,0.0264461700976501,0.0259269998864055,0.0264461700976501,0.0261865849920278
OH,ohio,intensity_kg_per_kwh_eq,2041,L1_only,200,0.2749503187523041,0.2677390426790053,0.2742802698891939,0.2819658226276232,0.0262275603317092,0.0255155327957238,0.0262275603317092,0.0258715465637165
OH,ohio,intensity_kg_per_kwh_eq,2042,L1_only,200,0.272613537824151,0.2656535546744289,0.2720395727664079,0.2793953556637681,0.0255305851839669,0.0248770398335526,0.0255305851839669,0.0252038125087597
OH,ohio,intensity_kg_per_kwh_eq,2043,L1_only,200,0.2700658219628574,0.2634659821535696,0.2696150381540203,0.2767150124054061,0.0244378935524667,0.0246206291274547,0.0246206291274547,0.0245292613399607
OH,ohio,intensity_kg_per_kwh_eq,2044,L1_only,200,0.2674233634196156,0.2612647876137425,0.2669308621097479,0.2738674706885621,0.0230293110038021,0.0240970242335744,0.0240970242335744,0.0235631676186882
OH,ohio,intensity_kg_per_kwh_eq,2045,L1_only,200,0.2647813140418933,0.25907290212121,0.2644151473776071,0.2709954618511612,0.0215589681671426,0.0234689816830678,0.0234689816830678,0.0225139749251052
OH,ohio,intensity_kg_per_kwh_eq,2046,L1_only,200,0.2632976602516844,0.2577122082292489,0.2629393858777583,0.2693779436871652,0.0212134510314161,0.0230928122554096,0.0230928122554096,0.0221531316434128
OH,ohio,intensity_kg_per_kwh_eq,2047,L1_only,200,0.261814324447131,0.2563518009588545,0.2614639401925391,0.2677607780047946,0.0208641123812138,0.0227124836283139,0.0227124836283139,0.0217882980047639
OH,ohio,intensity_kg_per_kwh_eq,2048,L1_only,200,0.2603313024251507,0.2549916763283972,0.2599888061353284,0.2661439603550201,0.020510887653584,0.0223279255153752,0.0223279255153752,0.0214194065844796
OH,ohio,intensity_kg_per_kwh_eq,2049,L1_only,200,0.2588485898716002,0.2536318302774304,0.2585139794105629,0.2645274861425266,0.0201537106953432,0.021939065898498,0.021939065898498,0.0210463882969206
OH,ohio,intensity_kg_per_kwh_eq,2050,L1_only,200,0.257366182386417,0.2522722586850191,0.2570394556384326,0.2629113506582962,0.0197925137411787,0.0215458310041431,0.0215458310041431,0.0206691723726609
OH,ohio,intensity_kg_per_kwh_eq,2051,L1_only,200,0.2558617573315084,0.2508764609761952,0.2555420028472553,0.2612886650783634,0.0194843356322845,0.0212103121758192,0.0212103121758192,0.0203473239040518
OH,ohio,intensity_kg_per_kwh_eq,2052,L1_only,200,0.2543244115217681,0.2494355122586761,0.25401084468219,0.2596463727190298,0.0192230829665108,0.0209258763852724,0.0209258763852724,0.0200744796758916
OH,ohio,intensity_kg_per_kwh_eq,2053,L1_only,200,0.2527437818104584,0.2479406710688317,0.252435722020074,0.2579723450836194,0.0190038730417854,0.0206872083487381,0.0206872083487381,0.0198455406952617
OH,ohio,intensity_kg_per_kwh_eq,2054,L1_only,200,0.2511101012211528,0.2463836450953555,0.2508069624772642,0.2562552098887191,0.0188222461096244,0.0204894532021831,0.0204894532021831,0.0196558496559038
OH,ohio,intensity_kg_per_kwh_eq,2055,L1_only,200,0.2494140826501908,0.2447564897270569,0.2491153650643059,0.2544842186062556,0.0186741376976145,0.0203281863726023,0.0203281863726023,0.0195011620351084
OH,ohio,intensity_kg_per_kwh_eq,2056,L1_only,200,0.2476468145666272,0.243051518963004,0.2473520968615122,0.2526491256058542,0.0185558437796375,0.0201993756632031,0.0201993756632031,0.0193776097214203
OH,ohio,intensity_kg_per_kwh_eq,2057,L1_only,200,0.2457996684953421,0.2412612275757519,0.2455086014437076,0.2507400796573742,0.0184639830776509,0.0200993402158543,0.0200993402158543,0.0192816616467526
OH,ohio,intensity_kg_per_kwh_eq,2058,L1_only,200,0.2438642174555985,0.2393782232610138,0.2435765181982687,0.2487475274437315,0.0183954589213214,0.0200247089920937,0.0200247089920937,0.0192100839567076
OH,ohio,intensity_kg_per_kwh_eq,2059,L1_only,200,0.2418321643226173,0.237395167566492,0.2415476114928101,0.2466621282419207,0.0183474219343549,0.0199723801539481,0.0199723801539481,0.0191599010441515
OH,ohio,intensity_kg_per_kwh_eq,2060,L1_only,200,0.2396920492171365,0.2353009041526537,0.2394104409165349,0.2444720917463465,0.0183199446073607,0.0199424325705513,0.0199424325705513,0.019131188588956
OH,ohio,intensity_kg_per_kwh_eq,2061,L1_only,200,0.2374317625933703,0.2330836874905078,0.2371529202706551,0.2421649121517544,0.0183129462350374,0.0199347783408831,0.0199347783408831,0.0191238622879602
OH,ohio,intensity_kg_per_kwh_eq,2062,L1_only,200,0.235025220913405,0.230715854641695,0.2347488647023717,0.2397162252480533,0.018335760966257,0.0199595784504194,0.0199595784504194,0.0191476697083382
OH,ohio,intensity_kg_per_kwh_eq,2063,L1_only,200,0.2325103414081461,0.228243360233851,0.2322367069989097,0.2371551988419133,0.0183517909287521,0.0199769928753995,0.0199769928753995,0.0191643919020758
OH,ohio,intensity_kg_per_kwh_eq,2064,L1_only,200,0.22988517659591,0.2256648768928802,0.2296145394532513,0.2344792104132702,0.0183582941950545,0.0199840367499447,0.0199840367499447,0.0191711654724996
OH,ohio,intensity_kg_per_kwh_eq,2065,L1_only,200,0.2271480155464905,0.2229792454234193,0.2268806865241734,0.2316859484232794,0.0183526592254903,0.0199778671447831,0.0199778671447831,0.0191652631851367
OH,ohio,intensity_kg_per_kwh_eq,2066,L1_only,200,0.2242973870205223,0.2201854903246881,0.2240337087695288,0.2287734019806968,0.0183323432807441,0.0199557160234105,0.0199557160234105,0.0191440296520773
OH,ohio,intensity_kg_per_kwh_eq,2067,L1_only,200,0.2213320739302613,0.2172828441464818,0.221072417941782,0.2257398645307639,0.018294816977386,0.0199148298853941,0.0199148298853941,0.0191048234313901
OH,ohio,intensity_kg_per_kwh_eq,2068,L1_only,200,0.2182511392285807,0.2142707812877441,0.2179959033843975,0.2225839511338486,0.0182375127795686,0.0198524136945281,0.0198524136945281,0.0190449632370483
OH,ohio,intensity_kg_per_kwh_eq,2069,L1_only,200,0.2150539639196375,0.2111490623005218,0.2148035704462241,0.2193046296252207,0.0181577756017317,0.0197655771049707,0.0197655771049707,0.0189616763533512
OH,ohio,intensity_kg_per_kwh_eq,2070,L1_only,200,0.2117402984841213,0.2079177902651062,0.2114951922242963,0.2159012666518101,0.0180528139724983,0.019651281298259,0.019651281298259,0.0188520476353786
OH,ohio,intensity_kg_per_kwh_eq,2071,L1_only,200,0.2083103296707717,0.2045774813852044,0.2080709765993855,0.2123736903229974,0.0179196504151612,0.0195062849674703,0.0195062849674703,0.0187129676913157
OH,ohio,intensity_kg_per_kwh_eq,2072,L1_only,200,0.2047574332072698,0.2011213682607129,0.20452429011591,0.2087154321788926,0.0177579142774084,0.0193301845487399,0.0193301845487399,0.0185440494130742
OH,ohio,intensity_kg_per_kwh_eq,2073,L1_only,200,0.2010762654398938,0.197544137427609,0.2008497910543851,0.2049211157064475,0.0175661110701334,0.019121353075373,0.019121353075373,0.0183437320727532
OH,ohio,intensity_kg_per_kwh_eq,2074,L1_only,200,0.1972374850726674,0.1938153003907864,0.1970180645223762,0.2009626484583815,0.017350579584911,0.0188866907542533,0.0188866907542533,0.0181186351695821
OH,ohio,intensity_kg_per_kwh_eq,2075,L1_only,200,0.1932382715358671,0.189932620728066,0.1930263274170941,0.1968365739747229,0.0171066051332777,0.0186210651247101,0.0186210651247101,0.0178638351289939
OH,ohio,intensity_kg_per_kwh_eq,2025,L2_conditional,200,0.2690349775770914,0.2676598221238846,0.269005585704433,0.270601968479144,0.0051114374256885,0.0058244876415874,0.0058244876415874,0.005467962533638
OH,ohio,intensity_kg_per_kwh_eq,2026,L2_conditional,200,0.2729734557827519,0.2706512347490603,0.272939401836939,0.2757428990431583,0.008507131314408,0.0101454672670093,0.0101454672670093,0.0093262992907087
OH,ohio,intensity_kg_per_kwh_eq,2027,L2_conditional,200,0.2758980450810262,0.2728264612835643,0.2758280235932408,0.2795727587540683,0.0111330393680747,0.0133191000754025,0.0133191000754025,0.0122260697217386
OH,ohio,intensity_kg_per_kwh_eq,2028,L2_conditional,200,0.2780665278507887,0.2743989976957542,0.2779471941938235,0.2824439296264688,0.0131893981752543,0.0157422822858746,0.0157422822858746,0.0144658402305645
OH,ohio,intensity_kg_per_kwh_eq,2029,L2_conditional,200,0.2798396693912871,0.2756472224100237,0.2796896918349011,0.2848376197708926,0.014981603538851,0.017860049615114,0.017860049615114,0.0164208265769825
OH,ohio,intensity_kg_per_kwh_eq,2030,L2_conditional,200,0.2812919344443451,0.2766290731835958,0.281147094612503,0.2868377288807395,0.0165765906866833,0.0197154406412305,0.0197154406412305,0.0181460156639569
OH,ohio,intensity_kg_per_kwh_eq,2031,L2_conditional,200,0.2824458828488672,0.2773618157211218,0.2821971527700414,0.2884812218556938,0.0180001459977582,0.0213681252704117,0.0213681252704117,0.0196841356340849
OH,ohio,intensity_kg_per_kwh_eq,2032,L2_conditional,200,0.2833099815946726,0.2777951647858658,0.2830086642095035,0.2897815466278637,0.0194656636443425,0.0228427004116288,0.0228427004116288,0.0211541820279856
OH,ohio,intensity_kg_per_kwh_eq,2033,L2_conditional,200,0.2834329215581307,0.2776553375501965,0.2831194164241227,0.2903002635890017,0.0203843081324951,0.0242291615000782,0.0242291615000782,0.0223067348162867
OH,ohio,intensity_kg_per_kwh_eq,2034,L2_conditional,200,0.2831019754153855,0.2769809831671481,0.2827892232097519,0.2901359742931647,0.021621156967401,0.0248461667123957,0.0248461667123957,0.0232336618398983
OH,ohio,intensity_kg_per_kwh_eq,2035,L2_conditional,200,0.2823905568215615,0.2760733933416164,0.2820886835734004,0.2897341301498926,0.0223703071060439,0.0260050244278223,0.0260050244278223,0.0241876657669331
OH,ohio,intensity_kg_per_kwh_eq,2036,L2_conditional,200,0.281529827303268,0.2749132069836532,0.2812890609609432,0.2894680995187218,0.0235023776450064,0.0281969135970185,0.0281969135970185,0.0258496456210124
OH,ohio,intensity_kg_per_kwh_eq,2037,L2_conditional,200,0.2805224467804528,0.273744457572691,0.2802768525878767,0.2885260296067028,0.0241620208491425,0.0285309889390561,0.0285309889390561,0.0263465048940993
OH,ohio,intensity_kg_per_kwh_eq,2038,L2_conditional,200,0.2796010252138426,0.2724965562632794,0.2793195050087094,0.2875783126871288,0.0254093093726307,0.0285309664626052,0.0285309664626052,0.026970137917618
OH,ohio,intensity_kg_per_kwh_eq,2039,L2_conditional,200,0.2785058786795087,0.2713754615351187,0.2778999094889055,0.2865193720515375,0.0256023936665099,0.0287731569977029,0.0287731569977029,0.0271877753321064
OH,ohio,intensity_kg_per_kwh_eq,2040,L2_conditional,200,0.2769484156164006,0.2699566750020998,0.2761664864082786,0.284842055112833,0.0252456422209145,0.0285022013173956,0.0285022013173956,0.026873921769155
OH,ohio,intensity_kg_per_kwh_eq,2041,L2_conditional,200,0.2749503187523041,0.267669701528831,0.2743201118921521,0.282521074834144,0.0264797555300599,0.0275349965629981,0.0275349965629981,0.027007376046529
OH,ohio,intensity_kg_per_kwh_eq,2042,L2_conditional,200,0.272613537824151,0.2655870077878967,0.2719404363929541,0.2797773372653772,0.0257746922340546,0.0262782233721906,0.0262782233721906,0.0260264578031226
OH,ohio,intensity_kg_per_kwh_eq,2043,L2_conditional,200,0.2700658219628574,0.2634704673544578,0.2694957916365401,0.2768665642014042,0.0244212857460601,0.0251817952716806,0.0251817952716806,0.0248015405088703
OH,ohio,intensity_kg_per_kwh_eq,2044,L2_conditional,200,0.2674233634196156,0.2613511795120888,0.2670721864723268,0.2739161192656944,0.0227062580841111,0.0242789401907676,0.0242789401907676,0.0234925991374394
OH,ohio,intensity_kg_per_kwh_eq,2045,L2_conditional,200,0.2647813140418933,0.2590944108793596,0.2644282816609719,0.2709651498747468,0.0214777360068317,0.0233545023946632,0.0233545023946632,0.0224161192007474
OH,ohio,intensity_kg_per_kwh_eq,2046,L2_conditional,200,0.2632976602516844,0.2576161266711846,0.2629251832427086,0.2693301132158086,0.0215783671418458,0.0229111529451412,0.0229111529451412,0.0222447600434935
OH,ohio,intensity_kg_per_kwh_eq,2047,L2_conditional,200,0.261814324447131,0.2561380399034204,0.2613945875060202,0.2677424456348289,0.0216805728857547,0.0226424631280822,0.0226424631280822,0.0221615180069184
OH,ohio,intensity_kg_per_kwh_eq,2048,L2_conditional,200,0.2603313024251507,0.2546601477931157,0.259898537844807,0.2661379100690001,0.0217843746764398,0.0223046847987822,0.0223046847987822,0.022044529737611
OH,ohio,intensity_kg_per_kwh_eq,2049,L2_conditional,200,0.2588485898716002,0.253182447505732,0.2583568315173569,0.2645272700109591,0.0218897942178433,0.0219382309255606,0.0219382309255606,0.021914012571702
OH,ohio,intensity_kg_per_kwh_eq,2050,L2_conditional,200,0.257366182386417,0.2517049361688234,0.2568863893332173,0.2628729734126731,0.0219968535302497,0.0213967156647957,0.0219968535302497,0.0216967845975227
OH,ohio,intensity_kg_per_kwh_eq,2051,L2_conditional,200,0.2558617573315084,0.2502399328749589,0.2553989278631924,0.2611711562486042,0.0219721169555856,0.0207510453006725,0.0219721169555856,0.021361581128129
OH,ohio,intensity_kg_per_kwh_eq,2052,L2_conditional,200,0.2543244115217681,0.2488249063546623,0.253789031601943,0.2594883894763871,0.0216239767712394,0.0203046885028452,0.0216239767712394,0.0209643326370423
OH,ohio,intensity_kg_per_kwh_eq,2053,L2_conditional,200,0.2527437818104584,0.2474270513689327,0.2521882908143828,0.2578047818399487,0.0210360484576149,0.0200242316279247,0.0210360484576149,0.0205301400427698
OH,ohio,intensity_kg_per_kwh_eq,2054,L2_conditional,200,0.2511101012211528,0.2459712058048324,0.2505668179225944,0.2560830026813501,0.020464710066739,0.0198036695298755,0.020464710066739,0.0201341897983073
OH,ohio,intensity_kg_per_kwh_eq,2055,L2_conditional,200,0.2494140826501908,0.2443298195035395,0.2488872463426431,0.2544961308758674,0.0203848278839257,0.0203759473870778,0.0203848278839257,0.0203803876355017
OH,ohio,intensity_kg_per_kwh_eq,2056,L2_conditional,200,0.2476468145666272,0.2425542130007965,0.2472126367135175,0.2526586909075526,0.0205639695981658,0.0202380004349985,0.0205639695981658,0.0204009850165821
OH,ohio,intensity_kg_per_kwh_eq,2057,L2_conditional,200,0.2457996684953421,0.2406590016042643,0.2453981105460296,0.2507406119802644,0.020914051359574,0.020101505893674,0.020914051359574,0.020507778626624
OH,ohio,intensity_kg_per_kwh_eq,2058,L2_conditional,200,0.2438642174555985,0.2386228671788571,0.2434657856739823,0.2487330816795028,0.0214929042539654,0.0199654720758316,0.0214929042539654,0.0207291881648985
OH,ohio,intensity_kg_per_kwh_eq,2059,L2_conditional,200,0.2418321643226173,0.2366574606858219,0.2413640049635579,0.2466175286565868,0.0213979130993182,0.0197879564423265,0.0213979130993182,0.0205929347708224
OH,ohio,intensity_kg_per_kwh_eq,2060,L2_conditional,200,0.2396920492171365,0.2345541706764484,0.2392028100815999,0.244397788534677,0.0214353315325603,0.0196324380925861,0.0214353315325603,0.0205338848125732
OH,ohio,intensity_kg_per_kwh_eq,2061,L2_conditional,200,0.2374317625933703,0.2321482221140599,0.236938076902965,0.2421224071507154,0.0222528798236617,0.0197557584802939,0.0222528798236617,0.0210043191519778
OH,ohio,intensity_kg_per_kwh_eq,2062,L2_conditional,200,0.235025220913405,0.2294936890368406,0.2346264537644338,0.2397600651484248,0.0235359075722452,0.020146111198697,0.0235359075722452,0.0218410093854711
OH,ohio,intensity_kg_per_kwh_eq,2063,L2_conditional,200,0.2325103414081461,0.2268072366104417,0.2321315929999342,0.2372620384579186,0.0245283919982433,0.0204364976671356,0.0245283919982433,0.0224824448326894
OH,ohio,intensity_kg_per_kwh_eq,2064,L2_conditional,200,0.22988517659591,0.224070677897375,0.2294352057323833,0.2346315135276027,0.0252930562319628,0.020646554953979,0.0252930562319628,0.0229698055929709
OH,ohio,intensity_kg_per_kwh_eq,2065,L2_conditional,200,0.2271480155464905,0.2212318478492707,0.2266288236588153,0.2319614909617267,0.0260454298180249,0.0211909199543546,0.0260454298180249,0.0236181748861898
OH,ohio,intensity_kg_per_kwh_eq,2066,L2_conditional,200,0.2242973870205223,0.2184306558995135,0.2237945891585042,0.2292066970731895,0.0261560386366514,0.0218875044327558,0.0261560386366514,0.0240217715347036
OH,ohio,intensity_kg_per_kwh_eq,2067,L2_conditional,200,0.2213320739302613,0.2153453212141165,0.2208656531574969,0.226261750922349,0.0270487354581564,0.0222727637461213,0.0270487354581564,0.0246607496021388
OH,ohio,intensity_kg_per_kwh_eq,2068,L2_conditional,200,0.2182511392285807,0.2121353105849534,0.217858108648825,0.2230478741125807,0.0280219780993768,0.0219780519861397,0.0280219780993768,0.0250000150427583
OH,ohio,intensity_kg_per_kwh_eq,2069,L2_conditional,200,0.2150539639196375,0.2088110103541608,0.2146388128078969,0.2198263835891133,0.0290297070172098,0.0221917307753471,0.0290297070172098,0.0256107188962784
OH,ohio,intensity_kg_per_kwh_eq,2070,L2_conditional,200,0.2117402984841213,0.2053501660742331,0.2112885778673103,0.216475837816866,0.0301791036266407,0.0223648467799807,0.0301791036266407,0.0262719752033107
OH,ohio,intensity_kg_per_kwh_eq,2071,L2_conditional,200,0.2083103296707717,0.2017308031992267,0.2077043354776888,0.2129852950994006,0.0315852146263881,0.0224423120832152,0.0315852146263881,0.0270137633548017
OH,ohio,intensity_kg_per_kwh_eq,2072,L2_conditional,200,0.2047574332072698,0.1979572423280026,0.2040513185347013,0.209352641442663,0.0332109597817801,0.0224422047269053,0.0332109597817801,0.0278265822543427
OH,ohio,intensity_kg_per_kwh_eq,2073,L2_conditional,200,0.2010762654398938,0.1941022712531722,0.2002919851554921,0.205601557103365,0.0346833285940768,0.0225053496670587,0.0346833285940768,0.0285943391305677
OH,ohio,intensity_kg_per_kwh_eq,2074,L2_conditional,200,0.1972374850726674,0.190169757888266,0.1963956170219586,0.20171304157011,0.0358335900591991,0.0226912064701781,0.0358335900591991,0.0292623982646886
OH,ohio,intensity_kg_per_kwh_eq,2075,L2_conditional,200,0.1932382715358671,0.1860804537738477,0.1923034794942084,0.1976753189265742,0.0370414085425662,0.0229615352871932,0.0370414085425662,0.0300014719148797
