year,n,p05,p25,p50,p75,p95,mean,std
2030,800,2711016890.0108867,3619989804.09138,5137517856.420929,7280402435.398948,12004805208.81807,5871948531.163339,2870539663.9090557
2035,800,4343695688.490794,6007075723.561205,8522359827.770235,12443212860.80376,20780108197.361115,10022842941.112446,5367444540.447195
2045,800,2510690323.7579155,3897778496.7343473,5462539299.447736,9062614977.95572,15901725685.707937,6924395280.605799,4273845624.6535006
2055,800,370351629.90444714,2389773349.6897783,3532334524.2936544,5162814434.825791,8827179415.65619,3924287757.9656987,2394981813.573227
2075,800,88877988.48638006,120247437.42147923,262653143.6035982,3588895572.81132,7026261672.8836775,1860696580.4108229,2553966733.0064597
