year,n,p05,p25,p50,p75,p95,mean,std
2030,800,2194789923.5864134,2876872965.3876834,4150533829.3276844,5586027404.932238,9181870701.096941,4517758974.693838,2020248166.129081
2035,800,3393174204.719924,4622839438.7687025,6708274789.261892,9203020651.780561,15609545403.485134,7530898468.451282,3756487733.0762362
2045,800,2455230149.3330193,3913044260.3750405,4995095893.525202,7541736473.060228,13101483265.701244,5953457493.157658,3180621271.049929
2055,800,2084071596.4204178,3127457186.35745,3988509545.005772,5127804533.728569,8431046482.408575,4392282803.716904,1917981069.5563376
2075,800,2803914847.89477,3452784833.9141593,4767474033.816301,5774077063.004298,7518225356.75439,4923732935.909447,1789678636.203119
