year,n,p05,p25,p50,p75,p95,mean,std
2030,800,562496178.0536067,1020355241.6314521,1376907214.7510872,1961532398.5678024,2972373914.14325,1516915935.036175,714203534.32529
2035,800,890010980.4360063,1751523731.462386,2347178968.978907,3674817674.9799833,5744596249.677447,2740581998.4572606,1432325341.6215038
2045,800,684068624.2935628,1391024730.7921128,1892534879.4310613,3129650408.6836004,5536051835.269889,2429374399.539485,1444769634.3292704
2055,800,776219281.3665718,1207149093.3229651,1762775008.5533063,2694013901.8069882,4066370675.7135377,2044226777.8347008,1085342004.4088552
2075,800,127807953.04542376,1618017089.8370788,2518847756.868849,3582740462.6465583,5329361561.226931,2652147814.250433,1570175650.556768
