year,n,p05,p25,p50,p75,p95,mean,std
2030,800,493303338.47899544,779138025.9409454,1098030316.336333,1466224634.9145646,1975643366.6065178,1142598632.8267183,464966893.52971387
2035,800,694500899.4611393,1320577463.5493097,1807495900.5475135,2533964449.0278244,3715125920.692063,1967756790.225672,919505466.5636393
2045,800,627816483.00791,1185127059.7200947,1549558396.0475535,2243613973.1698775,3892953819.999584,1870663440.533846,979288402.322176
2055,800,723504688.9791678,1175065967.814004,1450043115.56254,2181333817.2995296,3130603216.998318,1696323552.5431652,733244352.0690752
2075,800,1128984550.0959747,1580667520.2215304,2114509980.5967145,2953748680.0891047,3830553656.004426,2288760149.0683837,879867364.6766446
