unit_type,level,inventory_key,duty_hours_per_day,sensing_kWh_yr,computing_kWh_yr,communication_kWh_yr,av_total_kWh_yr,propulsion_kWh_yr,total_kWh_yr,autonomy_share,implied_avg_compute_kW
ECAV,L3,L3 Medium,3.0,65.153,65.7,2.683,133.535,3565.0,3698.535,0.0361,0.06
ICECAV,L3,L3 Medium,3.0,104.244,105.12,4.292,213.656,14200.0,14413.656,0.01482,0.096
ECAV,L4,L4,3.0,173.558,173.448,3.668,350.674,3565.0,3915.674,0.08956,0.1584
ICECAV,L4,L4,3.0,277.692,277.517,5.869,561.078,14200.0,14761.078,0.03801,0.2534
ECAV,L5,L5,3.0,299.483,744.6,4.161,1048.244,3565.0,4613.244,0.22722,0.68
ICECAV,L5,L5,3.0,479.172,1191.36,6.658,1677.19,14200.0,15877.19,0.10564,1.088
STI,Basic,Basic,24.0,998.64,630.72,262.8,1892.16,0.0,1892.16,1.0,0.072
STI,Semi,Semi,24.0,2838.24,2312.64,700.8,5851.68,0.0,5851.68,1.0,0.264
STI,Highly,Highly,24.0,4415.04,9066.6,788.4,14270.04,0.0,14270.04,1.0,1.035
