metric,quantile,value
peak_emissions,0.05,7534530794.9858675
peak_emissions,0.5,7534530794.9858675
peak_emissions,0.95,7534530794.9858675
peak_year,0.05,2036.0
peak_year,0.5,2036.0
peak_year,0.95,2036.0
cumulative_emissions,0.05,150703580999.8289
cumulative_emissions,0.5,150703580999.8289
cumulative_emissions,0.95,150703580999.8289
turning_year,0.05,2037.0
turning_year,0.5,2037.0
turning_year,0.95,2037.0
