metric,quantile,value
peak_emissions,0.05,9107405239.298222
peak_emissions,0.5,9107405239.298222
peak_emissions,0.95,9107405239.298222
peak_year,0.05,2036.0
peak_year,0.5,2036.0
peak_year,0.95,2036.0
cumulative_emissions,0.05,199468584189.2147
cumulative_emissions,0.5,199468584189.2147
cumulative_emissions,0.95,199468584189.2147
turning_year,0.05,2037.0
turning_year,0.5,2037.0
turning_year,0.95,2037.0
