peak_emissions,peak_year,cumulative_emissions,turning_year,turning_year_rule
14090536784.015482,2035,179773482635.3254,2043.0,50_percent_of_peak
11976473020.296413,2033,143768210346.34573,2041.0,50_percent_of_peak
30951132517.96112,2036,406016455340.4761,,50_percent_of_peak
14816640560.149342,2037,194111574282.7373,,50_percent_of_peak
24718980852.4531,2036,321715154735.46906,,50_percent_of_peak
