metric,quantile,value
peak_emissions,0.05,2203578728.2817698
peak_emissions,0.5,2203578728.2817698
peak_emissions,0.95,2203578728.2817698
peak_year,0.05,2076.0
peak_year,0.5,2076.0
peak_year,0.95,2076.0
cumulative_emissions,0.05,115221333429.31688
cumulative_emissions,0.5,115221333429.31688
cumulative_emissions,0.95,115221333429.31688
turning_year,0.05,2038.0
turning_year,0.5,2038.0
turning_year,0.95,2038.0
