metric,quantile,value
peak_emissions,0.05,1758438355.2132308
peak_emissions,0.5,1758438355.2132308
peak_emissions,0.95,1758438355.2132308
peak_year,0.05,2077.0
peak_year,0.5,2077.0
peak_year,0.95,2077.0
cumulative_emissions,0.05,90773783171.68475
cumulative_emissions,0.5,90773783171.68475
cumulative_emissions,0.95,90773783171.68475
turning_year,0.05,2038.0
turning_year,0.5,2038.0
turning_year,0.95,2038.0
