metric,quantile,value
peak_emissions,0.05,14517375924.705385
peak_emissions,0.5,14517375924.705385
peak_emissions,0.95,14517375924.705385
peak_year,0.05,2059.0
peak_year,0.5,2059.0
peak_year,0.95,2059.0
cumulative_emissions,0.05,468854852915.63574
cumulative_emissions,0.5,468854852915.63574
cumulative_emissions,0.95,468854852915.63574
turning_year,0.05,2060.0
turning_year,0.5,2060.0
turning_year,0.95,2060.0
